product,india_itc_hs8,netherlands_cn8,hs_code,hs_code_sure_level,product_description,marks_and_numbers,origin_country,destination_country,del_country,country_sure_level,year,month,period,sailing_date,estimate_arrival_date,actual_arrival_date,flow,mode_of_transportation,lane_value_usd,cif_value_usd,quantity_unit,weight_unit,supplier_name,supplier_duns,supplier_address,supplier_city,supplier_phone,supplier_website,supplier_contact,indicator_true_supplier,importer_name,importer_address,importer_city,importer_phone,importer_website,importer_contact,indicator_true_buyer,notify_party_name,notify_party_address,also_notify_name,per_shipment_quantity,per_shipment_weight_kg,origin_port,destination_port,port_of_final_delivery,teu,feu,cbm,vessel_name,vessel_code,vessel_country_code,voyage,manifest_no,carrier_sasc_code,bill_type_code,bill_of_lading_no,master_bill_of_lading,container_id,container_size,container_type,container_desc_code,container_load_status,container_type_of_service,freight_forwarder_name,estimated_value_usd
Ginger (whole),09101130,09101100,091011,5,"Spices; ginger, neither crushed nor ground",MARKS9945,India,Netherlands,Netherlands,7,2025,8,2025-08,2025-08-23,20250816,20250816,import,1,3726323.53,1618.29,kg,KG,MATE PATIL URBAN NIDHI LIMITED,[in full dataset],[in full dataset],Aurangabad,,,,Y,JACOBS DOUWE EGBERTS NL B.V.,[in full dataset],Utrecht,,www.de.nl,[in full dataset],N,MATE PATIL URBAN NIDHI LIMITED,[in full dataset],,22715.7,22715.7,Tuticorin,Rotterdam,Utrecht,1,1,28.39,HMM ALGECIRAS,IMO8286698,MH,V657,2,YMLU,MBL,ONEY830626095,MSCU985643593,GESU1558538,45HC,FLAT RACK,RF,LCL,CY/CY,Bollore Logistics,1476.49
Cumin seeds,09093119,09093100,090931,5,"Spices; cumin seeds, neither crushed nor ground",MARKS6704,India,Netherlands,Netherlands,8,2024,10,2024-10,2024-10-07,20241020,20241020,import,1,5609457.12,10184.68,kg,KG,INDIAN RAILWAY CATERING AND TOURISM CORPORATION LIMITED,[in full dataset],[in full dataset],New Delhi,,www.irctc.com/,[in full dataset],Y,JACOBS DOUWE EGBERTS NL B.V.,[in full dataset],Utrecht,,www.de.nl,[in full dataset],Y,INDIAN RAILWAY CATERING AND TOURISM CORPORATION LIMITED,[in full dataset],,4246.4,4246.4,Tuticorin,Amsterdam,Utrecht,1,1,5.31,CMA CGM JULES VERNE,IMO4600680,SG,V532,902,OOLU,HBL,MAEU980658741,ONEY522575311,BMOU9095231,20GP,REEFER,HC,FCL,CY/CFS,CEVA Logistics,9012.04
"Chilli/Capsicum, crushed/ground",09042221,09042200,090422,5,"Spices; fruits of the genus Capsicum or Pimenta, crushed or ground",MARKS2235,India,Netherlands,Netherlands,5,2025,3,2025-03,2025-03-04,20250306,20250306,import,1,4166176.36,14094.15,kg,KG,CCL PRODUCTS (INDIA) LIMITED,[in full dataset],[in full dataset],Hyderabad,,www.cclproducts.com,[in full dataset],Y,Pelican Rouge Coffee Roasters B.V.,[in full dataset],Dordrecht,,www.pelicanrougecoffeeroasters.com,[in full dataset],Y,CCL PRODUCTS (INDIA) LIMITED,[in full dataset],,2787.5,2787.5,Chennai,Amsterdam,Dordrecht,1,1,3.48,ONE APUS,IMO1256814,SG,V159,885,YMLU,HBL,EGLV891125045,HLCU280814206,GESU2825863,40HC,REEFER,HC,FCL,CY/CY,Expeditors,13079.91
Turmeric,09103010,09103000,091030,9,Spices; turmeric (curcuma),MARKS5263,India,Netherlands,Netherlands,9,2025,12,2025-12,2025-12-27,20251213,20251213,import,1,5159218.93,4552.32,kg,KG,POLLACHI NUTMEG FARMER PRODUCER COMPANY LIMITED,[in full dataset],[in full dataset],Pollachi,,,,Y,JACOBS DOUWE EGBERTS NL B.V.,[in full dataset],Utrecht,,www.de.nl,[in full dataset],Y,POLLACHI NUTMEG FARMER PRODUCER COMPANY LIMITED,[in full dataset],,9392.1,9392.1,Cochin,Rotterdam,Utrecht,1,1,11.74,MADRID MAERSK,IMO4212459,SG,V383,959,COSU,HBL,MAEU559642016,MAEU789963380,BMOU3049074,20GP,FLAT RACK,HC,LCL,CY/CFS,Kuehne + Nagel,4258.1
Ginger (whole),09101110,09101100,091011,7,"Spices; ginger, neither crushed nor ground",MARKS6626,India,Netherlands,Netherlands,6,2024,12,2024-12,2024-12-04,20241228,20241228,import,1,4973909.49,3638.51,kg,KG,SHIVAM CONFECTIONERY,[in full dataset],[in full dataset],Fatehpur,,,,Y,Pelican Rouge Coffee Roasters B.V.,[in full dataset],Dordrecht,,www.pelicanrougecoffeeroasters.com,[in full dataset],Y,SHIVAM CONFECTIONERY,[in full dataset],,8168.4,8168.4,Cochin,Amsterdam,Dordrecht,1,1,10.21,CMA CGM JULES VERNE,IMO3836346,PA,V100,110,APLU,HBL,COSU703639656,ONEY111828829,BMOU4380955,40GP,DRY,RF,FCL,CY/CFS,CEVA Logistics,3208.23
Cumin seeds,09093111,09093100,090931,7,"Spices; cumin seeds, neither crushed nor ground",MARKS2500,India,Netherlands,Netherlands,5,2025,6,2025-06,2025-06-11,20250614,20250614,import,1,11170668.99,349754.54,kg,KG,MCLEOD RUSSEL INDIA LIMITED,[in full dataset],[in full dataset],Kolkata,,www.mcleodrussel.com,[in full dataset],Y,Capriole Coffee-Service B.V.,[in full dataset],'s-Gravenhage,,www.capriole.nl,[in full dataset],Y,MCLEOD RUSSEL INDIA LIMITED,[in full dataset],,17099.9,17099.9,Tuticorin,Amsterdam,'s-Gravenhage,1,1,21.37,MSC OSCAR,IMO3583577,MH,V805,279,ONEY,MBL,CMDU816715977,HLCU618356306,GESU5541399,40HC,OPEN TOP,HC,FCL,CY/CFS,Sinotrans,307350.79
Turmeric,09103030,09103000,091030,9,Spices; turmeric (curcuma),MARKS8811,India,Netherlands,Netherlands,9,2025,9,2025-09,2025-09-25,20250913,20250913,import,1,4355714.92,75676.77,kg,KG,CCL PRODUCTS (INDIA) LIMITED,[in full dataset],[in full dataset],Hyderabad,,www.cclproducts.com,[in full dataset],Y,JACOBS DOUWE EGBERTS NL B.V.,[in full dataset],Utrecht,,www.de.nl,[in full dataset],N,CCL PRODUCTS (INDIA) LIMITED,[in full dataset],,4713.7,4713.7,Cochin,Amsterdam,Utrecht,1,1,5.89,MSC GULSUN,IMO2546097,MH,V204,771,EGLV,HBL,MAEU831322050,ONEY464313753,MSCU9241770,40HC,REEFER,HC,LCL,CY/CY,DB Schenker,70873.9
Black pepper (whole),09041110,09041100,090411,5,"Spices; pepper (of the genus piper), neither crushed nor ground",MARKS7604,India,Netherlands,Netherlands,8,2024,7,2024-07,2024-07-13,20240726,20240726,import,1,9582182.28,28850.73,kg,KG,ROOTS CORPORATION LIMITED,[in full dataset],[in full dataset],Mumbai,,www.gingerhotels.com,[in full dataset],Y,JACOBS DOUWE EGBERTS NL B.V.,[in full dataset],Utrecht,,www.de.nl,[in full dataset],Y,ROOTS CORPORATION LIMITED,[in full dataset],,18534.5,18534.5,"Nhava Sheva (JNPT), Mumbai",Amsterdam,Utrecht,1,1,23.17,MSC OSCAR,IMO1012852,MH,V584,678,OOLU,SWB,HLCU221574370,ONEY420356332,MSCU7642719,40GP,FLAT RACK,GP,FCL,CY/CY,Yusen Logistics,26194.59
Cumin seeds,09093119,09093100,090931,8,"Spices; cumin seeds, neither crushed nor ground",MARKS8996,India,Netherlands,Netherlands,8,2025,6,2025-06,2025-06-01,20250623,20250623,import,1,11170668.99,4523.89,kg,KG,AMRUTHA COFFEE PRIVATE LIMITED,[in full dataset],[in full dataset],Kodagu,,,,Y,JACOBS DOUWE EGBERTS NL B.V.,[in full dataset],Utrecht,,www.de.nl,[in full dataset],N,AMRUTHA COFFEE PRIVATE LIMITED,[in full dataset],,19080.8,19080.8,Kolkata,Amsterdam,Utrecht,1,1,23.85,APL MEXICO CITY,IMO7083963,SG,V623,845,YMLU,MBL,MSCU738994093,MSCU943147732,CAIU2302380,20GP,FLAT RACK,HC,LCL,CY/CFS,Expeditors,4279.5
"Black pepper, crushed/ground",09041200,09041200,090412,8,"Spices; pepper (of the genus piper), crushed or ground",MARKS4137,India,Netherlands,Netherlands,9,2024,11,2024-11,2024-11-07,20241125,20241125,import,1,4123757.67,42503.28,kg,KG,COTHAS COFFEE CO,[in full dataset],[in full dataset],Bengaluru Rural,,www.cothas.com,[in full dataset],N,Pelican Rouge Coffee Roasters B.V.,[in full dataset],Dordrecht,,www.pelicanrougecoffeeroasters.com,[in full dataset],Y,COTHAS COFFEE CO,[in full dataset],,2338.4,2338.4,Chennai,Rotterdam,Dordrecht,1,1,2.92,OOCL HONG KONG,IMO6565737,PA,V813,575,HLCU,MBL,CMDU875916894,COSU194412197,MSCU3374366,40HC,OPEN TOP,HC,LCL,CY/CY,DB Schenker,37368.21
Ginger (whole),09101110,09101100,091011,6,"Spices; ginger, neither crushed nor ground",MARKS8622,India,Netherlands,Netherlands,6,2024,11,2024-11,2024-11-09,20241116,20241116,import,1,4123757.67,1336.6,kg,KG,BAKERS SPICES & INGREDIENTS PRIVATE LIMITED,[in full dataset],[in full dataset],Coimbatore,,,,Y,JACOBS DOUWE EGBERTS NL B.V.,[in full dataset],Utrecht,,www.de.nl,[in full dataset],Y,BAKERS SPICES & INGREDIENTS PRIVATE LIMITED,[in full dataset],,20508.6,20508.6,"Mundra, Gujarat",Amsterdam,Utrecht,1,1,25.64,APL MEXICO CITY,IMO6284962,SG,V585,145,HMMU,MBL,MSCU462639481,YMLU855663373,BMOU3079822,40HC,TANK,RF,FCL,CFS/CFS,DSV,1242.14
Coriander seeds,09092190,09092100,090921,5,"Spices; coriander seeds, neither crushed nor ground",MARKS3388,India,Netherlands,Netherlands,6,2024,2,2024-02,2024-02-11,20240228,20240228,import,1,3777184.92,26440.92,kg,KG,INDIAN RAILWAY CATERING AND TOURISM CORPORATION LIMITED,[in full dataset],[in full dataset],New Delhi,,www.irctc.com/,[in full dataset],Y,Delo B.V.,[in full dataset],Uden,,www.delo.nl,[in full dataset],Y,INDIAN RAILWAY CATERING AND TOURISM CORPORATION LIMITED,[in full dataset],,24653.3,24653.3,Cochin,Amsterdam,Uden,1,1,30.82,ONE APUS,IMO2086964,SG,V757,859,CMDU,HBL,COSU744597301,CMDU417086637,MSCU4647306,40GP,TANK,GP,FCL,CFS/CFS,Sinotrans,24554.46
"Black pepper, crushed/ground",09041200,09041200,090412,9,"Spices; pepper (of the genus piper), crushed or ground",MARKS2133,India,Netherlands,Netherlands,5,2024,7,2024-07,2024-07-11,20240720,20240720,import,1,9582182.28,988.33,kg,KG,INDUS COFFEE PRIVATE LIMITED,[in full dataset],[in full dataset],Nellore,,www.induscoffee.in,[in full dataset],Y,J.S. Polak Koninklijke Specerijenmaalderij B.V.,[in full dataset],Steenwijk,,www.royalpolakspices.com,[in full dataset],Y,INDUS COFFEE PRIVATE LIMITED,[in full dataset],,4306.8,4306.8,Kandla,Rotterdam,Steenwijk,1,1,5.38,EVER ACME,IMO9277386,MH,V465,30,MSCU,SWB,CMDU262902684,COSU297901289,BMOU1569676,45HC,OPEN TOP,HC,FCL,CFS/CFS,Yusen Logistics,898.39
"Ginger, crushed/ground",09101210,09101200,091012,9,"Spices; ginger, crushed or ground",MARKS1606,India,Netherlands,Netherlands,8,2024,2,2024-02,2024-02-19,20240205,20240205,import,1,3777184.92,6214.76,kg,KG,QUALITY SPICES & FOOD EXPORTS PRIVATE LIMITED,[in full dataset],[in full dataset],Mumbai,,qualityspicesusa.com/,[in full dataset],N,JACOBS DOUWE EGBERTS NL B.V.,[in full dataset],Utrecht,,www.de.nl,[in full dataset],Y,QUALITY SPICES & FOOD EXPORTS PRIVATE LIMITED,[in full dataset],,6864.3,6864.3,Cochin,Rotterdam,Utrecht,1,1,8.58,YM WARRANTY,IMO9914557,MH,V298,565,YMLU,HBL,MAEU202007689,YMLU586633446,MSCU9449310,20GP,DRY,HC,FCL,CFS/CFS,Expeditors,5539.19
Black pepper (whole),09041140,09041100,090411,7,"Spices; pepper (of the genus piper), neither crushed nor ground",MARKS7588,India,Netherlands,Netherlands,9,2024,11,2024-11,2024-11-19,20241124,20241124,import,1,4123757.67,8874.76,kg,KG,JAY BHARAT SPICES PRIVATE LIMITED,[in full dataset],[in full dataset],Cuttack,,www.bharatmasala.in,[in full dataset],Y,JACOBS DOUWE EGBERTS NL B.V.,[in full dataset],Utrecht,,www.de.nl,[in full dataset],Y,JAY BHARAT SPICES PRIVATE LIMITED,[in full dataset],,6863.7,6863.7,"Mundra, Gujarat",Amsterdam,Utrecht,1,1,8.58,HYUNDAI LOYALTY,IMO6251592,LR,V760,160,OOLU,SWB,YMLU679907371,YMLU251020598,MSCU4955980,40GP,TANK,GP,FCL,CFS/CFS,Yusen Logistics,7848.14
"Ginger, crushed/ground",09101210,09101200,091012,6,"Spices; ginger, crushed or ground",MARKS3467,India,Netherlands,Netherlands,7,2024,1,2024-01,2024-01-08,20240103,20240103,import,1,3584339.46,9196.11,kg,KG,INDIAN RAILWAY CATERING AND TOURISM CORPORATION LIMITED,[in full dataset],[in full dataset],New Delhi,,www.irctc.com/,[in full dataset],Y,JACOBS DOUWE EGBERTS NL B.V.,[in full dataset],Utrecht,,www.de.nl,[in full dataset],Y,INDIAN RAILWAY CATERING AND TOURISM CORPORATION LIMITED,[in full dataset],,3169.1,3169.1,Kolkata,Rotterdam,Utrecht,1,1,3.96,HMM ALGECIRAS,IMO7671182,MH,V205,292,ZIMU,HBL,MAEU564471591,MAEU170254744,CAIU2088862,40HC,REEFER,RF,FCL,CFS/CFS,CEVA Logistics,8371.81
Ginger (whole),09101190,09101100,091011,5,"Spices; ginger, neither crushed nor ground",MARKS7779,India,Netherlands,Netherlands,6,2024,9,2024-09,2024-09-07,20240922,20240922,import,1,6665850.08,3283.96,kg,KG,SRI HANUMAN COFFEE WORKS,[in full dataset],[in full dataset],Bengaluru,,,,Y,JACOBS DOUWE EGBERTS NL B.V.,[in full dataset],Utrecht,,www.de.nl,[in full dataset],N,SRI HANUMAN COFFEE WORKS,[in full dataset],,16367.4,16367.4,Visakhapatnam,Rotterdam,Utrecht,1,1,20.46,ONE APUS,IMO2887355,MH,V596,511,APLU,SWB,ONEY535401768,EGLV416307046,TGHU5988570,40GP,FLAT RACK,GP,LCL,CFS/CFS,Yusen Logistics,3014.48
"Ginger, crushed/ground",09101210,09101200,091012,7,"Spices; ginger, crushed or ground",MARKS9404,India,Netherlands,Netherlands,7,2024,12,2024-12,2024-12-26,20241210,20241210,import,1,4973909.49,14305.46,kg,KG,AMRUTHA COFFEE PRIVATE LIMITED,[in full dataset],[in full dataset],Kodagu,,,,Y,Sign Language Coffee Bar B.V.,[in full dataset],Veghel,,www.signlanguagecoffeebar.nl,[in full dataset],Y,AMRUTHA COFFEE PRIVATE LIMITED,[in full dataset],,11653.9,11653.9,Cochin,Rotterdam,Veghel,1,1,14.57,BARZAN,IMO3418011,MH,V350,171,APLU,SWB,YMLU116846359,HLCU914267585,TGHU2435489,45HC,TANK,HC,FCL,CY/CY,Nippon Express,13401.72
"Chilli/Capsicum, crushed/ground",09042229,09042200,090422,5,"Spices; fruits of the genus Capsicum or Pimenta, crushed or ground",MARKS7048,India,Netherlands,Netherlands,9,2024,1,2024-01,2024-01-22,20240105,20240105,import,1,3584339.46,9770.29,kg,KG,MALABAR SPICES COMPANY LIMITED,[in full dataset],[in full dataset],Ernakulam,,,,Y,JACOBS DOUWE EGBERTS NL B.V.,[in full dataset],Utrecht,,www.de.nl,[in full dataset],Y,MALABAR SPICES COMPANY LIMITED,[in full dataset],,9064.6,9064.6,Cochin,Rotterdam,Utrecht,1,1,11.33,MSC GULSUN,IMO2618647,SG,V287,636,HMMU,MBL,CMDU857339132,YMLU813488003,BMOU5750874,40HC,TANK,RF,FCL,CY/CFS,Yusen Logistics,8822.18
"Chilli/Capsicum, crushed/ground",09042211,09042200,090422,8,"Spices; fruits of the genus Capsicum or Pimenta, crushed or ground",MARKS9646,India,Netherlands,Netherlands,7,2024,10,2024-10,2024-10-17,20241014,20241014,import,1,5609457.12,808.71,kg,KG,SRI NARASUS COFFEE COMPANY PRIVATE LIMITED,[in full dataset],[in full dataset],Salem,,www.narasuscoffee.in,[in full dataset],Y,JACOBS DOUWE EGBERTS NL B.V.,[in full dataset],Utrecht,,www.de.nl,[in full dataset],Y,SRI NARASUS COFFEE COMPANY PRIVATE LIMITED,[in full dataset],,3793.2,3793.2,Kolkata,Rotterdam,Utrecht,1,1,4.74,CSCL GLOBE,IMO9369986,PA,V514,930,ONEY,SWB,ONEY992004126,HLCU338703094,CAIU4535521,20GP,TANK,HC,FCL,CY/CY,DSV,766.14
Black pepper (whole),09041140,09041100,090411,9,"Spices; pepper (of the genus piper), neither crushed nor ground",MARKS9702,India,Netherlands,Netherlands,5,2025,3,2025-03,2025-03-03,20250307,20250307,import,1,4166176.36,27237.73,kg,KG,TATA COFFEE LIMITED,[in full dataset],[in full dataset],Bengaluru,,www.tatacoffee.com,[in full dataset],Y,JACOBS DOUWE EGBERTS NL B.V.,[in full dataset],Utrecht,,www.de.nl,[in full dataset],Y,TATA COFFEE LIMITED,[in full dataset],,19113.3,19113.3,"Nhava Sheva (JNPT), Mumbai",Rotterdam,Utrecht,1,1,23.89,HMM ALGECIRAS,IMO9544154,MH,V954,938,APLU,MBL,CMDU277126081,MSCU442469535,CAIU6629597,40HC,FLAT RACK,GP,LCL,CY/CY,Yusen Logistics,25211.28
Ginger (whole),09101110,09101100,091011,7,"Spices; ginger, neither crushed nor ground",MARKS1436,India,Netherlands,Netherlands,7,2025,3,2025-03,2025-03-16,20250303,20250303,import,1,4166176.36,9201.52,kg,KG,MDP COFFEE AND SERVICES,[in full dataset],[in full dataset],Hyderabad,,,,Y,JACOBS DOUWE EGBERTS NL B.V.,[in full dataset],Utrecht,,www.de.nl,[in full dataset],Y,MDP COFFEE AND SERVICES,[in full dataset],,7871.1,7871.1,Chennai,Amsterdam,Utrecht,1,1,9.84,MOL TRIUMPH,IMO5383884,SG,V832,105,YMLU,SWB,MSCU446483801,MSCU806593080,BMOU3639940,20GP,REEFER,RF,FCL,CFS/CFS,Nippon Express,8135.18
Turmeric,09103090,09103000,091030,5,Spices; turmeric (curcuma),MARKS7427,India,Netherlands,Netherlands,5,2024,8,2024-08,2024-08-27,20240821,20240821,import,1,6613112.5,15701.64,kg,KG,EMPIRE SPICES AND FOODS LIMITED,[in full dataset],[in full dataset],Mumbai,,www.esfl.co.in,[in full dataset],Y,JACOBS DOUWE EGBERTS NL B.V.,[in full dataset],Utrecht,,www.de.nl,[in full dataset],Y,EMPIRE SPICES AND FOODS LIMITED,[in full dataset],,13124.8,13124.8,"Nhava Sheva (JNPT), Mumbai",Rotterdam,Utrecht,1,1,16.41,MAERSK MOLLER,IMO8939012,PA,V667,706,COSU,HBL,EGLV899895575,YMLU215209898,TCLU3268344,40GP,DRY,GP,FCL,CY/CY,Nippon Express,14478.1
Turmeric,09103010,09103000,091030,5,Spices; turmeric (curcuma),MARKS4021,India,Netherlands,Netherlands,7,2024,9,2024-09,2024-09-05,20240917,20240917,import,1,6665850.08,26075.16,kg,KG,ROOTS CORPORATION LIMITED,[in full dataset],[in full dataset],Mumbai,,www.gingerhotels.com,[in full dataset],Y,JACOBS DOUWE EGBERTS NL B.V.,[in full dataset],Utrecht,,www.de.nl,[in full dataset],Y,ROOTS CORPORATION LIMITED,[in full dataset],,5420.2,5420.2,"Mundra, Gujarat",Rotterdam,Utrecht,1,1,6.78,OOCL HONG KONG,IMO8368282,PA,V406,78,CMDU,SWB,YMLU469709432,CMDU595218407,BMOU5948614,40HC,DRY,HC,LCL,CY/CFS,Bollore Logistics,23311.32
"Chilli/Capsicum, crushed/ground",09042212,09042200,090422,7,"Spices; fruits of the genus Capsicum or Pimenta, crushed or ground",MARKS3438,India,Netherlands,Netherlands,8,2025,6,2025-06,2025-06-03,20250621,20250621,import,1,11170668.99,786.03,kg,KG,WESTERN GHATS SPICES PIN-POINT LLP,[in full dataset],[in full dataset],Idukki,,,,Y,J.S. Polak Koninklijke Specerijenmaalderij B.V.,[in full dataset],Steenwijk,,www.royalpolakspices.com,[in full dataset],Y,WESTERN GHATS SPICES PIN-POINT LLP,[in full dataset],,19118.4,19118.4,Chennai,Amsterdam,Steenwijk,1,1,23.9,CMA CGM JULES VERNE,IMO2727989,SG,V982,398,MAEU,SWB,ONEY127915263,EGLV807924301,CAIU2824253,40GP,TANK,RF,FCL,CFS/CFS,Yusen Logistics,700.32
Coriander seeds,09092110,09092100,090921,8,"Spices; coriander seeds, neither crushed nor ground",MARKS9327,India,Netherlands,Netherlands,5,2024,7,2024-07,2024-07-17,20240726,20240726,import,1,9582182.28,5273.06,kg,KG,AACHI SPICES AND FOODS PRIVATE LIMITED,[in full dataset],[in full dataset],Chennai,,www.aachigroup.com,[in full dataset],Y,JACOBS DOUWE EGBERTS NL B.V.,[in full dataset],Utrecht,,www.de.nl,[in full dataset],Y,AACHI SPICES AND FOODS PRIVATE LIMITED,[in full dataset],,9579.1,9579.1,Kandla,Rotterdam,Utrecht,1,1,11.97,CSCL GLOBE,IMO5776927,MH,V512,943,OOLU,SWB,COSU738987884,MSCU972415839,MSCU3138818,20GP,DRY,RF,FCL,CY/CY,CEVA Logistics,4668.6
Turmeric,09103020,09103000,091030,5,Spices; turmeric (curcuma),MARKS3907,India,Netherlands,Netherlands,6,2025,9,2025-09,2025-09-10,20250921,20250921,import,1,4355714.92,6891.44,kg,KG,LEO DRYFRUITS & SPICES TRADING LIMITED,[in full dataset],[in full dataset],Navi Mumbai,,www.leodryfruitsandspices.com,[in full dataset],Y,JACOBS DOUWE EGBERTS NL B.V.,[in full dataset],Utrecht,,www.de.nl,[in full dataset],Y,LEO DRYFRUITS & SPICES TRADING LIMITED,[in full dataset],,3539.2,3539.2,Chennai,Amsterdam,Utrecht,1,1,4.42,EVER ACME,IMO3559743,LR,V716,418,COSU,MBL,EGLV789061357,COSU563665489,MSCU4585027,20GP,DRY,RF,FCL,CFS/CFS,Expeditors,6099.29
Cumin seeds,09093121,09093100,090931,7,"Spices; cumin seeds, neither crushed nor ground",MARKS9925,India,Netherlands,Netherlands,9,2025,4,2025-04,2025-04-24,20250410,20250410,import,1,5330617.29,11449.79,kg,KG,COTHAS COFFEE CO,[in full dataset],[in full dataset],Bengaluru Rural,,www.cothas.com,[in full dataset],Y,JACOBS DOUWE EGBERTS NL B.V.,[in full dataset],Utrecht,,www.de.nl,[in full dataset],Y,COTHAS COFFEE CO,[in full dataset],,10030.5,10030.5,Cochin,Rotterdam,Utrecht,1,1,12.54,HYUNDAI LOYALTY,IMO7832186,PA,V697,620,MAEU,MBL,MSCU421067780,MSCU799965770,BMOU4317058,40HC,TANK,GP,FCL,CFS/CFS,DB Schenker,10221.12
"Black pepper, crushed/ground",09041200,09041200,090412,6,"Spices; pepper (of the genus piper), crushed or ground",MARKS7095,India,Netherlands,Netherlands,5,2024,6,2024-06,2024-06-14,20240611,20240611,import,1,5426151.02,2510.48,kg,KG,SRI NARASUS COFFEE COMPANY PRIVATE LIMITED,[in full dataset],[in full dataset],Salem,,www.narasuscoffee.in,[in full dataset],N,JACOBS DOUWE EGBERTS NL B.V.,[in full dataset],Utrecht,,www.de.nl,[in full dataset],Y,SRI NARASUS COFFEE COMPANY PRIVATE LIMITED,[in full dataset],,15928.2,15928.2,Chennai,Rotterdam,Utrecht,1,1,19.91,OOCL HONG KONG,IMO2284143,SG,V580,278,APLU,HBL,CMDU188468253,HLCU199503585,CAIU1898500,45HC,REEFER,HC,FCL,CFS/CFS,Sinotrans,2333.54
"Ginger, crushed/ground",09101210,09101200,091012,7,"Spices; ginger, crushed or ground",MARKS1046,India,Netherlands,Netherlands,5,2025,8,2025-08,2025-08-16,20250825,20250825,import,1,3726323.53,1763.52,kg,KG,BLD FOOD AND SPICES LLP,[in full dataset],[in full dataset],Raigad,,,,Y,JACOBS DOUWE EGBERTS NL B.V.,[in full dataset],Utrecht,,www.de.nl,[in full dataset],Y,BLD FOOD AND SPICES LLP,[in full dataset],,2375.8,2375.8,"Mundra, Gujarat",Amsterdam,Utrecht,1,1,2.97,APL MEXICO CITY,IMO7651099,MH,V326,801,COSU,SWB,ONEY915643207,MSCU932511081,FCIU4688814,40HC,OPEN TOP,GP,FCL,CY/CY,Kuehne + Nagel,1614.33
"Black pepper, crushed/ground",09041200,09041200,090412,9,"Spices; pepper (of the genus piper), crushed or ground",MARKS3035,India,Netherlands,Netherlands,9,2025,3,2025-03,2025-03-05,20250316,20250316,import,1,4166176.36,26148.92,kg,KG,ROOTS CORPORATION LIMITED,[in full dataset],[in full dataset],Mumbai,,www.gingerhotels.com,[in full dataset],Y,JACOBS DOUWE EGBERTS NL B.V.,[in full dataset],Utrecht,,www.de.nl,[in full dataset],Y,ROOTS CORPORATION LIMITED,[in full dataset],,2946.4,2946.4,Visakhapatnam,Amsterdam,Utrecht,1,1,3.68,MSC OSCAR,IMO3231103,SG,V745,182,ZIMU,SWB,CMDU338597636,MAEU467729342,FCIU3442038,40GP,FLAT RACK,GP,FCL,CY/CY,DSV,23965.41
"Coriander, crushed/ground",09092200,09092200,090922,8,"Spices; coriander seeds, crushed or ground",MARKS6299,India,Netherlands,Netherlands,8,2025,3,2025-03,2025-03-27,20250322,20250322,import,1,4166176.36,3014.49,kg,KG,BARISTS COFFEE COMPANY LIMITED,[in full dataset],[in full dataset],New Delhi,,,,Y,JACOBS DOUWE EGBERTS NL B.V.,[in full dataset],Utrecht,,www.de.nl,[in full dataset],Y,BARISTS COFFEE COMPANY LIMITED,[in full dataset],,18013.1,18013.1,"Mundra, Gujarat",Rotterdam,Utrecht,1,1,22.52,MSC OSCAR,IMO1899311,SG,V848,302,MAEU,MBL,MAEU378981900,ONEY668744166,GESU9355485,40HC,FLAT RACK,GP,FCL,CFS/CFS,DB Schenker,2801.38
"Coriander, crushed/ground",09092200,09092200,090922,9,"Spices; coriander seeds, crushed or ground",MARKS2863,India,Netherlands,Netherlands,6,2024,9,2024-09,2024-09-19,20240920,20240920,import,1,6665850.08,71099.52,kg,KG,PARAS SPICES PRIVATE LIMITED,[in full dataset],[in full dataset],Moga,,www.parasspices.com,[in full dataset],N,JACOBS DOUWE EGBERTS NL B.V.,[in full dataset],Utrecht,,www.de.nl,[in full dataset],Y,PARAS SPICES PRIVATE LIMITED,[in full dataset],,12772.2,12772.2,Kandla,Rotterdam,Utrecht,1,1,15.97,EVER ACME,IMO1290222,PA,V527,178,HMMU,MBL,YMLU835258470,HLCU782188848,GESU9705696,40GP,REEFER,HC,LCL,CY/CY,DSV,66807
Black pepper (whole),09041120,09041100,090411,6,"Spices; pepper (of the genus piper), neither crushed nor ground",MARKS4867,India,Netherlands,Netherlands,7,2024,6,2024-06,2024-06-05,20240615,20240615,import,1,5426151.02,16691.58,kg,KG,EMPIRE SPICES AND FOODS LIMITED,[in full dataset],[in full dataset],Mumbai,,www.esfl.co.in,[in full dataset],N,JACOBS DOUWE EGBERTS NL B.V.,[in full dataset],Utrecht,,www.de.nl,[in full dataset],Y,EMPIRE SPICES AND FOODS LIMITED,[in full dataset],,13305.1,13305.1,Tuticorin,Amsterdam,Utrecht,1,1,16.63,OOCL HONG KONG,IMO6901332,LR,V337,110,EGLV,SWB,CMDU860993627,EGLV156506191,BMOU5721422,40GP,DRY,GP,LCL,CFS/CFS,Bollore Logistics,15310.78
"Black pepper, crushed/ground",09041200,09041200,090412,7,"Spices; pepper (of the genus piper), crushed or ground",MARKS9733,India,Netherlands,Netherlands,5,2025,5,2025-05,2025-05-16,20250516,20250516,import,1,8489332.66,11951.37,kg,KG,EMPIRE SPICES AND FOODS LIMITED,[in full dataset],[in full dataset],Mumbai,,www.esfl.co.in,[in full dataset],Y,JACOBS DOUWE EGBERTS NL B.V.,[in full dataset],Utrecht,,www.de.nl,[in full dataset],Y,EMPIRE SPICES AND FOODS LIMITED,[in full dataset],,11074.5,11074.5,Chennai,Rotterdam,Utrecht,1,1,13.84,HYUNDAI LOYALTY,IMO2783377,LR,V281,327,ZIMU,SWB,COSU643125462,ONEY944809425,TCLU8499110,40GP,REEFER,GP,FCL,CY/CY,Kuehne + Nagel,11314.02
Turmeric,09103030,09103000,091030,8,Spices; turmeric (curcuma),MARKS4447,India,Netherlands,Netherlands,7,2024,8,2024-08,2024-08-03,20240819,20240819,import,1,6613112.5,777.66,kg,KG,HIMACHAL GINGER,[in full dataset],[in full dataset],Sirmaur,,,,Y,J.S. Polak Koninklijke Specerijenmaalderij B.V.,[in full dataset],Steenwijk,,www.royalpolakspices.com,[in full dataset],N,HIMACHAL GINGER,[in full dataset],,5034.1,5034.1,Tuticorin,Rotterdam,Steenwijk,1,1,6.29,HMM ALGECIRAS,IMO6986825,PA,V105,93,CMDU,SWB,CMDU737796734,EGLV647425535,CAIU5738554,20GP,DRY,GP,FCL,CY/CY,Bollore Logistics,726.62
"Black pepper, crushed/ground",09041200,09041200,090412,9,"Spices; pepper (of the genus piper), crushed or ground",MARKS2523,India,Netherlands,Netherlands,6,2024,11,2024-11,2024-11-06,20241114,20241114,import,1,4123757.67,4638.61,kg,KG,GINGER COURT,[in full dataset],[in full dataset],Hyderabad,,,,Y,JACOBS DOUWE EGBERTS NL B.V.,[in full dataset],Utrecht,,www.de.nl,[in full dataset],Y,GINGER COURT,[in full dataset],,14143,14143,"Mundra, Gujarat",Rotterdam,Utrecht,1,1,17.68,MAERSK MOLLER,IMO3556553,SG,V673,454,ONEY,HBL,MSCU978590808,MSCU816767798,TCLU6715557,20GP,FLAT RACK,RF,LCL,CY/CFS,DHL Global Forwarding,4368.48
Ginger (whole),09101110,09101100,091011,6,"Spices; ginger, neither crushed nor ground",MARKS7916,India,Netherlands,Netherlands,7,2025,7,2025-07,2025-07-14,20250707,20250707,import,1,4053624.08,8535.4,kg,KG,ROOTS CORPORATION LIMITED,[in full dataset],[in full dataset],Mumbai,,www.gingerhotels.com,[in full dataset],Y,JACOBS DOUWE EGBERTS NL B.V.,[in full dataset],Utrecht,,www.de.nl,[in full dataset],Y,ROOTS CORPORATION LIMITED,[in full dataset],,8655.6,8655.6,Tuticorin,Rotterdam,Utrecht,1,1,10.82,OOCL HONG KONG,IMO5737122,MH,V599,323,APLU,MBL,MSCU772477469,YMLU322129259,CAIU9742154,40HC,DRY,GP,FCL,CY/CFS,Expeditors,8035.85
Coriander seeds,09092110,09092100,090921,9,"Spices; coriander seeds, neither crushed nor ground",MARKS5656,India,Netherlands,Netherlands,5,2025,4,2025-04,2025-04-06,20250401,20250401,import,1,5330617.29,1222.73,kg,KG,GINGER ADVISORS LLP,[in full dataset],[in full dataset],Mumbai,,,,Y,JACOBS DOUWE EGBERTS NL B.V.,[in full dataset],Utrecht,,www.de.nl,[in full dataset],N,GINGER ADVISORS LLP,[in full dataset],,22373.3,22373.3,Visakhapatnam,Amsterdam,Utrecht,1,1,27.97,CMA CGM JULES VERNE,IMO8719577,SG,V608,909,HLCU,SWB,HLCU594601256,CMDU486047136,GESU2349635,40GP,FLAT RACK,RF,FCL,CFS/CFS,Bollore Logistics,1083.97
Turmeric,09103020,09103000,091030,5,Spices; turmeric (curcuma),MARKS4608,India,Netherlands,Netherlands,5,2025,6,2025-06,2025-06-12,20250628,20250628,import,1,11170668.99,30652.55,kg,KG,OCTAL VIDYADHAR EXPORTS PRIVATE LIMITED,[in full dataset],[in full dataset],Kolkata,,,,Y,J.S. Polak Koninklijke Specerijenmaalderij B.V.,[in full dataset],Steenwijk,,www.royalpolakspices.com,[in full dataset],Y,OCTAL VIDYADHAR EXPORTS PRIVATE LIMITED,[in full dataset],,17733.9,17733.9,Cochin,Amsterdam,Steenwijk,1,1,22.17,APL MEXICO CITY,IMO5121983,LR,V258,185,HMMU,SWB,EGLV748533957,CMDU563103348,FCIU2903986,40HC,FLAT RACK,RF,FCL,CFS/CFS,Sinotrans,28542.79
"Coriander, crushed/ground",09092200,09092200,090922,6,"Spices; coriander seeds, crushed or ground",MARKS5787,India,Netherlands,Netherlands,7,2025,2,2025-02,2025-02-03,20250217,20250217,import,1,3491172.76,1023.97,kg,KG,HIMACHAL GINGER,[in full dataset],[in full dataset],Sirmaur,,,,Y,Capriole Coffee-Service B.V.,[in full dataset],'s-Gravenhage,,www.capriole.nl,[in full dataset],Y,HIMACHAL GINGER,[in full dataset],,24823.5,24823.5,Kolkata,Rotterdam,'s-Gravenhage,1,1,31.03,OOCL HONG KONG,IMO1243672,SG,V741,442,ONEY,MBL,HLCU551340470,CMDU250416175,MSCU7612489,20GP,REEFER,GP,FCL,CY/CY,DHL Global Forwarding,944.61
Ginger (whole),09101190,09101100,091011,9,"Spices; ginger, neither crushed nor ground",MARKS8710,India,Netherlands,Netherlands,8,2025,4,2025-04,2025-04-06,20250421,20250421,import,1,5330617.29,3078.81,kg,KG,SGC DRY GINGER FARMER PRODUCER COMPANY LIMITED,[in full dataset],[in full dataset],Satara,,,,Y,JACOBS DOUWE EGBERTS NL B.V.,[in full dataset],Utrecht,,www.de.nl,[in full dataset],Y,SGC DRY GINGER FARMER PRODUCER COMPANY LIMITED,[in full dataset],,17444.6,17444.6,Kandla,Amsterdam,Utrecht,1,1,21.81,EVER ACME,IMO5782946,MH,V699,68,YMLU,SWB,HLCU653026088,CMDU565977059,BMOU8672608,40GP,DRY,RF,FCL,CY/CY,DSV,2802.72
"Chilli/Capsicum, crushed/ground",09042219,09042200,090422,6,"Spices; fruits of the genus Capsicum or Pimenta, crushed or ground",MARKS2844,India,Netherlands,Netherlands,6,2024,8,2024-08,2024-08-24,20240819,20240819,import,1,6613112.5,2622.9,kg,KG,NIVEDITA GINGER & GARLIC WORLD LLP,[in full dataset],[in full dataset],Kolkata,,,,Y,JACOBS DOUWE EGBERTS NL B.V.,[in full dataset],Utrecht,,www.de.nl,[in full dataset],Y,NIVEDITA GINGER & GARLIC WORLD LLP,[in full dataset],,23427,23427,Chennai,Rotterdam,Utrecht,1,1,29.28,COSCO UNIVERSE,IMO1771347,PA,V499,258,ZIMU,SWB,COSU910417795,MAEU378636976,GESU7387548,40GP,TANK,GP,FCL,CY/CFS,Yusen Logistics,2410.98
"Ginger, crushed/ground",09101290,09101200,091012,8,"Spices; ginger, crushed or ground",MARKS1396,India,Netherlands,Netherlands,8,2025,6,2025-06,2025-06-27,20250614,20250614,import,1,11170668.99,34203.97,kg,KG,INDIAN RAILWAY CATERING AND TOURISM CORPORATION LIMITED,[in full dataset],[in full dataset],New Delhi,,www.irctc.com/,[in full dataset],Y,JACOBS DOUWE EGBERTS NL B.V.,[in full dataset],Utrecht,,www.de.nl,[in full dataset],Y,INDIAN RAILWAY CATERING AND TOURISM CORPORATION LIMITED,[in full dataset],,11040.8,11040.8,"Nhava Sheva (JNPT), Mumbai",Amsterdam,Utrecht,1,1,13.8,MOL TRIUMPH,IMO3317913,LR,V467,27,HLCU,HBL,CMDU325010975,MSCU753853575,TGHU3427732,20GP,FLAT RACK,GP,FCL,CY/CY,Nippon Express,31828.89
"Coriander, crushed/ground",09092200,09092200,090922,7,"Spices; coriander seeds, crushed or ground",MARKS5685,India,Netherlands,Netherlands,8,2025,12,2025-12,2025-12-05,20251218,20251218,import,1,5159218.93,11872.83,kg,KG,CCL PRODUCTS (INDIA) LIMITED,[in full dataset],[in full dataset],Hyderabad,,www.cclproducts.com,[in full dataset],Y,JACOBS DOUWE EGBERTS NL B.V.,[in full dataset],Utrecht,,www.de.nl,[in full dataset],Y,CCL PRODUCTS (INDIA) LIMITED,[in full dataset],,9725.6,9725.6,Cochin,Amsterdam,Utrecht,1,1,12.16,ONE APUS,IMO5799982,PA,V744,894,COSU,HBL,MAEU918034508,MSCU950732607,GESU2255241,20GP,REEFER,GP,FCL,CY/CY,CEVA Logistics,10874.13
"Chilli/Capsicum, crushed/ground",09042219,09042200,090422,5,"Spices; fruits of the genus Capsicum or Pimenta, crushed or ground",MARKS3326,India,Netherlands,Netherlands,9,2024,10,2024-10,2024-10-02,20241021,20241021,import,1,5609457.12,4242.38,kg,KG,MCLEOD RUSSEL INDIA LIMITED,[in full dataset],[in full dataset],Kolkata,,www.mcleodrussel.com,[in full dataset],N,JACOBS DOUWE EGBERTS NL B.V.,[in full dataset],Utrecht,,www.de.nl,[in full dataset],N,MCLEOD RUSSEL INDIA LIMITED,[in full dataset],,8334.5,8334.5,Kolkata,Amsterdam,Utrecht,1,1,10.42,OOCL HONG KONG,IMO1452240,MH,V851,456,HLCU,HBL,CMDU346457875,YMLU590539670,GESU7652080,40HC,REEFER,GP,FCL,CY/CFS,Expeditors,3815.53
"Ginger, crushed/ground",09101290,09101200,091012,9,"Spices; ginger, crushed or ground",MARKS3670,India,Netherlands,Netherlands,7,2024,7,2024-07,2024-07-04,20240716,20240716,import,1,9582182.28,362.17,kg,KG,THE INDIAN COFFEE WORKERS CO-OPERATIVE SOCIETY LIMITED,[in full dataset],[in full dataset],Mumbai,,,,Y,J.S. Polak Koninklijke Specerijenmaalderij B.V.,[in full dataset],Steenwijk,,www.royalpolakspices.com,[in full dataset],N,THE INDIAN COFFEE WORKERS CO-OPERATIVE SOCIETY LIMITED,[in full dataset],,16554.5,16554.5,Kandla,Amsterdam,Steenwijk,1,1,20.69,APL MEXICO CITY,IMO3005857,MH,V949,343,CMDU,SWB,MAEU204821950,MSCU127401349,MSCU4471589,45HC,FLAT RACK,HC,FCL,CY/CFS,DB Schenker,321.87
"Ginger, crushed/ground",09101210,09101200,091012,5,"Spices; ginger, crushed or ground",MARKS4721,India,Netherlands,Netherlands,8,2025,3,2025-03,2025-03-02,20250314,20250314,import,1,4166176.36,7110.19,kg,KG,SSK EXPORTS LIMITED,[in full dataset],[in full dataset],Kolkata,,www.sskexports.com,[in full dataset],Y,Euro Koffie B.V.,[in full dataset],Enschede,,www.eurokoffie.com,[in full dataset],Y,SSK EXPORTS LIMITED,[in full dataset],,19160.6,19160.6,Chennai,Rotterdam,Enschede,1,1,23.95,COSCO UNIVERSE,IMO3087921,PA,V929,961,ONEY,MBL,MAEU805343774,YMLU274547260,GESU5156045,45HC,OPEN TOP,RF,FCL,CY/CY,Yusen Logistics,6271.03
Coriander seeds,09092110,09092100,090921,7,"Spices; coriander seeds, neither crushed nor ground",MARKS3243,India,Netherlands,Netherlands,7,2024,1,2024-01,2024-01-10,20240122,20240122,import,1,3584339.46,2225.26,kg,KG,SRI HANUMAN COFFEE WORKS,[in full dataset],[in full dataset],Bengaluru,,,,Y,JACOBS DOUWE EGBERTS NL B.V.,[in full dataset],Utrecht,,www.de.nl,[in full dataset],Y,SRI HANUMAN COFFEE WORKS,[in full dataset],,1348.5,1348.5,Tuticorin,Rotterdam,Utrecht,1,1,1.69,APL MEXICO CITY,IMO3793639,LR,V387,724,HMMU,SWB,MAEU925584072,YMLU484140090,CAIU2235006,20GP,OPEN TOP,GP,FCL,CY/CY,Nippon Express,2011.56
Coriander seeds,09092110,09092100,090921,5,"Spices; coriander seeds, neither crushed nor ground",MARKS5919,India,Netherlands,Netherlands,9,2024,8,2024-08,2024-08-24,20240804,20240804,import,1,6613112.5,43854.33,kg,KG,S.L.N. COFFEE PRIVATE LIMITED,[in full dataset],[in full dataset],Kodagu,,www.slncoffee.com,[in full dataset],N,JACOBS DOUWE EGBERTS NL B.V.,[in full dataset],Utrecht,,www.de.nl,[in full dataset],Y,S.L.N. COFFEE PRIVATE LIMITED,[in full dataset],,20823.7,20823.7,"Mundra, Gujarat",Rotterdam,Utrecht,1,1,26.03,BARZAN,IMO5787842,MH,V680,246,EGLV,MBL,COSU785066186,CMDU693575873,TCLU8094437,40GP,FLAT RACK,HC,FCL,CY/CFS,CEVA Logistics,40999.08
"Coriander, crushed/ground",09092200,09092200,090922,6,"Spices; coriander seeds, crushed or ground",MARKS9772,India,Netherlands,Netherlands,5,2024,8,2024-08,2024-08-10,20240803,20240803,import,1,6613112.5,4735.27,kg,KG,EMPIRE SPICES AND FOODS LIMITED,[in full dataset],[in full dataset],Mumbai,,www.esfl.co.in,[in full dataset],Y,JACOBS DOUWE EGBERTS NL B.V.,[in full dataset],Utrecht,,www.de.nl,[in full dataset],Y,EMPIRE SPICES AND FOODS LIMITED,[in full dataset],,22635.1,22635.1,Cochin,Rotterdam,Utrecht,1,1,28.29,ONE APUS,IMO6540340,SG,V894,651,HLCU,SWB,MSCU108260384,COSU499515038,GESU7167738,45HC,FLAT RACK,HC,LCL,CFS/CFS,Sinotrans,4263.17
"Ginger, crushed/ground",09101290,09101200,091012,8,"Spices; ginger, crushed or ground",MARKS5105,India,Netherlands,Netherlands,7,2024,2,2024-02,2024-02-01,20240206,20240206,import,1,3777184.92,6039.6,kg,KG,GINGER WEBS PRIVATE LIMITED,[in full dataset],[in full dataset],New Delhi,,www.gingerwebs.com,[in full dataset],N,J.S. Polak Koninklijke Specerijenmaalderij B.V.,[in full dataset],Steenwijk,,www.royalpolakspices.com,[in full dataset],Y,GINGER WEBS PRIVATE LIMITED,[in full dataset],,9870,9870,"Mundra, Gujarat",Amsterdam,Steenwijk,1,1,12.34,MSC GULSUN,IMO9406492,SG,V893,412,APLU,HBL,ONEY770047226,MSCU724966042,GESU1199738,40HC,REEFER,HC,LCL,CY/CFS,DHL Global Forwarding,5602.6
Coriander seeds,09092190,09092100,090921,6,"Spices; coriander seeds, neither crushed nor ground",MARKS9000,India,Netherlands,Netherlands,8,2024,8,2024-08,2024-08-02,20240806,20240806,import,1,6613112.5,87445.03,kg,KG,INDIAN RAILWAY CATERING AND TOURISM CORPORATION LIMITED,[in full dataset],[in full dataset],New Delhi,,www.irctc.com/,[in full dataset],Y,Continaf B.V.,[in full dataset],Zaandam,,www.daarnhouwer.com,[in full dataset],Y,INDIAN RAILWAY CATERING AND TOURISM CORPORATION LIMITED,[in full dataset],,21514.3,21514.3,"Mundra, Gujarat",Amsterdam,Zaandam,1,1,26.89,MOL TRIUMPH,IMO1698689,PA,V231,957,CMDU,SWB,MAEU921142833,CMDU895267839,CAIU4103852,40GP,REEFER,GP,FCL,CFS/CFS,Nippon Express,77861.46
Cumin seeds,09093121,09093100,090931,8,"Spices; cumin seeds, neither crushed nor ground",MARKS7989,India,Netherlands,Netherlands,7,2024,12,2024-12,2024-12-11,20241224,20241224,import,1,4973909.49,4553.69,kg,KG,MALABAR SPICES COMPANY LIMITED,[in full dataset],[in full dataset],Ernakulam,,,,Y,JACOBS DOUWE EGBERTS NL B.V.,[in full dataset],Utrecht,,www.de.nl,[in full dataset],Y,MALABAR SPICES COMPANY LIMITED,[in full dataset],,8979.7,8979.7,"Nhava Sheva (JNPT), Mumbai",Amsterdam,Utrecht,1,1,11.22,COSCO UNIVERSE,IMO7234122,SG,V664,544,ONEY,HBL,ONEY840521360,EGLV628054483,FCIU5051744,20GP,REEFER,GP,LCL,CY/CFS,Yusen Logistics,4301.02
"Coriander, crushed/ground",09092200,09092200,090922,7,"Spices; coriander seeds, crushed or ground",MARKS6196,India,Netherlands,Netherlands,8,2025,7,2025-07,2025-07-08,20250728,20250728,import,1,4053624.08,6190.58,kg,KG,TATA COFFEE LIMITED,[in full dataset],[in full dataset],Bengaluru,,www.tatacoffee.com,[in full dataset],Y,JACOBS DOUWE EGBERTS NL B.V.,[in full dataset],Utrecht,,www.de.nl,[in full dataset],N,TATA COFFEE LIMITED,[in full dataset],,2495.3,2495.3,Cochin,Amsterdam,Utrecht,1,1,3.12,EVER ACME,IMO1988927,LR,V846,325,HMMU,SWB,ONEY881503328,ONEY972070683,FCIU4714971,40HC,TANK,RF,FCL,CFS/CFS,DB Schenker,5622.45
Turmeric,09103030,09103000,091030,8,Spices; turmeric (curcuma),MARKS2375,India,Netherlands,Netherlands,9,2025,4,2025-04,2025-04-17,20250419,20250419,import,1,5330617.29,4657.99,kg,KG,S.L.N. COFFEE PRIVATE LIMITED,[in full dataset],[in full dataset],Kodagu,,www.slncoffee.com,[in full dataset],Y,JACOBS DOUWE EGBERTS NL B.V.,[in full dataset],Utrecht,,www.de.nl,[in full dataset],Y,S.L.N. COFFEE PRIVATE LIMITED,[in full dataset],,18504.2,18504.2,Kolkata,Rotterdam,Utrecht,1,1,23.13,CMA CGM JULES VERNE,IMO6157199,PA,V696,206,OOLU,SWB,ONEY644550487,ONEY507473588,FCIU1411631,20GP,TANK,GP,LCL,CFS/CFS,DSV,4115.78
Ginger (whole),09101110,09101100,091011,8,"Spices; ginger, neither crushed nor ground",MARKS1590,India,Netherlands,Netherlands,9,2024,11,2024-11,2024-11-09,20241125,20241125,import,1,4123757.67,1714.03,kg,KG,Cothas Coffee Company (Jp Nagar),[in full dataset],[in full dataset],Bengaluru,,,,Y,JACOBS DOUWE EGBERTS NL B.V.,[in full dataset],Utrecht,,www.de.nl,[in full dataset],Y,Cothas Coffee Company (Jp Nagar),[in full dataset],,8932.5,8932.5,Cochin,Amsterdam,Utrecht,1,1,11.17,COSCO UNIVERSE,IMO2961889,LR,V788,22,ZIMU,SWB,COSU918813073,HLCU628757095,CAIU7073557,40HC,FLAT RACK,GP,FCL,CY/CFS,Bollore Logistics,1526.79
"Black pepper, crushed/ground",09041200,09041200,090412,5,"Spices; pepper (of the genus piper), crushed or ground",MARKS3384,India,Netherlands,Netherlands,8,2024,11,2024-11,2024-11-24,20241107,20241107,import,1,4123757.67,147876.24,kg,KG,ROOTS CORPORATION LIMITED,[in full dataset],[in full dataset],Mumbai,,www.gingerhotels.com,[in full dataset],Y,Euro Koffie B.V.,[in full dataset],Enschede,,www.eurokoffie.com,[in full dataset],Y,ROOTS CORPORATION LIMITED,[in full dataset],,14621.4,14621.4,Chennai,Rotterdam,Enschede,1,1,18.28,YM WARRANTY,IMO7845865,MH,V831,985,ZIMU,MBL,MSCU578671389,YMLU667043987,MSCU9480317,40GP,REEFER,GP,FCL,CFS/CFS,Yusen Logistics,133821.38
Cumin seeds,09093129,09093100,090931,6,"Spices; cumin seeds, neither crushed nor ground",MARKS4615,India,Netherlands,Netherlands,6,2024,10,2024-10,2024-10-12,20241028,20241028,import,1,5609457.12,23836.45,kg,KG,CCL PRODUCTS (INDIA) LIMITED,[in full dataset],[in full dataset],Hyderabad,,www.cclproducts.com,[in full dataset],Y,JACOBS DOUWE EGBERTS NL B.V.,[in full dataset],Utrecht,,www.de.nl,[in full dataset],Y,CCL PRODUCTS (INDIA) LIMITED,[in full dataset],,6452.4,6452.4,Cochin,Amsterdam,Utrecht,1,1,8.07,APL MEXICO CITY,IMO4628724,MH,V158,914,ONEY,SWB,COSU536622115,CMDU867674498,TCLU4735399,20GP,OPEN TOP,HC,FCL,CY/CY,DHL Global Forwarding,22305.66
Black pepper (whole),09041130,09041100,090411,7,"Spices; pepper (of the genus piper), neither crushed nor ground",MARKS8191,India,Netherlands,Netherlands,7,2024,9,2024-09,2024-09-26,20240915,20240915,import,1,6665850.08,16713.34,kg,KG,INDIAN RAILWAY CATERING AND TOURISM CORPORATION LIMITED,[in full dataset],[in full dataset],New Delhi,,www.irctc.com/,[in full dataset],Y,JACOBS DOUWE EGBERTS NL B.V.,[in full dataset],Utrecht,,www.de.nl,[in full dataset],N,INDIAN RAILWAY CATERING AND TOURISM CORPORATION LIMITED,[in full dataset],,20084.5,20084.5,Tuticorin,Rotterdam,Utrecht,1,1,25.11,BARZAN,IMO5884162,LR,V370,55,HLCU,SWB,EGLV878492455,YMLU724102057,TGHU1022086,40HC,TANK,GP,FCL,CFS/CFS,DHL Global Forwarding,15358.49
"Coriander, crushed/ground",09092200,09092200,090922,6,"Spices; coriander seeds, crushed or ground",MARKS3974,India,Netherlands,Netherlands,8,2024,8,2024-08,2024-08-21,20240806,20240806,import,1,6613112.5,26029.52,kg,KG,PARAS SPICES PRIVATE LIMITED,[in full dataset],[in full dataset],Moga,,www.parasspices.com,[in full dataset],N,Room Mate Amsterdam B.V.,[in full dataset],Amsterdam,,www.room-matehotels.com,[in full dataset],Y,PARAS SPICES PRIVATE LIMITED,[in full dataset],,18208,18208,"Nhava Sheva (JNPT), Mumbai",Rotterdam,Amsterdam,1,1,22.76,MADRID MAERSK,IMO9749941,LR,V551,912,MAEU,MBL,COSU345075742,HLCU516786961,FCIU6540212,40HC,OPEN TOP,HC,LCL,CY/CY,Bollore Logistics,23168.84
Black pepper (whole),09041130,09041100,090411,7,"Spices; pepper (of the genus piper), neither crushed nor ground",MARKS2242,India,Netherlands,Netherlands,9,2024,11,2024-11,2024-11-12,20241124,20241124,import,1,4123757.67,1677.77,kg,KG,SGC DRY GINGER FARMER PRODUCER COMPANY LIMITED,[in full dataset],[in full dataset],Satara,,,,Y,JACOBS DOUWE EGBERTS NL B.V.,[in full dataset],Utrecht,,www.de.nl,[in full dataset],Y,SGC DRY GINGER FARMER PRODUCER COMPANY LIMITED,[in full dataset],,13540.1,13540.1,Tuticorin,Amsterdam,Utrecht,1,1,16.93,BARZAN,IMO5560042,LR,V402,398,CMDU,SWB,EGLV528191751,MAEU554102825,GESU1348886,40GP,OPEN TOP,HC,LCL,CY/CFS,Kuehne + Nagel,1471.37
Black pepper (whole),09041180,09041100,090411,5,"Spices; pepper (of the genus piper), neither crushed nor ground",MARKS4384,India,Netherlands,Netherlands,9,2025,7,2025-07,2025-07-11,20250712,20250712,import,1,4053624.08,8336.49,kg,KG,ROOTS CORPORATION LIMITED,[in full dataset],[in full dataset],Mumbai,,www.gingerhotels.com,[in full dataset],Y,J.S. Polak Koninklijke Specerijenmaalderij B.V.,[in full dataset],Steenwijk,,www.royalpolakspices.com,[in full dataset],Y,ROOTS CORPORATION LIMITED,[in full dataset],,11166.9,11166.9,"Nhava Sheva (JNPT), Mumbai",Amsterdam,Steenwijk,1,1,13.96,ONE APUS,IMO5038769,SG,V669,156,HMMU,SWB,MAEU409131359,COSU644757819,GESU3938478,20GP,OPEN TOP,GP,FCL,CY/CY,DSV,7923.58
"Black pepper, crushed/ground",09041200,09041200,090412,5,"Spices; pepper (of the genus piper), crushed or ground",MARKS8189,India,Netherlands,Netherlands,9,2025,7,2025-07,2025-07-04,20250714,20250714,import,1,4053624.08,32969.35,kg,KG,THE INDIAN COFFEE WORKERS CO-OPERATIVE SOCIETY LIMITED,[in full dataset],[in full dataset],Mumbai,,,,Y,JACOBS DOUWE EGBERTS NL B.V.,[in full dataset],Utrecht,,www.de.nl,[in full dataset],Y,THE INDIAN COFFEE WORKERS CO-OPERATIVE SOCIETY LIMITED,[in full dataset],,16947.5,16947.5,Kolkata,Rotterdam,Utrecht,1,1,21.18,EVER GIVEN,IMO7279922,LR,V248,374,HLCU,MBL,MSCU735330462,HLCU297293138,MSCU4944552,20GP,DRY,GP,FCL,CY/CY,Yusen Logistics,28898.02
Turmeric,09103010,09103000,091030,7,Spices; turmeric (curcuma),MARKS7506,India,Netherlands,Netherlands,9,2025,7,2025-07,2025-07-11,20250707,20250707,import,1,4053624.08,6962.96,kg,KG,ROOTS CORPORATION LIMITED,[in full dataset],[in full dataset],Mumbai,,www.gingerhotels.com,[in full dataset],Y,JACOBS DOUWE EGBERTS NL B.V.,[in full dataset],Utrecht,,www.de.nl,[in full dataset],Y,ROOTS CORPORATION LIMITED,[in full dataset],,7736.4,7736.4,Visakhapatnam,Amsterdam,Utrecht,1,1,9.67,HYUNDAI LOYALTY,IMO7612340,MH,V657,95,HLCU,MBL,HLCU298592417,EGLV924519327,CAIU9459750,40HC,OPEN TOP,GP,LCL,CY/CY,Kuehne + Nagel,6616.76
Ginger (whole),09101110,09101100,091011,8,"Spices; ginger, neither crushed nor ground",MARKS7469,India,Netherlands,Netherlands,5,2024,6,2024-06,2024-06-05,20240621,20240621,import,1,5426151.02,44634.33,kg,KG,S.L.N. COFFEE PRIVATE LIMITED,[in full dataset],[in full dataset],Kodagu,,www.slncoffee.com,[in full dataset],Y,JACOBS DOUWE EGBERTS NL B.V.,[in full dataset],Utrecht,,www.de.nl,[in full dataset],Y,S.L.N. COFFEE PRIVATE LIMITED,[in full dataset],,24074,24074,"Nhava Sheva (JNPT), Mumbai",Amsterdam,Utrecht,1,1,30.09,CMA CGM JULES VERNE,IMO3317659,MH,V139,327,EGLV,MBL,COSU588090840,EGLV117463982,CAIU5187087,40HC,REEFER,GP,LCL,CY/CFS,DSV,41371.09
Coriander seeds,09092190,09092100,090921,5,"Spices; coriander seeds, neither crushed nor ground",MARKS4536,India,Netherlands,Netherlands,7,2025,7,2025-07,2025-07-08,20250709,20250709,import,1,4053624.08,22567.12,kg,KG,BARISTS COFFEE COMPANY LIMITED,[in full dataset],[in full dataset],New Delhi,,,,Y,JACOBS DOUWE EGBERTS NL B.V.,[in full dataset],Utrecht,,www.de.nl,[in full dataset],Y,BARISTS COFFEE COMPANY LIMITED,[in full dataset],,20698.3,20698.3,Kolkata,Rotterdam,Utrecht,1,1,25.87,HMM ALGECIRAS,IMO4023251,LR,V711,250,MAEU,SWB,EGLV799651626,CMDU368839442,BMOU4842287,40GP,OPEN TOP,RF,FCL,CFS/CFS,DB Schenker,20467.17
Cumin seeds,09093121,09093100,090931,6,"Spices; cumin seeds, neither crushed nor ground",MARKS6593,India,Netherlands,Netherlands,5,2024,12,2024-12,2024-12-18,20241222,20241222,import,1,4973909.49,33505.98,kg,KG,ANNADA SPICES INDUSTRY,[in full dataset],[in full dataset],West Tripura,,www.longtharai.in,[in full dataset],Y,JACOBS DOUWE EGBERTS NL B.V.,[in full dataset],Utrecht,,www.de.nl,[in full dataset],Y,ANNADA SPICES INDUSTRY,[in full dataset],,16746.6,16746.6,"Nhava Sheva (JNPT), Mumbai",Rotterdam,Utrecht,1,1,20.93,OOCL HONG KONG,IMO9160878,PA,V511,762,MAEU,SWB,MSCU426979212,YMLU239396943,CAIU4100502,40HC,DRY,HC,FCL,CFS/CFS,Yusen Logistics,31811.54
Coriander seeds,09092190,09092100,090921,6,"Spices; coriander seeds, neither crushed nor ground",MARKS3033,India,Netherlands,Netherlands,9,2024,7,2024-07,2024-07-26,20240714,20240714,import,1,9582182.28,9940.26,kg,KG,ALLANA COFFEE CURING WORKS,[in full dataset],[in full dataset],Hassan,,www.allana.com,[in full dataset],Y,JACOBS DOUWE EGBERTS NL B.V.,[in full dataset],Utrecht,,www.de.nl,[in full dataset],Y,ALLANA COFFEE CURING WORKS,[in full dataset],,18778.7,18778.7,Kolkata,Rotterdam,Utrecht,1,1,23.47,MADRID MAERSK,IMO1334442,PA,V374,396,ZIMU,SWB,HLCU959174704,ONEY215251897,TCLU1765850,40GP,DRY,HC,FCL,CFS/CFS,Bollore Logistics,9442.31
Coriander seeds,09092190,09092100,090921,8,"Spices; coriander seeds, neither crushed nor ground",MARKS8290,India,Netherlands,Netherlands,5,2025,11,2025-11,2025-11-21,20251109,20251109,import,1,5046017,1033.85,kg,KG,Y V S SPICES CO,[in full dataset],[in full dataset],Chennai,,,,Y,JACOBS DOUWE EGBERTS NL B.V.,[in full dataset],Utrecht,,www.de.nl,[in full dataset],Y,Y V S SPICES CO,[in full dataset],,3759.2,3759.2,Cochin,Rotterdam,Utrecht,1,1,4.7,MSC OSCAR,IMO5491729,PA,V236,596,HLCU,SWB,MAEU117254786,YMLU246543835,GESU9504436,20GP,FLAT RACK,HC,FCL,CY/CFS,Bollore Logistics,917.71
Coriander seeds,09092190,09092100,090921,8,"Spices; coriander seeds, neither crushed nor ground",MARKS8785,India,Netherlands,Netherlands,7,2025,4,2025-04,2025-04-21,20250420,20250420,import,1,5330617.29,361.53,kg,KG,ETERNAL VANILLA,[in full dataset],[in full dataset],Shivamogga,,,,Y,JACOBS DOUWE EGBERTS NL B.V.,[in full dataset],Utrecht,,www.de.nl,[in full dataset],Y,ETERNAL VANILLA,[in full dataset],,7282,7282,Visakhapatnam,Amsterdam,Utrecht,1,1,9.1,APL MEXICO CITY,IMO6811824,LR,V644,43,ZIMU,SWB,COSU636179983,HLCU221999478,FCIU5406708,45HC,FLAT RACK,RF,FCL,CY/CFS,CEVA Logistics,339.18
"Chilli/Capsicum, crushed/ground",09042211,09042200,090422,8,"Spices; fruits of the genus Capsicum or Pimenta, crushed or ground",MARKS1239,India,Netherlands,Netherlands,6,2025,12,2025-12,2025-12-15,20251213,20251213,import,1,5159218.93,35702.85,kg,KG,ROOTS CORPORATION LIMITED,[in full dataset],[in full dataset],Mumbai,,www.gingerhotels.com,[in full dataset],Y,Pelican Rouge Coffee Roasters B.V.,[in full dataset],Dordrecht,,www.pelicanrougecoffeeroasters.com,[in full dataset],Y,ROOTS CORPORATION LIMITED,[in full dataset],,3563.7,3563.7,Tuticorin,Amsterdam,Dordrecht,1,1,4.45,YM WARRANTY,IMO3510694,SG,V399,176,ONEY,HBL,CMDU175523589,YMLU212423725,MSCU6052740,20GP,TANK,HC,FCL,CY/CFS,Nippon Express,31944.69
Turmeric,09103010,09103000,091030,7,Spices; turmeric (curcuma),MARKS5181,India,Netherlands,Netherlands,8,2025,12,2025-12,2025-12-27,20251222,20251222,import,1,5159218.93,4248.53,kg,KG,S.L.N. COFFEE PRIVATE LIMITED,[in full dataset],[in full dataset],Kodagu,,www.slncoffee.com,[in full dataset],Y,JACOBS DOUWE EGBERTS NL B.V.,[in full dataset],Utrecht,,www.de.nl,[in full dataset],Y,S.L.N. COFFEE PRIVATE LIMITED,[in full dataset],,13823.1,13823.1,Chennai,Rotterdam,Utrecht,1,1,17.28,MSC OSCAR,IMO8363820,PA,V294,691,OOLU,HBL,MAEU996486143,MAEU653746581,GESU3177096,40HC,OPEN TOP,GP,FCL,CFS/CFS,DB Schenker,3799.28
"Black pepper, crushed/ground",09041200,09041200,090412,5,"Spices; pepper (of the genus piper), crushed or ground",MARKS8574,India,Netherlands,Netherlands,5,2024,5,2024-05,2024-05-16,20240501,20240501,import,1,8128089.63,5491.54,kg,KG,AACHI SPICES AND FOODS PRIVATE LIMITED,[in full dataset],[in full dataset],Chennai,,www.aachigroup.com,[in full dataset],Y,Euro Koffie B.V.,[in full dataset],Enschede,,www.eurokoffie.com,[in full dataset],Y,AACHI SPICES AND FOODS PRIVATE LIMITED,[in full dataset],,16823,16823,Kolkata,Amsterdam,Enschede,1,1,21.03,CMA CGM JULES VERNE,IMO7895352,LR,V261,829,MAEU,MBL,MSCU424146106,COSU126230712,TCLU6943546,40HC,REEFER,GP,FCL,CFS/CFS,Sinotrans,4833.05
"Coriander, crushed/ground",09092200,09092200,090922,8,"Spices; coriander seeds, crushed or ground",MARKS1280,India,Netherlands,Netherlands,8,2024,7,2024-07,2024-07-23,20240708,20240708,import,1,9582182.28,19807.09,kg,KG,ROOTS CORPORATION LIMITED,[in full dataset],[in full dataset],Mumbai,,www.gingerhotels.com,[in full dataset],Y,JACOBS DOUWE EGBERTS NL B.V.,[in full dataset],Utrecht,,www.de.nl,[in full dataset],Y,ROOTS CORPORATION LIMITED,[in full dataset],,21323.5,21323.5,"Mundra, Gujarat",Amsterdam,Utrecht,1,1,26.65,COSCO UNIVERSE,IMO9865433,MH,V436,497,CMDU,HBL,CMDU789332298,COSU238857296,MSCU8187632,40HC,DRY,HC,LCL,CY/CY,CEVA Logistics,18115.28
Black pepper (whole),09041120,09041100,090411,5,"Spices; pepper (of the genus piper), neither crushed nor ground",MARKS5816,India,Netherlands,Netherlands,5,2025,10,2025-10,2025-10-23,20251008,20251008,import,1,3212795.96,3840.59,kg,KG,TRIPURA SPICES COMPANY,[in full dataset],[in full dataset],Agartala,,,,Y,JACOBS DOUWE EGBERTS NL B.V.,[in full dataset],Utrecht,,www.de.nl,[in full dataset],Y,TRIPURA SPICES COMPANY,[in full dataset],,22797.2,22797.2,Kolkata,Rotterdam,Utrecht,1,1,28.5,HMM ALGECIRAS,IMO8904801,SG,V428,5,OOLU,SWB,MSCU742019470,EGLV248144173,MSCU9108282,20GP,DRY,RF,FCL,CFS/CFS,Expeditors,3355.3
Ginger (whole),09101110,09101100,091011,7,"Spices; ginger, neither crushed nor ground",MARKS6900,India,Netherlands,Netherlands,6,2025,10,2025-10,2025-10-09,20251007,20251007,import,1,3212795.96,7689.6,kg,KG,MAHA GAURI SPICES AND SNACKS LLP,[in full dataset],[in full dataset],Gurugram,,,,Y,JACOBS DOUWE EGBERTS NL B.V.,[in full dataset],Utrecht,,www.de.nl,[in full dataset],Y,MAHA GAURI SPICES AND SNACKS LLP,[in full dataset],,19450.9,19450.9,Visakhapatnam,Amsterdam,Utrecht,1,1,24.31,APL MEXICO CITY,IMO1094930,PA,V949,623,OOLU,HBL,MSCU467253958,MAEU882064944,FCIU8956055,40HC,OPEN TOP,GP,FCL,CY/CY,Expeditors,6839.13
"Chilli/Capsicum, crushed/ground",09042219,09042200,090422,6,"Spices; fruits of the genus Capsicum or Pimenta, crushed or ground",MARKS9363,India,Netherlands,Netherlands,8,2024,2,2024-02,2024-02-22,20240208,20240208,import,1,3777184.92,3982.24,kg,KG,ROOTS CORPORATION LIMITED,[in full dataset],[in full dataset],Mumbai,,www.gingerhotels.com,[in full dataset],Y,JACOBS DOUWE EGBERTS NL B.V.,[in full dataset],Utrecht,,www.de.nl,[in full dataset],Y,ROOTS CORPORATION LIMITED,[in full dataset],,22399.7,22399.7,Cochin,Rotterdam,Utrecht,1,1,28,ONE APUS,IMO8658980,LR,V870,380,OOLU,SWB,ONEY276080219,ONEY973498782,BMOU7064466,45HC,FLAT RACK,RF,FCL,CY/CFS,Sinotrans,3725.75
Coriander seeds,09092190,09092100,090921,5,"Spices; coriander seeds, neither crushed nor ground",MARKS7981,India,Netherlands,Netherlands,9,2024,12,2024-12,2024-12-08,20241224,20241224,import,1,4973909.49,5353.79,kg,KG,PARAS SPICES PRIVATE LIMITED,[in full dataset],[in full dataset],Moga,,www.parasspices.com,[in full dataset],Y,JACOBS DOUWE EGBERTS NL B.V.,[in full dataset],Utrecht,,www.de.nl,[in full dataset],N,PARAS SPICES PRIVATE LIMITED,[in full dataset],,4056.6,4056.6,Kolkata,Amsterdam,Utrecht,1,1,5.07,EVER GIVEN,IMO5910137,SG,V108,821,HLCU,SWB,MSCU815626902,MSCU530803488,GESU5874184,20GP,DRY,GP,LCL,CY/CY,Expeditors,4761.99
Black pepper (whole),09041150,09041100,090411,9,"Spices; pepper (of the genus piper), neither crushed nor ground",MARKS1802,India,Netherlands,Netherlands,7,2024,7,2024-07,2024-07-09,20240720,20240720,import,1,9582182.28,206249.42,kg,KG,MCLEOD RUSSEL INDIA LIMITED,[in full dataset],[in full dataset],Kolkata,,www.mcleodrussel.com,[in full dataset],Y,JACOBS DOUWE EGBERTS NL B.V.,[in full dataset],Utrecht,,www.de.nl,[in full dataset],Y,MCLEOD RUSSEL INDIA LIMITED,[in full dataset],,15856.1,15856.1,"Nhava Sheva (JNPT), Mumbai",Amsterdam,Utrecht,1,1,19.82,ONE APUS,IMO1666259,MH,V801,578,HLCU,MBL,ONEY775235184,MSCU644275180,GESU5482496,40GP,OPEN TOP,RF,FCL,CFS/CFS,Sinotrans,181552.28
"Chilli/Capsicum, crushed/ground",09042221,09042200,090422,7,"Spices; fruits of the genus Capsicum or Pimenta, crushed or ground",MARKS8144,India,Netherlands,Netherlands,6,2025,7,2025-07,2025-07-17,20250718,20250718,import,1,4053624.08,22264.03,kg,KG,PARAS SPICES PRIVATE LIMITED,[in full dataset],[in full dataset],Moga,,www.parasspices.com,[in full dataset],Y,JACOBS DOUWE EGBERTS NL B.V.,[in full dataset],Utrecht,,www.de.nl,[in full dataset],Y,PARAS SPICES PRIVATE LIMITED,[in full dataset],,6049,6049,Visakhapatnam,Amsterdam,Utrecht,1,1,7.56,CSCL GLOBE,IMO2406614,PA,V418,634,HMMU,HBL,ONEY368320581,HLCU984121551,TGHU2462877,40HC,DRY,RF,FCL,CY/CFS,Bollore Logistics,21100.2
Ginger (whole),09101130,09101100,091011,7,"Spices; ginger, neither crushed nor ground",MARKS4332,India,Netherlands,Netherlands,9,2024,12,2024-12,2024-12-11,20241222,20241222,import,1,4973909.49,5878.64,kg,KG,MALABAR SPICES COMPANY LIMITED,[in full dataset],[in full dataset],Ernakulam,,,,N,JACOBS DOUWE EGBERTS NL B.V.,[in full dataset],Utrecht,,www.de.nl,[in full dataset],Y,MALABAR SPICES COMPANY LIMITED,[in full dataset],,17744.6,17744.6,"Mundra, Gujarat",Amsterdam,Utrecht,1,1,22.18,COSCO UNIVERSE,IMO5536770,LR,V143,971,YMLU,MBL,MAEU765872100,EGLV883954200,BMOU9482521,40HC,DRY,GP,FCL,CY/CFS,Sinotrans,5186.71
Coriander seeds,09092110,09092100,090921,8,"Spices; coriander seeds, neither crushed nor ground",MARKS4385,India,Netherlands,Netherlands,6,2024,5,2024-05,2024-05-02,20240516,20240516,import,1,8128089.63,2176.12,kg,KG,S.L.N. COFFEE PRIVATE LIMITED,[in full dataset],[in full dataset],Kodagu,,www.slncoffee.com,[in full dataset],Y,J.S. Polak Koninklijke Specerijenmaalderij B.V.,[in full dataset],Steenwijk,,www.royalpolakspices.com,[in full dataset],Y,S.L.N. COFFEE PRIVATE LIMITED,[in full dataset],,3478.6,3478.6,Chennai,Rotterdam,Steenwijk,1,1,4.35,CSCL GLOBE,IMO2486898,SG,V330,193,ONEY,MBL,ONEY722288574,MSCU271888552,FCIU8535565,20GP,DRY,GP,LCL,CY/CY,DB Schenker,1936.17
"Black pepper, crushed/ground",09041200,09041200,090412,5,"Spices; pepper (of the genus piper), crushed or ground",MARKS9729,India,Netherlands,Netherlands,9,2024,8,2024-08,2024-08-09,20240818,20240818,import,1,6613112.5,20411.29,kg,KG,INDIAN RAILWAY CATERING AND TOURISM CORPORATION LIMITED,[in full dataset],[in full dataset],New Delhi,,www.irctc.com/,[in full dataset],Y,JACOBS DOUWE EGBERTS NL B.V.,[in full dataset],Utrecht,,www.de.nl,[in full dataset],Y,INDIAN RAILWAY CATERING AND TOURISM CORPORATION LIMITED,[in full dataset],,2454.9,2454.9,Kolkata,Amsterdam,Utrecht,1,1,3.07,COSCO UNIVERSE,IMO2007023,LR,V502,214,OOLU,SWB,COSU689277197,MSCU107283953,FCIU3518445,40GP,FLAT RACK,HC,LCL,CY/CY,Sinotrans,19094.81
Turmeric,09103030,09103000,091030,7,Spices; turmeric (curcuma),MARKS8645,India,Netherlands,Netherlands,9,2024,8,2024-08,2024-08-21,20240806,20240806,import,1,6613112.5,4979.29,kg,KG,Cothas Coffee Company (Jp Nagar),[in full dataset],[in full dataset],Bengaluru,,,,Y,JACOBS DOUWE EGBERTS NL B.V.,[in full dataset],Utrecht,,www.de.nl,[in full dataset],Y,Cothas Coffee Company (Jp Nagar),[in full dataset],,7800.9,7800.9,Kolkata,Amsterdam,Utrecht,1,1,9.75,MSC GULSUN,IMO4148674,MH,V612,354,CMDU,MBL,HLCU603138585,YMLU240300386,TCLU3570927,40HC,REEFER,GP,FCL,CY/CY,Expeditors,4732.46
"Ginger, crushed/ground",09101210,09101200,091012,9,"Spices; ginger, crushed or ground",MARKS7402,India,Netherlands,Netherlands,6,2024,5,2024-05,2024-05-27,20240514,20240514,import,1,8128089.63,1677.58,kg,KG,KOMARAS SPICES INDIA PRIVATE LIMITED,[in full dataset],[in full dataset],Nellore,,,,N,JACOBS DOUWE EGBERTS NL B.V.,[in full dataset],Utrecht,,www.de.nl,[in full dataset],Y,KOMARAS SPICES INDIA PRIVATE LIMITED,[in full dataset],,15981.5,15981.5,"Mundra, Gujarat",Amsterdam,Utrecht,1,1,19.98,COSCO UNIVERSE,IMO9279163,MH,V944,553,HLCU,HBL,MSCU128136317,EGLV195493339,GESU6754593,40HC,DRY,HC,FCL,CFS/CFS,DB Schenker,1528.32
Cumin seeds,09093111,09093100,090931,6,"Spices; cumin seeds, neither crushed nor ground",MARKS8541,India,Netherlands,Netherlands,7,2025,4,2025-04,2025-04-21,20250428,20250428,import,1,5330617.29,24563.41,kg,KG,THE INDIAN COFFEE WORKERS CO-OPERATIVE SOCIETY LIMITED,[in full dataset],[in full dataset],Mumbai,,,,Y,JACOBS DOUWE EGBERTS NL B.V.,[in full dataset],Utrecht,,www.de.nl,[in full dataset],Y,THE INDIAN COFFEE WORKERS CO-OPERATIVE SOCIETY LIMITED,[in full dataset],,18075.8,18075.8,"Nhava Sheva (JNPT), Mumbai",Amsterdam,Utrecht,1,1,22.59,MOL TRIUMPH,IMO2978447,MH,V117,99,HLCU,SWB,EGLV402927873,CMDU330976550,FCIU4335194,20GP,REEFER,RF,FCL,CY/CY,Sinotrans,22885.06
"Chilli/Capsicum, crushed/ground",09042221,09042200,090422,9,"Spices; fruits of the genus Capsicum or Pimenta, crushed or ground",MARKS5864,India,Netherlands,Netherlands,6,2025,3,2025-03,2025-03-19,20250317,20250317,import,1,4166176.36,32832.57,kg,KG,MALABAR SPICES COMPANY LIMITED,[in full dataset],[in full dataset],Ernakulam,,,,Y,JACOBS DOUWE EGBERTS NL B.V.,[in full dataset],Utrecht,,www.de.nl,[in full dataset],N,MALABAR SPICES COMPANY LIMITED,[in full dataset],,11592.5,11592.5,Chennai,Amsterdam,Utrecht,1,1,14.49,ONE APUS,IMO1941498,LR,V778,588,EGLV,HBL,ONEY405223749,COSU325521158,GESU7273144,40GP,REEFER,HC,FCL,CFS/CFS,DSV,29520.09
"Coriander, crushed/ground",09092200,09092200,090922,9,"Spices; coriander seeds, crushed or ground",MARKS5944,India,Netherlands,Netherlands,6,2025,6,2025-06,2025-06-02,20250616,20250616,import,1,11170668.99,2989.71,kg,KG,MUDREMANE COFFEE CURERS,[in full dataset],[in full dataset],Chikkamagaluru,,www.mudremane.com,[in full dataset],Y,J.S. Polak Koninklijke Specerijenmaalderij B.V.,[in full dataset],Steenwijk,,www.royalpolakspices.com,[in full dataset],Y,MUDREMANE COFFEE CURERS,[in full dataset],,6937.9,6937.9,Kandla,Amsterdam,Steenwijk,1,1,8.67,CSCL GLOBE,IMO4019711,SG,V222,848,ZIMU,SWB,EGLV806999818,MAEU513763251,BMOU7940889,45HC,FLAT RACK,GP,LCL,CY/CY,Expeditors,2703.74
Black pepper (whole),09041140,09041100,090411,6,"Spices; pepper (of the genus piper), neither crushed nor ground",MARKS7741,India,Netherlands,Netherlands,6,2024,8,2024-08,2024-08-21,20240813,20240813,import,1,6613112.5,30886.28,kg,KG,SURUCHI SPICES PRIVATE LIMITED,[in full dataset],[in full dataset],Nagpur,,www.suruchispices.net,[in full dataset],Y,JACOBS DOUWE EGBERTS NL B.V.,[in full dataset],Utrecht,,www.de.nl,[in full dataset],Y,SURUCHI SPICES PRIVATE LIMITED,[in full dataset],,19088.2,19088.2,Kolkata,Amsterdam,Utrecht,1,1,23.86,YM WARRANTY,IMO3681469,MH,V237,121,ZIMU,MBL,MSCU282657962,MAEU873957353,GESU8301341,45HC,TANK,HC,LCL,CY/CFS,DHL Global Forwarding,28734.83
Turmeric,09103030,09103000,091030,8,Spices; turmeric (curcuma),MARKS5259,India,Netherlands,Netherlands,7,2025,5,2025-05,2025-05-17,20250518,20250518,import,1,8489332.66,32970.2,kg,KG,INDIAN RAILWAY CATERING AND TOURISM CORPORATION LIMITED,[in full dataset],[in full dataset],New Delhi,,www.irctc.com/,[in full dataset],N,JACOBS DOUWE EGBERTS NL B.V.,[in full dataset],Utrecht,,www.de.nl,[in full dataset],Y,INDIAN RAILWAY CATERING AND TOURISM CORPORATION LIMITED,[in full dataset],,23739.5,23739.5,Kolkata,Rotterdam,Utrecht,1,1,29.67,CMA CGM JULES VERNE,IMO5509855,LR,V536,519,APLU,MBL,HLCU743511949,ONEY737528911,GESU5042859,40HC,DRY,HC,FCL,CFS/CFS,Sinotrans,30280.59
"Chilli/Capsicum, crushed/ground",09042212,09042200,090422,6,"Spices; fruits of the genus Capsicum or Pimenta, crushed or ground",MARKS8625,India,Netherlands,Netherlands,5,2024,10,2024-10,2024-10-03,20241009,20241009,import,1,5609457.12,4600.56,kg,KG,THREE MATE ENERGY PRIVATE LIMITED,[in full dataset],[in full dataset],Ahmedabad,,,,Y,J.S. Polak Koninklijke Specerijenmaalderij B.V.,[in full dataset],Steenwijk,,www.royalpolakspices.com,[in full dataset],Y,THREE MATE ENERGY PRIVATE LIMITED,[in full dataset],,6564.9,6564.9,"Mundra, Gujarat",Rotterdam,Steenwijk,1,1,8.21,OOCL HONG KONG,IMO3180942,LR,V626,222,COSU,HBL,COSU598345206,ONEY591864522,FCIU5180520,45HC,FLAT RACK,RF,FCL,CFS/CFS,DHL Global Forwarding,4173.01
"Chilli/Capsicum, crushed/ground",09042212,09042200,090422,7,"Spices; fruits of the genus Capsicum or Pimenta, crushed or ground",MARKS5389,India,Netherlands,Netherlands,6,2025,7,2025-07,2025-07-15,20250717,20250717,import,1,4053624.08,13397.86,kg,KG,INDIAN RAILWAY CATERING AND TOURISM CORPORATION LIMITED,[in full dataset],[in full dataset],New Delhi,,www.irctc.com/,[in full dataset],Y,JACOBS DOUWE EGBERTS NL B.V.,[in full dataset],Utrecht,,www.de.nl,[in full dataset],Y,INDIAN RAILWAY CATERING AND TOURISM CORPORATION LIMITED,[in full dataset],,19901.4,19901.4,Chennai,Amsterdam,Utrecht,1,1,24.88,BARZAN,IMO2274381,MH,V336,106,ONEY,SWB,ONEY124478493,YMLU949388124,TGHU9173979,20GP,TANK,HC,FCL,CFS/CFS,Bollore Logistics,12641.66
"Black pepper, crushed/ground",09041200,09041200,090412,7,"Spices; pepper (of the genus piper), crushed or ground",MARKS9822,India,Netherlands,Netherlands,5,2025,4,2025-04,2025-04-21,20250406,20250406,import,1,5330617.29,16799.04,kg,KG,SURUCHI SPICES PRIVATE LIMITED,[in full dataset],[in full dataset],Nagpur,,www.suruchispices.net,[in full dataset],Y,JACOBS DOUWE EGBERTS NL B.V.,[in full dataset],Utrecht,,www.de.nl,[in full dataset],Y,SURUCHI SPICES PRIVATE LIMITED,[in full dataset],,8996.7,8996.7,Visakhapatnam,Amsterdam,Utrecht,1,1,11.25,ONE APUS,IMO1114347,PA,V436,132,ZIMU,MBL,EGLV613584969,EGLV253402798,FCIU5022162,40HC,REEFER,GP,LCL,CFS/CFS,DSV,15431.58
Coriander seeds,09092190,09092100,090921,6,"Spices; coriander seeds, neither crushed nor ground",MARKS1938,India,Netherlands,Netherlands,8,2024,10,2024-10,2024-10-05,20241013,20241013,import,1,5609457.12,1576.04,kg,KG,KESAR SPICES PRIVATE LIMITED,[in full dataset],[in full dataset],Mumbai,,,,Y,JACOBS DOUWE EGBERTS NL B.V.,[in full dataset],Utrecht,,www.de.nl,[in full dataset],Y,KESAR SPICES PRIVATE LIMITED,[in full dataset],,1315.6,1315.6,"Nhava Sheva (JNPT), Mumbai",Rotterdam,Utrecht,1,1,1.64,MSC OSCAR,IMO4676358,PA,V120,921,ZIMU,MBL,ONEY682907663,COSU740565276,MSCU1324531,20GP,TANK,HC,FCL,CY/CFS,Sinotrans,1377.34
Black pepper (whole),09041180,09041100,090411,5,"Spices; pepper (of the genus piper), neither crushed nor ground",MARKS6570,India,Netherlands,Netherlands,7,2024,5,2024-05,2024-05-21,20240520,20240520,import,1,8128089.63,14597.44,kg,KG,VIJAYAKRISHNA SPICES PRIVATE LIMITED,[in full dataset],[in full dataset],Hyderabad,,vijayakrishnaspices.com,[in full dataset],Y,Capriole Coffee-Service B.V.,[in full dataset],'s-Gravenhage,,www.capriole.nl,[in full dataset],Y,VIJAYAKRISHNA SPICES PRIVATE LIMITED,[in full dataset],,10251.8,10251.8,Visakhapatnam,Amsterdam,'s-Gravenhage,1,1,12.81,HMM ALGECIRAS,IMO2162264,PA,V511,136,APLU,SWB,YMLU577843437,COSU178046487,CAIU3249691,20GP,DRY,GP,FCL,CY/CFS,Expeditors,12765.85
"Coriander, crushed/ground",09092200,09092200,090922,8,"Spices; coriander seeds, crushed or ground",MARKS2222,India,Netherlands,Netherlands,6,2024,9,2024-09,2024-09-08,20240921,20240921,import,1,6665850.08,1357.44,kg,KG,BELAPURKAR SPICES AND DEHYDRATED PRODUCTS PRIVATE LIMITED,[in full dataset],[in full dataset],Ahilyanagar,,,,Y,JACOBS DOUWE EGBERTS NL B.V.,[in full dataset],Utrecht,,www.de.nl,[in full dataset],Y,BELAPURKAR SPICES AND DEHYDRATED PRODUCTS PRIVATE LIMITED,[in full dataset],,22769.8,22769.8,"Mundra, Gujarat",Rotterdam,Utrecht,1,1,28.46,MADRID MAERSK,IMO4177676,MH,V174,493,ZIMU,HBL,MAEU599483662,MAEU324497617,CAIU1702812,40HC,OPEN TOP,HC,LCL,CY/CFS,DSV,1265.38
Cumin seeds,09093119,09093100,090931,5,"Spices; cumin seeds, neither crushed nor ground",MARKS8780,India,Netherlands,Netherlands,8,2024,12,2024-12,2024-12-12,20241217,20241217,import,1,4973909.49,2070.42,kg,KG,ROYALBEAN FOODS & SPICES PRIVATE LIMITED,[in full dataset],[in full dataset],Ernakulam,,,,Y,JACOBS DOUWE EGBERTS NL B.V.,[in full dataset],Utrecht,,www.de.nl,[in full dataset],N,ROYALBEAN FOODS & SPICES PRIVATE LIMITED,[in full dataset],,3912.7,3912.7,Kandla,Rotterdam,Utrecht,1,1,4.89,CMA CGM JULES VERNE,IMO5246202,LR,V916,660,COSU,HBL,CMDU966653634,MAEU613708839,GESU9155967,40GP,OPEN TOP,HC,FCL,CFS/CFS,Sinotrans,1884.52
Black pepper (whole),09041180,09041100,090411,7,"Spices; pepper (of the genus piper), neither crushed nor ground",MARKS5875,India,Netherlands,Netherlands,6,2024,2,2024-02,2024-02-12,20240205,20240205,import,1,3777184.92,9486.63,kg,KG,TATA COFFEE LIMITED,[in full dataset],[in full dataset],Bengaluru,,www.tatacoffee.com,[in full dataset],Y,JACOBS DOUWE EGBERTS NL B.V.,[in full dataset],Utrecht,,www.de.nl,[in full dataset],Y,TATA COFFEE LIMITED,[in full dataset],,18011.3,18011.3,"Mundra, Gujarat",Amsterdam,Utrecht,1,1,22.51,MOL TRIUMPH,IMO9347454,PA,V907,624,YMLU,MBL,MSCU287413404,YMLU767173956,TCLU4589450,20GP,FLAT RACK,GP,FCL,CFS/CFS,Yusen Logistics,8841.48
"Black pepper, crushed/ground",09041200,09041200,090412,5,"Spices; pepper (of the genus piper), crushed or ground",MARKS8496,India,Netherlands,Netherlands,6,2025,6,2025-06,2025-06-07,20250628,20250628,import,1,11170668.99,3606.4,kg,KG,Y V S SPICES CO,[in full dataset],[in full dataset],Chennai,,,,Y,JACOBS DOUWE EGBERTS NL B.V.,[in full dataset],Utrecht,,www.de.nl,[in full dataset],Y,Y V S SPICES CO,[in full dataset],,7117.5,7117.5,"Nhava Sheva (JNPT), Mumbai",Amsterdam,Utrecht,1,1,8.9,CMA CGM JULES VERNE,IMO3354902,MH,V971,218,EGLV,MBL,CMDU478287724,ONEY987134283,CAIU6012169,40HC,OPEN TOP,RF,LCL,CY/CY,CEVA Logistics,3302.71
Coriander seeds,09092190,09092100,090921,8,"Spices; coriander seeds, neither crushed nor ground",MARKS7753,India,Netherlands,Netherlands,8,2025,9,2025-09,2025-09-02,20250903,20250903,import,1,4355714.92,6408.54,kg,KG,TATA COFFEE LIMITED,[in full dataset],[in full dataset],Bengaluru,,www.tatacoffee.com,[in full dataset],Y,JACOBS DOUWE EGBERTS NL B.V.,[in full dataset],Utrecht,,www.de.nl,[in full dataset],Y,TATA COFFEE LIMITED,[in full dataset],,23279.7,23279.7,Cochin,Rotterdam,Utrecht,1,1,29.1,EVER ACME,IMO2724814,PA,V667,662,COSU,SWB,MAEU502610362,HLCU880326733,GESU6993326,40GP,DRY,GP,FCL,CY/CY,DHL Global Forwarding,5666.16
Cumin seeds,09093119,09093100,090931,5,"Spices; cumin seeds, neither crushed nor ground",MARKS7101,India,Netherlands,Netherlands,8,2025,2,2025-02,2025-02-05,20250224,20250224,import,1,3491172.76,766.83,kg,KG,KOMARAS SPICES INDIA PRIVATE LIMITED,[in full dataset],[in full dataset],Nellore,,,,Y,JACOBS DOUWE EGBERTS NL B.V.,[in full dataset],Utrecht,,www.de.nl,[in full dataset],Y,KOMARAS SPICES INDIA PRIVATE LIMITED,[in full dataset],,6416.1,6416.1,Visakhapatnam,Amsterdam,Utrecht,1,1,8.02,HYUNDAI LOYALTY,IMO5241472,MH,V528,493,ZIMU,SWB,HLCU706453084,MAEU734824271,CAIU9507413,20GP,REEFER,GP,FCL,CFS/CFS,Yusen Logistics,684.89
"Ginger, crushed/ground",09101290,09101200,091012,8,"Spices; ginger, crushed or ground",MARKS5911,India,Netherlands,Netherlands,9,2024,8,2024-08,2024-08-02,20240819,20240819,import,1,6613112.5,15722.37,kg,KG,BARISTS COFFEE COMPANY LIMITED,[in full dataset],[in full dataset],New Delhi,,,,Y,J.S. Polak Koninklijke Specerijenmaalderij B.V.,[in full dataset],Steenwijk,,www.royalpolakspices.com,[in full dataset],N,BARISTS COFFEE COMPANY LIMITED,[in full dataset],,4504.9,4504.9,Kolkata,Amsterdam,Steenwijk,1,1,5.63,YM WARRANTY,IMO7690124,LR,V998,7,COSU,MBL,CMDU270402679,CMDU656198354,GESU4801421,45HC,FLAT RACK,HC,FCL,CFS/CFS,Bollore Logistics,14378.88
Ginger (whole),09101130,09101100,091011,6,"Spices; ginger, neither crushed nor ground",MARKS2015,India,Netherlands,Netherlands,9,2025,8,2025-08,2025-08-25,20250826,20250826,import,1,3726323.53,16798.79,kg,KG,Cothas Coffee Company (Jp Nagar),[in full dataset],[in full dataset],Bengaluru,,,,Y,J.S. Polak Koninklijke Specerijenmaalderij B.V.,[in full dataset],Steenwijk,,www.royalpolakspices.com,[in full dataset],Y,Cothas Coffee Company (Jp Nagar),[in full dataset],,2397.2,2397.2,"Mundra, Gujarat",Amsterdam,Steenwijk,1,1,3,HMM ALGECIRAS,IMO5567858,MH,V405,256,ZIMU,HBL,MAEU358074424,HLCU901792263,TCLU8600161,40HC,FLAT RACK,HC,LCL,CY/CY,Kuehne + Nagel,15004.27
Cumin seeds,09093129,09093100,090931,7,"Spices; cumin seeds, neither crushed nor ground",MARKS1125,India,Netherlands,Netherlands,7,2025,6,2025-06,2025-06-10,20250618,20250618,import,1,11170668.99,4817.38,kg,KG,Y V S SPICES & COMPANY,[in full dataset],[in full dataset],Chennai,,www.gopuramproducts.com,[in full dataset],N,JACOBS DOUWE EGBERTS NL B.V.,[in full dataset],Utrecht,,www.de.nl,[in full dataset],Y,Y V S SPICES & COMPANY,[in full dataset],,2633.2,2633.2,"Mundra, Gujarat",Amsterdam,Utrecht,1,1,3.29,BARZAN,IMO2392192,PA,V851,606,OOLU,MBL,COSU719023069,EGLV551478577,FCIU8136801,45HC,DRY,HC,FCL,CY/CY,Kuehne + Nagel,4552.64
Coriander seeds,09092190,09092100,090921,7,"Spices; coriander seeds, neither crushed nor ground",MARKS7275,India,Netherlands,Netherlands,6,2025,7,2025-07,2025-07-08,20250727,20250727,import,1,4053624.08,22259.75,kg,KG,ROOTS CORPORATION LIMITED,[in full dataset],[in full dataset],Mumbai,,www.gingerhotels.com,[in full dataset],Y,Euro Koffie B.V.,[in full dataset],Enschede,,www.eurokoffie.com,[in full dataset],Y,ROOTS CORPORATION LIMITED,[in full dataset],,1037.4,1037.4,"Mundra, Gujarat",Amsterdam,Enschede,1,1,1.3,MADRID MAERSK,IMO7400315,SG,V239,21,OOLU,MBL,MAEU712768766,CMDU556673027,GESU2352424,40GP,REEFER,HC,LCL,CY/CFS,DHL Global Forwarding,20868.77
"Black pepper, crushed/ground",09041200,09041200,090412,6,"Spices; pepper (of the genus piper), crushed or ground",MARKS8751,India,Netherlands,Netherlands,5,2024,1,2024-01,2024-01-01,20240103,20240103,import,1,3584339.46,2793.72,kg,KG,GINGER WEBS PRIVATE LIMITED,[in full dataset],[in full dataset],New Delhi,,www.gingerwebs.com,[in full dataset],Y,JACOBS DOUWE EGBERTS NL B.V.,[in full dataset],Utrecht,,www.de.nl,[in full dataset],N,GINGER WEBS PRIVATE LIMITED,[in full dataset],,963.4,963.4,Kolkata,Rotterdam,Utrecht,1,1,1.2,HYUNDAI LOYALTY,IMO9352490,MH,V307,26,APLU,SWB,CMDU349469936,MSCU636585365,CAIU7743999,40GP,DRY,GP,FCL,CFS/CFS,DHL Global Forwarding,2564.7
"Ginger, crushed/ground",09101210,09101200,091012,5,"Spices; ginger, crushed or ground",MARKS5267,India,Netherlands,Netherlands,9,2024,11,2024-11,2024-11-10,20241105,20241105,import,1,4123757.67,6659.14,kg,KG,COTHAS COFFEE CO,[in full dataset],[in full dataset],Bengaluru Rural,,www.cothas.com,[in full dataset],Y,JACOBS DOUWE EGBERTS NL B.V.,[in full dataset],Utrecht,,www.de.nl,[in full dataset],Y,COTHAS COFFEE CO,[in full dataset],,12224.7,12224.7,Chennai,Rotterdam,Utrecht,1,1,15.28,ONE APUS,IMO3025661,LR,V410,195,ONEY,HBL,MSCU548099508,COSU304661710,TGHU3776948,40GP,REEFER,RF,FCL,CFS/CFS,CEVA Logistics,5964.79
"Black pepper, crushed/ground",09041200,09041200,090412,5,"Spices; pepper (of the genus piper), crushed or ground",MARKS6671,India,Netherlands,Netherlands,9,2024,2,2024-02,2024-02-09,20240225,20240225,import,1,3777184.92,7709.34,kg,KG,AACHI SPICES AND FOODS PRIVATE LIMITED,[in full dataset],[in full dataset],Chennai,,www.aachigroup.com,[in full dataset],N,JACOBS DOUWE EGBERTS NL B.V.,[in full dataset],Utrecht,,www.de.nl,[in full dataset],Y,AACHI SPICES AND FOODS PRIVATE LIMITED,[in full dataset],,2225.1,2225.1,Tuticorin,Amsterdam,Utrecht,1,1,2.78,BARZAN,IMO4737253,MH,V385,524,ZIMU,MBL,CMDU443929088,ONEY272598169,TGHU6114385,40HC,TANK,RF,FCL,CY/CFS,Expeditors,7206.48
Cumin seeds,09093111,09093100,090931,6,"Spices; cumin seeds, neither crushed nor ground",MARKS9685,India,Netherlands,Netherlands,8,2025,8,2025-08,2025-08-23,20250827,20250827,import,1,3726323.53,1739.2,kg,KG,BARISTS COFFEE COMPANY LIMITED,[in full dataset],[in full dataset],New Delhi,,,,Y,Sign Language Coffee Bar B.V.,[in full dataset],Veghel,,www.signlanguagecoffeebar.nl,[in full dataset],Y,BARISTS COFFEE COMPANY LIMITED,[in full dataset],,22226.7,22226.7,"Nhava Sheva (JNPT), Mumbai",Rotterdam,Veghel,1,1,27.78,ONE APUS,IMO8741410,SG,V946,60,ZIMU,SWB,MAEU348899945,EGLV667917723,CAIU8870225,45HC,OPEN TOP,RF,FCL,CY/CFS,Bollore Logistics,1552.66
Coriander seeds,09092110,09092100,090921,5,"Spices; coriander seeds, neither crushed nor ground",MARKS8867,India,Netherlands,Netherlands,7,2025,8,2025-08,2025-08-25,20250813,20250813,import,1,3726323.53,2542.13,kg,KG,PARAS SPICES PRIVATE LIMITED,[in full dataset],[in full dataset],Moga,,www.parasspices.com,[in full dataset],Y,JACOBS DOUWE EGBERTS NL B.V.,[in full dataset],Utrecht,,www.de.nl,[in full dataset],Y,PARAS SPICES PRIVATE LIMITED,[in full dataset],,14355.9,14355.9,Visakhapatnam,Rotterdam,Utrecht,1,1,17.94,MAERSK MOLLER,IMO8097698,MH,V857,316,ZIMU,SWB,MSCU686425995,EGLV892975835,FCIU8419168,40HC,FLAT RACK,RF,LCL,CY/CFS,Yusen Logistics,2328.83
Turmeric,09103020,09103000,091030,7,Spices; turmeric (curcuma),MARKS6620,India,Netherlands,Netherlands,7,2025,12,2025-12,2025-12-01,20251214,20251214,import,1,5159218.93,26050.4,kg,KG,INDIAN RAILWAY CATERING AND TOURISM CORPORATION LIMITED,[in full dataset],[in full dataset],New Delhi,,www.irctc.com/,[in full dataset],Y,Sign Language Coffee Bar B.V.,[in full dataset],Veghel,,www.signlanguagecoffeebar.nl,[in full dataset],Y,INDIAN RAILWAY CATERING AND TOURISM CORPORATION LIMITED,[in full dataset],,3839.1,3839.1,Visakhapatnam,Rotterdam,Veghel,1,1,4.8,MSC OSCAR,IMO2705836,MH,V171,752,ONEY,HBL,ONEY137963891,ONEY673056095,TGHU6632993,45HC,OPEN TOP,RF,LCL,CFS/CFS,Nippon Express,23958.58
"Ginger, crushed/ground",09101210,09101200,091012,7,"Spices; ginger, crushed or ground",MARKS2077,India,Netherlands,Netherlands,8,2024,7,2024-07,2024-07-17,20240720,20240720,import,1,9582182.28,1326.86,kg,KG,ANNADA SPICES INDUSTRY,[in full dataset],[in full dataset],West Tripura,,www.longtharai.in,[in full dataset],Y,JACOBS DOUWE EGBERTS NL B.V.,[in full dataset],Utrecht,,www.de.nl,[in full dataset],Y,ANNADA SPICES INDUSTRY,[in full dataset],,13386.3,13386.3,Cochin,Rotterdam,Utrecht,1,1,16.73,OOCL HONG KONG,IMO6192381,MH,V419,785,YMLU,HBL,EGLV373608828,ONEY863399481,BMOU7152597,45HC,REEFER,GP,FCL,CY/CFS,DB Schenker,1233.95
Black pepper (whole),09041140,09041100,090411,5,"Spices; pepper (of the genus piper), neither crushed nor ground",MARKS5893,India,Netherlands,Netherlands,5,2025,7,2025-07,2025-07-14,20250706,20250706,import,1,4053624.08,10974.74,kg,KG,MADHUSUDAN MASALA LIMITED,[in full dataset],[in full dataset],Jamnagar,,www.madhusudanmasala.com,[in full dataset],Y,JACOBS DOUWE EGBERTS NL B.V.,[in full dataset],Utrecht,,www.de.nl,[in full dataset],N,MADHUSUDAN MASALA LIMITED,[in full dataset],,23218.9,23218.9,Kandla,Amsterdam,Utrecht,1,1,29.02,HMM ALGECIRAS,IMO6610927,PA,V383,634,ZIMU,SWB,COSU868826430,CMDU198325444,CAIU6965681,40HC,REEFER,HC,LCL,CY/CFS,CEVA Logistics,10237.53
"Black pepper, crushed/ground",09041200,09041200,090412,6,"Spices; pepper (of the genus piper), crushed or ground",MARKS4798,India,Netherlands,Netherlands,8,2024,8,2024-08,2024-08-11,20240802,20240802,import,1,6613112.5,11654.76,kg,KG,PARAS SPICES PRIVATE LIMITED,[in full dataset],[in full dataset],Moga,,www.parasspices.com,[in full dataset],Y,JACOBS DOUWE EGBERTS NL B.V.,[in full dataset],Utrecht,,www.de.nl,[in full dataset],Y,PARAS SPICES PRIVATE LIMITED,[in full dataset],,24983.6,24983.6,Tuticorin,Rotterdam,Utrecht,1,1,31.23,OOCL HONG KONG,IMO5305082,MH,V410,780,ZIMU,HBL,ONEY285855073,COSU751005958,FCIU7562598,40GP,TANK,GP,LCL,CY/CY,DSV,10390.07
Turmeric,09103090,09103000,091030,6,Spices; turmeric (curcuma),MARKS4281,India,Netherlands,Netherlands,8,2025,9,2025-09,2025-09-03,20250906,20250906,import,1,4355714.92,9069.06,kg,KG,GINGER ADVISORS LLP,[in full dataset],[in full dataset],Mumbai,,,,N,JACOBS DOUWE EGBERTS NL B.V.,[in full dataset],Utrecht,,www.de.nl,[in full dataset],Y,GINGER ADVISORS LLP,[in full dataset],,10805.3,10805.3,Kandla,Rotterdam,Utrecht,1,1,13.51,EVER GIVEN,IMO8307272,MH,V712,578,MAEU,SWB,CMDU252123213,MAEU217117710,CAIU3336093,40HC,DRY,RF,LCL,CFS/CFS,DSV,8040.19
Cumin seeds,09093119,09093100,090931,6,"Spices; cumin seeds, neither crushed nor ground",MARKS8558,India,Netherlands,Netherlands,7,2024,12,2024-12,2024-12-09,20241225,20241225,import,1,4973909.49,1947.14,kg,KG,GINGER WEBS PRIVATE LIMITED,[in full dataset],[in full dataset],New Delhi,,www.gingerwebs.com,[in full dataset],Y,Euro Koffie B.V.,[in full dataset],Enschede,,www.eurokoffie.com,[in full dataset],N,GINGER WEBS PRIVATE LIMITED,[in full dataset],,2092.6,2092.6,Kolkata,Amsterdam,Enschede,1,1,2.62,OOCL HONG KONG,IMO4984780,LR,V654,450,CMDU,HBL,COSU981917824,HLCU303868968,MSCU2250420,45HC,DRY,GP,LCL,CY/CFS,Expeditors,1829.63
"Coriander, crushed/ground",09092200,09092200,090922,6,"Spices; coriander seeds, crushed or ground",MARKS3539,India,Netherlands,Netherlands,5,2025,2,2025-02,2025-02-20,20250202,20250202,import,1,3491172.76,49799.69,kg,KG,MCLEOD RUSSEL INDIA LIMITED,[in full dataset],[in full dataset],Kolkata,,www.mcleodrussel.com,[in full dataset],Y,JACOBS DOUWE EGBERTS NL B.V.,[in full dataset],Utrecht,,www.de.nl,[in full dataset],Y,MCLEOD RUSSEL INDIA LIMITED,[in full dataset],,1441.2,1441.2,Cochin,Amsterdam,Utrecht,1,1,1.8,MAERSK MOLLER,IMO1994679,LR,V658,791,MSCU,HBL,MSCU985512069,ONEY648354060,TGHU1279902,40GP,DRY,HC,LCL,CFS/CFS,DHL Global Forwarding,44859.21
Black pepper (whole),09041150,09041100,090411,7,"Spices; pepper (of the genus piper), neither crushed nor ground",MARKS4454,India,Netherlands,Netherlands,9,2025,1,2025-01,2025-01-10,20250123,20250123,import,1,3467849.43,2347.3,kg,KG,AACHI SPICES AND FOODS PRIVATE LIMITED,[in full dataset],[in full dataset],Chennai,,www.aachigroup.com,[in full dataset],Y,JACOBS DOUWE EGBERTS NL B.V.,[in full dataset],Utrecht,,www.de.nl,[in full dataset],N,AACHI SPICES AND FOODS PRIVATE LIMITED,[in full dataset],,12644.2,12644.2,Kolkata,Rotterdam,Utrecht,1,1,15.81,BARZAN,IMO5473603,LR,V790,217,ZIMU,SWB,COSU400340108,COSU197605488,CAIU5145635,45HC,FLAT RACK,GP,LCL,CY/CY,Yusen Logistics,2090.33
"Black pepper, crushed/ground",09041200,09041200,090412,9,"Spices; pepper (of the genus piper), crushed or ground",MARKS7155,India,Netherlands,Netherlands,8,2024,2,2024-02,2024-02-05,20240228,20240228,import,1,3777184.92,24271.36,kg,KG,AACHI SPICES AND FOODS PRIVATE LIMITED,[in full dataset],[in full dataset],Chennai,,www.aachigroup.com,[in full dataset],Y,JACOBS DOUWE EGBERTS NL B.V.,[in full dataset],Utrecht,,www.de.nl,[in full dataset],Y,AACHI SPICES AND FOODS PRIVATE LIMITED,[in full dataset],,5784.8,5784.8,Cochin,Rotterdam,Utrecht,1,1,7.23,OOCL HONG KONG,IMO2158707,MH,V661,131,CMDU,SWB,ONEY909373901,COSU827038334,CAIU2269696,40GP,DRY,HC,LCL,CFS/CFS,DSV,21422.46
Ginger (whole),09101120,09101100,091011,9,"Spices; ginger, neither crushed nor ground",MARKS1306,India,Netherlands,Netherlands,7,2024,10,2024-10,2024-10-06,20241005,20241005,import,1,5609457.12,212.79,kg,KG,ETHNIC SPICES PRIVATE LIMITED,[in full dataset],[in full dataset],Guntur,,,,Y,J.S. Polak Koninklijke Specerijenmaalderij B.V.,[in full dataset],Steenwijk,,www.royalpolakspices.com,[in full dataset],Y,ETHNIC SPICES PRIVATE LIMITED,[in full dataset],,22750.1,22750.1,Kolkata,Rotterdam,Steenwijk,1,1,28.44,EVER GIVEN,IMO8899799,LR,V523,181,ZIMU,MBL,EGLV973252450,MSCU378289092,GESU9285198,40GP,FLAT RACK,RF,LCL,CFS/CFS,Sinotrans,200
Cumin seeds,09093129,09093100,090931,9,"Spices; cumin seeds, neither crushed nor ground",MARKS4798,India,Netherlands,Netherlands,7,2025,4,2025-04,2025-04-13,20250413,20250413,import,1,5330617.29,1478.56,kg,KG,MALABAR SPICES,[in full dataset],[in full dataset],Kottayam,,,,Y,JACOBS DOUWE EGBERTS NL B.V.,[in full dataset],Utrecht,,www.de.nl,[in full dataset],Y,MALABAR SPICES,[in full dataset],,11454.6,11454.6,Chennai,Amsterdam,Utrecht,1,1,14.32,ONE APUS,IMO3544504,MH,V341,290,APLU,SWB,HLCU742192992,HLCU129151369,MSCU6674025,40HC,FLAT RACK,RF,FCL,CFS/CFS,Yusen Logistics,1326.07
"Ginger, crushed/ground",09101290,09101200,091012,7,"Spices; ginger, crushed or ground",MARKS9159,India,Netherlands,Netherlands,5,2024,7,2024-07,2024-07-04,20240711,20240711,import,1,9582182.28,17615.15,kg,KG,BARISTS COFFEE COMPANY LIMITED,[in full dataset],[in full dataset],New Delhi,,,,Y,JACOBS DOUWE EGBERTS NL B.V.,[in full dataset],Utrecht,,www.de.nl,[in full dataset],N,BARISTS COFFEE COMPANY LIMITED,[in full dataset],,19459.1,19459.1,Kandla,Amsterdam,Utrecht,1,1,24.32,MADRID MAERSK,IMO8614120,PA,V247,193,MAEU,SWB,MSCU848456059,MSCU392619927,TCLU1571465,40HC,DRY,RF,FCL,CY/CFS,Yusen Logistics,15412.27
"Black pepper, crushed/ground",09041200,09041200,090412,7,"Spices; pepper (of the genus piper), crushed or ground",MARKS1985,India,Netherlands,Netherlands,6,2024,5,2024-05,2024-05-16,20240523,20240523,import,1,8128089.63,8931.96,kg,KG,INDUS COFFEE PRIVATE LIMITED,[in full dataset],[in full dataset],Nellore,,www.induscoffee.in,[in full dataset],N,JACOBS DOUWE EGBERTS NL B.V.,[in full dataset],Utrecht,,www.de.nl,[in full dataset],Y,INDUS COFFEE PRIVATE LIMITED,[in full dataset],,24321,24321,Kolkata,Amsterdam,Utrecht,1,1,30.4,COSCO UNIVERSE,IMO7224751,PA,V660,160,HLCU,SWB,CMDU223832700,MSCU702445006,TGHU3160307,45HC,DRY,RF,LCL,CY/CY,DSV,8403.94
"Chilli/Capsicum, crushed/ground",09042212,09042200,090422,5,"Spices; fruits of the genus Capsicum or Pimenta, crushed or ground",MARKS4652,India,Netherlands,Netherlands,6,2024,10,2024-10,2024-10-15,20241023,20241023,import,1,5609457.12,13801.88,kg,KG,PARAS SPICES PRIVATE LIMITED,[in full dataset],[in full dataset],Moga,,www.parasspices.com,[in full dataset],Y,JACOBS DOUWE EGBERTS NL B.V.,[in full dataset],Utrecht,,www.de.nl,[in full dataset],Y,PARAS SPICES PRIVATE LIMITED,[in full dataset],,19923.2,19923.2,Visakhapatnam,Rotterdam,Utrecht,1,1,24.9,MAERSK MOLLER,IMO1161252,PA,V719,700,MAEU,SWB,HLCU267204282,EGLV222661873,BMOU3439080,40HC,DRY,GP,FCL,CY/CFS,Kuehne + Nagel,13085.16
Ginger (whole),09101110,09101100,091011,9,"Spices; ginger, neither crushed nor ground",MARKS3513,India,Netherlands,Netherlands,5,2025,3,2025-03,2025-03-01,20250317,20250317,import,1,4166176.36,18262.79,kg,KG,PARAS SPICES PRIVATE LIMITED,[in full dataset],[in full dataset],Moga,,www.parasspices.com,[in full dataset],Y,JACOBS DOUWE EGBERTS NL B.V.,[in full dataset],Utrecht,,www.de.nl,[in full dataset],N,PARAS SPICES PRIVATE LIMITED,[in full dataset],,21024.4,21024.4,Cochin,Amsterdam,Utrecht,1,1,26.28,EVER ACME,IMO8936427,PA,V324,426,HMMU,HBL,MSCU574257040,COSU807497792,BMOU5527124,20GP,REEFER,GP,FCL,CY/CY,DHL Global Forwarding,16697.11
"Coriander, crushed/ground",09092200,09092200,090922,9,"Spices; coriander seeds, crushed or ground",MARKS2918,India,Netherlands,Netherlands,6,2024,11,2024-11,2024-11-09,20241114,20241114,import,1,4123757.67,3488.24,kg,KG,SPICES BOARD OF INDIA,[in full dataset],[in full dataset],Kochi,,www.indianspices.com,[in full dataset],Y,Strauss Coffee B.V.,[in full dataset],Amstelveen,,,,Y,SPICES BOARD OF INDIA,[in full dataset],,771.2,771.2,Kandla,Rotterdam,Amstelveen,1,1,0.96,COSCO UNIVERSE,IMO9364771,LR,V226,706,APLU,MBL,ONEY703656325,YMLU681592903,BMOU1536572,40GP,DRY,HC,FCL,CY/CY,Kuehne + Nagel,3241.85
Coriander seeds,09092190,09092100,090921,8,"Spices; coriander seeds, neither crushed nor ground",MARKS1794,India,Netherlands,Netherlands,9,2024,8,2024-08,2024-08-07,20240819,20240819,import,1,6613112.5,29748.53,kg,KG,MCLEOD RUSSEL INDIA LIMITED,[in full dataset],[in full dataset],Kolkata,,www.mcleodrussel.com,[in full dataset],Y,JACOBS DOUWE EGBERTS NL B.V.,[in full dataset],Utrecht,,www.de.nl,[in full dataset],N,MCLEOD RUSSEL INDIA LIMITED,[in full dataset],,18951.5,18951.5,Chennai,Rotterdam,Utrecht,1,1,23.69,HYUNDAI LOYALTY,IMO4681594,MH,V900,998,HMMU,SWB,MAEU991657204,YMLU581318410,FCIU5066435,20GP,TANK,GP,FCL,CY/CFS,Expeditors,26101.41
Black pepper (whole),09041170,09041100,090411,6,"Spices; pepper (of the genus piper), neither crushed nor ground",MARKS6817,India,Netherlands,Netherlands,8,2024,11,2024-11,2024-11-22,20241128,20241128,import,1,4123757.67,9306.1,kg,KG,TATA COFFEE LIMITED,[in full dataset],[in full dataset],Bengaluru,,www.tatacoffee.com,[in full dataset],N,JACOBS DOUWE EGBERTS NL B.V.,[in full dataset],Utrecht,,www.de.nl,[in full dataset],Y,TATA COFFEE LIMITED,[in full dataset],,21068.2,21068.2,Kolkata,Amsterdam,Utrecht,1,1,26.34,CMA CGM JULES VERNE,IMO9915844,SG,V128,306,CMDU,HBL,MSCU318820202,HLCU122454932,BMOU4075073,45HC,REEFER,HC,FCL,CY/CY,Expeditors,8195.92
Coriander seeds,09092190,09092100,090921,9,"Spices; coriander seeds, neither crushed nor ground",MARKS9704,India,Netherlands,Netherlands,9,2024,9,2024-09,2024-09-09,20240911,20240911,import,1,6665850.08,4347.54,kg,KG,Y V S SPICES & COMPANY,[in full dataset],[in full dataset],Chennai,,www.gopuramproducts.com,[in full dataset],Y,JACOBS DOUWE EGBERTS NL B.V.,[in full dataset],Utrecht,,www.de.nl,[in full dataset],Y,Y V S SPICES & COMPANY,[in full dataset],,19156.6,19156.6,Kandla,Amsterdam,Utrecht,1,1,23.95,HYUNDAI LOYALTY,IMO7385121,PA,V279,526,ZIMU,MBL,ONEY894837584,CMDU209249823,TCLU1383928,45HC,FLAT RACK,HC,FCL,CY/CY,DSV,4127.52
Black pepper (whole),09041170,09041100,090411,6,"Spices; pepper (of the genus piper), neither crushed nor ground",MARKS8097,India,Netherlands,Netherlands,5,2025,7,2025-07,2025-07-17,20250704,20250704,import,1,4053624.08,2353.16,kg,KG,SRI HANUMAN COFFEE WORKS,[in full dataset],[in full dataset],Bengaluru,,,,Y,JACOBS DOUWE EGBERTS NL B.V.,[in full dataset],Utrecht,,www.de.nl,[in full dataset],Y,SRI HANUMAN COFFEE WORKS,[in full dataset],,6329.4,6329.4,Cochin,Rotterdam,Utrecht,1,1,7.91,MOL TRIUMPH,IMO7920575,LR,V859,301,COSU,HBL,CMDU253156091,COSU321141126,TGHU7919639,20GP,REEFER,HC,LCL,CFS/CFS,DB Schenker,2110.4
Coriander seeds,09092110,09092100,090921,6,"Spices; coriander seeds, neither crushed nor ground",MARKS9241,India,Netherlands,Netherlands,9,2025,6,2025-06,2025-06-26,20250612,20250612,import,1,11170668.99,28555.02,kg,KG,MUDREMANE COFFEE CURERS,[in full dataset],[in full dataset],Chikkamagaluru,,www.mudremane.com,[in full dataset],Y,JACOBS DOUWE EGBERTS NL B.V.,[in full dataset],Utrecht,,www.de.nl,[in full dataset],Y,MUDREMANE COFFEE CURERS,[in full dataset],,20488.5,20488.5,Tuticorin,Amsterdam,Utrecht,1,1,25.61,CMA CGM JULES VERNE,IMO5876710,SG,V685,446,MAEU,MBL,EGLV633408211,COSU905700671,TCLU5981703,45HC,REEFER,HC,FCL,CY/CFS,Sinotrans,26557.85
"Ginger, crushed/ground",09101290,09101200,091012,6,"Spices; ginger, crushed or ground",MARKS3997,India,Netherlands,Netherlands,8,2025,7,2025-07,2025-07-14,20250709,20250709,import,1,4053624.08,9158.88,kg,KG,COTHAS COFFEE CO,[in full dataset],[in full dataset],Bengaluru,,,,N,Pelican Rouge Coffee Roasters B.V.,[in full dataset],Dordrecht,,www.pelicanrougecoffeeroasters.com,[in full dataset],Y,COTHAS COFFEE CO,[in full dataset],,21488.9,21488.9,Chennai,Amsterdam,Dordrecht,1,1,26.86,CSCL GLOBE,IMO5403464,SG,V440,9,CMDU,MBL,COSU734959749,CMDU231083052,TGHU2066569,40HC,FLAT RACK,RF,FCL,CY/CFS,DB Schenker,8492.81
"Black pepper, crushed/ground",09041200,09041200,090412,7,"Spices; pepper (of the genus piper), crushed or ground",MARKS4513,India,Netherlands,Netherlands,8,2025,3,2025-03,2025-03-27,20250309,20250309,import,1,4166176.36,9210.73,kg,KG,GINGER COURT,[in full dataset],[in full dataset],Hyderabad,,,,N,JACOBS DOUWE EGBERTS NL B.V.,[in full dataset],Utrecht,,www.de.nl,[in full dataset],N,GINGER COURT,[in full dataset],,17607.8,17607.8,Cochin,Rotterdam,Utrecht,1,1,22.01,YM WARRANTY,IMO3631966,PA,V505,538,MSCU,SWB,YMLU547454619,HLCU724776661,BMOU9109227,20GP,FLAT RACK,RF,LCL,CFS/CFS,DHL Global Forwarding,8299.05
"Chilli/Capsicum, crushed/ground",09042211,09042200,090422,6,"Spices; fruits of the genus Capsicum or Pimenta, crushed or ground",MARKS3715,India,Netherlands,Netherlands,9,2024,7,2024-07,2024-07-27,20240727,20240727,import,1,9582182.28,49008.43,kg,KG,EMPIRE SPICES AND FOODS LIMITED,[in full dataset],[in full dataset],Mumbai,,www.esfl.co.in,[in full dataset],Y,JACOBS DOUWE EGBERTS NL B.V.,[in full dataset],Utrecht,,www.de.nl,[in full dataset],Y,EMPIRE SPICES AND FOODS LIMITED,[in full dataset],,8966.1,8966.1,Kolkata,Rotterdam,Utrecht,1,1,11.21,APL MEXICO CITY,IMO1724356,PA,V538,717,YMLU,SWB,ONEY573075973,CMDU450125235,FCIU9662378,20GP,TANK,RF,LCL,CY/CFS,DHL Global Forwarding,42773.24
Coriander seeds,09092110,09092100,090921,9,"Spices; coriander seeds, neither crushed nor ground",MARKS5765,India,Netherlands,Netherlands,9,2025,7,2025-07,2025-07-09,20250719,20250719,import,1,4053624.08,18604.08,kg,KG,AACHI SPICES AND FOODS PRIVATE LIMITED,[in full dataset],[in full dataset],Chennai,,www.aachigroup.com,[in full dataset],Y,JACOBS DOUWE EGBERTS NL B.V.,[in full dataset],Utrecht,,www.de.nl,[in full dataset],Y,AACHI SPICES AND FOODS PRIVATE LIMITED,[in full dataset],,6269.4,6269.4,Chennai,Rotterdam,Utrecht,1,1,7.84,MSC GULSUN,IMO2511557,LR,V643,517,MSCU,MBL,MAEU631881168,YMLU120122577,TGHU7976666,20GP,DRY,GP,LCL,CY/CFS,DSV,16972.65
Ginger (whole),09101110,09101100,091011,7,"Spices; ginger, neither crushed nor ground",MARKS8258,India,Netherlands,Netherlands,6,2024,5,2024-05,2024-05-02,20240502,20240502,import,1,8128089.63,10573.04,kg,KG,INDIAN RAILWAY CATERING AND TOURISM CORPORATION LIMITED,[in full dataset],[in full dataset],New Delhi,,www.irctc.com/,[in full dataset],Y,J.S. Polak Koninklijke Specerijenmaalderij B.V.,[in full dataset],Steenwijk,,www.royalpolakspices.com,[in full dataset],Y,INDIAN RAILWAY CATERING AND TOURISM CORPORATION LIMITED,[in full dataset],,17871.7,17871.7,Kolkata,Amsterdam,Steenwijk,1,1,22.34,ONE APUS,IMO1841503,PA,V314,437,APLU,HBL,YMLU359365993,EGLV318813999,TCLU4224103,40HC,FLAT RACK,HC,FCL,CY/CFS,Sinotrans,9425.94
"Coriander, crushed/ground",09092200,09092200,090922,5,"Spices; coriander seeds, crushed or ground",MARKS2559,India,Netherlands,Netherlands,8,2025,5,2025-05,2025-05-09,20250523,20250523,import,1,8489332.66,2915.53,kg,KG,DAMN FINE PREMIUM FOOD SOLUTIONS PRIVATE LIMITED,[in full dataset],[in full dataset],Chennai,,,,N,JACOBS DOUWE EGBERTS NL B.V.,[in full dataset],Utrecht,,www.de.nl,[in full dataset],Y,DAMN FINE PREMIUM FOOD SOLUTIONS PRIVATE LIMITED,[in full dataset],,8671.9,8671.9,Cochin,Amsterdam,Utrecht,1,1,10.84,CSCL GLOBE,IMO8272286,LR,V155,698,ZIMU,SWB,HLCU680496739,MAEU565269657,BMOU7711922,20GP,DRY,HC,LCL,CY/CY,DB Schenker,2749.07
Turmeric,09103090,09103000,091030,9,Spices; turmeric (curcuma),MARKS8836,India,Netherlands,Netherlands,5,2025,8,2025-08,2025-08-03,20250805,20250805,import,1,3726323.53,1108.86,kg,KG,MALABAR SPICES,[in full dataset],[in full dataset],Kottayam,,,,Y,JACOBS DOUWE EGBERTS NL B.V.,[in full dataset],Utrecht,,www.de.nl,[in full dataset],Y,MALABAR SPICES,[in full dataset],,4737.6,4737.6,"Mundra, Gujarat",Rotterdam,Utrecht,1,1,5.92,COSCO UNIVERSE,IMO4709832,MH,V907,406,YMLU,MBL,CMDU665062979,MAEU381273208,BMOU6090355,20GP,FLAT RACK,HC,LCL,CY/CY,DSV,994.27
Ginger (whole),09101120,09101100,091011,7,"Spices; ginger, neither crushed nor ground",MARKS2145,India,Netherlands,Netherlands,5,2024,7,2024-07,2024-07-03,20240717,20240717,import,1,9582182.28,2645.3,kg,KG,SRI NARASUS COFFEE COMPANY PRIVATE LIMITED,[in full dataset],[in full dataset],Salem,,www.narasuscoffee.in,[in full dataset],Y,JACOBS DOUWE EGBERTS NL B.V.,[in full dataset],Utrecht,,www.de.nl,[in full dataset],Y,SRI NARASUS COFFEE COMPANY PRIVATE LIMITED,[in full dataset],,15403.5,15403.5,"Nhava Sheva (JNPT), Mumbai",Rotterdam,Utrecht,1,1,19.25,HYUNDAI LOYALTY,IMO9969602,MH,V171,813,CMDU,HBL,COSU174862561,MAEU985489950,BMOU5845228,45HC,TANK,RF,FCL,CY/CY,Sinotrans,2400.8
Coriander seeds,09092110,09092100,090921,7,"Spices; coriander seeds, neither crushed nor ground",MARKS4463,India,Netherlands,Netherlands,5,2025,10,2025-10,2025-10-20,20251019,20251019,import,1,3212795.96,10678.25,kg,KG,CCL PRODUCTS (INDIA) LIMITED,[in full dataset],[in full dataset],Hyderabad,,www.cclproducts.com,[in full dataset],Y,JACOBS DOUWE EGBERTS NL B.V.,[in full dataset],Utrecht,,www.de.nl,[in full dataset],Y,CCL PRODUCTS (INDIA) LIMITED,[in full dataset],,23148.2,23148.2,"Mundra, Gujarat",Rotterdam,Utrecht,1,1,28.94,HMM ALGECIRAS,IMO5833661,SG,V894,837,HLCU,HBL,HLCU549205266,CMDU388379910,TGHU7564341,40GP,REEFER,HC,LCL,CY/CFS,Kuehne + Nagel,9644.73
"Black pepper, crushed/ground",09041200,09041200,090412,5,"Spices; pepper (of the genus piper), crushed or ground",MARKS5163,India,Netherlands,Netherlands,6,2025,9,2025-09,2025-09-10,20250905,20250905,import,1,4355714.92,43744.15,kg,KG,EMPIRE SPICES AND FOODS LIMITED,[in full dataset],[in full dataset],Mumbai,,www.esfl.co.in,[in full dataset],Y,JACOBS DOUWE EGBERTS NL B.V.,[in full dataset],Utrecht,,www.de.nl,[in full dataset],Y,EMPIRE SPICES AND FOODS LIMITED,[in full dataset],,17571.9,17571.9,Kandla,Amsterdam,Utrecht,1,1,21.96,OOCL HONG KONG,IMO4397729,PA,V716,141,MAEU,SWB,MSCU605194453,EGLV223462438,MSCU8463521,45HC,FLAT RACK,GP,FCL,CY/CY,Yusen Logistics,39430.67
Cumin seeds,09093111,09093100,090931,9,"Spices; cumin seeds, neither crushed nor ground",MARKS6850,India,Netherlands,Netherlands,7,2024,5,2024-05,2024-05-04,20240513,20240513,import,1,8128089.63,11117.88,kg,KG,INDIAN RAILWAY CATERING AND TOURISM CORPORATION LIMITED,[in full dataset],[in full dataset],New Delhi,,www.irctc.com/,[in full dataset],N,JACOBS DOUWE EGBERTS NL B.V.,[in full dataset],Utrecht,,www.de.nl,[in full dataset],Y,INDIAN RAILWAY CATERING AND TOURISM CORPORATION LIMITED,[in full dataset],,14269.1,14269.1,Kolkata,Rotterdam,Utrecht,1,1,17.84,EVER ACME,IMO7640963,MH,V594,544,MAEU,SWB,COSU331963097,ONEY246295620,TCLU7073461,40HC,TANK,GP,FCL,CY/CFS,Kuehne + Nagel,9840.26
Turmeric,09103010,09103000,091030,6,Spices; turmeric (curcuma),MARKS4850,India,Netherlands,Netherlands,7,2024,8,2024-08,2024-08-23,20240808,20240808,import,1,6613112.5,9151.8,kg,KG,GANESH FOOD PRODUCTS PRIVATE LIMITED,[in full dataset],[in full dataset],Bengaluru,,www.bayarscoffee.com,[in full dataset],Y,JACOBS DOUWE EGBERTS NL B.V.,[in full dataset],Utrecht,,www.de.nl,[in full dataset],Y,GANESH FOOD PRODUCTS PRIVATE LIMITED,[in full dataset],,19764.9,19764.9,Cochin,Rotterdam,Utrecht,1,1,24.71,HMM ALGECIRAS,IMO8666383,PA,V350,455,APLU,MBL,YMLU847556762,COSU106266237,TGHU7498201,40HC,FLAT RACK,RF,LCL,CY/CY,Yusen Logistics,8405.89
"Coriander, crushed/ground",09092200,09092200,090922,7,"Spices; coriander seeds, crushed or ground",MARKS1265,India,Netherlands,Netherlands,7,2024,5,2024-05,2024-05-16,20240513,20240513,import,1,8128089.63,43769.06,kg,KG,ANNADA SPICES INDUSTRY,[in full dataset],[in full dataset],West Tripura,,www.longtharai.in,[in full dataset],Y,Continaf B.V.,[in full dataset],Zaandam,,www.daarnhouwer.com,[in full dataset],Y,ANNADA SPICES INDUSTRY,[in full dataset],,18069.4,18069.4,Kolkata,Amsterdam,Zaandam,1,1,22.59,HYUNDAI LOYALTY,IMO6795824,PA,V606,501,EGLV,MBL,EGLV486072490,COSU227612674,MSCU4181796,40GP,TANK,RF,LCL,CFS/CFS,Kuehne + Nagel,38713.22
Black pepper (whole),09041130,09041100,090411,5,"Spices; pepper (of the genus piper), neither crushed nor ground",MARKS6430,India,Netherlands,Netherlands,5,2025,6,2025-06,2025-06-10,20250614,20250614,import,1,11170668.99,21571.88,kg,KG,UNITED COFFEE HOUSE,[in full dataset],[in full dataset],New Delhi,,,,Y,JACOBS DOUWE EGBERTS NL B.V.,[in full dataset],Utrecht,,www.de.nl,[in full dataset],Y,UNITED COFFEE HOUSE,[in full dataset],,7633.9,7633.9,"Mundra, Gujarat",Amsterdam,Utrecht,1,1,9.54,MSC GULSUN,IMO6784272,PA,V393,788,MSCU,HBL,COSU509786322,MAEU827990057,GESU8155842,40GP,FLAT RACK,RF,LCL,CY/CFS,DSV,19184.91
"Ginger, crushed/ground",09101210,09101200,091012,9,"Spices; ginger, crushed or ground",MARKS6411,India,Netherlands,Netherlands,8,2024,8,2024-08,2024-08-03,20240802,20240802,import,1,6613112.5,41884.41,kg,KG,MCLEOD RUSSEL INDIA LIMITED,[in full dataset],[in full dataset],Kolkata,,www.mcleodrussel.com,[in full dataset],Y,JACOBS DOUWE EGBERTS NL B.V.,[in full dataset],Utrecht,,www.de.nl,[in full dataset],Y,MCLEOD RUSSEL INDIA LIMITED,[in full dataset],,13560.6,13560.6,Tuticorin,Rotterdam,Utrecht,1,1,16.95,COSCO UNIVERSE,IMO3400458,MH,V393,408,MAEU,SWB,CMDU773977120,EGLV892312973,CAIU4157813,40GP,DRY,RF,LCL,CY/CFS,Kuehne + Nagel,38885.54
Ginger (whole),09101130,09101100,091011,8,"Spices; ginger, neither crushed nor ground",MARKS9735,India,Netherlands,Netherlands,9,2024,7,2024-07,2024-07-13,20240716,20240716,import,1,9582182.28,24055.47,kg,KG,INDIAN RAILWAY CATERING AND TOURISM CORPORATION LIMITED,[in full dataset],[in full dataset],New Delhi,,www.irctc.com/,[in full dataset],Y,JACOBS DOUWE EGBERTS NL B.V.,[in full dataset],Utrecht,,www.de.nl,[in full dataset],Y,INDIAN RAILWAY CATERING AND TOURISM CORPORATION LIMITED,[in full dataset],,20401.7,20401.7,"Mundra, Gujarat",Amsterdam,Utrecht,1,1,25.5,COSCO UNIVERSE,IMO1255495,PA,V986,958,MSCU,HBL,HLCU670948098,CMDU546866603,GESU5338576,40HC,DRY,RF,LCL,CFS/CFS,Nippon Express,21286.83
"Ginger, crushed/ground",09101210,09101200,091012,5,"Spices; ginger, crushed or ground",MARKS1982,India,Netherlands,Netherlands,9,2025,7,2025-07,2025-07-13,20250701,20250701,import,1,4053624.08,10836.7,kg,KG,INDIAN RAILWAY CATERING AND TOURISM CORPORATION LIMITED,[in full dataset],[in full dataset],New Delhi,,www.irctc.com/,[in full dataset],Y,JACOBS DOUWE EGBERTS NL B.V.,[in full dataset],Utrecht,,www.de.nl,[in full dataset],Y,INDIAN RAILWAY CATERING AND TOURISM CORPORATION LIMITED,[in full dataset],,6874.5,6874.5,Kolkata,Rotterdam,Utrecht,1,1,8.59,ONE APUS,IMO9015663,LR,V174,252,HLCU,MBL,EGLV659993991,MSCU826042316,BMOU1334394,45HC,TANK,HC,FCL,CFS/CFS,DB Schenker,10214.66
"Coriander, crushed/ground",09092200,09092200,090922,5,"Spices; coriander seeds, crushed or ground",MARKS6905,India,Netherlands,Netherlands,5,2024,1,2024-01,2024-01-25,20240121,20240121,import,1,3584339.46,42415.57,kg,KG,S.L.N. COFFEE PRIVATE LIMITED,[in full dataset],[in full dataset],Kodagu,,www.slncoffee.com,[in full dataset],N,JACOBS DOUWE EGBERTS NL B.V.,[in full dataset],Utrecht,,www.de.nl,[in full dataset],Y,S.L.N. COFFEE PRIVATE LIMITED,[in full dataset],,629.8,629.8,Tuticorin,Amsterdam,Utrecht,1,1,0.79,MOL TRIUMPH,IMO6974104,PA,V990,507,OOLU,MBL,HLCU529957552,MAEU484382317,TCLU5284926,40GP,DRY,GP,LCL,CY/CFS,Expeditors,37511.23
"Chilli/Capsicum, crushed/ground",09042212,09042200,090422,7,"Spices; fruits of the genus Capsicum or Pimenta, crushed or ground",MARKS7075,India,Netherlands,Netherlands,8,2024,7,2024-07,2024-07-24,20240705,20240705,import,1,9582182.28,4412.47,kg,KG,ZEUS EXPORTS PRIVATE LIMITED,[in full dataset],[in full dataset],Ernakulam,,www.zeusexports.com,[in full dataset],Y,JACOBS DOUWE EGBERTS NL B.V.,[in full dataset],Utrecht,,www.de.nl,[in full dataset],Y,ZEUS EXPORTS PRIVATE LIMITED,[in full dataset],,21313.3,21313.3,Kandla,Amsterdam,Utrecht,1,1,26.64,BARZAN,IMO5203200,MH,V476,840,EGLV,MBL,COSU634268127,MAEU632947033,GESU3635700,20GP,REEFER,HC,FCL,CY/CFS,DSV,3857.72
Coriander seeds,09092190,09092100,090921,7,"Spices; coriander seeds, neither crushed nor ground",MARKS5613,India,Netherlands,Netherlands,9,2024,7,2024-07,2024-07-13,20240722,20240722,import,1,9582182.28,26140.25,kg,KG,ALLANA COFFEE CURING WORKS,[in full dataset],[in full dataset],Hassan,,www.allana.com,[in full dataset],Y,JACOBS DOUWE EGBERTS NL B.V.,[in full dataset],Utrecht,,www.de.nl,[in full dataset],Y,ALLANA COFFEE CURING WORKS,[in full dataset],,6306.8,6306.8,Kandla,Amsterdam,Utrecht,1,1,7.88,ONE APUS,IMO5423649,MH,V836,299,COSU,SWB,COSU661121461,CMDU684002037,MSCU2121336,20GP,REEFER,RF,FCL,CY/CY,Kuehne + Nagel,22749.04
Cumin seeds,09093119,09093100,090931,6,"Spices; cumin seeds, neither crushed nor ground",MARKS6416,India,Netherlands,Netherlands,9,2024,9,2024-09,2024-09-03,20240910,20240910,import,1,6665850.08,37422.82,kg,KG,INDIAN RAILWAY CATERING AND TOURISM CORPORATION LIMITED,[in full dataset],[in full dataset],New Delhi,,www.irctc.com/,[in full dataset],Y,JACOBS DOUWE EGBERTS NL B.V.,[in full dataset],Utrecht,,www.de.nl,[in full dataset],Y,INDIAN RAILWAY CATERING AND TOURISM CORPORATION LIMITED,[in full dataset],,4262.6,4262.6,"Mundra, Gujarat",Amsterdam,Utrecht,1,1,5.33,MAERSK MOLLER,IMO6040809,SG,V234,608,COSU,SWB,YMLU535042290,MAEU581033982,CAIU1371998,45HC,OPEN TOP,HC,LCL,CY/CY,DSV,35116.52
Turmeric,09103030,09103000,091030,6,Spices; turmeric (curcuma),MARKS9341,India,Netherlands,Netherlands,8,2024,11,2024-11,2024-11-14,20241120,20241120,import,1,4123757.67,6424.94,kg,KG,ALLANA COFFEE CURING WORKS,[in full dataset],[in full dataset],Hassan,,www.allana.com,[in full dataset],Y,Euro Koffie B.V.,[in full dataset],Enschede,,www.eurokoffie.com,[in full dataset],Y,ALLANA COFFEE CURING WORKS,[in full dataset],,1483.4,1483.4,Visakhapatnam,Amsterdam,Enschede,1,1,1.85,MOL TRIUMPH,IMO8888928,LR,V621,875,HMMU,SWB,MSCU498991967,COSU981781380,FCIU2732403,40HC,OPEN TOP,RF,FCL,CFS/CFS,Yusen Logistics,6088.46
"Chilli/Capsicum, crushed/ground",09042219,09042200,090422,9,"Spices; fruits of the genus Capsicum or Pimenta, crushed or ground",MARKS4706,India,Netherlands,Netherlands,5,2025,4,2025-04,2025-04-06,20250424,20250424,import,1,5330617.29,48477.63,kg,KG,MCLEOD RUSSEL INDIA LIMITED,[in full dataset],[in full dataset],Kolkata,,www.mcleodrussel.com,[in full dataset],Y,J.S. Polak Koninklijke Specerijenmaalderij B.V.,[in full dataset],Steenwijk,,www.royalpolakspices.com,[in full dataset],Y,MCLEOD RUSSEL INDIA LIMITED,[in full dataset],,652.6,652.6,Visakhapatnam,Amsterdam,Steenwijk,1,1,0.82,HMM ALGECIRAS,IMO2752975,PA,V952,53,YMLU,SWB,ONEY588777769,COSU551653517,TGHU3764971,40GP,REEFER,HC,FCL,CY/CFS,Yusen Logistics,44107.16
"Chilli/Capsicum, crushed/ground",09042229,09042200,090422,7,"Spices; fruits of the genus Capsicum or Pimenta, crushed or ground",MARKS8537,India,Netherlands,Netherlands,9,2024,6,2024-06,2024-06-07,20240621,20240621,import,1,5426151.02,4308.47,kg,KG,ADITYA FOOD AND BEVERAGES PRIVATE LIMITED,[in full dataset],[in full dataset],Karimnagar,,,,Y,JACOBS DOUWE EGBERTS NL B.V.,[in full dataset],Utrecht,,www.de.nl,[in full dataset],Y,ADITYA FOOD AND BEVERAGES PRIVATE LIMITED,[in full dataset],,4968.1,4968.1,Tuticorin,Rotterdam,Utrecht,1,1,6.21,MSC GULSUN,IMO1383604,SG,V649,359,MAEU,MBL,MAEU155088718,MAEU487148254,BMOU3267054,40HC,DRY,RF,FCL,CY/CFS,DB Schenker,3998.27
Ginger (whole),09101130,09101100,091011,6,"Spices; ginger, neither crushed nor ground",MARKS3808,India,Netherlands,Netherlands,7,2024,2,2024-02,2024-02-15,20240208,20240208,import,1,3777184.92,18261.6,kg,KG,ROOTS CORPORATION LIMITED,[in full dataset],[in full dataset],Mumbai,,www.gingerhotels.com,[in full dataset],Y,JACOBS DOUWE EGBERTS NL B.V.,[in full dataset],Utrecht,,www.de.nl,[in full dataset],Y,ROOTS CORPORATION LIMITED,[in full dataset],,23355.6,23355.6,Chennai,Rotterdam,Utrecht,1,1,29.19,HMM ALGECIRAS,IMO5480817,SG,V587,241,HLCU,HBL,YMLU170703286,EGLV890666465,BMOU4255078,20GP,REEFER,HC,FCL,CY/CY,Expeditors,16422.68
"Ginger, crushed/ground",09101290,09101200,091012,7,"Spices; ginger, crushed or ground",MARKS4786,India,Netherlands,Netherlands,5,2025,4,2025-04,2025-04-12,20250424,20250424,import,1,5330617.29,2320.54,kg,KG,UNITED COFFEE HOUSE,[in full dataset],[in full dataset],New Delhi,,,,Y,JACOBS DOUWE EGBERTS NL B.V.,[in full dataset],Utrecht,,www.de.nl,[in full dataset],Y,UNITED COFFEE HOUSE,[in full dataset],,2167.8,2167.8,Visakhapatnam,Amsterdam,Utrecht,1,1,2.71,APL MEXICO CITY,IMO7264434,SG,V399,817,CMDU,SWB,MAEU832965770,HLCU613177854,TCLU5669720,45HC,DRY,RF,LCL,CY/CFS,Bollore Logistics,2154.24
"Chilli/Capsicum, crushed/ground",09042211,09042200,090422,7,"Spices; fruits of the genus Capsicum or Pimenta, crushed or ground",MARKS3437,India,Netherlands,Netherlands,6,2025,1,2025-01,2025-01-12,20250123,20250123,import,1,3467849.43,64830.73,kg,KG,INDIAN RAILWAY CATERING AND TOURISM CORPORATION LIMITED,[in full dataset],[in full dataset],New Delhi,,www.irctc.com/,[in full dataset],Y,ETNA Coffee Equipment B.V.,[in full dataset],Doetinchem,,www.etna-ct.com,[in full dataset],Y,INDIAN RAILWAY CATERING AND TOURISM CORPORATION LIMITED,[in full dataset],,9658.8,9658.8,Visakhapatnam,Amsterdam,Doetinchem,1,1,12.07,YM WARRANTY,IMO4758029,SG,V886,951,HMMU,HBL,MSCU802179783,CMDU645691010,FCIU8721341,45HC,TANK,GP,LCL,CY/CY,DSV,60209.71
Cumin seeds,09093111,09093100,090931,9,"Spices; cumin seeds, neither crushed nor ground",MARKS1910,India,Netherlands,Netherlands,6,2025,7,2025-07,2025-07-02,20250702,20250702,import,1,4053624.08,12565.53,kg,KG,CCL PRODUCTS (INDIA) LIMITED,[in full dataset],[in full dataset],Hyderabad,,www.cclproducts.com,[in full dataset],Y,JACOBS DOUWE EGBERTS NL B.V.,[in full dataset],Utrecht,,www.de.nl,[in full dataset],Y,CCL PRODUCTS (INDIA) LIMITED,[in full dataset],,18344.2,18344.2,Visakhapatnam,Rotterdam,Utrecht,1,1,22.93,APL MEXICO CITY,IMO8942521,LR,V476,460,OOLU,MBL,MAEU676132914,HLCU494050576,TCLU9840926,20GP,OPEN TOP,GP,LCL,CY/CY,DHL Global Forwarding,10946.46
Cumin seeds,09093129,09093100,090931,9,"Spices; cumin seeds, neither crushed nor ground",MARKS1462,India,Netherlands,Netherlands,7,2024,7,2024-07,2024-07-23,20240707,20240707,import,1,9582182.28,4856.1,kg,KG,MADHUSUDAN MASALA LIMITED,[in full dataset],[in full dataset],Jamnagar,,www.madhusudanmasala.com,[in full dataset],Y,JACOBS DOUWE EGBERTS NL B.V.,[in full dataset],Utrecht,,www.de.nl,[in full dataset],Y,MADHUSUDAN MASALA LIMITED,[in full dataset],,24135.6,24135.6,Tuticorin,Amsterdam,Utrecht,1,1,30.17,EVER GIVEN,IMO7664682,MH,V895,427,HMMU,HBL,MSCU704765090,COSU805914591,CAIU1529196,20GP,FLAT RACK,GP,LCL,CY/CFS,CEVA Logistics,4406.28
"Coriander, crushed/ground",09092200,09092200,090922,8,"Spices; coriander seeds, crushed or ground",MARKS8063,India,Netherlands,Netherlands,7,2025,4,2025-04,2025-04-02,20250409,20250409,import,1,5330617.29,1496.32,kg,KG,INDIAN RAILWAY CATERING AND TOURISM CORPORATION LIMITED,[in full dataset],[in full dataset],New Delhi,,www.irctc.com/,[in full dataset],N,J.S. Polak Koninklijke Specerijenmaalderij B.V.,[in full dataset],Steenwijk,,www.royalpolakspices.com,[in full dataset],Y,INDIAN RAILWAY CATERING AND TOURISM CORPORATION LIMITED,[in full dataset],,13318.3,13318.3,Visakhapatnam,Amsterdam,Steenwijk,1,1,16.65,MADRID MAERSK,IMO6020143,SG,V203,451,HMMU,MBL,COSU634393537,MAEU505284193,TGHU4162487,40HC,REEFER,RF,FCL,CFS/CFS,Sinotrans,1312.41
Ginger (whole),09101190,09101100,091011,5,"Spices; ginger, neither crushed nor ground",MARKS8755,India,Netherlands,Netherlands,5,2024,8,2024-08,2024-08-10,20240821,20240821,import,1,6613112.5,6505.28,kg,KG,INDIAN RAILWAY CATERING AND TOURISM CORPORATION LIMITED,[in full dataset],[in full dataset],New Delhi,,www.irctc.com/,[in full dataset],Y,JACOBS DOUWE EGBERTS NL B.V.,[in full dataset],Utrecht,,www.de.nl,[in full dataset],Y,INDIAN RAILWAY CATERING AND TOURISM CORPORATION LIMITED,[in full dataset],,18948.8,18948.8,Kolkata,Rotterdam,Utrecht,1,1,23.69,OOCL HONG KONG,IMO9810866,MH,V714,723,ONEY,MBL,ONEY120750123,ONEY735807087,FCIU9137954,45HC,REEFER,GP,FCL,CFS/CFS,CEVA Logistics,5861.33
Black pepper (whole),09041180,09041100,090411,7,"Spices; pepper (of the genus piper), neither crushed nor ground",MARKS3117,India,Netherlands,Netherlands,8,2025,4,2025-04,2025-04-12,20250413,20250413,import,1,5330617.29,9064.02,kg,KG,BARISTS COFFEE COMPANY LIMITED,[in full dataset],[in full dataset],New Delhi,,,,Y,JACOBS DOUWE EGBERTS NL B.V.,[in full dataset],Utrecht,,www.de.nl,[in full dataset],Y,BARISTS COFFEE COMPANY LIMITED,[in full dataset],,841.7,841.7,"Nhava Sheva (JNPT), Mumbai",Rotterdam,Utrecht,1,1,1.05,MAERSK MOLLER,IMO3516589,SG,V529,281,ZIMU,MBL,COSU523880326,YMLU944185414,FCIU6223546,20GP,REEFER,GP,FCL,CFS/CFS,CEVA Logistics,8226.88
Cumin seeds,09093121,09093100,090931,5,"Spices; cumin seeds, neither crushed nor ground",MARKS3026,India,Netherlands,Netherlands,6,2025,3,2025-03,2025-03-21,20250316,20250316,import,1,4166176.36,39532.65,kg,KG,S.L.N. COFFEE PRIVATE LIMITED,[in full dataset],[in full dataset],Kodagu,,www.slncoffee.com,[in full dataset],Y,JACOBS DOUWE EGBERTS NL B.V.,[in full dataset],Utrecht,,www.de.nl,[in full dataset],Y,S.L.N. COFFEE PRIVATE LIMITED,[in full dataset],,9643.5,9643.5,Visakhapatnam,Rotterdam,Utrecht,1,1,12.05,EVER ACME,IMO7511535,LR,V323,272,OOLU,SWB,MSCU535164155,YMLU552579838,BMOU1975844,40GP,TANK,RF,FCL,CY/CY,Nippon Express,35283.46
"Chilli/Capsicum, crushed/ground",09042211,09042200,090422,6,"Spices; fruits of the genus Capsicum or Pimenta, crushed or ground",MARKS2951,India,Netherlands,Netherlands,5,2024,5,2024-05,2024-05-13,20240501,20240501,import,1,8128089.63,5973.39,kg,KG,Cothas Coffee Company (Jp Nagar),[in full dataset],[in full dataset],Bengaluru,,,,N,JACOBS DOUWE EGBERTS NL B.V.,[in full dataset],Utrecht,,www.de.nl,[in full dataset],N,Cothas Coffee Company (Jp Nagar),[in full dataset],,18299.6,18299.6,Cochin,Amsterdam,Utrecht,1,1,22.87,CMA CGM JULES VERNE,IMO4233894,PA,V804,176,CMDU,SWB,COSU425894404,YMLU830483064,GESU2134727,20GP,REEFER,RF,LCL,CY/CY,DHL Global Forwarding,5520.47
Ginger (whole),09101120,09101100,091011,6,"Spices; ginger, neither crushed nor ground",MARKS9222,India,Netherlands,Netherlands,6,2024,11,2024-11,2024-11-08,20241105,20241105,import,1,4123757.67,76046.2,kg,KG,THE INDIAN COFFEE WORKERS CO-OPERATIVE SOCIETY LIMITED,[in full dataset],[in full dataset],Mumbai,,,,Y,Continaf B.V.,[in full dataset],Zaandam,,www.daarnhouwer.com,[in full dataset],Y,THE INDIAN COFFEE WORKERS CO-OPERATIVE SOCIETY LIMITED,[in full dataset],,15204.2,15204.2,"Mundra, Gujarat",Amsterdam,Zaandam,1,1,19.01,CMA CGM JULES VERNE,IMO5409867,MH,V896,435,ONEY,HBL,COSU957401226,ONEY490011514,TCLU9568191,20GP,OPEN TOP,GP,LCL,CFS/CFS,Yusen Logistics,68244.47
Black pepper (whole),09041120,09041100,090411,6,"Spices; pepper (of the genus piper), neither crushed nor ground",MARKS7445,India,Netherlands,Netherlands,5,2024,11,2024-11,2024-11-08,20241121,20241121,import,1,4123757.67,57683.41,kg,KG,INDIAN RAILWAY CATERING AND TOURISM CORPORATION LIMITED,[in full dataset],[in full dataset],New Delhi,,www.irctc.com/,[in full dataset],Y,JACOBS DOUWE EGBERTS NL B.V.,[in full dataset],Utrecht,,www.de.nl,[in full dataset],N,INDIAN RAILWAY CATERING AND TOURISM CORPORATION LIMITED,[in full dataset],,13981.9,13981.9,"Nhava Sheva (JNPT), Mumbai",Rotterdam,Utrecht,1,1,17.48,OOCL HONG KONG,IMO9028301,MH,V458,309,COSU,SWB,CMDU529415264,COSU721320355,TGHU8375279,20GP,TANK,RF,LCL,CY/CFS,Sinotrans,52416.82
Ginger (whole),09101130,09101100,091011,6,"Spices; ginger, neither crushed nor ground",MARKS2969,India,Netherlands,Netherlands,8,2024,2,2024-02,2024-02-02,20240226,20240226,import,1,3777184.92,10635.98,kg,KG,THE INDIAN COFFEE WORKERS CO-OPERATIVE SOCIETY LIMITED,[in full dataset],[in full dataset],Mumbai,,,,Y,JACOBS DOUWE EGBERTS NL B.V.,[in full dataset],Utrecht,,www.de.nl,[in full dataset],Y,THE INDIAN COFFEE WORKERS CO-OPERATIVE SOCIETY LIMITED,[in full dataset],,21773.6,21773.6,Cochin,Rotterdam,Utrecht,1,1,27.22,YM WARRANTY,IMO2481981,PA,V930,865,HMMU,SWB,EGLV836383436,ONEY865934828,CAIU4268492,45HC,TANK,GP,FCL,CY/CFS,CEVA Logistics,9516.34
"Ginger, crushed/ground",09101290,09101200,091012,9,"Spices; ginger, crushed or ground",MARKS3450,India,Netherlands,Netherlands,6,2025,7,2025-07,2025-07-17,20250708,20250708,import,1,4053624.08,5969.66,kg,KG,BAKERS SPICES & INGREDIENTS PRIVATE LIMITED,[in full dataset],[in full dataset],Coimbatore,,,,Y,JACOBS DOUWE EGBERTS NL B.V.,[in full dataset],Utrecht,,www.de.nl,[in full dataset],Y,BAKERS SPICES & INGREDIENTS PRIVATE LIMITED,[in full dataset],,8652.1,8652.1,Visakhapatnam,Rotterdam,Utrecht,1,1,10.82,HYUNDAI LOYALTY,IMO9607515,MH,V285,608,HMMU,SWB,ONEY189315612,MAEU767857049,BMOU6645544,45HC,OPEN TOP,HC,FCL,CY/CFS,Bollore Logistics,5495.86
"Coriander, crushed/ground",09092200,09092200,090922,7,"Spices; coriander seeds, crushed or ground",MARKS8410,India,Netherlands,Netherlands,5,2025,5,2025-05,2025-05-08,20250503,20250503,import,1,8489332.66,6466.04,kg,KG,J K SPICES AND FOOD PRODUCTS,[in full dataset],[in full dataset],Howrah,,,,Y,JACOBS DOUWE EGBERTS NL B.V.,[in full dataset],Utrecht,,www.de.nl,[in full dataset],Y,J K SPICES AND FOOD PRODUCTS,[in full dataset],,7208.2,7208.2,Kandla,Rotterdam,Utrecht,1,1,9.01,EVER ACME,IMO3671743,PA,V868,923,OOLU,SWB,CMDU521906590,COSU613999191,CAIU6742094,45HC,FLAT RACK,RF,FCL,CY/CFS,Bollore Logistics,5840.92
"Coriander, crushed/ground",09092200,09092200,090922,6,"Spices; coriander seeds, crushed or ground",MARKS9099,India,Netherlands,Netherlands,8,2024,1,2024-01,2024-01-18,20240122,20240122,import,1,3584339.46,26628.6,kg,KG,PARAS SPICES PRIVATE LIMITED,[in full dataset],[in full dataset],Moga,,www.parasspices.com,[in full dataset],Y,JACOBS DOUWE EGBERTS NL B.V.,[in full dataset],Utrecht,,www.de.nl,[in full dataset],N,PARAS SPICES PRIVATE LIMITED,[in full dataset],,20297.3,20297.3,Tuticorin,Rotterdam,Utrecht,1,1,25.37,MOL TRIUMPH,IMO8062260,LR,V519,272,HMMU,HBL,CMDU250661977,COSU723058669,TGHU2685454,45HC,TANK,HC,LCL,CY/CY,DB Schenker,23550.83
Turmeric,09103010,09103000,091030,8,Spices; turmeric (curcuma),MARKS2537,India,Netherlands,Netherlands,7,2024,1,2024-01,2024-01-24,20240114,20240114,import,1,3584339.46,1458.03,kg,KG,ZEUS EXPORTS PRIVATE LIMITED,[in full dataset],[in full dataset],Ernakulam,,www.zeusexports.com,[in full dataset],Y,JACOBS DOUWE EGBERTS NL B.V.,[in full dataset],Utrecht,,www.de.nl,[in full dataset],Y,ZEUS EXPORTS PRIVATE LIMITED,[in full dataset],,4181.1,4181.1,Cochin,Rotterdam,Utrecht,1,1,5.23,MSC OSCAR,IMO9632051,MH,V313,547,HLCU,HBL,MSCU142630935,CMDU675340280,CAIU6996370,20GP,OPEN TOP,RF,FCL,CY/CY,DHL Global Forwarding,1274.23
"Coriander, crushed/ground",09092200,09092200,090922,7,"Spices; coriander seeds, crushed or ground",MARKS1298,India,Netherlands,Netherlands,6,2024,9,2024-09,2024-09-04,20240919,20240919,import,1,6665850.08,6097.22,kg,KG,GINGER WEBS PRIVATE LIMITED,[in full dataset],[in full dataset],New Delhi,,www.gingerwebs.com,[in full dataset],Y,JACOBS DOUWE EGBERTS NL B.V.,[in full dataset],Utrecht,,www.de.nl,[in full dataset],Y,GINGER WEBS PRIVATE LIMITED,[in full dataset],,12371.2,12371.2,Tuticorin,Amsterdam,Utrecht,1,1,15.46,MAERSK MOLLER,IMO4812455,PA,V600,298,MSCU,HBL,CMDU183391718,MSCU725137272,TGHU8935890,40GP,TANK,HC,FCL,CY/CY,DHL Global Forwarding,5793.21
"Ginger, crushed/ground",09101290,09101200,091012,7,"Spices; ginger, crushed or ground",MARKS6629,India,Netherlands,Netherlands,5,2024,2,2024-02,2024-02-14,20240227,20240227,import,1,3777184.92,1405.98,kg,KG,PUSPA LIVE GRAINS & SPICES PRIVATE LIMITED,[in full dataset],[in full dataset],Cuttack,,,,Y,JACOBS DOUWE EGBERTS NL B.V.,[in full dataset],Utrecht,,www.de.nl,[in full dataset],Y,PUSPA LIVE GRAINS & SPICES PRIVATE LIMITED,[in full dataset],,4398,4398,Kolkata,Rotterdam,Utrecht,1,1,5.5,HYUNDAI LOYALTY,IMO4543610,PA,V192,152,YMLU,HBL,HLCU152983166,MAEU330274638,GESU6780716,45HC,TANK,RF,LCL,CFS/CFS,DB Schenker,1327.52
Ginger (whole),09101120,09101100,091011,7,"Spices; ginger, neither crushed nor ground",MARKS5515,India,Netherlands,Netherlands,6,2025,7,2025-07,2025-07-14,20250714,20250714,import,1,4053624.08,2948.41,kg,KG,ROOTS CORPORATION LIMITED,[in full dataset],[in full dataset],Mumbai,,www.gingerhotels.com,[in full dataset],Y,JACOBS DOUWE EGBERTS NL B.V.,[in full dataset],Utrecht,,www.de.nl,[in full dataset],Y,ROOTS CORPORATION LIMITED,[in full dataset],,16511.4,16511.4,Tuticorin,Amsterdam,Utrecht,1,1,20.64,ONE APUS,IMO9267463,LR,V564,492,MSCU,MBL,MAEU536318925,CMDU403491993,CAIU7243181,45HC,TANK,GP,LCL,CY/CFS,DHL Global Forwarding,2806.06
"Coriander, crushed/ground",09092200,09092200,090922,5,"Spices; coriander seeds, crushed or ground",MARKS3339,India,Netherlands,Netherlands,9,2024,6,2024-06,2024-06-04,20240612,20240612,import,1,5426151.02,1434.18,kg,KG,VIJAY LAXMI SPICES AND FOOD GRAIN PRIVATE LIMITED,[in full dataset],[in full dataset],Dhamtari,,,,Y,JACOBS DOUWE EGBERTS NL B.V.,[in full dataset],Utrecht,,www.de.nl,[in full dataset],Y,VIJAY LAXMI SPICES AND FOOD GRAIN PRIVATE LIMITED,[in full dataset],,23919.1,23919.1,Kandla,Rotterdam,Utrecht,1,1,29.9,CMA CGM JULES VERNE,IMO9615404,LR,V610,443,APLU,MBL,HLCU152134130,CMDU249077779,FCIU6736097,40HC,FLAT RACK,GP,FCL,CFS/CFS,Kuehne + Nagel,1356.97
"Coriander, crushed/ground",09092200,09092200,090922,7,"Spices; coriander seeds, crushed or ground",MARKS9660,India,Netherlands,Netherlands,8,2024,2,2024-02,2024-02-21,20240207,20240207,import,1,3777184.92,226417.73,kg,KG,SRI NARASUS COFFEE COMPANY PRIVATE LIMITED,[in full dataset],[in full dataset],Salem,,www.narasuscoffee.in,[in full dataset],Y,Ginger Holding B.V.,[in full dataset],Amsterdam,,,,Y,SRI NARASUS COFFEE COMPANY PRIVATE LIMITED,[in full dataset],,16273.4,16273.4,Tuticorin,Amsterdam,Amsterdam,1,1,20.34,CMA CGM JULES VERNE,IMO8769984,LR,V225,904,OOLU,MBL,COSU775026802,MSCU581237772,TGHU3895498,45HC,DRY,HC,FCL,CY/CY,CEVA Logistics,205978.62
"Chilli/Capsicum, crushed/ground",09042211,09042200,090422,6,"Spices; fruits of the genus Capsicum or Pimenta, crushed or ground",MARKS4435,India,Netherlands,Netherlands,6,2025,5,2025-05,2025-05-19,20250513,20250513,import,1,8489332.66,32103.83,kg,KG,INDIAN RAILWAY CATERING AND TOURISM CORPORATION LIMITED,[in full dataset],[in full dataset],New Delhi,,www.irctc.com/,[in full dataset],Y,Strauss Coffee B.V.,[in full dataset],Amstelveen,,,,Y,INDIAN RAILWAY CATERING AND TOURISM CORPORATION LIMITED,[in full dataset],,14800.7,14800.7,"Mundra, Gujarat",Amsterdam,Amstelveen,1,1,18.5,MAERSK MOLLER,IMO4671868,LR,V212,959,EGLV,MBL,ONEY716225788,EGLV266774749,BMOU5384175,40HC,TANK,GP,FCL,CY/CFS,Kuehne + Nagel,28399.8
Cumin seeds,09093121,09093100,090931,7,"Spices; cumin seeds, neither crushed nor ground",MARKS2924,India,Netherlands,Netherlands,6,2024,12,2024-12,2024-12-06,20241204,20241204,import,1,4973909.49,20680.48,kg,KG,MISTERPEPPER FOODS AND SPICES LLP,[in full dataset],[in full dataset],Kozhikode,,,,Y,JACOBS DOUWE EGBERTS NL B.V.,[in full dataset],Utrecht,,www.de.nl,[in full dataset],N,MISTERPEPPER FOODS AND SPICES LLP,[in full dataset],,13042.6,13042.6,"Mundra, Gujarat",Amsterdam,Utrecht,1,1,16.3,ONE APUS,IMO6285480,MH,V579,70,CMDU,HBL,MSCU167511076,EGLV939465311,TGHU1714266,45HC,REEFER,HC,FCL,CFS/CFS,Nippon Express,18706.93
"Coriander, crushed/ground",09092200,09092200,090922,9,"Spices; coriander seeds, crushed or ground",MARKS2182,India,Netherlands,Netherlands,7,2025,8,2025-08,2025-08-01,20250814,20250814,import,1,3726323.53,20615.86,kg,KG,INDIAN RAILWAY CATERING AND TOURISM CORPORATION LIMITED,[in full dataset],[in full dataset],New Delhi,,www.irctc.com/,[in full dataset],Y,JACOBS DOUWE EGBERTS NL B.V.,[in full dataset],Utrecht,,www.de.nl,[in full dataset],Y,INDIAN RAILWAY CATERING AND TOURISM CORPORATION LIMITED,[in full dataset],,12596.8,12596.8,Visakhapatnam,Rotterdam,Utrecht,1,1,15.75,MAERSK MOLLER,IMO1864706,MH,V588,110,MSCU,MBL,EGLV771268086,ONEY772204328,BMOU9333437,20GP,TANK,RF,LCL,CY/CY,DHL Global Forwarding,19532.83
"Black pepper, crushed/ground",09041200,09041200,090412,7,"Spices; pepper (of the genus piper), crushed or ground",MARKS1130,India,Netherlands,Netherlands,9,2024,5,2024-05,2024-05-12,20240506,20240506,import,1,8128089.63,1516.37,kg,KG,SRI NARASUS COFFEE COMPANY PRIVATE LIMITED,[in full dataset],[in full dataset],Salem,,www.narasuscoffee.in,[in full dataset],N,Euro-Caps B.V.,[in full dataset],Rotterdam,,www.euro-caps.nl,[in full dataset],Y,SRI NARASUS COFFEE COMPANY PRIVATE LIMITED,[in full dataset],,14705.1,14705.1,Kandla,Amsterdam,Rotterdam,1,1,18.38,MOL TRIUMPH,IMO3903235,LR,V292,179,YMLU,MBL,CMDU106769179,CMDU166571906,GESU7741674,40HC,DRY,RF,FCL,CFS/CFS,DHL Global Forwarding,1364.24
"Ginger, crushed/ground",09101290,09101200,091012,7,"Spices; ginger, crushed or ground",MARKS6750,India,Netherlands,Netherlands,8,2024,6,2024-06,2024-06-21,20240606,20240606,import,1,5426151.02,6811.92,kg,KG,INDIAN RAILWAY CATERING AND TOURISM CORPORATION LIMITED,[in full dataset],[in full dataset],New Delhi,,www.irctc.com/,[in full dataset],Y,JACOBS DOUWE EGBERTS NL B.V.,[in full dataset],Utrecht,,www.de.nl,[in full dataset],Y,INDIAN RAILWAY CATERING AND TOURISM CORPORATION LIMITED,[in full dataset],,3738.2,3738.2,Kolkata,Amsterdam,Utrecht,1,1,4.67,APL MEXICO CITY,IMO5633567,MH,V205,172,MAEU,HBL,CMDU765191766,MAEU227559891,GESU4932189,20GP,DRY,GP,FCL,CY/CFS,Bollore Logistics,6421.4
Black pepper (whole),09041140,09041100,090411,6,"Spices; pepper (of the genus piper), neither crushed nor ground",MARKS1495,India,Netherlands,Netherlands,5,2024,12,2024-12,2024-12-08,20241218,20241218,import,1,4973909.49,3816.48,kg,KG,HOMIEE & GINGER PETS LLP,[in full dataset],[in full dataset],Mumbai,,www.homieeginger.com,[in full dataset],Y,JACOBS DOUWE EGBERTS NL B.V.,[in full dataset],Utrecht,,www.de.nl,[in full dataset],Y,HOMIEE & GINGER PETS LLP,[in full dataset],,4814.6,4814.6,Kolkata,Rotterdam,Utrecht,1,1,6.02,CMA CGM JULES VERNE,IMO6818188,PA,V334,252,MAEU,SWB,CMDU803253423,CMDU591037931,CAIU8422174,20GP,OPEN TOP,HC,FCL,CY/CFS,DSV,3429.91
Coriander seeds,09092190,09092100,090921,6,"Spices; coriander seeds, neither crushed nor ground",MARKS8892,India,Netherlands,Netherlands,5,2024,12,2024-12,2024-12-26,20241211,20241211,import,1,4973909.49,2057.32,kg,KG,INDUS COFFEE PRIVATE LIMITED,[in full dataset],[in full dataset],Nellore,,www.induscoffee.in,[in full dataset],Y,JACOBS DOUWE EGBERTS NL B.V.,[in full dataset],Utrecht,,www.de.nl,[in full dataset],Y,INDUS COFFEE PRIVATE LIMITED,[in full dataset],,6428.7,6428.7,"Mundra, Gujarat",Amsterdam,Utrecht,1,1,8.04,BARZAN,IMO9060497,MH,V590,729,COSU,SWB,EGLV126714350,ONEY699028991,FCIU2276261,40HC,OPEN TOP,HC,FCL,CFS/CFS,Bollore Logistics,1911.97
"Black pepper, crushed/ground",09041200,09041200,090412,7,"Spices; pepper (of the genus piper), crushed or ground",MARKS3258,India,Netherlands,Netherlands,6,2025,3,2025-03,2025-03-16,20250307,20250307,import,1,4166176.36,6125.88,kg,KG,VANILLA BEAN HOME MADE CAKES,[in full dataset],[in full dataset],Kannur,,,,Y,JACOBS DOUWE EGBERTS NL B.V.,[in full dataset],Utrecht,,www.de.nl,[in full dataset],Y,VANILLA BEAN HOME MADE CAKES,[in full dataset],,20106,20106,"Mundra, Gujarat",Amsterdam,Utrecht,1,1,25.13,EVER GIVEN,IMO2724044,PA,V955,562,OOLU,MBL,ONEY967887213,HLCU123856369,CAIU8984726,40GP,TANK,GP,LCL,CY/CFS,Nippon Express,5598.89
"Ginger, crushed/ground",09101210,09101200,091012,9,"Spices; ginger, crushed or ground",MARKS9815,India,Netherlands,Netherlands,9,2024,10,2024-10,2024-10-25,20241007,20241007,import,1,5609457.12,160042.2,kg,KG,S.L.N. COFFEE PRIVATE LIMITED,[in full dataset],[in full dataset],Kodagu,,www.slncoffee.com,[in full dataset],Y,J.S. Polak Koninklijke Specerijenmaalderij B.V.,[in full dataset],Steenwijk,,www.royalpolakspices.com,[in full dataset],Y,S.L.N. COFFEE PRIVATE LIMITED,[in full dataset],,13460.4,13460.4,"Nhava Sheva (JNPT), Mumbai",Rotterdam,Steenwijk,1,1,16.83,MOL TRIUMPH,IMO3473104,SG,V216,211,HLCU,SWB,MAEU685587381,COSU786726431,GESU5543279,45HC,TANK,HC,FCL,CY/CY,DSV,140373.37
Cumin seeds,09093119,09093100,090931,8,"Spices; cumin seeds, neither crushed nor ground",MARKS3725,India,Netherlands,Netherlands,7,2025,11,2025-11,2025-11-11,20251107,20251107,import,1,5046017,82916.32,kg,KG,INDIAN RAILWAY CATERING AND TOURISM CORPORATION LIMITED,[in full dataset],[in full dataset],New Delhi,,www.irctc.com/,[in full dataset],Y,JACOBS DOUWE EGBERTS NL B.V.,[in full dataset],Utrecht,,www.de.nl,[in full dataset],Y,INDIAN RAILWAY CATERING AND TOURISM CORPORATION LIMITED,[in full dataset],,7738,7738,Chennai,Rotterdam,Utrecht,1,1,9.67,HYUNDAI LOYALTY,IMO1527502,SG,V438,501,ONEY,HBL,COSU975860930,MSCU455942308,TCLU5483976,45HC,TANK,GP,FCL,CY/CY,DSV,76971.09
"Coriander, crushed/ground",09092200,09092200,090922,9,"Spices; coriander seeds, crushed or ground",MARKS7291,India,Netherlands,Netherlands,5,2024,6,2024-06,2024-06-22,20240616,20240616,import,1,5426151.02,50053.52,kg,KG,INDIAN RAILWAY CATERING AND TOURISM CORPORATION LIMITED,[in full dataset],[in full dataset],New Delhi,,www.irctc.com/,[in full dataset],Y,JACOBS DOUWE EGBERTS NL B.V.,[in full dataset],Utrecht,,www.de.nl,[in full dataset],Y,INDIAN RAILWAY CATERING AND TOURISM CORPORATION LIMITED,[in full dataset],,17535.3,17535.3,"Mundra, Gujarat",Amsterdam,Utrecht,1,1,21.92,EVER GIVEN,IMO2628396,MH,V980,384,YMLU,MBL,CMDU433500794,MAEU175664198,BMOU1186201,40GP,DRY,HC,LCL,CY/CY,DSV,47223.18
"Black pepper, crushed/ground",09041200,09041200,090412,6,"Spices; pepper (of the genus piper), crushed or ground",MARKS8148,India,Netherlands,Netherlands,9,2025,6,2025-06,2025-06-12,20250622,20250622,import,1,11170668.99,15277.67,kg,KG,MCLEOD RUSSEL INDIA LIMITED,[in full dataset],[in full dataset],Kolkata,,www.mcleodrussel.com,[in full dataset],Y,JACOBS DOUWE EGBERTS NL B.V.,[in full dataset],Utrecht,,www.de.nl,[in full dataset],N,MCLEOD RUSSEL INDIA LIMITED,[in full dataset],,1190.4,1190.4,Visakhapatnam,Rotterdam,Utrecht,1,1,1.49,MSC GULSUN,IMO5863348,MH,V552,101,CMDU,HBL,HLCU399490736,HLCU605332994,TCLU6276074,20GP,OPEN TOP,HC,FCL,CFS/CFS,Nippon Express,14430.5
Black pepper (whole),09041140,09041100,090411,9,"Spices; pepper (of the genus piper), neither crushed nor ground",MARKS9813,India,Netherlands,Netherlands,7,2024,6,2024-06,2024-06-03,20240618,20240618,import,1,5426151.02,2063.73,kg,KG,A M S SPICES AND FOOD PRODUCTS PRIVATE LIMITED,[in full dataset],[in full dataset],Malappuram,,www.supernovafoods.com,[in full dataset],Y,J.S. Polak Koninklijke Specerijenmaalderij B.V.,[in full dataset],Steenwijk,,www.royalpolakspices.com,[in full dataset],Y,A M S SPICES AND FOOD PRODUCTS PRIVATE LIMITED,[in full dataset],,20770.8,20770.8,Chennai,Rotterdam,Steenwijk,1,1,25.96,YM WARRANTY,IMO1822959,SG,V366,272,ZIMU,SWB,EGLV923102288,MSCU786926189,FCIU3582143,40HC,DRY,HC,FCL,CY/CY,Yusen Logistics,1820.62
"Black pepper, crushed/ground",09041200,09041200,090412,7,"Spices; pepper (of the genus piper), crushed or ground",MARKS4484,India,Netherlands,Netherlands,5,2025,3,2025-03,2025-03-12,20250312,20250312,import,1,4166176.36,16453.89,kg,KG,WAYANAD COFFEE OF BRAHMAGIRI FARMERS PRODUCER COMPANY LIMITED,[in full dataset],[in full dataset],Wayanad,,,,Y,JACOBS DOUWE EGBERTS NL B.V.,[in full dataset],Utrecht,,www.de.nl,[in full dataset],Y,WAYANAD COFFEE OF BRAHMAGIRI FARMERS PRODUCER COMPANY LIMITED,[in full dataset],,19684.6,19684.6,Kolkata,Amsterdam,Utrecht,1,1,24.61,MSC OSCAR,IMO6264054,PA,V678,872,OOLU,HBL,MSCU661106722,HLCU676312233,BMOU2056969,40GP,TANK,HC,FCL,CFS/CFS,Bollore Logistics,14410.34
Turmeric,09103030,09103000,091030,7,Spices; turmeric (curcuma),MARKS3153,India,Netherlands,Netherlands,7,2024,9,2024-09,2024-09-14,20240915,20240915,import,1,6665850.08,884.03,kg,KG,VANILLA BEAN HOME MADE CAKES,[in full dataset],[in full dataset],Kannur,,,,Y,JACOBS DOUWE EGBERTS NL B.V.,[in full dataset],Utrecht,,www.de.nl,[in full dataset],N,VANILLA BEAN HOME MADE CAKES,[in full dataset],,3561.5,3561.5,"Mundra, Gujarat",Rotterdam,Utrecht,1,1,4.45,HMM ALGECIRAS,IMO7439839,MH,V611,93,ONEY,HBL,ONEY476458574,HLCU732228214,TCLU6780331,20GP,OPEN TOP,GP,LCL,CY/CFS,Bollore Logistics,802.87
Turmeric,09103010,09103000,091030,9,Spices; turmeric (curcuma),MARKS4721,India,Netherlands,Netherlands,8,2024,1,2024-01,2024-01-21,20240127,20240127,import,1,3584339.46,3989.84,kg,KG,INDIAN RAILWAY CATERING AND TOURISM CORPORATION LIMITED,[in full dataset],[in full dataset],New Delhi,,www.irctc.com/,[in full dataset],Y,Euro-Caps B.V.,[in full dataset],Rotterdam,,www.euro-caps.nl,[in full dataset],Y,INDIAN RAILWAY CATERING AND TOURISM CORPORATION LIMITED,[in full dataset],,15851.7,15851.7,Visakhapatnam,Rotterdam,Rotterdam,1,1,19.81,MSC GULSUN,IMO4631585,LR,V420,785,MSCU,HBL,HLCU218639086,MSCU944304396,FCIU3258996,20GP,DRY,GP,FCL,CFS/CFS,Kuehne + Nagel,3741.42
Black pepper (whole),09041110,09041100,090411,7,"Spices; pepper (of the genus piper), neither crushed nor ground",MARKS8267,India,Netherlands,Netherlands,6,2025,3,2025-03,2025-03-11,20250327,20250327,import,1,4166176.36,16202.68,kg,KG,SRI NARASUS COFFEE COMPANY PRIVATE LIMITED,[in full dataset],[in full dataset],Salem,,www.narasuscoffee.in,[in full dataset],Y,JACOBS DOUWE EGBERTS NL B.V.,[in full dataset],Utrecht,,www.de.nl,[in full dataset],Y,SRI NARASUS COFFEE COMPANY PRIVATE LIMITED,[in full dataset],,18631.7,18631.7,"Nhava Sheva (JNPT), Mumbai",Amsterdam,Utrecht,1,1,23.29,HMM ALGECIRAS,IMO8983609,PA,V393,62,ZIMU,HBL,ONEY188525571,COSU174208420,TGHU2217124,40HC,TANK,RF,LCL,CFS/CFS,Bollore Logistics,14507.37
"Chilli/Capsicum, crushed/ground",09042219,09042200,090422,5,"Spices; fruits of the genus Capsicum or Pimenta, crushed or ground",MARKS4757,India,Netherlands,Netherlands,7,2024,12,2024-12,2024-12-05,20241210,20241210,import,1,4973909.49,1993.77,kg,KG,LEO DRYFRUITS & SPICES TRADING LIMITED,[in full dataset],[in full dataset],Navi Mumbai,,www.leodryfruitsandspices.com,[in full dataset],Y,JACOBS DOUWE EGBERTS NL B.V.,[in full dataset],Utrecht,,www.de.nl,[in full dataset],Y,LEO DRYFRUITS & SPICES TRADING LIMITED,[in full dataset],,14840.2,14840.2,Kolkata,Rotterdam,Utrecht,1,1,18.55,HMM ALGECIRAS,IMO9284824,PA,V737,389,COSU,HBL,ONEY599082183,HLCU489952082,MSCU3349439,20GP,REEFER,HC,FCL,CY/CY,Bollore Logistics,1801.44
"Chilli/Capsicum, crushed/ground",09042221,09042200,090422,9,"Spices; fruits of the genus Capsicum or Pimenta, crushed or ground",MARKS8988,India,Netherlands,Netherlands,5,2025,4,2025-04,2025-04-23,20250408,20250408,import,1,5330617.29,1941.11,kg,KG,A M S SPICES AND FOOD PRODUCTS PRIVATE LIMITED,[in full dataset],[in full dataset],Malappuram,,www.supernovafoods.com,[in full dataset],Y,JACOBS DOUWE EGBERTS NL B.V.,[in full dataset],Utrecht,,www.de.nl,[in full dataset],Y,A M S SPICES AND FOOD PRODUCTS PRIVATE LIMITED,[in full dataset],,13597.8,13597.8,Kandla,Rotterdam,Utrecht,1,1,17,MADRID MAERSK,IMO9192796,LR,V481,769,MSCU,HBL,MSCU545228046,MSCU167283472,TCLU2949817,45HC,DRY,RF,FCL,CY/CFS,Expeditors,1733.25
Black pepper (whole),09041150,09041100,090411,7,"Spices; pepper (of the genus piper), neither crushed nor ground",MARKS2172,India,Netherlands,Netherlands,9,2025,3,2025-03,2025-03-05,20250315,20250315,import,1,4166176.36,6323.06,kg,KG,INDIAN RAILWAY CATERING AND TOURISM CORPORATION LIMITED,[in full dataset],[in full dataset],New Delhi,,www.irctc.com/,[in full dataset],Y,J.S. Polak Koninklijke Specerijenmaalderij B.V.,[in full dataset],Steenwijk,,www.royalpolakspices.com,[in full dataset],Y,INDIAN RAILWAY CATERING AND TOURISM CORPORATION LIMITED,[in full dataset],,10941.2,10941.2,Chennai,Rotterdam,Steenwijk,1,1,13.68,HMM ALGECIRAS,IMO1896049,SG,V201,711,ONEY,SWB,ONEY954764651,MAEU993146970,TGHU4419032,40GP,FLAT RACK,GP,LCL,CY/CY,Yusen Logistics,5943.68
"Ginger, crushed/ground",09101210,09101200,091012,6,"Spices; ginger, crushed or ground",MARKS9198,India,Netherlands,Netherlands,6,2024,1,2024-01,2024-01-14,20240122,20240122,import,1,3584339.46,661.78,kg,KG,GANDHI SPICES PRIVATE LIMITED,[in full dataset],[in full dataset],Rajkot,,www.gandhispices.in,[in full dataset],Y,J.S. Polak Koninklijke Specerijenmaalderij B.V.,[in full dataset],Steenwijk,,www.royalpolakspices.com,[in full dataset],Y,GANDHI SPICES PRIVATE LIMITED,[in full dataset],,16994.7,16994.7,"Nhava Sheva (JNPT), Mumbai",Amsterdam,Steenwijk,1,1,21.24,YM WARRANTY,IMO9266262,LR,V478,994,CMDU,HBL,MSCU875145110,CMDU320070827,TGHU7727987,40HC,FLAT RACK,GP,FCL,CFS/CFS,DB Schenker,599.86
Cumin seeds,09093121,09093100,090931,8,"Spices; cumin seeds, neither crushed nor ground",MARKS9643,India,Netherlands,Netherlands,9,2025,10,2025-10,2025-10-15,20251026,20251026,import,1,3212795.96,7346,kg,KG,Cothas Coffee Company (Jp Nagar),[in full dataset],[in full dataset],Bengaluru,,,,Y,JACOBS DOUWE EGBERTS NL B.V.,[in full dataset],Utrecht,,www.de.nl,[in full dataset],Y,Cothas Coffee Company (Jp Nagar),[in full dataset],,16097.3,16097.3,Visakhapatnam,Rotterdam,Utrecht,1,1,20.12,YM WARRANTY,IMO8642834,MH,V558,148,ONEY,HBL,HLCU191308489,MSCU799474162,TGHU9393565,45HC,DRY,HC,FCL,CY/CFS,Yusen Logistics,6602.77
