india_itc_hs8,system_identity_id,hs_code,hs_code_sure_level,product_description,marks_and_numbers,origin_country,destination_country,del_country,country_sure_level,year,month,period,sailing_date,estimate_arrival_date,actual_arrival_date,flow,mode_of_transportation,lane_value_usd,cif_value_usd,quantity_unit,weight_unit,supplier_name,supplier_address,supplier_city,supplier_phone,supplier_website,supplier_contact,indicator_true_supplier,importer_name,importer_address,importer_city,importer_phone,importer_website,importer_contact,indicator_true_buyer,notify_party_name,notify_party_address,also_notify_name,per_shipment_quantity,per_shipment_weight_kg,origin_port,destination_port,port_of_final_delivery,teu,feu,cbm,vessel_name,vessel_code,vessel_country_code,voyage,manifest_no,carrier_sasc_code,bill_type_code,bill_of_lading_no,master_bill_of_lading,container_id,container_size,container_type,container_desc_code,container_load_status,container_type_of_service,freight_forwarder_name,estimated_value_usd
40131020,6003201906000006765595,401310,5,"Rubber; inner tubes, of a kind used on motorcars (including station wagons and racing cars), buses and lorries",MARKS3151,Indonesia,India,India,9,2019,6,2019-06,2019-06-23,20190610,20190610,export,1,33101181.71,5605.62,kg,KG,PT. OCEAN TRADING INDONESIA,[in full dataset],Kabupaten Tangerang,,www.oceantoy.id,[in full dataset],Y,DCM SHRIRAM LIMITED,[in full dataset],Gurugram,,www.dcmshriram.com,[in full dataset],Y,PT. OCEAN TRADING INDONESIA,[in full dataset],,24001,24001,"Tanjung Perak, Surabaya",Chennai,Gurugram,1,1,30,MAERSK MOLLER,IMO2693491,SG,V289,846,HLCU,HBL,CMDU553047876,MSCU352157191,TCLU9793096,20GP,FLAT RACK,GP,FCL,CFS/CFS,Kuehne + Nagel,4909.22
69022020,6003202311000000402322,690220,9,"Refractory bricks, blocks, tiles and similar refractory ceramic constructional goods; containing by weight more than 50% of alumina (Al2o3), of silica (SiO2) or of a mixture or compound of these",MARKS4727,Indonesia,India,India,7,2023,11,2023-11,2023-11-27,20231123,20231123,export,1,2161289.91,9375.57,kg,KG,PT INDO AMERICAN CERAMICS,[in full dataset],Kota Administrasi Jakarta Selatan,,,,Y,SHIV SHAKTI BRICKS COMPANY,[in full dataset],Hisar,,,,Y,PT INDO AMERICAN CERAMICS,[in full dataset],,2918.3,2918.3,"Tanjung Priok, Jakarta",Chennai,Hisar,1,1,3.65,MOL TRIUMPH,IMO6445771,PA,V434,191,APLU,MBL,MAEU252353094,ONEY384239812,TCLU6537794,40GP,FLAT RACK,GP,FCL,CY/CY,DB Schenker,8620.9
09096141,6003202010000000161310,090961,9,"Spices; seeds of anise, badian, caraway or fennel; juniper berries, neither crushed nor ground",MARKS9843,China,India,India,6,2020,10,2020-10,2020-10-10,20201027,20201027,export,1,635725,21913.57,kg,KG,"Shenzhen Paopao Mate Trading Co., Ltd.",[in full dataset],Shenzhen,,www.popmart.com,[in full dataset],Y,INDIAN RAILWAY CATERING AND TOURISM CORPORATION LIMITED,[in full dataset],New Delhi,,www.irctc.com/,[in full dataset],Y,"Shenzhen Paopao Mate Trading Co., Ltd.",[in full dataset],,16538.6,16538.6,Shenzhen,Cochin,New Delhi,1,1,20.67,ONE APUS,IMO2274318,MH,V100,906,EGLV,HBL,MAEU513490215,MSCU387870609,TGHU5110562,45HC,FLAT RACK,RF,FCL,CY/CY,Bollore Logistics,20442.73
,6003201605000000963248,080529,6,"Fruit, edible; tangelos, wilkings and similar citrus hybrid, fresh or dried",MARKS2988,Singapore,India,India,7,2016,5,2016-05,2016-05-14,20160525,20160525,export,1,2095955.89,56837.97,kg,KG,OLAM INTERNATIONAL LIMITED,[in full dataset],Singapore,,www.olamgroup.com,[in full dataset],Y,WOW MOMO FOODS PRIVATE LIMITED,[in full dataset],Kolkata,,www.wowmomo.com,[in full dataset],N,OLAM INTERNATIONAL LIMITED,[in full dataset],,18313.9,18313.9,Singapore (PSA),Kandla,Kolkata,1,1,22.89,CSCL GLOBE,IMO5346565,PA,V543,512,APLU,MBL,HLCU116211431,COSU598503014,TGHU9605387,40HC,TANK,RF,FCL,CY/CY,Bollore Logistics,49914.74
25301090,6003202103000003094133,253010,9,"Vermiculite, perlite and chlorites; unexpanded",MARKS6697,Egypt,India,India,9,2021,3,2021-03,2021-03-21,20210318,20210318,export,1,5474637.32,2550.33,kg,KG,EGYPTIAN GYPSUM COMPANY SAE,[in full dataset],Giza,,www.saint-gobain-gyproc.com,[in full dataset],Y,AMBUJA CEMENTS LIMITED,[in full dataset],Mumbai,,www.ambujacement.com,[in full dataset],Y,EGYPTIAN GYPSUM COMPANY SAE,[in full dataset],,16053.4,16053.4,Sokhna,Tuticorin,Mumbai,1,1,20.07,YM WARRANTY,IMO6018011,SG,V577,918,HLCU,SWB,MAEU108144856,ONEY192935631,CAIU9114514,40GP,REEFER,RF,FCL,CFS/CFS,Expeditors,2347.21
08121000,6003201601000006167378,081210,5,"Fruit, edible; cherries, provisionally preserved, but unsuitable in that state for immediate consumption",MARKS8285,United States,India,India,8,2016,1,2016-01,2016-01-10,20160105,20160105,export,1,25760448,2393.61,kg,KG,The Kraft Heinz Company,[in full dataset],Pittsburgh,,www.kraftheinzcompany.com,[in full dataset],Y,GRAPES DIGITAL PRIVATE LIMITED,[in full dataset],New Delhi,,www.grapesdigital.com,[in full dataset],Y,The Kraft Heinz Company,[in full dataset],,18907.2,18907.2,"Houston, TX",Cochin,New Delhi,1,1,23.63,MAERSK MOLLER,IMO8540347,PA,V565,442,OOLU,MBL,EGLV947301051,MAEU563844841,TGHU9063038,40HC,REEFER,HC,FCL,CY/CFS,CEVA Logistics,2244.98
15071000,6003201503000004406332,150710,7,"Vegetable oils; soya-bean oil and its fractions, crude, whether or not degummed, not chemically modified",MARKS6660,Malaysia,India,India,8,2015,3,2015-03,2015-03-13,20150316,20150316,export,1,242261037.63,42686.05,kg,KG,PACIFIC OILS & FATS INDUSTRIES SDN. BHD.,[in full dataset],Kulai,,www.pacificofats.com,[in full dataset],Y,AMBALA OILS AND FATS PRIVATE LIMITED,[in full dataset],Ambala,,,,Y,PACIFIC OILS & FATS INDUSTRIES SDN. BHD.,[in full dataset],,11448.7,11448.7,Port Klang,Visakhapatnam,Ambala,1,1,14.31,EVER ACME,IMO7134209,PA,V336,416,CMDU,SWB,CMDU221670904,CMDU644056135,FCIU3251017,20GP,TANK,RF,LCL,CY/CFS,Expeditors,38085.13
48043900,6003201801000003913136,480439,9,"Kraft paper and paperboard; uncoated, bleached, weight 150g/m2 or less, in rolls or sheets, other than that of heading no. 4802 or 4803",MARKS9818,South Korea,India,India,9,2018,1,2018-01,2018-01-13,20180107,20180107,export,1,18397613,76541.89,kg,KG,"HANSOL PAPER Co., Ltd.",[in full dataset],Seoul,,www.hansolpaper.co.kr,[in full dataset],Y,USHODAYA ENTERPRISES PRIVATE LIMITED,[in full dataset],Hyderabad,,www.eenadu.net,[in full dataset],Y,"HANSOL PAPER Co., Ltd.",[in full dataset],,4097.5,4097.5,Gwangyang,Kandla,Hyderabad,1,1,5.12,CMA CGM JULES VERNE,IMO8763527,PA,V330,174,COSU,SWB,MSCU300776622,ONEY410631219,TGHU2221887,40GP,REEFER,HC,FCL,CY/CFS,Sinotrans,67384.53
08092100,6003201609000011045064,080921,8,"Fruit, edible; sour cherries (Prunus cerasus), fresh",MARKS1895,United States,India,India,6,2016,9,2016-09,2016-09-12,20160927,20160927,export,1,102668115,4479.91,kg,KG,The Kraft Heinz Company,[in full dataset],Pittsburgh,,www.kraftheinzcompany.com,[in full dataset],Y,VISHAAL NATURAL FOOD PRODUCTS INDIA PRIVATE LIMITED,[in full dataset],Bengaluru,,www.vishaalnatural.com,[in full dataset],Y,The Kraft Heinz Company,[in full dataset],,8646.4,8646.4,"Oakland, CA",Cochin,Bengaluru,1,1,10.81,OOCL HONG KONG,IMO2563264,LR,V870,518,CMDU,MBL,COSU581964019,MSCU992780702,GESU9877522,40HC,OPEN TOP,HC,FCL,CY/CY,CEVA Logistics,4020.33
09103010,6003202010000001604614,091030,7,Spices; turmeric (curcuma),MARKS5168,Indonesia,India,India,9,2020,10,2020-10,2020-10-03,20201001,20201001,export,1,15964325.41,2533.37,kg,KG,PT GAPURA AGRO INDONESIA,[in full dataset],Kota Tangerang Selatan,,,,Y,S.L.N. COFFEE PRIVATE LIMITED,[in full dataset],Kodagu,,www.slncoffee.com,[in full dataset],N,PT GAPURA AGRO INDONESIA,[in full dataset],,1958.2,1958.2,Belawan,Kolkata,Kodagu,1,1,2.45,EVER ACME,IMO9982965,MH,V797,10,ONEY,HBL,YMLU574396385,CMDU395965451,FCIU6403646,45HC,DRY,HC,FCL,CFS/CFS,DSV,2225.36
70080090,6003202404000005516172,700800,9,Glass; multiple-walled insulating units of glass,MARKS9249,China,India,India,8,2024,4,2024-04,2024-04-08,20240419,20240419,export,1,141170363,1303,kg,KG,"Shenzhen Sundish Glassware Co., Ltd.",[in full dataset],Guangzhou,,www.sdsglass.com,[in full dataset],Y,SERAIKELLA GLASS WORKS LIMITED,[in full dataset],East Singhbhum,,,,Y,"Shenzhen Sundish Glassware Co., Ltd.",[in full dataset],,17595.3,17595.3,Yingkou,Cochin,East Singhbhum,1,1,21.99,EVER ACME,IMO5396339,SG,V904,781,COSU,HBL,MSCU105599003,MSCU736916385,BMOU1030203,40HC,TANK,RF,FCL,CFS/CFS,Expeditors,1183.03
44111300,6003201703000001622475,441113,5,"Medium density fibreboard (MDF), of a thickness exceeding 5 mm but not exceeding 9 mm",MARKS2880,South Africa,India,India,9,2017,3,2017-03,2017-03-12,20170316,20170316,export,1,3373154.52,4392.9,kg,KG,GT WOODEN PANEL PRINTING DESIGN (PTY) LTD,[in full dataset],MABOPANE,,,,Y,HELLA INFRA MARKET WOOD PRODUCTS PRIVATE LIMITED,[in full dataset],Thane,,,,Y,GT WOODEN PANEL PRINTING DESIGN (PTY) LTD,[in full dataset],,17829.3,17829.3,Port Elizabeth,Kolkata,Thane,1,1,22.29,CMA CGM JULES VERNE,IMO4152361,SG,V824,61,YMLU,HBL,CMDU998436045,EGLV499277474,MSCU2863864,45HC,TANK,HC,FCL,CY/CFS,Nippon Express,4119.7
09061110,6003202001000001372020,090611,7,"Spices; cinnamon (Cinnamomum zeylanicum Blume), neither crushed nor ground",MARKS2332,Indonesia,India,India,6,2020,1,2020-01,2020-01-09,20200120,20200120,export,1,11075862.44,3033.74,kg,KG,PT PERKEBUNAN NUSANTARA IX (PERSERO) - JOLOTIGO,[in full dataset],Kota Pekalongan,,,,Y,INDUS COFFEE PRIVATE LIMITED,[in full dataset],Nellore,,www.induscoffee.in,[in full dataset],Y,PT PERKEBUNAN NUSANTARA IX (PERSERO) - JOLOTIGO,[in full dataset],,10145.8,10145.8,Makassar,Kandla,Nellore,1,1,12.68,CSCL GLOBE,IMO6146903,PA,V301,22,MAEU,HBL,MAEU232711704,YMLU689490785,FCIU9111621,20GP,TANK,HC,LCL,CY/CY,Nippon Express,2744.91
,6003202307000000545248,690723,6,"Ceramic tiles; flags and paving, hearth or wall tiles other than those of subheadings 6907.30 and 6907.40, of a water absorption coefficient by weight over 10%",MARKS3819,Japan,India,India,6,2023,7,2023-07,2023-07-02,20230721,20230721,export,1,3165710.2,7707.87,kg,KG,"AGC CERAMICS CO., LTD.",[in full dataset],MINATO-KU,,www.agcc.jp/,[in full dataset],Y,PARUL BRICKS INDUSTRIES,[in full dataset],Agartala,,,,Y,"AGC CERAMICS CO., LTD.",[in full dataset],,21908.8,21908.8,Tokyo,"Nhava Sheva (JNPT), Mumbai",Agartala,1,1,27.39,OOCL HONG KONG,IMO9273531,LR,V975,84,HLCU,SWB,MAEU957357414,MAEU504089690,TGHU6834058,40HC,REEFER,HC,FCL,CY/CFS,Bollore Logistics,7305.96
70189010,6003202408000006017995,701890,9,"Glass; articles thereof, statuettes and other ornaments of lamp worked glass, other than imitation jewellery",MARKS1054,China,India,India,5,2024,8,2024-08,2024-08-13,20240824,20240824,export,1,190766152,15322.94,kg,KG,ANPEL Laboratory Technologies(Shanghai) Inc.,[in full dataset],Shanghai,,www.anpel.com.cn,[in full dataset],N,NEUTRAL GLASS AND ALLIED INDUSTRIES PRIVATE LIMITED,[in full dataset],Mumbai,,www.gerresheimer.com,[in full dataset],Y,ANPEL Laboratory Technologies(Shanghai) Inc.,[in full dataset],,6327.5,6327.5,Dalian,Kolkata,Mumbai,1,1,7.91,MOL TRIUMPH,IMO9988418,LR,V406,948,YMLU,MBL,ONEY481438090,CMDU918630952,TGHU9887707,45HC,DRY,GP,FCL,CY/CFS,Bollore Logistics,13942.22
09019020,6003202010000001604962,090190,6,"Coffee; husks and skins, coffee substitutes containing coffee in any proportion",MARKS4706,Indonesia,India,India,6,2020,10,2020-10,2020-10-18,20201022,20201022,export,1,15964325.41,3184.19,kg,KG,UD SUPANGAT,[in full dataset],Kabupaten Ogan Komering Ulu,,,,Y,VILLARVATTOM SPICES PRIVATE LIMITED,[in full dataset],Ernakulam,,,,Y,UD SUPANGAT,[in full dataset],,8725.1,8725.1,Makassar,Kolkata,Ernakulam,1,1,10.91,CMA CGM JULES VERNE,IMO8984878,PA,V442,824,HLCU,SWB,EGLV662806176,ONEY792765317,FCIU4868586,40GP,REEFER,GP,FCL,CY/CFS,Kuehne + Nagel,2888.51
70191200,6003202402000005406997,701912,6,"Glass fibres; (including glass wool), rovings",MARKS2837,China,India,India,9,2024,2,2024-02,2024-02-21,20240206,20240206,export,1,124562805,21526.39,kg,KG,"Anhui Xinyi Photovoltaic Glass Co., Ltd.",[in full dataset],Wuhu,,www.xinyisolar.com,[in full dataset],Y,NATIONAL PHYSICAL LABORATORY,[in full dataset],New Delhi,,www.nplindia.org,[in full dataset],Y,"Anhui Xinyi Photovoltaic Glass Co., Ltd.",[in full dataset],,5193.7,5193.7,Xiamen,"Mundra, Gujarat",New Delhi,1,1,6.49,OOCL HONG KONG,IMO6908970,PA,V729,436,EGLV,SWB,CMDU390193723,COSU941362365,MSCU8321030,40GP,TANK,HC,FCL,CY/CFS,CEVA Logistics,19761.19
25174900,6003202105000004568426,251749,5,"Stones; of heading no. 2515 or 2516 (excluding marble), in granules, chippings and powder, whether or not heat-treated",MARKS7823,China,India,India,9,2021,5,2021-05,2021-05-24,20210521,20210521,export,1,10472238,10029.03,kg,KG,"Tianshan Material Co., Ltd.",[in full dataset],Shanghai,,www.sinoma-tianshan.cn,[in full dataset],Y,ULTRATECH CEMENT LIMITED,[in full dataset],Mumbai,,www.ultratechcement.com,[in full dataset],Y,"Tianshan Material Co., Ltd.",[in full dataset],,14844.7,14844.7,Guangzhou,"Mundra, Gujarat",Mumbai,1,1,18.56,OOCL HONG KONG,IMO7132168,LR,V109,149,HMMU,HBL,MAEU966700512,MSCU863799565,MSCU2182280,45HC,FLAT RACK,GP,FCL,CY/CFS,DHL Global Forwarding,9178.47
44111300,6003201710000007192644,441113,9,"Medium density fibreboard (MDF), of a thickness exceeding 5 mm but not exceeding 9 mm",MARKS1019,Malaysia,India,India,7,2017,10,2017-10,2017-10-13,20171005,20171005,export,1,30714956.27,14397,kg,KG,JAFUONG PLYWOOD CORPORATION SDN BHD,[in full dataset],Sibu,,,,Y,OMPRAKASH SMALL WOODEN WORK,[in full dataset],Raisen,,,,Y,JAFUONG PLYWOOD CORPORATION SDN BHD,[in full dataset],,19259.2,19259.2,Penang,Tuticorin,Raisen,1,1,24.07,HYUNDAI LOYALTY,IMO9855012,PA,V627,593,APLU,HBL,MSCU653010570,EGLV896137624,TGHU6739178,45HC,FLAT RACK,GP,FCL,CFS/CFS,Bollore Logistics,13097.67
,6003201505000004541054,150940,6,"Vegetable oils; olive oil and its fractions, virgin olive oils n.e.c. in heading 1509, whether or not refined, but not chemically modified",MARKS2861,Indonesia,India,India,5,2015,5,2015-05,2015-05-13,20150525,20150525,export,1,305794621,31450.83,kg,KG,PT INNO-WANGSA OILS & FATS,[in full dataset],Kota Medan,,www.inno-wangsa.co.id,[in full dataset],Y,RAINBOW WAXES,[in full dataset],Mumbai,,,,Y,PT INNO-WANGSA OILS & FATS,[in full dataset],,5335.7,5335.7,"Tanjung Priok, Jakarta",Cochin,Mumbai,1,1,6.67,MSC GULSUN,IMO9560213,SG,V306,138,COSU,SWB,ONEY825848388,CMDU955324526,BMOU4130253,45HC,DRY,HC,LCL,CFS/CFS,DHL Global Forwarding,28506.17
68129911,6003202212000003029618,681299,7,"Asbestos or mixtures with a basis of asbestos (other than crocidolite); fibres, mixtures or articles n.e.c. in heading no. 6812, whether or not reinforced, not goods of heading 6811 or 6813",MARKS2458,China,India,India,8,2022,12,2022-12,2022-12-02,20221203,20221203,export,1,42343621,27711.5,kg,KG,"Huaxin Building Materials Group Co.,Ltd.",[in full dataset],Wuhan,,www.huaxincem.com,[in full dataset],Y,POKARNA ENGINEERED STONE LIMITED,[in full dataset],Hyderabad,,www.pokarna.com,[in full dataset],Y,"Huaxin Building Materials Group Co.,Ltd.",[in full dataset],,11574.6,11574.6,Tianjin,Chennai,Hyderabad,1,1,14.47,EVER ACME,IMO1198509,PA,V717,619,YMLU,SWB,COSU262384892,COSU493999659,TGHU3020207,40HC,FLAT RACK,GP,FCL,CY/CY,Sinotrans,24979.9
44101900,6003201705000006665128,441019,9,"Wafer board and similar board of wood n.e.c. in item no. 4410.1, whether or not agglomerated with resins or other organic binding substances",MARKS9426,China,India,India,6,2017,5,2017-05,2017-05-15,20170522,20170522,export,1,27107770,919.3,kg,KG,"Rizhao Jinghang Forest Products Furniture Co., Ltd.",[in full dataset],Rizhao,,,,Y,SHIV SHAKTI ENTERPRISES,[in full dataset],Udham Singh Nagar,,,,Y,"Rizhao Jinghang Forest Products Furniture Co., Ltd.",[in full dataset],,10049.5,10049.5,Yingkou,Kolkata,Udham Singh Nagar,1,1,12.56,ONE APUS,IMO2722679,LR,V442,412,ZIMU,SWB,CMDU491152704,MSCU162828425,TGHU5296638,20GP,OPEN TOP,HC,LCL,CFS/CFS,CEVA Logistics,803.2
68042110,6003202207000003349720,680421,8,"Millstones, grindstones, grinding wheels and the like; of agglomerated synthetic or natural diamond",MARKS1752,China,India,India,8,2022,7,2022-07,2022-07-23,20220705,20220705,export,1,53546388,13506.77,kg,KG,"China Testing & Certification International Group Co.,Ltd.",[in full dataset],Beijing,,www.ctc.ac.cn,[in full dataset],Y,ACC LIMITED,[in full dataset],Ahmedabad,,www.acclimited.com,[in full dataset],Y,"China Testing & Certification International Group Co.,Ltd.",[in full dataset],,635.4,635.4,Yingkou,Visakhapatnam,Ahmedabad,1,1,0.79,MSC OSCAR,IMO1392895,SG,V367,154,MAEU,MBL,HLCU311298510,COSU948183414,BMOU1574571,45HC,TANK,GP,FCL,CY/CY,Expeditors,12790.79
25174100,6003202111000002411158,251741,7,"Stones; of marble, in granules, chippings and powder, whether or not heat-treated",MARKS9411,United States,India,India,5,2021,11,2021-11,2021-11-23,20211107,20211107,export,1,4033196,216.85,kg,KG,"Oxbow Carbon & Minerals Holdings, Inc.",[in full dataset],West Palm Beach,,www.oxbow.com,[in full dataset],Y,JK LAKSHMI CEMENT LIMITED,[in full dataset],New Delhi,,www.jklakshmicement.com,[in full dataset],Y,"Oxbow Carbon & Minerals Holdings, Inc.",[in full dataset],,7257.2,7257.2,"New York/Newark, NJ",Kolkata,New Delhi,1,1,9.07,HMM ALGECIRAS,IMO5364461,PA,V297,607,YMLU,MBL,COSU610263156,EGLV876270480,TGHU1639432,20GP,OPEN TOP,HC,FCL,CFS/CFS,Yusen Logistics,200
25232100,6003202104000001435670,252321,6,"Cement; portland, white, whether or not artificially coloured",MARKS5243,Spain,India,India,7,2021,4,2021-04,2021-04-14,20210421,20210421,export,1,2158387.71,958.61,kg,KG,PLADUR GYPSUM SAU.,[in full dataset],VALDEMORO,,www.pladur.com,[in full dataset],Y,MARUDHAR QUARTZ SURFACES PRIVATE LIMITED,[in full dataset],Bengaluru,,,,N,PLADUR GYPSUM SAU.,[in full dataset],,9971.5,9971.5,Algeciras,"Nhava Sheva (JNPT), Mumbai",Bengaluru,1,1,12.46,MADRID MAERSK,IMO1408487,SG,V801,131,EGLV,MBL,ONEY632855427,COSU224016946,FCIU1189611,40GP,REEFER,HC,FCL,CFS/CFS,DSV,893.07
15021010,6003201510000004605883,150210,7,Tallow; other than those of heading 1503,MARKS3229,Indonesia,India,India,8,2015,10,2015-10,2015-10-04,20151017,20151017,export,1,350486499,9388.72,kg,KG,PT INNO-WANGSA OILS & FATS,[in full dataset],Kota Medan,,www.inno-wangsa.co.id,[in full dataset],Y,SIDDHI MARGARINE SPECIALITIES LIMITED,[in full dataset],Ahmedabad,,www.siddhimargarine.com,[in full dataset],Y,PT INNO-WANGSA OILS & FATS,[in full dataset],,23781.7,23781.7,Makassar,"Nhava Sheva (JNPT), Mumbai",Ahmedabad,1,1,29.73,COSCO UNIVERSE,IMO6400242,SG,V831,712,MSCU,MBL,EGLV617735611,YMLU387837198,TCLU3075830,40HC,TANK,HC,FCL,CFS/CFS,Nippon Express,8461.02
52054390,6003202506000001515978,520543,9,"Cotton yarn; (not sewing thread), multiple or cabled, of combed fibres, 85% or more by weight of cotton, 232.55 to 192.31 decitex (44 to 52 metric number) per single yarn, not for retail sale",MARKS3109,United States,India,India,6,2025,6,2025-06,2025-06-15,20250628,20250628,export,1,31382861,12518.71,kg,KG,"Port of Corpus Christi Authority of Nueces County, Texas",[in full dataset],Corpus Christi,,www.portofcc.com,[in full dataset],Y,BOWRESH COTTON MILLS COMPANY LIMITED,[in full dataset],Kolkata,,,,Y,"Port of Corpus Christi Authority of Nueces County, Texas",[in full dataset],,11395.5,11395.5,"Seattle, WA",Visakhapatnam,Kolkata,1,1,14.24,EVER ACME,IMO5314288,MH,V597,716,EGLV,HBL,MAEU777128939,EGLV451164044,BMOU1694106,20GP,REEFER,GP,LCL,CFS/CFS,CEVA Logistics,11499.19
48131000,6003201809000006533752,481310,7,"Paper, cigarette; in the form of booklets or tubes",MARKS9316,China,India,India,9,2018,9,2018-09,2018-09-19,20180916,20180916,export,1,52234833,55013.05,kg,KG,"Inner Mongolia Daxing'Anling Pulp & Paper Co., Ltd.",[in full dataset],Zhalantun,,,,Y,ITC LIMITED,[in full dataset],Kolkata,,www.itcportal.com,[in full dataset],Y,"Inner Mongolia Daxing'Anling Pulp & Paper Co., Ltd.",[in full dataset],,15806.6,15806.6,Guangzhou,"Mundra, Gujarat",Kolkata,1,1,19.76,EVER ACME,IMO5860481,PA,V739,260,EGLV,MBL,MAEU119851144,MSCU833107070,TCLU3021367,40GP,DRY,HC,FCL,CY/CFS,Nippon Express,48813.22
69010010,6003202311000003032377,690100,8,"Bricks, blocks, tiles and other ceramic goods of siliceous fossil meals (e.g. kieselguhr, tripolite or diatomite) or of similar siliceous earths",MARKS4599,China,India,India,7,2023,11,2023-11,2023-11-22,20231118,20231118,export,1,55213317,5925.63,kg,KG,"Wenzhou Hongli Machinery Co., Ltd.",[in full dataset],Wenzhou,,www.chinatianchi.com,[in full dataset],Y,AKIK CERAMICS PRIVATE LIMITED,[in full dataset],Ahmedabad,,,,Y,"Wenzhou Hongli Machinery Co., Ltd.",[in full dataset],,18749,18749,Tianjin,Kolkata,Ahmedabad,1,1,23.44,CMA CGM JULES VERNE,IMO4217402,SG,V653,638,HMMU,SWB,CMDU309491571,EGLV139319417,BMOU8799559,40GP,OPEN TOP,GP,LCL,CFS/CFS,CEVA Logistics,5376.91
48026220,6003201811000006319685,480262,9,"Uncoated paper and paperboard (not 4801 or 4803); over 10% by weight of mechanical or chemi-mechanical processed fibre, in sheets 435mm or less by 297mm or less (unfolded)",MARKS6533,China,India,India,7,2018,11,2018-11,2018-11-23,20181127,20181127,export,1,47856550,13124.53,kg,KG,"Wuzhou Special Paper Group Co., Ltd.",[in full dataset],Quzhou,,www.wztzzy.com,[in full dataset],Y,ORIENT PAPER AND INDUSTRIES LIMITED,[in full dataset],Kolkata,,www.orientpaperindia.com,[in full dataset],Y,"Wuzhou Special Paper Group Co., Ltd.",[in full dataset],,1626.5,1626.5,Xiamen,Kolkata,Kolkata,1,1,2.03,EVER GIVEN,IMO3686061,SG,V244,610,MSCU,HBL,MAEU667464367,EGLV492821672,CAIU1734948,20GP,DRY,HC,LCL,CY/CFS,Expeditors,11511.76
44187900,6003201708000007252587,441879,6,"Wood; assembled flooring panels, n.e.c in headings 4418.73, 4418.74 or 4418.75",MARKS4875,Malaysia,India,India,9,2017,8,2017-08,2017-08-26,20170828,20170828,export,1,31009113.59,6026.21,kg,KG,MERCURIES & MUAR WOODEN FURNITURE MFG. SDN. BHD.,[in full dataset],Bukit Pasir,,,,Y,CENTURY PLYBOARDS (INDIA) LIMITED,[in full dataset],Kolkata,,www.centuryply.com,[in full dataset],Y,MERCURIES & MUAR WOODEN FURNITURE MFG. SDN. BHD.,[in full dataset],,15674.7,15674.7,Port Klang,Chennai,Kolkata,1,1,19.59,CSCL GLOBE,IMO2741418,SG,V942,924,MSCU,HBL,EGLV228549140,EGLV565196409,CAIU1907076,40GP,REEFER,GP,FCL,CY/CFS,Expeditors,5705.69
,6003202409000005928799,701980,9,Glass fibres; glass wool and articles thereof,MARKS4414,China,India,India,6,2024,9,2024-09,2024-09-17,20240927,20240927,export,1,179414730,2732.33,kg,KG,"Dongguan Xinyi Optical Manufacturing Co., Ltd.",[in full dataset],Dongguan,,www.sunhingoffice.com,[in full dataset],N,PGP GLASS PRIVATE LIMITED,[in full dataset],Mumbai,,www.pgpfirst.com,[in full dataset],Y,"Dongguan Xinyi Optical Manufacturing Co., Ltd.",[in full dataset],,14037.7,14037.7,Shanghai,Chennai,Mumbai,1,1,17.55,MSC OSCAR,IMO9976845,PA,V192,455,MAEU,MBL,MAEU655053569,HLCU315347910,TGHU9588201,40GP,REEFER,RF,FCL,CFS/CFS,DSV,2507.72
52121200,6003202510000002206079,521212,9,"Fabrics, woven; of cotton, bleached, weighing not more than 200g/m2, n.e.c. in chapter 52",MARKS5523,Brazil,India,India,7,2025,10,2025-10,2025-10-09,20251020,20251020,export,1,110986790,12038.65,kg,KG,COTTON STAR INDUSTRIAL LTDA,[in full dataset],BLUMENAU,,,,N,AMBIKA COTTON MILLS LIMITED,[in full dataset],Coimbatore,,www.acmills.in,[in full dataset],Y,COTTON STAR INDUSTRIAL LTDA,[in full dataset],,1858.3,1858.3,Santos,Cochin,Coimbatore,1,1,2.32,EVER GIVEN,IMO5946993,MH,V949,256,ZIMU,MBL,HLCU857421506,YMLU871219559,BMOU5088863,40HC,OPEN TOP,GP,FCL,CY/CY,CEVA Logistics,11279.16
15161000,6003201505000004553519,151610,9,"Animal fats and oils and their fractions; partly or wholly hydrogenated, inter-esterified, re-esterified or elaidinised, whether or not refined, but not further prepared",MARKS2171,Indonesia,India,India,7,2015,5,2015-05,2015-05-17,20150516,20150516,export,1,305794621,1066.32,kg,KG,PT INNO - WANGSA OILS & FATS,[in full dataset],Kota Medan,,,,N,HINDUSTAN VEGETABLE OILS CORPORATION LIMITED,[in full dataset],New Delhi,,,,Y,PT INNO - WANGSA OILS & FATS,[in full dataset],,24620.7,24620.7,Makassar,"Mundra, Gujarat",New Delhi,1,1,30.78,MADRID MAERSK,IMO8502953,SG,V692,836,MAEU,MBL,CMDU445406067,MSCU327649966,FCIU6916344,45HC,OPEN TOP,HC,FCL,CFS/CFS,DSV,975.52
25292200,6003202107000003902791,252922,7,Fluorspar; containing by weight more than 97% of calcium fluoride,MARKS6828,Egypt,India,India,7,2021,7,2021-07,2021-07-10,20210712,20210712,export,1,7815063.68,13482.39,kg,KG,EGYPTIAN GYPSUM COMPANY SAE,[in full dataset],Giza,,www.saint-gobain-gyproc.com,[in full dataset],Y,ULTRATECH CEMENT LIMITED,[in full dataset],Mumbai,,www.ultratechcement.com,[in full dataset],Y,EGYPTIAN GYPSUM COMPANY SAE,[in full dataset],,18182.3,18182.3,Port Said,Kandla,Mumbai,1,1,22.73,OOCL HONG KONG,IMO1757058,SG,V275,644,ONEY,SWB,COSU124662228,ONEY446585925,BMOU2982815,40HC,TANK,RF,FCL,CY/CY,DHL Global Forwarding,11918.22
15019000,6003201502000004502046,150190,9,Poultry fat; other than that of heading 0209 or 1503,MARKS7302,Indonesia,India,India,6,2015,2,2015-02,2015-02-26,20150213,20150213,export,1,289437478,118003.42,kg,KG,PT INNO-WANGSA OILS & FATS,[in full dataset],Kota Medan,,www.inno-wangsa.co.id,[in full dataset],Y,SUNSHINE OILS & FATS,[in full dataset],Bengaluru,,,,Y,PT INNO-WANGSA OILS & FATS,[in full dataset],,3595.7,3595.7,"Tanjung Priok, Jakarta",Kandla,Bengaluru,1,1,4.49,APL MEXICO CITY,IMO1280248,LR,V260,896,EGLV,HBL,YMLU773081691,MAEU634103021,CAIU7494911,40HC,OPEN TOP,GP,FCL,CY/CFS,DB Schenker,111135.86
,6003202411000005757700,700600,5,"Glass of heading no. 7003, 7004 or 7005; bent, edge-worked, engraved, drilled, enamelled or otherwise worked, but not framed or fitted with other materials",MARKS6038,China,India,India,5,2024,11,2024-11,2024-11-05,20241122,20241122,export,1,160400563,35095.09,kg,KG,"Xinyi Ultra Thin Glass (dongguan) Co., Ltd",[in full dataset],Dongguan,,www.xinyiglass.com,[in full dataset],Y,NATIONAL PHYSICAL LABORATORY,[in full dataset],New Delhi,,www.nplindia.org,[in full dataset],Y,"Xinyi Ultra Thin Glass (dongguan) Co., Ltd",[in full dataset],,20524,20524,Shanghai,Chennai,New Delhi,1,1,25.66,YM WARRANTY,IMO3252159,SG,V566,779,MSCU,MBL,CMDU191673312,MAEU668838078,GESU3274902,40HC,REEFER,RF,FCL,CY/CFS,DSV,32632.79
08106000,6003201608000010924719,081060,8,"Fruit, edible; durians, fresh",MARKS7855,United States,India,India,6,2016,8,2016-08,2016-08-11,20160808,20160808,export,1,99381205,945.75,kg,KG,"Conagra Brands, Inc.",[in full dataset],Chicago,,www.conagrabrands.com,[in full dataset],Y,S K AGRI EXPORTS PRIVATE LIMITED,[in full dataset],Ahmedabad,,,,Y,"Conagra Brands, Inc.",[in full dataset],,22092.7,22092.7,"New York/Newark, NJ",Chennai,Ahmedabad,1,1,27.62,YM WARRANTY,IMO2737495,MH,V752,141,COSU,MBL,COSU666221134,EGLV768519152,TCLU6679089,20GP,OPEN TOP,RF,FCL,CFS/CFS,DHL Global Forwarding,850.77
40129049,6003201902000004919217,401290,8,Rubber; tyres n.e.c. in heading no. 4012,MARKS9455,South Korea,India,India,6,2019,2,2019-02,2019-02-15,20190215,20190215,export,1,19491063,3814.5,kg,KG,"Kolon Industries, Inc.",[in full dataset],Seoul,,www.kolonindustries.com,[in full dataset],Y,RELIANCE INDUSTRIES LIMITED,[in full dataset],Mumbai,,www.ril.com,[in full dataset],Y,"Kolon Industries, Inc.",[in full dataset],,9297.2,9297.2,Incheon,Chennai,Mumbai,1,1,11.62,YM WARRANTY,IMO1183731,MH,V958,259,APLU,MBL,ONEY563221891,ONEY905668875,FCIU7950425,20GP,FLAT RACK,HC,LCL,CY/CY,DHL Global Forwarding,3552.66
52054320,6003202507000001594365,520543,7,"Cotton yarn; (not sewing thread), multiple or cabled, of combed fibres, 85% or more by weight of cotton, 232.55 to 192.31 decitex (44 to 52 metric number) per single yarn, not for retail sale",MARKS8904,United States,India,India,8,2025,7,2025-07,2025-07-14,20250726,20250726,export,1,36090882,45782.44,kg,KG,"Meridian Industries, Inc.",[in full dataset],Milwaukee,,www.meridiancompanies.com,[in full dataset],Y,SAGAR MANUFACTURERS PRIVATE LIMITED,[in full dataset],Bhopal,,www.sagarmanufacturers.com,[in full dataset],Y,"Meridian Industries, Inc.",[in full dataset],,18661.3,18661.3,"Charleston, SC","Nhava Sheva (JNPT), Mumbai",Bhopal,1,1,23.33,ONE APUS,IMO4597652,LR,V107,948,HLCU,HBL,MSCU926438300,HLCU851413052,BMOU2353751,45HC,DRY,HC,FCL,CY/CFS,Kuehne + Nagel,40142.55
08023200,6003201602000006970284,080232,6,"Nuts, edible; walnuts, fresh or dried, shelled",MARKS9369,United States,India,India,6,2016,2,2016-02,2016-02-03,20160213,20160213,export,1,32277974,5353.49,kg,KG,"Conagra Brands, Inc.",[in full dataset],Chicago,,www.conagrabrands.com,[in full dataset],Y,HALDI RAM PRODUCTS PRIVATE LIMITED,[in full dataset],Noida,,www.haldiramsonline.com,[in full dataset],Y,"Conagra Brands, Inc.",[in full dataset],,14407.1,14407.1,"Norfolk, VA",Cochin,Noida,1,1,18.01,MADRID MAERSK,IMO4550867,LR,V520,323,YMLU,MBL,YMLU618442753,CMDU712857448,CAIU3997637,40GP,TANK,HC,FCL,CY/CY,Expeditors,4813.93
68029100,6003202203000000390736,680291,8,"Marble, travertine and alabaster; articles thereof, (other than simply cut or sawn, with a flat or even surface)",MARKS2637,Brazil,India,India,7,2022,3,2022-03,2022-03-18,20220306,20220306,export,1,1414788,14690.08,kg,KG,STONE INSTITUICAO DE PAGAMENTO S.A,[in full dataset],SAO PAULO,,www.stone.com.br,[in full dataset],Y,MAUJI STONE CRUSHER,[in full dataset],Jaipur,,,,Y,STONE INSTITUICAO DE PAGAMENTO S.A,[in full dataset],,12109.1,12109.1,Santos,"Mundra, Gujarat",Jaipur,1,1,15.14,EVER ACME,IMO9107412,MH,V330,138,MSCU,SWB,HLCU724286070,HLCU281874092,BMOU9015214,45HC,TANK,HC,FCL,CFS/CFS,DB Schenker,13723.48
70199010,6003202411000005761667,701990,6,Glass fibres; n.e.c. in heading no. 7019,MARKS8542,China,India,India,8,2024,11,2024-11,2024-11-03,20241118,20241118,export,1,160400563,9056.81,kg,KG,"Tianjin CSG Energy-saving Glass Co., Ltd.",[in full dataset],Tianjin,,www.tianjinnanbo.com,[in full dataset],Y,HINDUSTAN NATIONAL GLASS COMPANY LIMITED,[in full dataset],Nashik,,,,Y,"Tianjin CSG Energy-saving Glass Co., Ltd.",[in full dataset],,7514.5,7514.5,Shenzhen,Chennai,Nashik,1,1,9.39,MOL TRIUMPH,IMO4658900,MH,V824,11,ZIMU,SWB,MSCU534921457,ONEY777321338,MSCU2274358,20GP,FLAT RACK,HC,FCL,CY/CFS,DB Schenker,8479.55
,6003201508000004137749,151010,8,"Vegetable oils; crude olive pomace oil and their fractions, obtained solely from olives, whether or not refined, but not chemically modified",MARKS6665,Malaysia,India,India,7,2015,8,2015-08,2015-08-08,20150807,20150807,export,1,161536649.11,6309.07,kg,KG,RUCHI OILS & FATS SDN. BHD.,[in full dataset],Kuala Lumpur,,,,Y,YASH VEGETABLE OILS PRIVATE LIMITED,[in full dataset],East Godavari,,,,Y,RUCHI OILS & FATS SDN. BHD.,[in full dataset],,4676.4,4676.4,Port Klang,Kandla,East Godavari,1,1,5.85,ONE APUS,IMO1049015,SG,V339,981,EGLV,HBL,MSCU363541955,COSU527422194,GESU6382568,40GP,OPEN TOP,RF,LCL,CY/CY,Kuehne + Nagel,5858.32
,6003201709000004777929,440797,8,"Wood; of poplar and aspen (Populus spp.), sawn or chipped lengthwise, sliced or peeled, of a thickness exceeding 6mm, whether or not planed, sanded or finger-jointed",MARKS1364,China,India,India,6,2017,9,2017-09,2017-09-03,20170924,20170924,export,1,16003635,19430.1,kg,KG,"Wuxi Lianyuanda Elaboration Machinery Co., Ltd.",[in full dataset],Wuxi,,,,Y,GREENPLY INDUSTRIES LIMITED,[in full dataset],Kolkata,,www.greenply.com,[in full dataset],Y,"Wuxi Lianyuanda Elaboration Machinery Co., Ltd.",[in full dataset],,6936.2,6936.2,Xiamen,"Nhava Sheva (JNPT), Mumbai",Kolkata,1,1,8.67,OOCL HONG KONG,IMO8720914,LR,V915,694,APLU,HBL,CMDU337915658,CMDU658908089,TGHU9832994,20GP,REEFER,RF,FCL,CY/CY,Kuehne + Nagel,17986.99
48103930,6003201812000006173846,481039,5,"Kraft paper and paperboard; coated with kaolin or other inorganic substances only, for non-graphic purposes, n.e.c. in item no. 4810.31 and 4810.32, in rolls or sheets",MARKS1643,China,India,India,6,2018,12,2018-12,2018-12-19,20181201,20181201,export,1,45046234,28499.03,kg,KG,"Yanzhou Tianzhang Paper Co., Ltd.",[in full dataset],Jining,,www.sunpapergroup.com,[in full dataset],Y,JK PAPER LIMITED,[in full dataset],New Delhi,,www.jkpaper.com,[in full dataset],Y,"Yanzhou Tianzhang Paper Co., Ltd.",[in full dataset],,1848.4,1848.4,Shanghai,Chennai,New Delhi,1,1,2.31,COSCO UNIVERSE,IMO1648264,PA,V759,601,COSU,SWB,ONEY826276293,YMLU206922897,CAIU3248038,40GP,TANK,RF,LCL,CY/CFS,Expeditors,25230.77
69059000,6003202310000002877102,690590,6,"Ceramic chimney-pots, cowls, chimney liners, architectural ornaments and other constructional goods (excluding roofing tiles)",MARKS7441,China,India,India,8,2023,10,2023-10,2023-10-18,20231008,20231008,export,1,50302335,2755.05,kg,KG,"Guangdong Jin Guan Jia New Materials Co., Ltd",[in full dataset],Enping,,,,Y,JOY RAM BRICKS INDUSTRIES,[in full dataset],Unakoti,,,,Y,"Guangdong Jin Guan Jia New Materials Co., Ltd",[in full dataset],,11216.8,11216.8,Yingkou,Tuticorin,Unakoti,1,1,14.02,APL MEXICO CITY,IMO7187588,SG,V562,890,MAEU,MBL,ONEY159212073,HLCU374204962,CAIU1277173,40GP,OPEN TOP,HC,FCL,CY/CFS,Yusen Logistics,2398.37
48237010,6003201807000004935215,482370,5,Paper pulp; moulded or pressed articles or paper pulp,MARKS5849,South Korea,India,India,5,2018,7,2018-07,2018-07-21,20180706,20180706,export,1,27277039,1522.36,kg,KG,"AJ CO.,LTD",[in full dataset],Asan,,www.ajcc.co.kr,[in full dataset],Y,BENGAL PAPER MILLS COMPANY LIMITED,[in full dataset],Kolkata,,www.emamipaper.in,[in full dataset],Y,"AJ CO.,LTD",[in full dataset],,10635.1,10635.1,Gwangyang,Chennai,Kolkata,1,1,13.29,EVER ACME,IMO8817632,PA,V860,32,HMMU,SWB,MAEU138748350,MAEU334537684,TCLU8699656,40HC,DRY,GP,FCL,CFS/CFS,DB Schenker,1365.53
15042010,6003201504000000268904,150420,8,"Fats and oils and their fractions; of fish, (excluding liver-oils)",MARKS4100,Thailand,India,India,6,2015,4,2015-04,2015-04-04,20150415,20150415,export,1,1804649,18449.88,kg,KG,TALLOW C COMPANY LIMITED,[in full dataset],BANG PHLI,,,,Y,HINDUSTAN VEGETABLE OILS CORPORATION LIMITED,[in full dataset],Chennai,,,,Y,TALLOW C COMPANY LIMITED,[in full dataset],,3117.1,3117.1,Laem Chabang,Chennai,Chennai,1,1,3.9,HYUNDAI LOYALTY,IMO9055231,MH,V657,134,COSU,SWB,YMLU784815494,MSCU665935974,TGHU1311534,20GP,TANK,GP,FCL,CFS/CFS,Yusen Logistics,16376.34
68109910,6003202204000000948170,681099,5,"Cement, concrete or artificial stone; articles (other than prefabricated structural components for building or civil engineering), whether or not reinforced, n.e.c. in heading no. 6810",MARKS1625,Japan,India,India,5,2022,4,2022-04,2022-04-17,20220408,20220408,export,1,4551171.82,4316.46,kg,KG,"STONE, K.K.",[in full dataset],NAGOYA,,stone-nagoya.jp/,[in full dataset],Y,TEAMLEASE SERVICES LIMITED,[in full dataset],Bengaluru,,group.teamlease.com/,[in full dataset],Y,"STONE, K.K.",[in full dataset],,13142.5,13142.5,Nagoya,Chennai,Bengaluru,1,1,16.43,EVER ACME,IMO7217270,MH,V399,626,ONEY,MBL,ONEY780341468,YMLU727067267,CAIU7729068,20GP,DRY,RF,FCL,CFS/CFS,Yusen Logistics,3808.36
,6003201711000007334623,442191,9,"Wood; of bamboo, articles n.e.c. in heading no. 4414 to 4420 (excluding clothes hangers)",MARKS4847,Malaysia,India,India,7,2017,11,2017-11,2017-11-22,20171111,20171111,export,1,31537754.49,9868.64,kg,KG,FORESCOM PLYWOOD SDN. BHD.,[in full dataset],Bintulu,,,,Y,CENTURY PLYBOARDS (INDIA) LIMITED,[in full dataset],Kolkata,,www.centuryply.com,[in full dataset],Y,FORESCOM PLYWOOD SDN. BHD.,[in full dataset],,7430.1,7430.1,Port Klang,Tuticorin,Kolkata,1,1,9.29,EVER GIVEN,IMO5856916,PA,V598,518,APLU,MBL,YMLU441992391,EGLV400110920,MSCU9159612,45HC,REEFER,HC,FCL,CFS/CFS,Nippon Express,8620.85
07099100,6003202601000001279919,070991,7,"Vegetables; globe artichokes, fresh or chilled",MARKS6830,Australia,India,India,8,2026,1,2026-01,2026-01-23,20260123,20260123,export,1,106461162.68,289.26,kg,KG,BIG WATERMELON BUSHY PARK PTY LTD,[in full dataset],WANTIRNA SOUTH,,www.bigwatermelon.com.au,[in full dataset],Y,OOTY VEGETABLES & FRUITS,[in full dataset],Chennai,,,,Y,BIG WATERMELON BUSHY PARK PTY LTD,[in full dataset],,10194.3,10194.3,Brisbane,"Nhava Sheva (JNPT), Mumbai",Chennai,1,1,12.74,EVER ACME,IMO5359867,PA,V834,814,MSCU,HBL,MSCU317600544,YMLU215902632,CAIU6208718,40HC,OPEN TOP,HC,FCL,CY/CFS,Bollore Logistics,262.7
25151100,6003202108000002898971,251511,8,"Marble and travertine; having a specific gravity of 2.5 or more, crude or roughly trimmed by sawing or otherwise, into blocks or slabs of a rectangular (including square) shape",MARKS4405,Brazil,India,India,6,2021,8,2021-08,2021-08-05,20210806,20210806,export,1,5011923,11597.6,kg,KG,ICL AMERICA DO SUL S.A.,[in full dataset],SAO PAULO,,www.produquimica.com.br,[in full dataset],Y,WONDER CEMENT LIMITED,[in full dataset],Udaipur,,www.wondercement.com,[in full dataset],Y,ICL AMERICA DO SUL S.A.,[in full dataset],,6218.6,6218.6,Rio Grande,Tuticorin,Udaipur,1,1,7.77,ONE APUS,IMO2160811,PA,V629,343,YMLU,HBL,HLCU875109749,MAEU954731996,BMOU3860547,40GP,TANK,HC,FCL,CY/CY,CEVA Logistics,10466.98
48202000,6003201802000004591888,482020,7,Paper and paperboard; exercise books,MARKS2384,South Korea,India,India,9,2018,2,2018-02,2018-02-05,20180218,20180218,export,1,23877707,7967.24,kg,KG,"LG Unicharm Co., Ltd.",[in full dataset],Gumi,,www.lgunicharm.co.kr,[in full dataset],Y,GOVIND ENTERPRISES,[in full dataset],Faridabad,,,,Y,"LG Unicharm Co., Ltd.",[in full dataset],,1659.9,1659.9,Incheon,Cochin,Faridabad,1,1,2.07,ONE APUS,IMO1797483,SG,V101,524,APLU,HBL,ONEY756117352,CMDU204056440,CAIU3077177,45HC,REEFER,RF,FCL,CY/CY,CEVA Logistics,7096.47
,6003201706000005733509,440323,5,"Wood; coniferous species, of fir (Abies spp.) and spruce (Picea spp.), in the rough, whether or not stripped of bark or sapwood, or roughly squared, untreated, of which the smallest cross-sectional dimension is 15 cm or more",MARKS7621,Malaysia,India,India,7,2017,6,2017-06,2017-06-08,20170623,20170623,export,1,20851061.21,1597.62,kg,KG,SEGAMAT VENEER & PLYWOOD SDN BHD,[in full dataset],Segamat,,,,Y,KRISHNA PLYWOOD INDUSTRIES,[in full dataset],Yamunanagar,,,,Y,SEGAMAT VENEER & PLYWOOD SDN BHD,[in full dataset],,5252.4,5252.4,Port Klang,Kolkata,Yamunanagar,1,1,6.57,COSCO UNIVERSE,IMO1456026,MH,V785,83,OOLU,HBL,CMDU481025737,ONEY456249144,CAIU7652988,20GP,OPEN TOP,HC,FCL,CFS/CFS,Sinotrans,1441.88
25061020,6003202102000000374819,250610,7,Quartz; other than natural sands,MARKS6039,Japan,India,India,8,2021,2,2021-02,2021-02-04,20210225,20210225,export,1,491420.15,8319.11,kg,KG,TAIHEIYO CEMENT CORPORATION,[in full dataset],BUNKYO-KU,,www.taiheiyo-cement.co.jp/,[in full dataset],Y,AMBUJA CEMENTS LIMITED,[in full dataset],Mumbai,,www.ambujacement.com,[in full dataset],Y,TAIHEIYO CEMENT CORPORATION,[in full dataset],,8017.4,8017.4,Osaka,"Mundra, Gujarat",Mumbai,1,1,10.02,HMM ALGECIRAS,IMO6739117,MH,V819,973,OOLU,SWB,MSCU397643231,HLCU169048696,FCIU6554974,20GP,TANK,RF,FCL,CY/CY,Kuehne + Nagel,7669.87
70161000,6003202401000001547545,701610,9,"Glass cubes and other glass smallwares; whether or not on a backing, for mosaics or similar decorative purposes",MARKS6809,Malaysia,India,India,5,2024,1,2024-01,2024-01-08,20240121,20240121,export,1,8865868.65,1935.88,kg,KG,PERNIAGAAN YEW LUM SDN. BHD.,[in full dataset],Seri Kembangan,,,,Y,GOLD PLUS FLOAT GLASS PRIVATE LIMITED,[in full dataset],New Delhi,,goldplusgroup.com,[in full dataset],Y,PERNIAGAAN YEW LUM SDN. BHD.,[in full dataset],,21029.8,21029.8,Tanjung Pelepas,"Mundra, Gujarat",New Delhi,1,1,26.29,CMA CGM JULES VERNE,IMO2750969,SG,V286,450,MSCU,SWB,COSU159711473,YMLU445339617,TGHU7473331,40GP,DRY,HC,LCL,CY/CY,Bollore Logistics,1721.74
09024030,6003202012000001730244,090240,8,"Tea, black; (fermented) and partly fermented tea, in immediate packings of a content exceeding 3kg",MARKS5401,Indonesia,India,India,5,2020,12,2020-12,2020-12-02,20201213,20201213,export,1,19342310.17,1089.49,kg,KG,CV MELATI,[in full dataset],Kabupaten Blitar,,,,Y,ALLANA COFFEE CURING WORKS,[in full dataset],Hassan,,www.allana.com,[in full dataset],N,CV MELATI,[in full dataset],,7496.8,7496.8,Belawan,Tuticorin,Hassan,1,1,9.37,MSC GULSUN,IMO9852876,PA,V959,660,CMDU,SWB,ONEY800392065,HLCU295814309,GESU8484864,20GP,FLAT RACK,RF,FCL,CFS/CFS,Bollore Logistics,1032.35
40151900,6003201910000002594444,401519,5,"Rubber; vulcanised (other than hard rubber), gloves, mittens and mitts other than surgical gloves",MARKS7187,Germany,India,India,8,2019,10,2019-10,2019-10-06,20191002,20191002,export,1,8708813.95,30411.8,kg,KG,BASF SE,[in full dataset],Ludwigshafen am Rhein,,www.basf.com,[in full dataset],Y,RELIANCE INDUSTRIES LIMITED,[in full dataset],Mumbai,,www.ril.com,[in full dataset],Y,BASF SE,[in full dataset],,22427,22427,Bremerhaven,"Mundra, Gujarat",Mumbai,1,1,28.03,HMM ALGECIRAS,IMO4224837,SG,V597,643,OOLU,MBL,MSCU921315354,COSU906150804,BMOU6709541,40GP,DRY,HC,FCL,CFS/CFS,Nippon Express,26740.33
,6003202404000000963067,701972,6,"Glass fibres; chemically bonded fabrics, closed fabrics n.e.c. in heading 7019",MARKS3874,United States,India,India,6,2024,4,2024-04,2024-04-08,20240408,20240408,export,1,4474609,5887.28,kg,KG,Laboratory Corporation of America Holdings,[in full dataset],Burlington,,www.labcorp.com,[in full dataset],Y,ASAHI INDIA GLASS LIMITED,[in full dataset],New Delhi,,www.aisglass.com,[in full dataset],Y,Laboratory Corporation of America Holdings,[in full dataset],,8005.1,8005.1,"Houston, TX",Tuticorin,New Delhi,1,1,10.01,MSC GULSUN,IMO6733142,MH,V708,136,EGLV,SWB,YMLU382495478,COSU293290925,TCLU9843362,20GP,FLAT RACK,RF,FCL,CFS/CFS,DB Schenker,5536.67
25132020,6003202103000002259306,251320,8,"Emery, natural corundum, natural garnet and other natural abrasives, whether or not heat-treated",MARKS6343,Brazil,India,India,5,2021,3,2021-03,2021-03-24,20210312,20210312,export,1,3767044,1357.89,kg,KG,AMAPA MINERALS LTDA,[in full dataset],PEDRA BRANCA DO AMAPARI,,,,Y,ULTRATECH CEMENT LIMITED,[in full dataset],Mumbai,,www.ultratechcement.com,[in full dataset],Y,AMAPA MINERALS LTDA,[in full dataset],,703.4,703.4,Suape,Chennai,Mumbai,1,1,0.88,MOL TRIUMPH,IMO7166698,PA,V108,238,HLCU,SWB,EGLV102828158,MAEU253690772,GESU9929021,20GP,DRY,RF,FCL,CY/CY,DB Schenker,1217.21
08129010,6003201606000007370699,081290,8,"Fruit, edible; fruit and nuts n.e.c. in heading no. 0812, provisionally preserved, but unsuitable in that state for immediate consumption",MARKS1590,United States,India,India,9,2016,6,2016-06,2016-06-23,20160609,20160609,export,1,36607002,298.37,kg,KG,"Milne Fruit Products, Inc.",[in full dataset],Prosser,,www.milnefruit.com,[in full dataset],Y,KIRANAKART WHOLESALE PRIVATE LIMITED,[in full dataset],Mumbai,,,,Y,"Milne Fruit Products, Inc.",[in full dataset],,22098.6,22098.6,"New York/Newark, NJ",Tuticorin,Mumbai,1,1,27.62,CMA CGM JULES VERNE,IMO9058544,SG,V339,40,ONEY,HBL,EGLV177375476,HLCU374174570,TGHU5972389,45HC,FLAT RACK,GP,FCL,CY/CFS,Kuehne + Nagel,268.46
08103000,6003201611000000094514,081030,8,"Fruit, edible; black, white or red currants and gooseberries, fresh",MARKS4903,Malaysia,India,India,9,2016,11,2016-11,2016-11-01,20161107,20161107,export,1,208149.59,525.65,kg,KG,SYARIKAT CENTRAL BOLTS & NUTS SDN. BHD.,[in full dataset],Kuala Lumpur,,www.cbn.com.my,[in full dataset],Y,MEGHA FRUIT PROCESSING PRIVATE LIMITED,[in full dataset],Dakshina Kannada,,www.sgcorporates.com,[in full dataset],Y,SYARIKAT CENTRAL BOLTS & NUTS SDN. BHD.,[in full dataset],,11954.8,11954.8,Tanjung Pelepas,"Mundra, Gujarat",Dakshina Kannada,1,1,14.94,MADRID MAERSK,IMO9036168,LR,V332,559,ONEY,HBL,MAEU196971323,EGLV935495671,GESU1975138,40GP,DRY,HC,FCL,CFS/CFS,Expeditors,492.6
,6003201605000008278030,080529,7,"Fruit, edible; tangelos, wilkings and similar citrus hybrid, fresh or dried",MARKS5305,United States,India,India,7,2016,5,2016-05,2016-05-17,20160505,20160505,export,1,47360925,9963.7,kg,KG,"Tyson Foods, Inc.",[in full dataset],Springdale,,www.tysonfoods.com,[in full dataset],Y,PRATAAP SNACKS LIMITED,[in full dataset],New Delhi,,www.yellowdiamond.in,[in full dataset],Y,"Tyson Foods, Inc.",[in full dataset],,2075.3,2075.3,"New York/Newark, NJ",Kandla,New Delhi,1,1,2.59,COSCO UNIVERSE,IMO1382076,MH,V582,866,APLU,HBL,MSCU336717825,COSU929442307,FCIU7225140,40GP,OPEN TOP,HC,FCL,CY/CFS,Bollore Logistics,8828.09
25181000,6003202111000000973501,251810,5,"Dolomite, not calcined or sintered; including dolomite roughly trimmed, or merely cut by sawing or otherwise into blocks or slabs of rectangular (including square) shape",MARKS3351,United Kingdom,India,India,5,2021,11,2021-11,2021-11-08,20211106,20211106,export,1,1391358.54,2454.93,kg,KG,MARBLE TOPCO LIMITED,[in full dataset],LONDON,,,,N,SANGHI INDUSTRIES LIMITED,[in full dataset],Ahmedabad,,www.sanghicement.com,[in full dataset],Y,MARBLE TOPCO LIMITED,[in full dataset],,4461.6,4461.6,Felixstowe,Kandla,Ahmedabad,1,1,5.58,MSC GULSUN,IMO1398796,PA,V320,178,ONEY,MBL,CMDU447753508,MAEU324125872,GESU2926200,45HC,OPEN TOP,GP,LCL,CY/CFS,Yusen Logistics,2165.37
07052900,6003202603000001194232,070529,6,"Vegetables; chicory (cichorium spp.), (other than witloof chicory), fresh or chilled",MARKS1911,Canada,India,India,6,2026,3,2026-03,2026-03-23,20260320,20260320,export,1,81233737.75,2937.43,kg,KG,Marigolds And Onions Ltd,[in full dataset],Toronto,,www.marigoldsandonions.com,[in full dataset],N,PARAYIL FOOD PRODUCTS PRIVATE LIMITED,[in full dataset],Alappuzha,,www.parayilgroup.com,[in full dataset],Y,Marigolds And Onions Ltd,[in full dataset],,10601.2,10601.2,"Prince Rupert, BC",Kandla,Alappuzha,1,1,13.25,MSC GULSUN,IMO8596191,LR,V943,17,EGLV,HBL,MSCU364835527,MSCU965013802,FCIU7775232,40GP,FLAT RACK,GP,LCL,CY/CY,Nippon Express,2698.12
,6003201708000004447870,441819,7,"Wood; windows, French-windows and their frames; (of other than tropical wood)",MARKS2619,Indonesia,India,India,6,2017,8,2017-08,2017-08-19,20170802,20170802,export,1,14186317.14,6484.43,kg,KG,PT KARUNIA WARNA IKA WOOD INDUSTRIAL,[in full dataset],Kota Banjarmasin,,,,Y,GREENPANEL INDUSTRIES LIMITED,[in full dataset],Kolkata,,www.greenpanel.com,[in full dataset],Y,PT KARUNIA WARNA IKA WOOD INDUSTRIAL,[in full dataset],,21422.6,21422.6,Belawan,Chennai,Kolkata,1,1,26.78,CSCL GLOBE,IMO1626310,LR,V193,778,MAEU,SWB,ONEY725666136,HLCU808944586,FCIU8512081,45HC,DRY,HC,FCL,CY/CY,Kuehne + Nagel,5824.04
44013100,6003201712000006076444,440131,7,"Wood; for fuel, sawdust and wood waste and scrap, agglomerated in wood pellets",MARKS5956,Malaysia,India,India,5,2017,12,2017-12,2017-12-10,20171221,20171221,export,1,22744578.34,10989.26,kg,KG,SUBUR TIASA HOLDINGS BERHAD,[in full dataset],Sibu,,suburtiasa.com.my,[in full dataset],Y,SHIV SHAKTI ENTERPRISES,[in full dataset],Udham Singh Nagar,,,,N,SUBUR TIASA HOLDINGS BERHAD,[in full dataset],,14811.7,14811.7,Tanjung Pelepas,Chennai,Udham Singh Nagar,1,1,18.51,OOCL HONG KONG,IMO1498334,PA,V967,853,MAEU,HBL,YMLU713601614,YMLU823275586,FCIU1995286,20GP,DRY,RF,LCL,CY/CY,DHL Global Forwarding,10229.25
52111120,6003202505000001245351,521111,8,"Fabrics, woven; containing less than 85% by weight of cotton, mixed mainly or solely with man-made fibres, unbleached, plain weave, weighing more than 200g/m2",MARKS6585,United States,India,India,8,2025,5,2025-05,2025-05-02,20250501,20250501,export,1,19617422,3980.14,kg,KG,"Meridian Industries, Inc.",[in full dataset],Milwaukee,,www.meridiancompanies.com,[in full dataset],Y,COTTON CORPORATION OF INDIA LIMITED,[in full dataset],Mumbai,,,,Y,"Meridian Industries, Inc.",[in full dataset],,3715.5,3715.5,"Norfolk, VA",Kolkata,Mumbai,1,1,4.64,CSCL GLOBE,IMO6550331,SG,V576,113,MSCU,HBL,ONEY107215594,CMDU798912031,BMOU1864797,40HC,TANK,RF,LCL,CFS/CFS,CEVA Logistics,3763.22
,6003201609000001471710,080522,7,"Fruit, edible; clementines, fresh or dried",MARKS9835,Hong Kong,India,India,9,2016,9,2016-09,2016-09-07,20160918,20160918,export,1,3527849.51,6508.99,kg,KG,"Chongqing Hongjiu Fruit Co., Limited",[in full dataset],Kwun Tong,,www.hjfruit.com,[in full dataset],Y,SUPER GRAPES EXPORTERS & FRUIT PROCESSORS PRIVATE LIMITED,[in full dataset],Nashik,,www.farmfreshexports.com,[in full dataset],N,"Chongqing Hongjiu Fruit Co., Limited",[in full dataset],,5532.8,5532.8,Hong Kong (Kwai Tsing),Chennai,Nashik,1,1,6.92,EVER GIVEN,IMO4665453,MH,V454,338,HLCU,SWB,HLCU952784798,ONEY664356947,MSCU9189850,45HC,REEFER,RF,FCL,CY/CFS,Yusen Logistics,5799.55
48189000,6003201803000001494236,481890,7,"Paper articles; articles of paper, cellulose wadding or fibres, n.e.c. in heading no. 4818",MARKS6934,Singapore,India,India,8,2018,3,2018-03,2018-03-23,20180315,20180315,export,1,5111923.06,67965.08,kg,KG,PEARSON EDUCATION SOUTH ASIA PTE. LTD.,[in full dataset],Singapore,,www.pearsonedasia.com,[in full dataset],Y,KANHA PAPER MILLS PRIVATE LIMITED,[in full dataset],Jalpaiguri,,khannapaper.com/,[in full dataset],Y,PEARSON EDUCATION SOUTH ASIA PTE. LTD.,[in full dataset],,7745.5,7745.5,Singapore (PSA),Tuticorin,Jalpaiguri,1,1,9.68,MOL TRIUMPH,IMO4879827,SG,V559,511,ONEY,MBL,MAEU109706680,YMLU515440967,FCIU1395387,40HC,TANK,GP,FCL,CY/CFS,Kuehne + Nagel,59429.55
08111020,6003201607000000198076,081110,6,"Fruit, edible; strawberries, uncooked or cooked by steaming or boiling in water, frozen, whether or not containing added sugar or other sweetening matter",MARKS6450,Thailand,India,India,6,2016,7,2016-07,2016-07-14,20160708,20160708,export,1,413814.21,1530.27,kg,KG,FLORA CAPITAL COMPANY LIMITED,[in full dataset],KHLONG LUANG,,www.namdharithaifresh.com,[in full dataset],Y,MOTHER DAIRY FRUIT AND VEGETABLE PRIVATE LIMITED,[in full dataset],Noida,,www.motherdairy.com,[in full dataset],N,FLORA CAPITAL COMPANY LIMITED,[in full dataset],,21757.8,21757.8,Bangkok,Kandla,Noida,1,1,27.2,BARZAN,IMO5756021,LR,V938,371,OOLU,MBL,CMDU520625095,ONEY578108250,BMOU9063114,20GP,TANK,HC,FCL,CFS/CFS,Yusen Logistics,1341.78
70101000,6003202409000005926733,701010,6,"Glass; ampoules, of a kind used for the conveyance or packing of goods",MARKS9248,China,India,India,5,2024,9,2024-09,2024-09-22,20240911,20240911,export,1,179414730,15826.12,kg,KG,Shandong Fiberglass Group Corp.,[in full dataset],Linyi,,www.glasstex.cn,[in full dataset],Y,NATIONAL PHYSICAL LABORATORY,[in full dataset],New Delhi,,www.nplindia.org,[in full dataset],Y,Shandong Fiberglass Group Corp.,[in full dataset],,11118.1,11118.1,Yingkou,Chennai,New Delhi,1,1,13.9,ONE APUS,IMO7594279,LR,V449,806,HMMU,SWB,HLCU710048863,HLCU467540285,MSCU8802242,45HC,FLAT RACK,GP,FCL,CY/CFS,CEVA Logistics,14017.53
,6003201512000003952742,151630,5,"Microbial fats and oils and their fractions; partly or wholly hydrogenated, inter-esterified, re-esterified or elaidinised, whether or not refined, but not further prepared",MARKS5279,Malaysia,India,India,6,2015,12,2015-12,2015-12-04,20151215,20151215,export,1,130655490.67,3551.29,kg,KG,PALM AND VEGETABLE OILS (MALAYSIA) SDN. BERHAD,[in full dataset],Kuala Lumpur,,,,Y,G. G. OILS AND FATS PRIVATE LIMITED,[in full dataset],Bathinda,,,,Y,PALM AND VEGETABLE OILS (MALAYSIA) SDN. BERHAD,[in full dataset],,5096.5,5096.5,Port Klang,Visakhapatnam,Bathinda,1,1,6.37,HMM ALGECIRAS,IMO4475159,PA,V215,51,EGLV,HBL,MAEU916383868,COSU472035601,TCLU3721362,20GP,FLAT RACK,GP,FCL,CY/CY,Expeditors,3198.13
08131000,6003201609000011043153,081310,9,"Fruit, edible; apricots, dried",MARKS1621,United States,India,India,9,2016,9,2016-09,2016-09-06,20160918,20160918,export,1,102668115,3104.49,kg,KG,"Conagra Brands, Inc.",[in full dataset],Chicago,,www.conagrabrands.com,[in full dataset],N,FRUIT AND VEGETABLE PROJECT,[in full dataset],New Delhi,,,,Y,"Conagra Brands, Inc.",[in full dataset],,6143.4,6143.4,"Houston, TX","Nhava Sheva (JNPT), Mumbai",New Delhi,1,1,7.68,MSC GULSUN,IMO3581741,SG,V622,792,EGLV,SWB,MSCU925310108,EGLV796734415,GESU7701864,40HC,REEFER,GP,FCL,CY/CFS,Kuehne + Nagel,2747.64
15151990,6003201511000004203421,151519,6,"Vegetable oils; linseed oil and its fractions, other than crude, whether or not refined, but not chemically modified",MARKS3147,Malaysia,India,India,7,2015,11,2015-11,2015-11-18,20151101,20151101,export,1,179569503.37,22528.75,kg,KG,MEDILUX OILS & FATS SDN. BHD.,[in full dataset],Pelabuhan Klang,,www.mediluxoil.com,[in full dataset],Y,TALLOW TEMPTATIONS LLP,[in full dataset],Mumbai,,,,Y,MEDILUX OILS & FATS SDN. BHD.,[in full dataset],,13248.5,13248.5,Tanjung Pelepas,Chennai,Mumbai,1,1,16.56,ONE APUS,IMO8965369,PA,V838,614,YMLU,HBL,CMDU629496700,EGLV271609473,GESU1539434,20GP,FLAT RACK,GP,LCL,CY/CFS,DSV,19601.43
15159020,6003201506000004600939,151590,7,"Fixed vegetable fats and oils and their fractions n.e.c. in heading 1515; other than linseed, maize (corn), castor, sesame, microbial oils, whether or not refined, but not chemically modified",MARKS3128,Indonesia,India,India,5,2015,6,2015-06,2015-06-02,20150606,20150606,export,1,328141985,10582.19,kg,KG,PT INNO-WANGSA OILS & FATS,[in full dataset],Kota Medan,,www.inno-wangsa.co.id,[in full dataset],N,KAMLA OILS AND FATS PRIVATE LIMITED,[in full dataset],Ambala,,,,Y,PT INNO-WANGSA OILS & FATS,[in full dataset],,9875.4,9875.4,Belawan,Cochin,Ambala,1,1,12.34,MSC OSCAR,IMO3333319,MH,V942,199,OOLU,SWB,MSCU810620414,MAEU991139347,TGHU6013818,40GP,REEFER,HC,LCL,CFS/CFS,CEVA Logistics,9785.45
68129921,6003202211000003232750,681299,7,"Asbestos or mixtures with a basis of asbestos (other than crocidolite); fibres, mixtures or articles n.e.c. in heading no. 6812, whether or not reinforced, not goods of heading 6811 or 6813",MARKS9106,China,India,India,9,2022,11,2022-11,2022-11-20,20221124,20221124,export,1,48836500,2699.07,kg,KG,"Fujian Fengshan Stone Materials Group Co., Ltd.",[in full dataset],Jinjiang,,www.fsstone.com,[in full dataset],Y,ZEN INDUSTRIAL SERVICES,[in full dataset],Faridabad,,,,Y,"Fujian Fengshan Stone Materials Group Co., Ltd.",[in full dataset],,3375.8,3375.8,Tianjin,Tuticorin,Faridabad,1,1,4.22,OOCL HONG KONG,IMO4525640,SG,V382,103,OOLU,HBL,MAEU980078257,MAEU881544143,BMOU4383928,20GP,FLAT RACK,RF,FCL,CY/CY,DSV,2489.72
48103200,6003201811000006320036,481032,5,"Kraft paper and paperboard; uniformly bleached throughout, coated with inorganic substances, more than 95% of chemically processed wood fibres, weight more than 150g/m2, for non-graphic purposes, in rolls or sheets",MARKS2052,China,India,India,9,2018,11,2018-11,2018-11-14,20181123,20181123,export,1,47856550,2111.15,kg,KG,"Zhejiang Shanying Paper Co., Ltd.",[in full dataset],Jiaxing,,,,Y,ITC LIMITED,[in full dataset],Kolkata,,www.itcportal.com,[in full dataset],Y,"Zhejiang Shanying Paper Co., Ltd.",[in full dataset],,593.1,593.1,Guangzhou,"Nhava Sheva (JNPT), Mumbai",Kolkata,1,1,0.74,OOCL HONG KONG,IMO7986743,LR,V740,323,EGLV,HBL,YMLU810981851,HLCU783020113,BMOU4206338,40GP,TANK,RF,LCL,CY/CFS,Nippon Express,1901.49
69041000,6003202307000003179015,690410,9,Ceramic building bricks,MARKS8046,China,India,India,6,2023,7,2023-07,2023-07-14,20230711,20230711,export,1,62972638,4304,kg,KG,"Hubei Xinmingzhu Green Building Materials Technology Co., Ltd.",[in full dataset],Huanggang,,,,Y,JUMBU ROOFING - TILES,[in full dataset],Kamrup,,,,Y,"Hubei Xinmingzhu Green Building Materials Technology Co., Ltd.",[in full dataset],,1643.9,1643.9,Tianjin,Kolkata,Kamrup,1,1,2.05,APL MEXICO CITY,IMO6559566,MH,V777,102,COSU,HBL,MSCU211068946,YMLU157409521,TGHU6193130,40GP,TANK,RF,FCL,CY/CY,Yusen Logistics,3823.43
08140000,6003201610000003416461,081400,6,"Peel; of citrus fruit or melons (including watermelons), fresh, frozen, dried or provisionally preserved in brine, in sulphur water and other preservative solutions",MARKS2467,China,India,India,6,2016,10,2016-10,2016-10-08,20161019,20161019,export,1,10983084,2181.07,kg,KG,"Chongqing Fuling Zhacai Group Co., Ltd.",[in full dataset],Chongqing,,www.flzc.com,[in full dataset],Y,FOOD ENGINEERING ENTERPRISES PRIVATE LIMITED,[in full dataset],Tiruvallur,,www.cecfeel.in,[in full dataset],N,"Chongqing Fuling Zhacai Group Co., Ltd.",[in full dataset],,4385.5,4385.5,Tianjin,"Mundra, Gujarat",Tiruvallur,1,1,5.48,MADRID MAERSK,IMO8087384,SG,V629,900,MAEU,HBL,COSU969924078,COSU883743070,MSCU8532933,45HC,OPEN TOP,RF,LCL,CY/CY,Nippon Express,1949.27
68041000,6003202206000000386648,680410,9,"Millstones and grindstones; for milling, grinding or pulping",MARKS6666,United Kingdom,India,India,7,2022,6,2022-06,2022-06-12,20220620,20220620,export,1,1391528.71,6783.83,kg,KG,STARK BUILDING MATERIALS UK LIMITED,[in full dataset],COVENTRY,,www.jpcorry.com,[in full dataset],Y,V.V SYSTEMS & POWER PANELS PRIVATE LIMITED,[in full dataset],Bengaluru,,www.vvsystems.net,[in full dataset],Y,STARK BUILDING MATERIALS UK LIMITED,[in full dataset],,22223.2,22223.2,Southampton,Kandla,Bengaluru,1,1,27.78,MAERSK MOLLER,IMO9332194,LR,V782,334,COSU,MBL,COSU373276749,COSU239067510,BMOU4993305,40GP,DRY,RF,FCL,CY/CY,Sinotrans,6431.22
08011990,6003201602000006969992,080119,5,"Nuts, edible; coconuts, fresh or dried, other than desiccated or in the inner shell (endocarp)",MARKS6536,United States,India,India,8,2016,2,2016-02,2016-02-16,20160223,20160223,export,1,32277974,7628.31,kg,KG,"Tyson Foods, Inc.",[in full dataset],Springdale,,www.tysonfoods.com,[in full dataset],Y,DHAM FOOD INDUSTRIES PRIVATE LIMITED,[in full dataset],Indore,,,,N,"Tyson Foods, Inc.",[in full dataset],,3238.9,3238.9,"Houston, TX",Tuticorin,Indore,1,1,4.05,ONE APUS,IMO5258983,MH,V309,817,MSCU,MBL,CMDU726362357,MSCU844681762,FCIU7841496,20GP,TANK,RF,LCL,CY/CFS,DHL Global Forwarding,6965.42
52122400,6003202511000002388963,521224,9,"Fabrics, woven; of cotton, of yarns of different colours, weighing more than 200g/m2, n.e.c. in chapter 52",MARKS4771,Brazil,India,India,9,2025,11,2025-11,2025-11-25,20251120,20251120,export,1,135626982,21393.82,kg,KG,COTTON STAR INDUSTRIAL LTDA,[in full dataset],BLUMENAU,,,,Y,COTTON BLOSSOM INDIAPRIVATE LIMITED,[in full dataset],Tirupur,,www.cotonblossom.org,[in full dataset],N,COTTON STAR INDUSTRIAL LTDA,[in full dataset],,16957.2,16957.2,Suape,"Nhava Sheva (JNPT), Mumbai",Tirupur,1,1,21.2,MSC OSCAR,IMO7643969,PA,V279,519,ZIMU,SWB,EGLV163528774,MSCU874868719,MSCU9547137,45HC,TANK,RF,LCL,CFS/CFS,DHL Global Forwarding,19387.68
,6003202208000000889857,681512,8,Stone or other mineral substances not elsewhere specified or included; fabrics of carbon fibres for non-electrical uses,MARKS9817,Germany,India,India,5,2022,8,2022-08,2022-08-18,20220802,20220802,export,1,4132127.89,24493.53,kg,KG,Gebr. Knauf KG,[in full dataset],Iphofen,,www.knauf-akademie.de,[in full dataset],Y,AR STONE WORKS,[in full dataset],Birbhum,,,,Y,Gebr. Knauf KG,[in full dataset],,23224.8,23224.8,Bremerhaven,"Mundra, Gujarat",Birbhum,1,1,29.03,MSC GULSUN,IMO4683365,SG,V591,568,MSCU,SWB,YMLU380132686,MAEU803839062,TGHU7085571,40GP,FLAT RACK,GP,FCL,CY/CFS,DB Schenker,22345.59
08112090,6003201604000008182420,081120,9,"Fruit, edible; raspberries, blackberries, mulberries, loganberries, black, white or red currants and gooseberries, uncooked or cooked, whether or not containing added sugar or other sweetening matter",MARKS7505,United States,India,India,7,2016,4,2016-04,2016-04-16,20160419,20160419,export,1,45843676,849.13,kg,KG,The Campbell's Company,[in full dataset],Camden,,www.campbellsoupcompany.com,[in full dataset],Y,WOW MOMO FOODS PRIVATE LIMITED,[in full dataset],Kolkata,,www.wowmomo.com,[in full dataset],Y,The Campbell's Company,[in full dataset],,15733.3,15733.3,"New York/Newark, NJ",Chennai,Kolkata,1,1,19.67,CMA CGM JULES VERNE,IMO2149898,LR,V136,846,HLCU,SWB,COSU322870002,ONEY535325241,MSCU1453603,20GP,TANK,RF,LCL,CFS/CFS,Yusen Logistics,791.04
44039922,6003201703000002079121,440399,6,"Wood; in the rough, whether or not stripped of bark or sapwood, or roughly squared, untreated, n.e.c. in heading no. 4403",MARKS7322,Brazil,India,India,8,2017,3,2017-03,2017-03-07,20170323,20170323,export,1,4639612,1102.1,kg,KG,HABITASUL FLORESTAL SA,[in full dataset],PORTO ALEGRE,,,,Y,GREENPANEL INDUSTRIES LIMITED,[in full dataset],Kolkata,,www.greenpanel.com,[in full dataset],Y,HABITASUL FLORESTAL SA,[in full dataset],,11150.2,11150.2,Paranagua,Visakhapatnam,Kolkata,1,1,13.94,MADRID MAERSK,IMO2819316,SG,V536,509,YMLU,HBL,ONEY812023346,MSCU283642048,CAIU4031514,20GP,OPEN TOP,HC,FCL,CFS/CFS,Kuehne + Nagel,996.52
70023100,6003202411000005756223,700231,6,"Glass; unworked, in tubes, of fused quartz or other fused silica",MARKS8365,China,India,India,7,2024,11,2024-11,2024-11-26,20241123,20241123,export,1,160400563,1432.73,kg,KG,"Shanghai Yaohua Pilkington Glass Group Co., Ltd.",[in full dataset],Shanghai,,www.sypglass.com,[in full dataset],Y,HARYANA SHEET GLASS LIMITED,[in full dataset],New Delhi,,www.hsglindia.com,[in full dataset],N,"Shanghai Yaohua Pilkington Glass Group Co., Ltd.",[in full dataset],,20239,20239,Ningbo-Zhoushan,Tuticorin,New Delhi,1,1,25.3,MAERSK MOLLER,IMO3274399,MH,V948,60,ZIMU,MBL,YMLU502903532,HLCU901288333,BMOU7632055,45HC,DRY,HC,FCL,CFS/CFS,CEVA Logistics,1314.72
08023100,6003201611000004478388,080231,7,"Nuts, edible; walnuts, fresh or dried, in shell",MARKS7729,China,India,India,5,2016,11,2016-11,2016-11-24,20161101,20161101,export,1,15568570,161649.24,kg,KG,"Telling Telecommunication Holding Co.,Ltd.",[in full dataset],Beijing,,www.chinatelling.com,[in full dataset],N,ANNAPURNA SWADISHT LIMITED,[in full dataset],Kolkata,,www.annapurnasnacks.in,[in full dataset],Y,"Telling Telecommunication Holding Co.,Ltd.",[in full dataset],,6706.2,6706.2,Qingdao,Tuticorin,Kolkata,1,1,8.38,APL MEXICO CITY,IMO4835965,SG,V407,700,HLCU,HBL,EGLV926026259,HLCU984573210,BMOU5421692,45HC,DRY,HC,FCL,CY/CY,Bollore Logistics,141559.53
44079100,6003201705000001546471,440791,7,"Wood; oak (Quercus spp.), sawn or chipped lengthwise, sliced or peeled, whether or not planed, sanded or finger-jointed, thicker than 6mm",MARKS9045,South Africa,India,India,7,2017,5,2017-05,2017-05-18,20170515,20170515,export,1,3191584.88,7667.39,kg,KG,NEILWES WOODEN PALLETS RECYCLING COMPANY (PTY) LTD,[in full dataset],MANKURWANE,,,,Y,GOA INDUSTRIAL TRADING CONTRACTING COMPANY PRIVATE LIMITED,[in full dataset],Goa,,,,Y,NEILWES WOODEN PALLETS RECYCLING COMPANY (PTY) LTD,[in full dataset],,22935.7,22935.7,Cape Town,Tuticorin,Goa,1,1,28.67,COSCO UNIVERSE,IMO3286689,LR,V525,199,ONEY,HBL,MAEU850563443,MSCU115549350,MSCU3988140,40GP,FLAT RACK,GP,LCL,CY/CFS,DHL Global Forwarding,7022.5
44111400,6003201709000006602589,441114,9,"Medium density fibreboard (MDF), of a thickness exceeding 9 mm",MARKS2537,Malaysia,India,India,9,2017,9,2017-09,2017-09-15,20170923,20170923,export,1,26614172.45,3068.53,kg,KG,WINSAR PLYWOOD SDN BHD,[in full dataset],Bintulu,,,,N,CENTURY PLYBOARDS (INDIA) LIMITED,[in full dataset],Kolkata,,www.centuryply.com,[in full dataset],Y,WINSAR PLYWOOD SDN BHD,[in full dataset],,684.1,684.1,Penang,Kandla,Kolkata,1,1,0.86,MOL TRIUMPH,IMO7333386,PA,V401,855,APLU,HBL,MAEU256083049,YMLU414791364,TGHU4574844,40HC,DRY,HC,FCL,CY/CFS,CEVA Logistics,2852.69
,6003201710000007194185,441251,7,"Blockboard, laminboard and battenboard; with at least one outer layer of tropical wood",MARKS9543,Malaysia,India,India,5,2017,10,2017-10,2017-10-05,20171003,20171003,export,1,30714956.27,2017.76,kg,KG,PERMINT PLYWOOD SDN BHD,[in full dataset],Al Muktafi Billah Shah,,,,Y,KRISHNA PLYWOOD INDUSTRIES,[in full dataset],Yamunanagar,,,,Y,PERMINT PLYWOOD SDN BHD,[in full dataset],,22218.3,22218.3,Tanjung Pelepas,Kandla,Yamunanagar,1,1,27.77,MSC OSCAR,IMO9620100,SG,V372,359,OOLU,HBL,YMLU415443077,ONEY464187867,CAIU4520714,40HC,FLAT RACK,HC,FCL,CFS/CFS,CEVA Logistics,1810.23
,6003202412000002174096,701962,8,Glass fibres; non-woven mechanically bonded fabrics and closed fabrics of rovings,MARKS3518,Malaysia,India,India,9,2024,12,2024-12,2024-12-11,20241223,20241223,export,1,16957873.01,19586.97,kg,KG,NIPPON ELECTRIC GLASS (MALAYSIA) SDN. BHD.,[in full dataset],Shah Alam,,www.neg.co.jp,[in full dataset],Y,PIRAMAL GLASS PRIVATE LIMITED,[in full dataset],Vadodara,,www.pgpfirst.com,[in full dataset],Y,NIPPON ELECTRIC GLASS (MALAYSIA) SDN. BHD.,[in full dataset],,612.3,612.3,Port Klang,Cochin,Vadodara,1,1,0.77,EVER ACME,IMO3459845,SG,V527,370,EGLV,SWB,EGLV519226268,EGLV421544434,FCIU9888094,40HC,DRY,HC,LCL,CY/CY,Yusen Logistics,17034.78
25120010,6003202107000001338681,251200,5,"Siliceous fossil meals (e.g. kieselguhr, tripolite and diatomite) and similar siliceous earths; whether or not calcined, of an apparent specific gravity of 1 or less",MARKS7375,South Africa,India,India,7,2021,7,2021-07,2021-07-24,20210723,20210723,export,1,1984615.86,2949.55,kg,KG,LANGEBERG CEMENT WORKS,[in full dataset],WORCESTER,,,,N,COROHANDEL STAMPINGS & STONES LIMITED,[in full dataset],Secunderabad,,,,Y,LANGEBERG CEMENT WORKS,[in full dataset],,11034.6,11034.6,Ngqura,Kandla,Secunderabad,1,1,13.79,ONE APUS,IMO9149324,LR,V500,306,HLCU,SWB,HLCU810879538,MSCU420245198,MSCU1429540,40GP,FLAT RACK,RF,LCL,CFS/CFS,DHL Global Forwarding,2679.19
,6003201901000005011433,401190,7,"Rubber; new pneumatic tyres, of a kind used on light commercial vehicles",MARKS2862,Indonesia,India,India,6,2019,1,2019-01,2019-01-16,20190119,20190119,export,1,20002637.51,10837.4,kg,KG,CV JAYA SETIA PLASTIK,[in full dataset],Kabupaten Demak,,,,Y,RELIANCE INDUSTRIES LIMITED,[in full dataset],Mumbai,,www.ril.com,[in full dataset],N,CV JAYA SETIA PLASTIK,[in full dataset],,13274.9,13274.9,Belawan,"Nhava Sheva (JNPT), Mumbai",Mumbai,1,1,16.59,CMA CGM JULES VERNE,IMO2663093,LR,V748,556,YMLU,SWB,COSU532710885,HLCU527178609,TGHU9480863,40GP,OPEN TOP,RF,FCL,CFS/CFS,Kuehne + Nagel,9998.72
40093200,6003201904000006561880,400932,7,"Rubber; vulcanised (other than hard rubber), tubing, piping and hoses, reinforced or otherwise combined only with textile materials, with fittings",MARKS1114,Indonesia,India,India,5,2019,4,2019-04,2019-04-02,20190419,20190419,export,1,30969792.41,4839.63,kg,KG,PT GOLDEN RUBBER INDO,[in full dataset],Kabupaten Sidoarjo,,,,Y,RELIANCE INDUSTRIES LIMITED,[in full dataset],Mumbai,,www.ril.com,[in full dataset],N,PT GOLDEN RUBBER INDO,[in full dataset],,10518.1,10518.1,Belawan,Visakhapatnam,Mumbai,1,1,13.15,MAERSK MOLLER,IMO8581680,MH,V519,832,YMLU,MBL,YMLU731033483,COSU230206412,MSCU4540141,40HC,DRY,HC,FCL,CY/CFS,DSV,4385.5
68141030,6003202202000002668587,681410,8,"Mica; plates, sheets and strips of agglomerated or reconstituted mica, whether or not on a support of paper, paperboard or other materials",MARKS3191,China,India,India,5,2022,2,2022-02,2022-02-08,20220223,20220223,export,1,32389172,28781.44,kg,KG,"Guangdong Redwall New Materials Co., Ltd.",[in full dataset],Huizhou,,www.redwall.com.cn,[in full dataset],Y,POKARNA ENGINEERED STONE LIMITED,[in full dataset],Hyderabad,,www.pokarna.com,[in full dataset],Y,"Guangdong Redwall New Materials Co., Ltd.",[in full dataset],,23670,23670,Yingkou,"Mundra, Gujarat",Hyderabad,1,1,29.59,ONE APUS,IMO2519125,MH,V306,531,APLU,SWB,MSCU980651902,CMDU759283042,CAIU5438888,40GP,DRY,HC,FCL,CY/CY,Bollore Logistics,26669.78
70053090,6003202402000000867083,700530,9,"Glass; float glass and surface ground or polished glass, in sheets, wired glass, whether or not having an absorbent or reflecting layer",MARKS4184,United States,India,India,6,2024,2,2024-02,2024-02-09,20240206,20240206,export,1,3863097,8370.08,kg,KG,"O-I Glass, Inc.",[in full dataset],Perrysburg,,o-i.com,[in full dataset],Y,HINDUSTHAN NATIONAL GLASS & INDUSTRIES LIMITED,[in full dataset],Kolkata,,www.hngil.com,[in full dataset],Y,"O-I Glass, Inc.",[in full dataset],,2288,2288,"Los Angeles, CA",Tuticorin,Kolkata,1,1,2.86,EVER GIVEN,IMO3460214,SG,V478,975,EGLV,HBL,ONEY119939355,HLCU932049711,CAIU9444539,20GP,TANK,RF,FCL,CY/CY,Kuehne + Nagel,7838.75
15132910,6003201506000004376059,151329,7,"Vegetable oils; palm kernel or babassu oil and their fractions, other than crude, whether or not refined, but not chemically modified",MARKS9192,Malaysia,India,India,8,2015,6,2015-06,2015-06-16,20150626,20150626,export,1,232850386.43,59004.89,kg,KG,PACIFIC OILS & FATS INDUSTRIES SDN. BHD.,[in full dataset],Kulai,,www.pacificofats.com,[in full dataset],Y,SRI SARDA VEGETABLE OILS PRIVATE LIMITED,[in full dataset],Ballari,,,,Y,PACIFIC OILS & FATS INDUSTRIES SDN. BHD.,[in full dataset],,6212.1,6212.1,Port Klang,Tuticorin,Ballari,1,1,7.77,HMM ALGECIRAS,IMO9051273,SG,V342,144,APLU,MBL,COSU882765869,CMDU199214155,BMOU3761549,45HC,TANK,GP,FCL,CY/CY,Bollore Logistics,53010.53
15071000,6003201511000002905208,150710,8,"Vegetable oils; soya-bean oil and its fractions, crude, whether or not degummed, not chemically modified",MARKS3501,Brazil,India,India,6,2015,11,2015-11,2015-11-27,20151124,20151124,export,1,58768817,7583.24,kg,KG,RAPE ADMINISTRACAO E INCORPORACAO DE BENS IMOVEIS LTDA,[in full dataset],NATAL,,,,N,PERFEX OILS AND FATS PRIVATE LIMITED,[in full dataset],Hyderabad,,,,Y,RAPE ADMINISTRACAO E INCORPORACAO DE BENS IMOVEIS LTDA,[in full dataset],,7426,7426,Suape,Chennai,Hyderabad,1,1,9.28,MADRID MAERSK,IMO7444756,LR,V959,285,OOLU,MBL,EGLV909410868,CMDU550405204,MSCU6686774,40GP,OPEN TOP,GP,LCL,CY/CY,Sinotrans,6644.29
,6003201702000002204146,440321,6,"Wood; coniferous species, of pine (Pinus spp.), in the rough, whether or not stripped of bark or sapwood, or roughly squared, untreated, of which the smallest cross-sectional dimension is 15 cm or more",MARKS8374,China,India,India,5,2017,2,2017-02,2017-02-27,20170203,20170203,export,1,5032597,4596.01,kg,KG,"Ningbo Shidannuyukang Apparel Co., Ltd.",[in full dataset],Ningbo,,,,Y,SHIV SHAKTI ENTERPRISES,[in full dataset],Udham Singh Nagar,,,,N,"Ningbo Shidannuyukang Apparel Co., Ltd.",[in full dataset],,21580.5,21580.5,Xiamen,Tuticorin,Udham Singh Nagar,1,1,26.98,HYUNDAI LOYALTY,IMO7920215,PA,V662,895,HMMU,MBL,COSU455501797,HLCU917664716,TGHU8145651,45HC,FLAT RACK,HC,FCL,CY/CY,CEVA Logistics,4372.09
44072990,6003201711000007334766,440729,5,"Wood, tropical, n.e.c. in item no. 4407.2, sawn or chipped lengthwise, sliced or peeled, whether or not planed, sanded or finger-jointed, of a thickness exceeding 6mm",MARKS6394,Malaysia,India,India,6,2017,11,2017-11,2017-11-27,20171117,20171117,export,1,31537754.49,61729.49,kg,KG,FORESCOM PLYWOOD SDN. BHD.,[in full dataset],Bintulu,,,,Y,GREENPLY INDUSTRIES LIMITED,[in full dataset],Kolkata,,www.greenply.com,[in full dataset],Y,FORESCOM PLYWOOD SDN. BHD.,[in full dataset],,14149.7,14149.7,Tanjung Pelepas,Kandla,Kolkata,1,1,17.69,OOCL HONG KONG,IMO8742004,SG,V341,955,CMDU,HBL,CMDU386954848,ONEY396102615,TGHU3131833,40GP,OPEN TOP,GP,FCL,CY/CFS,Yusen Logistics,54919.83
68042190,6003202206000000386672,680421,7,"Millstones, grindstones, grinding wheels and the like; of agglomerated synthetic or natural diamond",MARKS5701,United Kingdom,India,India,5,2022,6,2022-06,2022-06-18,20220607,20220607,export,1,1391528.71,10146.88,kg,KG,HANSON LIMITED,[in full dataset],MAIDENHEAD,,www.heidelbergmaterials.co.uk,[in full dataset],Y,SHREE SIDDHIVINAYAK ENTERPRISES,[in full dataset],Valsad,,,,Y,HANSON LIMITED,[in full dataset],,14588.8,14588.8,London Gateway,"Nhava Sheva (JNPT), Mumbai",Valsad,1,1,18.24,MOL TRIUMPH,IMO6182045,MH,V854,545,MAEU,SWB,ONEY260818704,MAEU710761283,GESU6890618,40HC,REEFER,GP,FCL,CFS/CFS,DHL Global Forwarding,8851.9
40093100,6003201911000003377236,400931,6,"Rubber; vulcanised (other than hard rubber), tubing, piping and hoses, reinforced or otherwise combined only with textile materials, without fittings",MARKS1153,United States,India,India,9,2019,11,2019-11,2019-11-19,20191116,20191116,export,1,11728641,5779.59,kg,KG,Cytec Industries Inc.,[in full dataset],Trenton,,www.syensqo.com,[in full dataset],Y,RELIANCE INDUSTRIES LIMITED,[in full dataset],Mumbai,,www.ril.com,[in full dataset],N,Cytec Industries Inc.,[in full dataset],,19253.6,19253.6,"Seattle, WA",Kandla,Mumbai,1,1,24.07,CMA CGM JULES VERNE,IMO9928473,LR,V176,304,ONEY,MBL,EGLV460271095,ONEY586139500,BMOU6684641,40HC,TANK,RF,FCL,CFS/CFS,DHL Global Forwarding,5456.95
,6003202601000000511732,070956,5,"Vegetables; truffles (Tuber spp.), fresh or chilled",MARKS2307,Brazil,India,India,9,2026,1,2026-01,2026-01-21,20260126,20260126,export,1,13989252,5781.06,kg,KG,CARGILL AGRICOLA S A,[in full dataset],SAO PAULO,,www.cargill.com.br,[in full dataset],Y,CHERRY TOMATOES,[in full dataset],Delhi,,www.cherrytomatoes.in,[in full dataset],N,CARGILL AGRICOLA S A,[in full dataset],,5275.7,5275.7,Itajai,"Mundra, Gujarat",Delhi,1,1,6.59,MSC OSCAR,IMO4399327,SG,V912,367,APLU,SWB,COSU394456108,YMLU928185668,TGHU8933202,40HC,DRY,RF,FCL,CY/CFS,Nippon Express,5288.46
25010090,6003202105000003828819,250100,5,Salt (including table salt and denatured salt); pure sodium chloride whether or not in aqueous solution; sea water,MARKS7822,Turkiye,India,India,8,2021,5,2021-05,2021-05-01,20210509,20210509,export,1,7557547,3442.13,kg,KG,QUA GRANITE HAYAL YAPI VE URUNLERI SANAYI TICARET ANONIM SIRKETI,[in full dataset],Aydin,,www.qua.com.tr,[in full dataset],N,ULTRATECH CEMENT LIMITED,[in full dataset],Mumbai,,www.ultratechcement.com,[in full dataset],Y,QUA GRANITE HAYAL YAPI VE URUNLERI SANAYI TICARET ANONIM SIRKETI,[in full dataset],,988.1,988.1,Main Container Port,Kandla,Mumbai,1,1,1.24,EVER GIVEN,IMO4981370,LR,V743,805,HLCU,HBL,MAEU672604445,COSU594953532,FCIU9125710,40GP,REEFER,HC,LCL,CY/CFS,DSV,3006.84
40092200,6003201908000006335204,400922,9,"Rubber; vulcanised (other than hard rubber), tubing, piping and hoses, reinforced or otherwise combined only with metal, with fittings",MARKS1383,Indonesia,India,India,5,2019,8,2019-08,2019-08-15,20190813,20190813,export,1,28886311.47,2968.92,kg,KG,PT KIRANA MEGATARA TBK,[in full dataset],Kota Administrasi Jakarta Selatan,,www.kiranamegatara.com,[in full dataset],Y,RELIANCE INDUSTRIES LIMITED,[in full dataset],Mumbai,,www.ril.com,[in full dataset],Y,PT KIRANA MEGATARA TBK,[in full dataset],,19982.4,19982.4,Makassar,Cochin,Mumbai,1,1,24.98,CSCL GLOBE,IMO1004053,LR,V453,76,COSU,HBL,CMDU443286544,MSCU487998860,CAIU2603416,45HC,FLAT RACK,RF,LCL,CY/CY,Bollore Logistics,2820.48
,6003201503000004523443,151560,5,"Vegetable oils; microbial fats and oils and their fractions, whether or not refined, but not chemically modified",MARKS6018,Indonesia,India,India,5,2015,3,2015-03,2015-03-11,20150326,20150326,export,1,298757106,3467.98,kg,KG,PT INNO-WANGSA OILS & FATS,[in full dataset],Kota Medan,,www.inno-wangsa.co.id,[in full dataset],Y,VINIT VEGETABLE OILS AND PRODUCTS PRIVATE LIMITED,[in full dataset],Mumbai,,,,Y,PT INNO-WANGSA OILS & FATS,[in full dataset],,16121.3,16121.3,Belawan,Kolkata,Mumbai,1,1,20.15,BARZAN,IMO6223428,LR,V927,765,ONEY,MBL,MAEU679560456,ONEY920329928,CAIU9816735,20GP,REEFER,GP,FCL,CFS/CFS,Nippon Express,3123.4
68080000,6003202212000001045643,680800,9,"Panels, boards, tiles, blocks and the like; of vegetable fibre, of straw, shavings, chips, particles, sawdust or other waste, of wood, agglomerated with cement, plaster or other mineral binders",MARKS6960,South Korea,India,India,5,2022,12,2022-12,2022-12-08,20221225,20221225,export,1,5298257,8277.21,kg,KG,Kei Stone Partners LLC,[in full dataset],Seoul,,www.keistone.co.kr,[in full dataset],Y,TEAMLEASE SERVICES LIMITED,[in full dataset],Bengaluru,,group.teamlease.com/,[in full dataset],Y,Kei Stone Partners LLC,[in full dataset],,12141.2,12141.2,Busan,"Mundra, Gujarat",Bengaluru,1,1,15.18,MADRID MAERSK,IMO1288443,SG,V277,957,HLCU,HBL,YMLU585142136,COSU932974702,FCIU3069119,40HC,TANK,HC,FCL,CFS/CFS,Sinotrans,7641.87
07103000,6003202601000001274120,071030,9,"Vegetables; spinach, New Zealand spinach and orache spinach (garden spinach), uncooked or cooked by steaming or boiling in water, frozen",MARKS3970,Australia,India,India,7,2026,1,2026-01,2026-01-21,20260115,20260115,export,1,106461162.68,8064.23,kg,KG,ADM TRADING AUSTRALIA PTY LTD,[in full dataset],Adelaide,,www.admgrain.com.au,[in full dataset],Y,KRISHNA VALLEY FOOD AND OIL AGRO INDUSTRIES,[in full dataset],Sangli,,,,N,ADM TRADING AUSTRALIA PTY LTD,[in full dataset],,17640.6,17640.6,Melbourne,Visakhapatnam,Sangli,1,1,22.05,MSC GULSUN,IMO2225633,LR,V442,412,COSU,SWB,CMDU305024876,HLCU559926425,MSCU8068374,45HC,TANK,RF,FCL,CFS/CFS,DHL Global Forwarding,7061.13
70161000,6003202406000005884142,701610,7,"Glass cubes and other glass smallwares; whether or not on a backing, for mosaics or similar decorative purposes",MARKS2590,China,India,India,9,2024,6,2024-06,2024-06-25,20240613,20240613,export,1,173931888,67757.63,kg,KG,"Taishan Fiberglass Zoucheng Co., Ltd",[in full dataset],Zoucheng,,,,Y,HARYANA SHEET GLASS LIMITED,[in full dataset],New Delhi,,www.hsglindia.com,[in full dataset],Y,"Taishan Fiberglass Zoucheng Co., Ltd",[in full dataset],,5456.8,5456.8,Qingdao,Kandla,New Delhi,1,1,6.82,EVER ACME,IMO6272836,PA,V366,373,YMLU,HBL,ONEY825384183,ONEY801624943,GESU3669187,45HC,TANK,GP,FCL,CFS/CFS,Nippon Express,59112.59
09096139,6003202009000001660245,090961,8,"Spices; seeds of anise, badian, caraway or fennel; juniper berries, neither crushed nor ground",MARKS8681,Indonesia,India,India,8,2020,9,2020-09,2020-09-21,20200915,20200915,export,1,17486531.83,1008.98,kg,KG,PT PENGEMBANG LISTRIK NASIONAL GAS DAN GEOTHERMAL,[in full dataset],Kota Administrasi Jakarta Selatan,,www.plngeo.com,[in full dataset],Y,PARAS SPICES PRIVATE LIMITED,[in full dataset],Moga,,www.parasspices.com,[in full dataset],Y,PT PENGEMBANG LISTRIK NASIONAL GAS DAN GEOTHERMAL,[in full dataset],,9832.7,9832.7,"Tanjung Priok, Jakarta",Cochin,Moga,1,1,12.29,MOL TRIUMPH,IMO8871796,PA,V225,385,YMLU,HBL,ONEY185247437,EGLV112696248,TGHU6506961,20GP,FLAT RACK,HC,FCL,CFS/CFS,Nippon Express,911.38
52093910,6003202506000001694984,520939,5,"Fabrics, woven; containing 85% or more by weight of cotton, dyed, of weaves n.e.c. in item no. 5209.3, weighing more than 200g/m2",MARKS9666,Australia,India,India,6,2025,6,2025-06,2025-06-14,20250625,20250625,export,1,41833717.34,7373.61,kg,KG,COTTON ON CLOTHING PTY. LTD.,[in full dataset],North Geelong,,www.cottonongroup.com.au,[in full dataset],Y,INDRA COTTON MILLS LIMITED,[in full dataset],Chennai,,,,Y,COTTON ON CLOTHING PTY. LTD.,[in full dataset],,7975.6,7975.6,Sydney,Kolkata,Chennai,1,1,9.97,OOCL HONG KONG,IMO2022996,MH,V371,778,HMMU,SWB,MSCU719770416,CMDU670477345,GESU5000412,45HC,FLAT RACK,RF,FCL,CY/CY,CEVA Logistics,6574.63
07123300,6003202602000001082510,071233,7,"Vegetables; jelly fungi (Tremella spp)), whole, cut, sliced, broken or in powder but not further prepared, dried",MARKS5311,Canada,India,India,9,2026,2,2026-02,2026-02-07,20260226,20260226,export,1,57120881.8,1823.6,kg,KG,Westcoast Vegetables Ltd,[in full dataset],Delta,,,,Y,AJANTA SOYA LIMITED,[in full dataset],New Delhi,,www.ajantasoya.com,[in full dataset],Y,Westcoast Vegetables Ltd,[in full dataset],,24981.2,24981.2,"Prince Rupert, BC","Mundra, Gujarat",New Delhi,1,1,31.23,EVER GIVEN,IMO6610340,PA,V186,2,OOLU,MBL,COSU268959494,YMLU444049640,BMOU8114316,20GP,FLAT RACK,HC,FCL,CY/CY,Yusen Logistics,1642.48
,6003201710000007194762,440311,7,"Wood; coniferous species, in the rough, whether or not stripped of bark or sapwood, or roughly squared; treated with paint, stains, creosote or other preservatives",MARKS6144,Malaysia,India,India,5,2017,10,2017-10,2017-10-05,20171009,20171009,export,1,30714956.27,12835.87,kg,KG,TA ANN HOLDINGS BERHAD,[in full dataset],Sibu,,www.taann.com.my,[in full dataset],N,GREENPLY INDUSTRIES LIMITED,[in full dataset],Kolkata,,www.greenply.com,[in full dataset],N,TA ANN HOLDINGS BERHAD,[in full dataset],,9594.7,9594.7,Penang,Chennai,Kolkata,1,1,11.99,APL MEXICO CITY,IMO8062790,MH,V754,814,CMDU,MBL,MSCU731757848,MAEU451986517,TCLU7067911,20GP,OPEN TOP,HC,FCL,CFS/CFS,Nippon Express,11699.17
09019020,6003202008000001445555,090190,5,"Coffee; husks and skins, coffee substitutes containing coffee in any proportion",MARKS1923,Indonesia,India,India,5,2020,8,2020-08,2020-08-08,20200821,20200821,export,1,12403429.31,22285.19,kg,KG,PT PTPN IX KEBUN SEMUGIH MOGA PEMALANG (PERSERO),[in full dataset],Kabupaten Pemalang,,,,Y,BARISTS COFFEE COMPANY LIMITED,[in full dataset],New Delhi,,,,Y,PT PTPN IX KEBUN SEMUGIH MOGA PEMALANG (PERSERO),[in full dataset],,23443.4,23443.4,Belawan,"Mundra, Gujarat",New Delhi,1,1,29.3,MADRID MAERSK,IMO6748813,LR,V993,806,ONEY,HBL,MAEU510416513,MSCU770564877,CAIU5652565,20GP,FLAT RACK,GP,FCL,CY/CFS,Yusen Logistics,20150.73
40081110,6003201902000003409020,400811,6,"Rubber; vulcanised (other than hard rubber), in plates, sheets and strip of cellular rubber",MARKS7976,China,India,India,8,2019,2,2019-02,2019-02-21,20190214,20190214,export,1,11870143,14159.5,kg,KG,"Hengli Petrochemical Co.,Ltd.",[in full dataset],Dalian,,www.hengliinc.com,[in full dataset],Y,RELIANCE INDUSTRIES LIMITED,[in full dataset],Mumbai,,www.ril.com,[in full dataset],Y,"Hengli Petrochemical Co.,Ltd.",[in full dataset],,18977.9,18977.9,Tianjin,Kolkata,Mumbai,1,1,23.72,COSCO UNIVERSE,IMO3293900,PA,V238,259,HMMU,HBL,MSCU384141090,ONEY815258212,MSCU6788287,40HC,REEFER,GP,FCL,CY/CY,Expeditors,12738.83
09096129,6003202004000000577456,090961,9,"Spices; seeds of anise, badian, caraway or fennel; juniper berries, neither crushed nor ground",MARKS9324,Indonesia,India,India,6,2020,4,2020-04,2020-04-25,20200409,20200409,export,1,3219697.42,23207.88,kg,KG,PT PAGILARAN,[in full dataset],Kota Yogyakarta,,,,Y,INDIAN RAILWAY CATERING AND TOURISM CORPORATION LIMITED,[in full dataset],New Delhi,,www.irctc.com/,[in full dataset],Y,PT PAGILARAN,[in full dataset],,7328.9,7328.9,Makassar,Kandla,New Delhi,1,1,9.16,EVER ACME,IMO8135869,SG,V659,718,HLCU,MBL,ONEY318955865,MAEU566726605,TGHU5026123,40GP,DRY,HC,FCL,CY/CY,Expeditors,22001.18
07114000,6003202602000001369097,071140,8,"Vegetables; cucumbers and gherkins, provisionally preserved but unsuitable in that state for immediate consumption",MARKS3160,Australia,India,India,9,2026,2,2026-02,2026-02-11,20260228,20260228,export,1,138496072.64,17535.6,kg,KG,ADM TRADING AUSTRALIA PTY LTD,[in full dataset],Adelaide,,www.admgrain.com.au,[in full dataset],Y,SEMIRIS VEGETABLES SEEDS (PRIVATE) LIMITED,[in full dataset],Aurangabad,,,,Y,ADM TRADING AUSTRALIA PTY LTD,[in full dataset],,11704.1,11704.1,Fremantle,Kandla,Aurangabad,1,1,14.63,HYUNDAI LOYALTY,IMO9527032,PA,V564,905,APLU,SWB,ONEY491311060,EGLV521496392,MSCU6932964,40HC,OPEN TOP,GP,FCL,CY/CFS,Bollore Logistics,15480.6
,6003202302000002219151,690740,7,Finishing ceramics,MARKS1944,China,India,India,7,2023,2,2023-02,2023-02-17,20230208,20230208,export,1,28843108,4492.64,kg,KG,"Guangxi Beiliu Laotian Ceramic Co., Ltd.",[in full dataset],Beiliu,,,,Y,VIDRES INDIA CERAMICS PRIVATE LIMITED,[in full dataset],Ahmedabad,,www.vidres.com,[in full dataset],Y,"Guangxi Beiliu Laotian Ceramic Co., Ltd.",[in full dataset],,15128.5,15128.5,Guangzhou,Kandla,Ahmedabad,1,1,18.91,YM WARRANTY,IMO1619160,PA,V865,277,ONEY,HBL,COSU740587655,EGLV799702763,FCIU7112210,20GP,TANK,GP,FCL,CFS/CFS,CEVA Logistics,4181.1
,6003201712000001916932,441829,8,"Wood; doors and their frames and thresholds, (of other than tropical wood)",MARKS3633,Thailand,India,India,6,2017,12,2017-12,2017-12-26,20171215,20171215,export,1,4118789.69,2155.45,kg,KG,INTOWOOD SUPPLIES COMPANY LIMITED,[in full dataset],MUEANG PATHUM THANI,,,,Y,SHIV SHAKTI ENTERPRISES,[in full dataset],Udham Singh Nagar,,,,Y,INTOWOOD SUPPLIES COMPANY LIMITED,[in full dataset],,2562,2562,Laem Chabang,Visakhapatnam,Udham Singh Nagar,1,1,3.2,COSCO UNIVERSE,IMO5618225,SG,V495,840,COSU,MBL,ONEY814353985,MSCU217740597,TCLU8493475,20GP,OPEN TOP,RF,FCL,CFS/CFS,Bollore Logistics,1924.06
07102200,6003202601000001277368,071022,9,"Vegetables, leguminous; beans (vigna spp., phaseolus spp.), shelled or unshelled, uncooked or cooked by steaming or boiling in water, frozen",MARKS9987,Australia,India,India,6,2026,1,2026-01,2026-01-24,20260125,20260125,export,1,106461162.68,13588.58,kg,KG,ADM TRADING AUSTRALIA PTY LTD,[in full dataset],Adelaide,,www.admgrain.com.au,[in full dataset],Y,MATHURA OIL INDUSTRIES,[in full dataset],Bhind,,,,Y,ADM TRADING AUSTRALIA PTY LTD,[in full dataset],,5741.4,5741.4,Sydney,"Nhava Sheva (JNPT), Mumbai",Bhind,1,1,7.18,HMM ALGECIRAS,IMO1143008,MH,V589,397,OOLU,MBL,HLCU212135045,YMLU566223023,BMOU7096693,45HC,FLAT RACK,HC,FCL,CFS/CFS,Kuehne + Nagel,12935.58
,6003202602000001375275,070953,8,"Vegetables; mushrooms of the genus Cantharellus, fresh or chilled",MARKS1256,Australia,India,India,5,2026,2,2026-02,2026-02-25,20260202,20260202,export,1,138496072.64,2630.38,kg,KG,ADM TRADING AUSTRALIA PTY LTD,[in full dataset],Adelaide,,www.admgrain.com.au,[in full dataset],Y,SHRI KRISHNA TRADING,[in full dataset],Bhind,,,,Y,ADM TRADING AUSTRALIA PTY LTD,[in full dataset],,22126.5,22126.5,Melbourne,Visakhapatnam,Bhind,1,1,27.66,CSCL GLOBE,IMO5606645,LR,V798,756,EGLV,HBL,YMLU320741217,CMDU847486515,GESU3365134,40GP,DRY,HC,FCL,CY/CFS,DSV,2361.26
08133000,6003201605000001131057,081330,7,"Fruit, edible; apples, dried",MARKS3242,Indonesia,India,India,9,2016,5,2016-05,2016-05-14,20160504,20160504,export,1,2544470.86,33744.35,kg,KG,PD. ALOHA FOOD INDUSTRY,[in full dataset],Kabupaten Bangkalan,,,,Y,FRUIT AND VEGETABLE PROJECT,[in full dataset],New Delhi,,,,Y,PD. ALOHA FOOD INDUSTRY,[in full dataset],,14697,14697,"Tanjung Priok, Jakarta",Chennai,New Delhi,1,1,18.37,EVER ACME,IMO6680956,MH,V825,10,MAEU,MBL,HLCU277050886,ONEY114270025,BMOU3463952,40HC,REEFER,GP,FCL,CY/CY,Nippon Express,31641.56
44083190,6003201711000001741549,440831,9,"Wood, tropical; as specified in Subheading Note 2 to this Chapter, dark red meranti, light red meranti, meranti bakau, sheets for veneer, plywood or other wood, sawn lengthwise, sliced or peeled, planed or not, sanded or end-jointed, not thicker than 6mm",MARKS1724,Thailand,India,India,7,2017,11,2017-11,2017-11-20,20171115,20171115,export,1,3679910.87,10027.74,kg,KG,SRIWATANA WOODING INDUSTRIES COMPANY LIMITED,[in full dataset],MUEANG PATHUM THANI,,,,Y,AUSTIN PLYWOOD PRIVATE LIMITED,[in full dataset],Kolkata,,www.austinpowerply.com,[in full dataset],N,SRIWATANA WOODING INDUSTRIES COMPANY LIMITED,[in full dataset],,12098.3,12098.3,Bangkok,Cochin,Kolkata,1,1,15.12,MOL TRIUMPH,IMO4783961,LR,V519,53,OOLU,HBL,CMDU717398731,EGLV352988645,FCIU3973891,40GP,TANK,RF,LCL,CFS/CFS,Expeditors,9013.38
69119020,6003202308000003013440,691190,8,"Household and toilet articles; n.e.c. in heading no. 6911, of porcelain or china",MARKS7440,China,India,India,5,2023,8,2023-08,2023-08-08,20230820,20230820,export,1,54632094,26997.36,kg,KG,"Guangdong Songfa Ceramics Co., Ltd.",[in full dataset],Dalian,,www.songfa.com,[in full dataset],Y,KAJARIA CERAMICS LIMITED,[in full dataset],Gurugram,,www.kajariaceramics.com,[in full dataset],Y,"Guangdong Songfa Ceramics Co., Ltd.",[in full dataset],,16889.8,16889.8,Dalian,"Mundra, Gujarat",Gurugram,1,1,21.11,OOCL HONG KONG,IMO9043411,SG,V257,666,ONEY,MBL,EGLV130320127,YMLU965961775,BMOU1969457,40GP,TANK,RF,FCL,CY/CFS,Bollore Logistics,24029.44
,6003202008000000273520,090520,5,"Spices; vanilla, crushed or ground",MARKS7237,China,India,India,6,2020,8,2020-08,2020-08-01,20200813,20200813,export,1,1233487,9136.88,kg,KG,"Bama Tea Co., Ltd.",[in full dataset],Shenzhen,,www.bamatea.com,[in full dataset],Y,SHREE NAYAKJEE OIL & SPICES MANUFACTURERS PRIVATE LIMITED,[in full dataset],Nalanda,,,,Y,"Bama Tea Co., Ltd.",[in full dataset],,22995.3,22995.3,Xiamen,"Mundra, Gujarat",Nalanda,1,1,28.74,HMM ALGECIRAS,IMO4493949,SG,V795,67,ONEY,HBL,HLCU753766830,ONEY631466834,MSCU6526328,40GP,REEFER,HC,FCL,CY/CFS,Expeditors,8073.59
08051000,6003201612000006484415,080510,9,"Fruit, edible; oranges, fresh or dried",MARKS6011,United States,India,India,5,2016,12,2016-12,2016-12-08,20161220,20161220,export,1,28275201,6712.98,kg,KG,"Tyson Foods, Inc.",[in full dataset],Springdale,,www.tysonfoods.com,[in full dataset],Y,TASTY NUT INDUSTRIES,[in full dataset],Kollam,,www.tastynut.in,[in full dataset],Y,"Tyson Foods, Inc.",[in full dataset],,15957,15957,"Savannah, GA",Cochin,Kollam,1,1,19.95,HMM ALGECIRAS,IMO9314410,MH,V837,810,MSCU,SWB,HLCU256714698,CMDU880459076,FCIU5339764,45HC,DRY,HC,FCL,CFS/CFS,Bollore Logistics,6162.81
52114120,6003202511000002388511,521141,8,"Fabrics, woven; containing less than 85% by weight of cotton, mixed mainly or solely with man-made fibres, weighing more than 200g/m2, of yarns of different colours, plain weave",MARKS7348,Brazil,India,India,6,2025,11,2025-11,2025-11-26,20251106,20251106,export,1,135626982,1071.64,kg,KG,NEW COTTON TEXTIL LTDA,[in full dataset],BLUMENAU,,,,Y,COTTON BLOSSOM INDIAPRIVATE LIMITED,[in full dataset],Tirupur,,www.cotonblossom.org,[in full dataset],Y,NEW COTTON TEXTIL LTDA,[in full dataset],,4319.2,4319.2,Santos,"Nhava Sheva (JNPT), Mumbai",Tirupur,1,1,5.4,HMM ALGECIRAS,IMO2414871,PA,V231,509,EGLV,MBL,MAEU525009015,COSU862033742,CAIU3578410,40HC,REEFER,RF,LCL,CY/CY,Expeditors,1014.86
68042210,6003202204000000668399,680422,5,"Millstones, grindstones, grinding wheels and the like; of other agglomerated abrasives or of ceramics",MARKS6212,Germany,India,India,8,2022,4,2022-04,2022-04-07,20220408,20220408,export,1,2780652.29,81220.55,kg,KG,Gebr. Knauf KG,[in full dataset],Iphofen,,www.knauf-akademie.de,[in full dataset],Y,SHALINI ENTERPRISES,[in full dataset],Solan,,,,Y,Gebr. Knauf KG,[in full dataset],,15588.4,15588.4,Hamburg,Kolkata,Solan,1,1,19.49,APL MEXICO CITY,IMO9544509,MH,V920,376,MSCU,MBL,ONEY547983889,YMLU138933760,TCLU3317974,20GP,REEFER,GP,FCL,CY/CFS,Sinotrans,73604.05
09072000,6003202010000001605306,090720,5,"Spices; cloves (whole fruit, cloves and stems), crushed or ground",MARKS1552,Indonesia,India,India,6,2020,10,2020-10,2020-10-13,20201026,20201026,export,1,15964325.41,2756.96,kg,KG,PT SULOTCO JAYA ABADI,[in full dataset],Kota Makassar,,www.toraja.coffee/id/kontak/,[in full dataset],N,ZEUS EXPORTS PRIVATE LIMITED,[in full dataset],Ernakulam,,www.zeusexports.com,[in full dataset],Y,PT SULOTCO JAYA ABADI,[in full dataset],,2141.4,2141.4,Belawan,Visakhapatnam,Ernakulam,1,1,2.68,BARZAN,IMO4939736,SG,V992,326,HLCU,HBL,YMLU576068884,MAEU253636441,MSCU2797393,40GP,FLAT RACK,GP,FCL,CY/CY,Kuehne + Nagel,2436.83
,6003202301000003239118,690721,6,"Ceramic tiles; flags and paving, hearth or wall tiles other than those of subheadings 6907.30 and 6907.40, of a water absorption coefficient by weight not over 0.5%",MARKS7506,China,India,India,9,2023,1,2023-01,2023-01-07,20230125,20230125,export,1,67415595,11577.34,kg,KG,"Tangshan Beifangcidu Ceramic Group Co., Ltd.",[in full dataset],Tangshan,,,,Y,KAJARIA CERAMICS LIMITED,[in full dataset],Gurugram,,www.kajariaceramics.com,[in full dataset],Y,"Tangshan Beifangcidu Ceramic Group Co., Ltd.",[in full dataset],,4817.4,4817.4,Qingdao,Chennai,Gurugram,1,1,6.02,MOL TRIUMPH,IMO8545235,MH,V142,932,MAEU,SWB,COSU639330607,CMDU986162423,MSCU4789190,20GP,FLAT RACK,GP,LCL,CY/CY,DHL Global Forwarding,10850.68
70022090,6003202401000006023304,700220,9,"Glass; unworked, in rods",MARKS3711,China,India,India,7,2024,1,2024-01,2024-01-17,20240127,20240127,export,1,200977300,8142.29,kg,KG,"Hebei Kaifa Glassware Co., Ltd.",[in full dataset],Cangzhou,,,,N,NATIONAL PHYSICAL LABORATORY,[in full dataset],New Delhi,,www.nplindia.org,[in full dataset],Y,"Hebei Kaifa Glassware Co., Ltd.",[in full dataset],,21332.9,21332.9,Tianjin,Kandla,New Delhi,1,1,26.67,MSC GULSUN,IMO9179643,LR,V256,867,CMDU,MBL,CMDU324192881,EGLV298761397,CAIU4250049,40HC,TANK,RF,FCL,CY/CFS,Nippon Express,7716.16
25161100,6003202102000000319978,251611,8,Granite; crude or roughly trimmed,MARKS7922,Netherlands,India,India,9,2021,2,2021-02,2021-02-11,20210224,20210224,export,1,414085.71,2788.89,kg,KG,Weir Minerals Netherlands B.V.,[in full dataset],Venlo,,,,Y,J. K. CEMENT LIMITED,[in full dataset],New Delhi,,www.jkcement.com,[in full dataset],N,Weir Minerals Netherlands B.V.,[in full dataset],,22644,22644,Amsterdam,Kandla,New Delhi,1,1,28.3,OOCL HONG KONG,IMO5132238,MH,V802,591,MAEU,SWB,CMDU415483316,MAEU955162932,TGHU5838663,20GP,REEFER,RF,FCL,CY/CY,CEVA Logistics,2531.85
,6003201707000006338264,441874,6,"Wood; assembled flooring panels, not of bamboo or with at least the top layer (wear layer) of bamboo, for mosaic floors",MARKS1342,Malaysia,India,India,9,2017,7,2017-07,2017-07-25,20170718,20170718,export,1,24608620.22,5730.97,kg,KG,WX SPACE DESIGN & CONSTRUCTION SDN. BHD.,[in full dataset],Masai,,,,Y,CENTURY PLYBOARDS (INDIA) LIMITED,[in full dataset],Kolkata,,www.centuryply.com,[in full dataset],Y,WX SPACE DESIGN & CONSTRUCTION SDN. BHD.,[in full dataset],,17300.7,17300.7,Port Klang,Cochin,Kolkata,1,1,21.63,ONE APUS,IMO6612551,MH,V662,926,CMDU,SWB,MAEU826280185,HLCU498213651,CAIU4045111,40GP,OPEN TOP,HC,FCL,CY/CY,CEVA Logistics,5024.28
,6003202206000003505832,681519,8,Stone or other mineral substances not elsewhere specified or included; non-electrical articles of graphite or carbon n.e.c. in heading 6815,MARKS5389,China,India,India,8,2022,6,2022-06,2022-06-24,20220616,20220616,export,1,62709074,4895.24,kg,KG,"Jiangsu Hengshang Energy Conservation Technology Co., Ltd.",[in full dataset],Wuxi,,www.wuxihs.cn,[in full dataset],Y,NUVOCO VISTAS CORPORATION LIMITED,[in full dataset],Mumbai,,www.nuvoco.com,[in full dataset],Y,"Jiangsu Hengshang Energy Conservation Technology Co., Ltd.",[in full dataset],,21610.6,21610.6,Shanghai,Kandla,Mumbai,1,1,27.01,MSC OSCAR,IMO2086561,LR,V680,157,EGLV,SWB,ONEY203617600,HLCU987132240,CAIU3823904,45HC,OPEN TOP,HC,LCL,CY/CY,Kuehne + Nagel,4626.46
69051000,6003202310000000495253,690510,5,Ceramic roofing tiles,MARKS7164,Poland,India,India,7,2023,10,2023-10,2023-10-02,20231001,20231001,export,1,2814158,6845.68,kg,KG,NGK CERAMICS POLSKA SP Z O O,[in full dataset],Gliwice,,www.ngk.com.pl,[in full dataset],Y,MADHUSUDAN CERAMICS LIMITED,[in full dataset],Mehsana,,,,Y,NGK CERAMICS POLSKA SP Z O O,[in full dataset],,16658.7,16658.7,Gdynia,Cochin,Mehsana,1,1,20.82,ONE APUS,IMO1906209,LR,V350,521,ONEY,MBL,MSCU442009043,MSCU648759830,TCLU1865479,40HC,DRY,RF,FCL,CY/CFS,DHL Global Forwarding,6157.77
25171020,6003202108000002449866,251710,5,"Pebbles, gravel, broken or crushed stone; of a kind commonly used for concrete aggregates, for road metalling or for railway or other ballast, shingle and flint, whether or not heat-treated",MARKS9008,United States,India,India,7,2021,8,2021-08,2021-08-16,20210822,20210822,export,1,4104102,230.2,kg,KG,Swenson Granite Company LLC,[in full dataset],Concord,,www.swensongranite.com,[in full dataset],Y,STAR CEMENT NORTH EAST LIMITED,[in full dataset],Kamrup,,,,Y,Swenson Granite Company LLC,[in full dataset],,1328.6,1328.6,"Charleston, SC","Mundra, Gujarat",Kamrup,1,1,1.66,ONE APUS,IMO5953123,MH,V113,811,COSU,HBL,YMLU220205311,EGLV825353384,BMOU1150758,20GP,FLAT RACK,HC,FCL,CY/CY,Expeditors,218.4
40013000,6003201905000006223126,400130,7,"Balata, gutta-percha, guayule, chicle and similar natural gums; in primary forms or in plates, sheets or strip",MARKS4327,Thailand,India,India,6,2019,5,2019-05,2019-05-04,20190519,20190519,export,1,27991486.84,11102.32,kg,KG,NORTH EAST RUBBER PUBLIC COMPANY LIMITED,[in full dataset],PRAKHON CHAI,,www.nerubber.com,[in full dataset],Y,RELIANCE INDUSTRIES LIMITED,[in full dataset],Mumbai,,www.ril.com,[in full dataset],Y,NORTH EAST RUBBER PUBLIC COMPANY LIMITED,[in full dataset],,24885.3,24885.3,Laem Chabang,Chennai,Mumbai,1,1,31.11,CSCL GLOBE,IMO5782511,LR,V480,575,CMDU,HBL,ONEY818984931,YMLU518111540,FCIU1181279,45HC,DRY,RF,FCL,CY/CY,CEVA Logistics,10554.92
07133100,6003202602000001369482,071331,7,"Vegetables, leguminous; beans of the species vigna mungo (l.) hepper or vigna radiata (l.) wilczek, shelled, whether or not skinned or split, dried",MARKS4631,Australia,India,India,9,2026,2,2026-02,2026-02-04,20260226,20260226,export,1,138496072.64,2818.71,kg,KG,ADM TRADING AUSTRALIA PTY LTD,[in full dataset],Adelaide,,www.admgrain.com.au,[in full dataset],Y,PARAMESWARI ONIONS,[in full dataset],Visakhapatnam,,,,N,ADM TRADING AUSTRALIA PTY LTD,[in full dataset],,10914.3,10914.3,Sydney,Tuticorin,Visakhapatnam,1,1,13.64,BARZAN,IMO3300564,LR,V672,747,ZIMU,SWB,ONEY661649436,MAEU228580094,GESU5251489,40HC,OPEN TOP,HC,FCL,CY/CY,DHL Global Forwarding,2496.11
,6003201710000007192765,441291,7,"Plywood; n.e.c. in heading 4412, with at least one outer ply of tropical wood",MARKS3763,Malaysia,India,India,6,2017,10,2017-10,2017-10-22,20171026,20171026,export,1,30714956.27,1223.93,kg,KG,UNITED PLYWOOD & SAWMILLS SDN BHD,[in full dataset],Kuala Lumpur,,,,Y,SHIV SHAKTI ENTERPRISES,[in full dataset],Udham Singh Nagar,,,,Y,UNITED PLYWOOD & SAWMILLS SDN BHD,[in full dataset],,15905.4,15905.4,Penang,"Mundra, Gujarat",Udham Singh Nagar,1,1,19.88,MSC OSCAR,IMO4440309,SG,V297,821,COSU,MBL,CMDU474206234,YMLU383953700,TGHU9045013,20GP,OPEN TOP,RF,FCL,CY/CFS,Yusen Logistics,1147.42
25191000,6003202104000006098008,251910,6,Magnesium carbonate (magnesite); natural,MARKS6647,China,India,India,5,2021,4,2021-04,2021-04-01,20210408,20210408,export,1,19221654,217.35,kg,KG,Guang'An Tenghui Cement Limited Company,[in full dataset],Guangan,,,,Y,LUCKY MINERALS,[in full dataset],Keonjhar,,,,Y,Guang'An Tenghui Cement Limited Company,[in full dataset],,9678.5,9678.5,Yingkou,Cochin,Keonjhar,1,1,12.1,CSCL GLOBE,IMO4779941,PA,V150,305,HLCU,HBL,YMLU208738775,MSCU492832842,BMOU9512404,40GP,OPEN TOP,HC,FCL,CY/CY,Sinotrans,200
07114000,6003202602000001367746,071140,5,"Vegetables; cucumbers and gherkins, provisionally preserved but unsuitable in that state for immediate consumption",MARKS1938,Australia,India,India,9,2026,2,2026-02,2026-02-02,20260202,20260202,export,1,138496072.64,2402.86,kg,KG,ADM TRADING AUSTRALIA PTY LTD,[in full dataset],Adelaide,,www.admgrain.com.au,[in full dataset],Y,NEW WORLD TRADING (INDIA) PRIVATE LIMITED,[in full dataset],New Delhi,,,,Y,ADM TRADING AUSTRALIA PTY LTD,[in full dataset],,8493.2,8493.2,Melbourne,"Nhava Sheva (JNPT), Mumbai",New Delhi,1,1,10.62,COSCO UNIVERSE,IMO1680002,LR,V935,828,MSCU,SWB,YMLU834380056,EGLV852302355,CAIU4550541,20GP,DRY,RF,FCL,CY/CFS,Kuehne + Nagel,2168.41
,6003202408000006019252,701966,6,Glass fibres; open woven fabrics of a width exceeding 30cm,MARKS8767,China,India,India,5,2024,8,2024-08,2024-08-07,20240817,20240817,export,1,190766152,3230.06,kg,KG,"Chongqing Wansheng Fuyao Glass Co., Ltd.",[in full dataset],Chongqing,,,,N,HARYANA SHEET GLASS LIMITED,[in full dataset],New Delhi,,www.hsglindia.com,[in full dataset],Y,"Chongqing Wansheng Fuyao Glass Co., Ltd.",[in full dataset],,9564.7,9564.7,Qingdao,Kolkata,New Delhi,1,1,11.96,HYUNDAI LOYALTY,IMO2209240,SG,V224,250,COSU,SWB,MAEU935929386,CMDU883582836,TCLU3888518,40HC,OPEN TOP,GP,LCL,CY/CY,Bollore Logistics,2962.05
40070010,6003201905000004690790,400700,8,"Rubber; vulcanised, thread and cord",MARKS1474,Japan,India,India,8,2019,5,2019-05,2019-05-17,20190510,20190510,export,1,18237694.86,9442.06,kg,KG,"AUTOBACS SEVEN CO., LTD.",[in full dataset],KOTO-KU,,www.autobacs.co.jp/,[in full dataset],Y,TYRE & TREAD LIMITED,[in full dataset],Anantapur,,,,Y,"AUTOBACS SEVEN CO., LTD.",[in full dataset],,3801.8,3801.8,Tokyo,Tuticorin,Anantapur,1,1,4.75,OOCL HONG KONG,IMO7536004,SG,V505,508,EGLV,SWB,ONEY900082822,MSCU550651955,CAIU6305485,40GP,TANK,RF,LCL,CFS/CFS,Yusen Logistics,8223.05
48030010,6003201803000003900497,480300,9,"Tissue, towel, napkin stock or similar; for household or sanitary use, cellulose, wadding webs of cellulose fibres, in rolls exceeding 36cm in width or rectangular sheets with one side more than 36cm in unfolded state",MARKS5701,Canada,India,India,9,2018,3,2018-03,2018-03-23,20180319,20180319,export,1,18245036.16,47123.23,kg,KG,West Fraser Timber Co. Ltd,[in full dataset],Vancouver,,www.westfraser.com,[in full dataset],Y,ITC LIMITED,[in full dataset],Kolkata,,www.itcportal.com,[in full dataset],Y,West Fraser Timber Co. Ltd,[in full dataset],,18226.7,18226.7,"Vancouver, BC",Tuticorin,Kolkata,1,1,22.78,COSCO UNIVERSE,IMO5622212,LR,V257,606,APLU,MBL,EGLV192251917,COSU125532326,TGHU6068299,40GP,DRY,RF,LCL,CY/CFS,Nippon Express,43478.8
25112000,6003202111000006275383,251120,9,"Barium carbonate (witherite); natural, whether or not calcined, other than barium oxide of heading no. 2816",MARKS3487,Turkiye,India,India,8,2021,11,2021-11,2021-11-01,20211124,20211124,export,1,20541604,15220.44,kg,KG,QUA GRANITE HAYAL YAPI VE URUNLERI SANAYI TICARET ANONIM SIRKETI,[in full dataset],Aydin,,www.qua.com.tr,[in full dataset],Y,J K CEMENT WORKS,[in full dataset],Chittorgarh,,,,Y,QUA GRANITE HAYAL YAPI VE URUNLERI SANAYI TICARET ANONIM SIRKETI,[in full dataset],,2989.9,2989.9,Main Container Port,Visakhapatnam,Chittorgarh,1,1,3.74,HYUNDAI LOYALTY,IMO3602857,MH,V901,107,EGLV,MBL,COSU102467437,ONEY650572404,FCIU4073414,20GP,DRY,HC,FCL,CY/CFS,DSV,13258.23
70112000,6003202402000001723158,701120,6,"Glass envelopes (including bulbs and tubes); open, and glass parts thereof, without fittings, for cathode-ray tubes",MARKS2621,Malaysia,India,India,5,2024,2,2024-02,2024-02-13,20240227,20240227,export,1,10441956.44,1805.64,kg,KG,SSG SAFETY GLASS SDN. BHD.,[in full dataset],Gopeng,,,,Y,SERAIKELLA GLASS WORKS LIMITED,[in full dataset],East Singhbhum,,,,Y,SSG SAFETY GLASS SDN. BHD.,[in full dataset],,6136.5,6136.5,Tanjung Pelepas,Kolkata,East Singhbhum,1,1,7.67,MOL TRIUMPH,IMO4888551,PA,V640,176,HMMU,HBL,CMDU643063816,ONEY287216521,FCIU6742549,40HC,FLAT RACK,RF,LCL,CFS/CFS,Sinotrans,1612.86
40082920,6003201912000000264331,400829,9,"Rubber; vulcanised (other than hard rubber), non-cellular rubber, in forms other than plates, sheets or strip",MARKS3481,Turkiye,India,India,8,2019,12,2019-12,2019-12-23,20191205,20191205,export,1,700141,1466.94,kg,KG,OZ NE OTOMOTIV SANAYI VE TICARET LIMITED SIRKETI,[in full dataset],Istanbul (Europe),,,,Y,MRF LIMITED,[in full dataset],Chennai,,www.mrftyres.com,[in full dataset],Y,OZ NE OTOMOTIV SANAYI VE TICARET LIMITED SIRKETI,[in full dataset],,6035.4,6035.4,Main Container Port,Visakhapatnam,Chennai,1,1,7.54,EVER ACME,IMO6487154,MH,V943,897,OOLU,SWB,HLCU849631514,MSCU621636868,CAIU2600380,40HC,DRY,RF,FCL,CY/CFS,DHL Global Forwarding,1306.47
68061000,6003202209000003335398,680610,7,"Slag wool, rock wool and similar mineral wools (including intermixtures thereof), in bulk, sheets or rolls",MARKS7768,China,India,India,7,2022,9,2022-09,2022-09-02,20220902,20220902,export,1,53060559,2590.02,kg,KG,"Rifeng Enterprise (huangshi) Co., Ltd.",[in full dataset],Huangshi,,www.rifeng.com,[in full dataset],Y,RS INTERNATIONAL,[in full dataset],Gurugram,,,,Y,"Rifeng Enterprise (huangshi) Co., Ltd.",[in full dataset],,13257.4,13257.4,Xiamen,Cochin,Gurugram,1,1,16.57,HYUNDAI LOYALTY,IMO8586985,PA,V586,94,MAEU,SWB,ONEY456065015,HLCU568764312,CAIU1921768,45HC,TANK,HC,FCL,CY/CFS,Expeditors,2355.98
25152010,6003202112000003923324,251520,7,"Ecaussine and other calcareous monumental or building stone; alabaster, having a specific gravity of 2.5 or more",MARKS8579,Egypt,India,India,7,2021,12,2021-12,2021-12-24,20211209,20211209,export,1,7857322.69,229.96,kg,KG,Hassana Marble & Granite Quarries,[in full dataset],Minia,,,,Y,WONDER CEMENT LIMITED,[in full dataset],Udaipur,,www.wondercement.com,[in full dataset],Y,Hassana Marble & Granite Quarries,[in full dataset],,23643.4,23643.4,Damietta,Cochin,Udaipur,1,1,29.55,APL MEXICO CITY,IMO4203651,LR,V100,186,HLCU,SWB,ONEY785034885,CMDU992271506,MSCU9119047,40HC,DRY,HC,LCL,CFS/CFS,Sinotrans,200
69091200,6003202303000003112104,690912,8,"Ceramic wares; for laboratory, chemical or other technical uses, articles having a hardness equivalent to 9 or more on the Mohs scale",MARKS1473,China,India,India,8,2023,3,2023-03,2023-03-01,20230323,20230323,export,1,58788652,34131.29,kg,KG,"Hongdong Hengfumeiermei Ceramics Co., Ltd.",[in full dataset],Hongdong County,,,,Y,TRIPURESWARI BRICKS INDUSTRIES,[in full dataset],Agartala,,,,Y,"Hongdong Hengfumeiermei Ceramics Co., Ltd.",[in full dataset],,3852.4,3852.4,Ningbo-Zhoushan,Tuticorin,Agartala,1,1,4.82,ONE APUS,IMO6576138,LR,V455,865,APLU,MBL,EGLV519235499,MAEU453479947,FCIU2912556,40GP,REEFER,HC,FCL,CY/CFS,Bollore Logistics,29892.47
68080000,6003202203000000278782,680800,6,"Panels, boards, tiles, blocks and the like; of vegetable fibre, of straw, shavings, chips, particles, sawdust or other waste, of wood, agglomerated with cement, plaster or other mineral binders",MARKS4647,Philippines,India,India,5,2022,3,2022-03,2022-03-03,20220321,20220321,export,1,962075,14274.86,kg,KG,GREENLIGHT MANPOWER AND GENERAL SERVICES INC.,[in full dataset],Sta. Rosa,,,,Y,ACC LIMITED,[in full dataset],Ahmedabad,,www.acclimited.com,[in full dataset],Y,GREENLIGHT MANPOWER AND GENERAL SERVICES INC.,[in full dataset],,22039.4,22039.4,Manila North/South Harbor,Cochin,Ahmedabad,1,1,27.55,CSCL GLOBE,IMO8002326,PA,V244,830,APLU,MBL,ONEY622488769,COSU296559536,GESU4676667,40HC,REEFER,GP,FCL,CFS/CFS,Yusen Logistics,12469.21
15041099,6003201505000004553828,150410,6,"Oils of fish; fish-liver oils and their fractions, whether or not refined, but not chemically modified",MARKS1347,Indonesia,India,India,8,2015,5,2015-05,2015-05-10,20150513,20150513,export,1,305794621,32046.56,kg,KG,PT INNO-WANGSA OILS & FATS,[in full dataset],Kota Medan,,www.inno-wangsa.co.id,[in full dataset],Y,POSHAK OILS AND FATS LIMITED,[in full dataset],Kurnool,,,,Y,PT INNO-WANGSA OILS & FATS,[in full dataset],,1959.1,1959.1,Makassar,Tuticorin,Kurnool,1,1,2.45,MSC OSCAR,IMO5967880,MH,V520,56,MSCU,MBL,CMDU909628860,ONEY757286616,TGHU4613693,45HC,OPEN TOP,RF,FCL,CY/CFS,Sinotrans,29480.61
15132920,6003201509000004165844,151329,5,"Vegetable oils; palm kernel or babassu oil and their fractions, other than crude, whether or not refined, but not chemically modified",MARKS9101,Malaysia,India,India,9,2015,9,2015-09,2015-09-12,20150901,20150901,export,1,171717360.4,20467.9,kg,KG,PACIFIC OILS & FATS INDUSTRIES SDN. BHD.,[in full dataset],Kulai,,www.pacificofats.com,[in full dataset],Y,ADISHWAR OILS & FATS LIMITED,[in full dataset],Mumbai,,,,Y,PACIFIC OILS & FATS INDUSTRIES SDN. BHD.,[in full dataset],,12856,12856,Port Klang,Cochin,Mumbai,1,1,16.07,APL MEXICO CITY,IMO5517288,LR,V421,163,EGLV,SWB,YMLU626010669,YMLU465144598,MSCU8124013,20GP,REEFER,HC,LCL,CY/CFS,DSV,19428.17
68138100,6003202204000003040626,681381,7,Brake linings and pads; with a basis of mineral substances or cellulose (other than asbestos),MARKS8542,China,India,India,8,2022,4,2022-04,2022-04-19,20220407,20220407,export,1,42580277,109276.09,kg,KG,"Huaxin Building Materials Group Co.,Ltd.",[in full dataset],Wuhan,,www.huaxincem.com,[in full dataset],N,SONA ENTERPRISES,[in full dataset],Alappuzha,,,,Y,"Huaxin Building Materials Group Co.,Ltd.",[in full dataset],,4862.4,4862.4,Shenzhen,"Nhava Sheva (JNPT), Mumbai",Alappuzha,1,1,6.08,HYUNDAI LOYALTY,IMO7604067,PA,V691,270,YMLU,SWB,CMDU773648002,HLCU486421357,GESU8391334,40HC,OPEN TOP,RF,LCL,CY/CFS,DB Schenker,95417.09
48101330,6003201801000000577897,481013,7,"Paper and paperboard; coated with kaolin or other inorganic substances, for printing & writing, graphics, containing no, or not more than 10% by weight of total fibres obtained by mechanical or chemi-mechanical process, in rolls",MARKS8796,South Africa,India,India,8,2018,1,2018-01,2018-01-03,20180114,20180114,export,1,1663490.61,14622.13,kg,KG,WESCAPE TISSUE CC,[in full dataset],KUILS RIVER,,,,N,ITC LIMITED,[in full dataset],Kolkata,,www.itcportal.com,[in full dataset],Y,WESCAPE TISSUE CC,[in full dataset],,21504,21504,Durban,Kolkata,Kolkata,1,1,26.88,BARZAN,IMO3291265,PA,V845,699,HMMU,MBL,MAEU724441257,CMDU840246358,GESU3219220,40HC,OPEN TOP,RF,FCL,CFS/CFS,Nippon Express,13826.96
09109100,6003202009000001660744,091091,7,Spices; mixtures of 2 or more products of different headings,MARKS1178,Indonesia,India,India,7,2020,9,2020-09,2020-09-20,20200909,20200909,export,1,17486531.83,9781.55,kg,KG,CV KREASI KOPI JAYA,[in full dataset],Kota Surabaya,,,,Y,TATA COFFEE LIMITED,[in full dataset],Bengaluru,,www.tatacoffee.com,[in full dataset],Y,CV KREASI KOPI JAYA,[in full dataset],,19770.5,19770.5,Makassar,Kandla,Bengaluru,1,1,24.71,MSC OSCAR,IMO6305214,MH,V897,129,YMLU,SWB,MSCU190381132,MSCU174925007,BMOU7657504,40GP,DRY,GP,FCL,CY/CY,Expeditors,9219.48
52054120,6003202506000001692812,520541,8,"Cotton yarn; (not sewing thread), multiple or cabled, of combed fibres, 85% or more by weight of cotton, 714.29 decitex or more (not exceeding 14 metric number) per single yarn, not for retail sale",MARKS6963,Australia,India,India,8,2025,6,2025-06,2025-06-03,20250619,20250619,export,1,41833717.34,1572.53,kg,KG,COTTON ON FINANCE PTY LTD,[in full dataset],NORTH GEELONG,,www.cottonon.com.au,[in full dataset],Y,SEYAD COTTON MILLS PRIVATE LIMITED,[in full dataset],Tirunelveli,,www.hankyarn.com,[in full dataset],Y,COTTON ON FINANCE PTY LTD,[in full dataset],,21255.3,21255.3,Brisbane,Kolkata,Tirunelveli,1,1,26.57,MOL TRIUMPH,IMO9621068,LR,V873,996,EGLV,MBL,MAEU395224069,MSCU122802263,MSCU2136298,40GP,DRY,RF,FCL,CY/CY,Nippon Express,1485.27
,6003202209000000386414,681511,7,Stone or other mineral substances not elsewhere specified or included; carbon fibres for non-electrical uses,MARKS9317,United Kingdom,India,India,9,2022,9,2022-09,2022-09-22,20220914,20220914,export,1,1390014.43,10008.01,kg,KG,HANSON LIMITED,[in full dataset],MAIDENHEAD,,www.heidelbergmaterials.co.uk,[in full dataset],N,DISCO STONE INDO LIMITED,[in full dataset],Chennai,,,,Y,HANSON LIMITED,[in full dataset],,870.6,870.6,Liverpool,Visakhapatnam,Chennai,1,1,1.09,CSCL GLOBE,IMO6575642,LR,V729,794,CMDU,HBL,YMLU836631034,EGLV490157685,BMOU4943304,40GP,DRY,GP,FCL,CY/CFS,CEVA Logistics,9472
69029040,6003202307000000518625,690290,5,"Refractory bricks, blocks, tiles and similar refractory ceramic constructional goods; n.e.c. in item no. 6902.1 or 6902.2",MARKS9867,United States,India,India,7,2023,7,2023-07,2023-07-20,20230725,20230725,export,1,2978284,15460.3,kg,KG,S&P Global Inc.,[in full dataset],New York,,www.spglobal.com,[in full dataset],Y,KAJARIA CERAMICS LIMITED,[in full dataset],Gurugram,,www.kajariaceramics.com,[in full dataset],N,S&P Global Inc.,[in full dataset],,20665.9,20665.9,"Charleston, SC",Tuticorin,Gurugram,1,1,25.83,HYUNDAI LOYALTY,IMO4710223,PA,V409,23,OOLU,SWB,HLCU281227121,MAEU878199749,FCIU7774223,40GP,TANK,HC,FCL,CFS/CFS,Bollore Logistics,14551.24
07096090,6003202601000000901147,070960,9,"Vegetables; fruits of the genus capsicum or of the genus pimenta, fresh or chilled",MARKS3572,Canada,India,India,9,2026,1,2026-01,2026-01-14,20260125,20260125,export,1,38831121.49,17744.79,kg,KG,"Village Farms International, Inc",[in full dataset],Delta,,www.villagefarms.com,[in full dataset],N,PARAMESWARI ONIONS,[in full dataset],Visakhapatnam,,,,Y,"Village Farms International, Inc",[in full dataset],,8301,8301,"Vancouver, BC",Cochin,Visakhapatnam,1,1,10.38,ONE APUS,IMO4362619,PA,V863,350,COSU,SWB,CMDU941129934,HLCU140476622,GESU7836983,40HC,OPEN TOP,HC,LCL,CFS/CFS,Sinotrans,16239.79
70042091,6003202405000001719045,700420,9,"Glass; drawn and blown, in sheets, coloured throughout the mass (body tinted), opacified, flashed or having an absorbent, reflecting or non-reflecting layer, but not otherwise worked",MARKS3578,Malaysia,India,India,7,2024,5,2024-05,2024-05-06,20240522,20240522,export,1,10409830.39,2052.66,kg,KG,MALAYA GLASS PRODUCTS SDN. BHD.,[in full dataset],Johor Bahru,,www.o-ibjc.com.my,[in full dataset],Y,PRIYA GLASS BEADS,[in full dataset],Etawah,,,,Y,MALAYA GLASS PRODUCTS SDN. BHD.,[in full dataset],,3096.6,3096.6,Penang,"Nhava Sheva (JNPT), Mumbai",Etawah,1,1,3.87,HYUNDAI LOYALTY,IMO4417935,PA,V814,633,COSU,MBL,MAEU707984852,COSU860380371,GESU9887377,45HC,DRY,RF,LCL,CFS/CFS,DB Schenker,1797.23
48053000,6003201805000002350743,480530,7,"Paper and paperboard; sulphite wrapping paper, uncoated, in rolls or sheets",MARKS2417,Japan,India,India,9,2018,5,2018-05,2018-05-16,20180520,20180520,export,1,8840229.17,220.27,kg,KG,"AZUMI FILTER PAPER CO., LTD.",[in full dataset],OSAKA,,www.azumi-filter.co.jp/,[in full dataset],Y,SHAH PAPER MILLS LIMITED,[in full dataset],Vapi,,www.shahpaper.com,[in full dataset],Y,"AZUMI FILTER PAPER CO., LTD.",[in full dataset],,22567.9,22567.9,Kobe,Visakhapatnam,Vapi,1,1,28.21,HMM ALGECIRAS,IMO5179384,PA,V639,854,ONEY,MBL,MSCU674179514,MSCU616208960,BMOU2286602,40GP,DRY,GP,FCL,CY/CY,Nippon Express,200
52063500,6003202503000001611685,520635,9,"Cotton yarn; (not sewing thread), multiple or cabled, of uncombed fibres, less than 85% by weight of cotton, less than 125 decitex (exceeding 80 metric number) per single yarn, not for retail sale",MARKS7074,United States,India,India,7,2025,3,2025-03,2025-03-08,20250323,20250323,export,1,36296339,10759.31,kg,KG,"Meridian Industries, Inc.",[in full dataset],Milwaukee,,www.meridiancompanies.com,[in full dataset],Y,VALLI COTTON TRADER,[in full dataset],Chennai,,,,Y,"Meridian Industries, Inc.",[in full dataset],,5849,5849,"Norfolk, VA",Visakhapatnam,Chennai,1,1,7.31,MSC GULSUN,IMO2513920,PA,V183,328,EGLV,HBL,YMLU222857440,EGLV197994245,GESU3944096,40GP,OPEN TOP,RF,LCL,CY/CY,DSV,9877.22
,6003202405000005579898,701969,5,Glass fibres; fabrics n.e.c. in item no. 7019.6,MARKS9343,China,India,India,7,2024,5,2024-05,2024-05-11,20240503,20240503,export,1,143905744,5799.04,kg,KG,"FUYAO GLASS INDUSTRY GROUP CO., LTD.",[in full dataset],Fuqing,,www.fuyaogroup.com,[in full dataset],N,ASAHI INDIA GLASS LIMITED,[in full dataset],New Delhi,,www.aisglass.com,[in full dataset],Y,"FUYAO GLASS INDUSTRY GROUP CO., LTD.",[in full dataset],,9512.8,9512.8,Dalian,Tuticorin,New Delhi,1,1,11.89,MADRID MAERSK,IMO8628964,PA,V303,782,MSCU,MBL,CMDU279955119,CMDU764509824,MSCU9265483,40GP,FLAT RACK,RF,FCL,CFS/CFS,DHL Global Forwarding,5284.16
68029200,6003202207000000490322,680292,9,"Stone; calcareous (excluding marble, travertine, alabaster) articles thereof, (other than simply cut or sawn, with a flat or even surface)",MARKS1950,Thailand,India,India,5,2022,7,2022-07,2022-07-13,20220727,20220727,export,1,1869166.59,49349.07,kg,KG,SHARON STONE COMPANY LIMITED,[in full dataset],PHRA PRADAENG,,,,Y,BISRA STONE LIMES COMPANY LIMITED,[in full dataset],Sundargarh,,,,Y,SHARON STONE COMPANY LIMITED,[in full dataset],,8456,8456,Laem Chabang,"Mundra, Gujarat",Sundargarh,1,1,10.57,BARZAN,IMO1772899,SG,V744,551,HLCU,SWB,COSU440826317,YMLU427159569,CAIU8706673,20GP,TANK,RF,FCL,CFS/CFS,Expeditors,43487.67
,6003201707000005635176,440324,6,"Wood; coniferous species, of fir (Abies spp.) and spruce (Picea spp.), in the rough, whether or not stripped of bark or sapwood, or roughly squared, untreated, of which any cross-sectional dimension is less than 15 cm",MARKS6956,China,India,India,7,2017,7,2017-07,2017-07-03,20170705,20170705,export,1,20447223,714.97,kg,KG,"Nantong Ruimu Automation Technology Co., LTD",[in full dataset],Nantong,,www.yuetong.com.cn,[in full dataset],Y,CHIP WUD,[in full dataset],Bengaluru,,,,Y,"Nantong Ruimu Automation Technology Co., LTD",[in full dataset],,11866.2,11866.2,Guangzhou,Kolkata,Bengaluru,1,1,14.83,COSCO UNIVERSE,IMO3639355,MH,V115,305,MAEU,SWB,MSCU854551261,HLCU752510773,BMOU9204362,20GP,DRY,RF,LCL,CY/CY,DHL Global Forwarding,632.62
44123990,6003201711000005804873,441239,9,"Plywood; consisting only of sheets of wood (not bamboo), each ply 6mm or thinner, with both outer plies of coniferous wood",MARKS1904,China,India,India,6,2017,11,2017-11,2017-11-04,20171122,20171122,export,1,21198485,839.49,kg,KG,Tianjin Detong Wooden Pattern Manufacturing Company(Liablilty Partnership),[in full dataset],Tianjin,,,,Y,CENTURY PLYBOARDS (INDIA) LIMITED,[in full dataset],Kolkata,,www.centuryply.com,[in full dataset],Y,Tianjin Detong Wooden Pattern Manufacturing Company(Liablilty Partnership),[in full dataset],,8513.4,8513.4,Qingdao,Kandla,Kolkata,1,1,10.64,ONE APUS,IMO4575716,SG,V367,373,YMLU,MBL,ONEY437521866,YMLU975250589,MSCU9272959,40HC,FLAT RACK,GP,LCL,CFS/CFS,Yusen Logistics,780.31
48232000,6003201810000001130552,482320,7,Paper and paperboard; filter paper and paperboard,MARKS6601,Australia,India,India,5,2018,10,2018-10,2018-10-15,20181005,20181005,export,1,3508711.12,84238.3,kg,KG,THE TRUSTEE FOR SOUTHERN PAPER CONVERTERS TRUST,[in full dataset],Southbank,,www.visy.com.au,[in full dataset],Y,WHITEFIELD PAPER MILLS LIMITED,[in full dataset],Kovvur,,www.whitefieldpapermills.com,[in full dataset],Y,THE TRUSTEE FOR SOUTHERN PAPER CONVERTERS TRUST,[in full dataset],,6863,6863,Melbourne,Chennai,Kovvur,1,1,8.58,BARZAN,IMO2683847,PA,V644,328,HLCU,HBL,MSCU975546586,MAEU617916536,TCLU4101692,40HC,OPEN TOP,HC,LCL,CY/CFS,Expeditors,76583.34
,6003201707000006337392,441242,7,Laminated veneered lumber (LVL); with at least one outer ply of non-coniferous wood,MARKS6242,Malaysia,India,India,6,2017,7,2017-07,2017-07-17,20170723,20170723,export,1,24608620.22,8955.59,kg,KG,KPS PLYWOOD SDN BHD,[in full dataset],Puchong,,www.haiming.com,[in full dataset],Y,SILVASSA WOODEN DRUMS,[in full dataset],Silvassa,,,,Y,KPS PLYWOOD SDN BHD,[in full dataset],,7411.1,7411.1,Port Klang,Visakhapatnam,Silvassa,1,1,9.26,ONE APUS,IMO4737142,PA,V562,630,HMMU,SWB,ONEY664692133,MAEU250873995,GESU2227178,20GP,FLAT RACK,HC,FCL,CY/CFS,Sinotrans,7971.05
40103991,6003201912000004808493,401039,6,"Rubber; vulcanised, conveyor or transmission belts or belting, n.e.c. in heading no. 4010",MARKS5636,Japan,India,India,8,2019,12,2019-12,2019-12-18,20191204,20191204,export,1,18948582.47,5548.68,kg,KG,"THE YOKOHAMA RUBBER COMPANY, LIMITED",[in full dataset],HIRATSUKA,,www.y-yokohama.com/,[in full dataset],Y,RELIANCE INDUSTRIES LIMITED,[in full dataset],Mumbai,,www.ril.com,[in full dataset],Y,"THE YOKOHAMA RUBBER COMPANY, LIMITED",[in full dataset],,23200.7,23200.7,Nagoya,Cochin,Mumbai,1,1,29,COSCO UNIVERSE,IMO4869540,PA,V363,635,COSU,SWB,HLCU654981626,HLCU216300475,GESU9215001,45HC,DRY,RF,FCL,CY/CFS,Sinotrans,5024.36
07144000,6003202602000001367960,071440,9,"Vegetable roots and tubers; taro (Colocasia spp.) with high starch or inulin content, fresh, chilled, frozen or dried, whether or not sliced or in the form of pellets",MARKS4894,Australia,India,India,7,2026,2,2026-02,2026-02-06,20260227,20260227,export,1,138496072.64,7008.06,kg,KG,NORTH EAST EQUITY PTY LTD,[in full dataset],Stirling,,www.sumich.com,[in full dataset],Y,SHRI KRISHNA INDUSTRIES,[in full dataset],Yavatmal,,,,Y,NORTH EAST EQUITY PTY LTD,[in full dataset],,576.9,576.9,Fremantle,Chennai,Yavatmal,1,1,0.72,EVER ACME,IMO6312589,MH,V325,692,CMDU,SWB,HLCU225525677,HLCU234983016,GESU8568229,40GP,FLAT RACK,HC,FCL,CY/CFS,Bollore Logistics,6338.28
40103490,6003201902000003409242,401034,7,"Rubber; vulcanised, endless transmission belts of trapezoidal cross-section (V-belts), other than V-ribbed, of an outside circumference exceeding 180cm but not exceeding 240 cm",MARKS1375,China,India,India,5,2019,2,2019-02,2019-02-08,20190213,20190213,export,1,11870143,13376.26,kg,KG,"Aeolus Tyre Co.,Ltd.",[in full dataset],Jiaozuo,,www.aeolustyre.com,[in full dataset],Y,RELIANCE INDUSTRIES LIMITED,[in full dataset],Mumbai,,www.ril.com,[in full dataset],Y,"Aeolus Tyre Co.,Ltd.",[in full dataset],,3684.6,3684.6,Shanghai,Cochin,Mumbai,1,1,4.61,MSC OSCAR,IMO2046827,LR,V702,3,COSU,MBL,MAEU204953478,MAEU837388627,GESU2419988,40HC,TANK,HC,LCL,CY/CFS,CEVA Logistics,12037.61
48203000,6003201803000006131203,482030,5,"Paper and paperboard; binders, folders and file covers",MARKS6017,China,India,India,5,2018,3,2018-03,2018-03-27,20180314,20180314,export,1,44221782,12956.85,kg,KG,"Liansheng Paper Industry (longhai) Co., Ltd",[in full dataset],Zhangzhou,,www.fjlszy.com,[in full dataset],Y,SESHASAYEE PAPER AND BOARDS LIMITED,[in full dataset],Erode,,www.spbltd.com,[in full dataset],Y,"Liansheng Paper Industry (longhai) Co., Ltd",[in full dataset],,10118.4,10118.4,Guangzhou,Kolkata,Erode,1,1,12.65,MSC OSCAR,IMO8767950,LR,V561,197,OOLU,SWB,HLCU608157893,MAEU413817731,GESU4987015,40HC,REEFER,HC,FCL,CY/CFS,CEVA Logistics,12074.2
44072700,6003201709000001760462,440727,7,"Wood, tropical; sapelli, sawn or chipped lengthwise, sliced or peeled, whether or not planed, sanded or finger-jointed, thicker than 6mm",MARKS9684,Thailand,India,India,7,2017,9,2017-09,2017-09-24,20170905,20170905,export,1,3725720.81,1107.79,kg,KG,VIVA INDUSTRIES COMPANY LIMITED,[in full dataset],VADHANA,,www.viva.co.th,[in full dataset],Y,MILTON INDUSTRIES LIMITED,[in full dataset],Ahmedabad,,www.miltonindustries.in,[in full dataset],Y,VIVA INDUSTRIES COMPANY LIMITED,[in full dataset],,5448.1,5448.1,Bangkok,Visakhapatnam,Ahmedabad,1,1,6.81,HMM ALGECIRAS,IMO3917364,SG,V443,247,CMDU,HBL,ONEY195415792,HLCU622296770,MSCU9070665,40GP,DRY,HC,FCL,CY/CFS,Kuehne + Nagel,1015.7
40111090,6003201910000001137842,401110,5,"Rubber; new pneumatic tyres, of a kind used on motor cars (including station wagons and racing cars)",MARKS1860,Italy,India,India,8,2019,10,2019-10,2019-10-18,20191013,20191013,export,1,3248166.85,10915.29,kg,KG,FERRARI MOTORS SRL,[in full dataset],PORTO MANTOVANO,,www.gruppomove.it,[in full dataset],Y,RELIANCE INDUSTRIES LIMITED,[in full dataset],Mumbai,,www.ril.com,[in full dataset],Y,FERRARI MOTORS SRL,[in full dataset],,17377.6,17377.6,Genoa,Tuticorin,Mumbai,1,1,21.72,APL MEXICO CITY,IMO6743250,MH,V442,711,ONEY,HBL,COSU255310636,ONEY147140009,TGHU1460154,20GP,DRY,RF,FCL,CY/CFS,DSV,10158.63
,6003201503000004531709,151630,9,"Microbial fats and oils and their fractions; partly or wholly hydrogenated, inter-esterified, re-esterified or elaidinised, whether or not refined, but not further prepared",MARKS5749,Indonesia,India,India,6,2015,3,2015-03,2015-03-09,20150323,20150323,export,1,298757106,2988.38,kg,KG,PT PALMA OILS & FATS,[in full dataset],Kota Administrasi Jakarta Selatan,,,,N,SHANTI VEGETABLE OILS PRIVATE LIMITED,[in full dataset],Hyderabad,,agarwalindia.com,[in full dataset],Y,PT PALMA OILS & FATS,[in full dataset],,22195.3,22195.3,Belawan,Kandla,Hyderabad,1,1,27.74,MAERSK MOLLER,IMO6677298,SG,V486,48,ONEY,HBL,ONEY225833319,HLCU584344224,MSCU6656421,20GP,FLAT RACK,GP,FCL,CY/CY,Kuehne + Nagel,2809.34
15149110,6003201507000004354428,151491,8,"Vegetable oils; excluding low erucic acid rape or colza oil and its fractions, crude",MARKS3212,Indonesia,India,India,9,2015,7,2015-07,2015-07-12,20150722,20150722,export,1,229921743,31966.29,kg,KG,PT INNO-WANGSA OILS & FATS,[in full dataset],Kota Medan,,www.inno-wangsa.co.id,[in full dataset],Y,VINIT VEGETABLE OILS AND PRODUCTS PRIVATE LIMITED,[in full dataset],Mumbai,,,,Y,PT INNO-WANGSA OILS & FATS,[in full dataset],,1314.1,1314.1,"Tanjung Perak, Surabaya",Chennai,Mumbai,1,1,1.64,OOCL HONG KONG,IMO3084038,MH,V313,498,YMLU,SWB,ONEY859576962,MSCU873143253,TGHU7323671,20GP,DRY,GP,LCL,CY/CFS,Expeditors,28746.83
44079500,6003201708000000548512,440795,6,"Wood; ash (Fraxinus spp.), sawn or chipped lengthwise, sliced or peeled, whether or not planed, sanded or finger-jointed, thicker than 6mm",MARKS7157,Spain,India,India,6,2017,8,2017-08,2017-08-07,20170809,20170809,export,1,955831.89,7926.16,kg,KG,FINANCIERA MADERERA SA,[in full dataset],SANTIAGO DE COMPOSTELA,,www.finsa.com,[in full dataset],Y,DELHI FURNITURE,[in full dataset],Rampur,,,,Y,FINANCIERA MADERERA SA,[in full dataset],,6898,6898,Barcelona,Tuticorin,Rampur,1,1,8.62,CSCL GLOBE,IMO8634196,LR,V997,577,MSCU,MBL,EGLV930728679,ONEY142770750,TGHU9827214,45HC,FLAT RACK,GP,FCL,CFS/CFS,DB Schenker,7165.86
69051000,6003202303000003109686,690510,8,Ceramic roofing tiles,MARKS4234,China,India,India,8,2023,3,2023-03,2023-03-16,20230315,20230315,export,1,58788652,414.99,kg,KG,"Changge Donghong Ceramics Co., Ltd.",[in full dataset],Xuchang,,www.hndhtc.com,[in full dataset],N,KAJARIA CERAMICS LIMITED,[in full dataset],Gurugram,,www.kajariaceramics.com,[in full dataset],Y,"Changge Donghong Ceramics Co., Ltd.",[in full dataset],,7242.5,7242.5,Qingdao,"Mundra, Gujarat",Gurugram,1,1,9.05,OOCL HONG KONG,IMO3387303,SG,V411,450,OOLU,SWB,MSCU146621840,ONEY739476821,CAIU8812630,40HC,FLAT RACK,HC,LCL,CY/CY,Bollore Logistics,378.98
44039917,6003201711000005806142,440399,7,"Wood; in the rough, whether or not stripped of bark or sapwood, or roughly squared, untreated, n.e.c. in heading no. 4403",MARKS1176,China,India,India,5,2017,11,2017-11,2017-11-05,20171125,20171125,export,1,21198485,754.08,kg,KG,Inner Mongolia Chuoer Company Wooden Ball Factory,[in full dataset],Yakeshi,,,,Y,GREENPLY INDUSTRIES LIMITED,[in full dataset],Kolkata,,www.greenply.com,[in full dataset],Y,Inner Mongolia Chuoer Company Wooden Ball Factory,[in full dataset],,11600.4,11600.4,Dalian,Tuticorin,Kolkata,1,1,14.5,APL MEXICO CITY,IMO8301892,MH,V169,275,APLU,MBL,YMLU722099577,COSU950354368,MSCU6717602,40HC,FLAT RACK,GP,LCL,CFS/CFS,Sinotrans,691.11
40026000,6003201901000006459582,400260,8,"Rubber; synthetic, isoprene rubber (IR), in primary forms or in plates, sheets or strip",MARKS5224,Thailand,India,India,5,2019,1,2019-01,2019-01-24,20190109,20190109,export,1,30205554.81,19113.05,kg,KG,N.C.R.RUBBER INDUSTRY COMPANY LIMITED,[in full dataset],SAMPHANTHAWONG,,www.ncr-rubber.com,[in full dataset],N,THE BOMBAY DYEING AND MANUFACTURING COMPANY LIMITED,[in full dataset],Mumbai,,www.bombaydyeing.com,[in full dataset],Y,N.C.R.RUBBER INDUSTRY COMPANY LIMITED,[in full dataset],,2207.7,2207.7,Bangkok,Kolkata,Mumbai,1,1,2.76,MSC OSCAR,IMO7041758,SG,V520,730,YMLU,MBL,COSU484728255,EGLV136120272,BMOU7201722,40GP,DRY,GP,FCL,CFS/CFS,DHL Global Forwarding,17121.59
09109100,6003202006000000033551,091091,6,Spices; mixtures of 2 or more products of different headings,MARKS6329,Malaysia,India,India,7,2020,6,2020-06,2020-06-01,20200612,20200612,export,1,114738.98,13710.82,kg,KG,SPICES & SEASONINGS SPECIALITIES SDN. BHD.,[in full dataset],Semenyih,,telly.com.my,[in full dataset],Y,INDIAN RAILWAY CATERING AND TOURISM CORPORATION LIMITED,[in full dataset],New Delhi,,www.irctc.com/,[in full dataset],Y,SPICES & SEASONINGS SPECIALITIES SDN. BHD.,[in full dataset],,19396.4,19396.4,Port Klang,Kolkata,New Delhi,1,1,24.25,EVER GIVEN,IMO2403983,MH,V275,828,COSU,HBL,HLCU219841482,HLCU773907045,CAIU7158965,20GP,TANK,HC,FCL,CFS/CFS,Nippon Express,12623.25
09082100,6003202011000000411761,090821,8,"Spices; mace, neither crushed nor ground",MARKS8138,China,India,India,5,2020,11,2020-11,2020-11-12,20201127,20201127,export,1,2052959,15241.5,kg,KG,"Beijing Luckin Coffee Co., Ltd.",[in full dataset],Beijing,,www.investor.luckincoffee.com,[in full dataset],Y,INDIAN RAILWAY CATERING AND TOURISM CORPORATION LIMITED,[in full dataset],New Delhi,,www.irctc.com/,[in full dataset],Y,"Beijing Luckin Coffee Co., Ltd.",[in full dataset],,15544,15544,Tianjin,Kolkata,New Delhi,1,1,19.43,ONE APUS,IMO8929420,SG,V603,576,COSU,SWB,MAEU849967928,EGLV139849700,CAIU5485549,40GP,OPEN TOP,RF,FCL,CFS/CFS,DHL Global Forwarding,14110.29
08061000,6003201606000007369045,080610,5,"Fruit, edible; grapes, fresh",MARKS2277,United States,India,India,6,2016,6,2016-06,2016-06-21,20160605,20160605,export,1,36607002,6832.62,kg,KG,"Tyson Foods, Inc.",[in full dataset],Springdale,,www.tysonfoods.com,[in full dataset],Y,WOW MOMO FOODS PRIVATE LIMITED,[in full dataset],Kolkata,,www.wowmomo.com,[in full dataset],Y,"Tyson Foods, Inc.",[in full dataset],,20749.3,20749.3,"New York/Newark, NJ",Kandla,Kolkata,1,1,25.94,COSCO UNIVERSE,IMO9775287,PA,V529,212,MAEU,HBL,MAEU702657592,YMLU546677237,GESU4336130,20GP,FLAT RACK,RF,FCL,CY/CY,Bollore Logistics,6485.96
40101210,6003201908000005006839,401012,9,"Rubber; vulcanised, conveyor belts or belting, reinforced only with textile materials",MARKS3597,South Korea,India,India,9,2019,8,2019-08,2019-08-06,20190806,20190806,export,1,19984550,53029.34,kg,KG,"Kolon Industries, Inc.",[in full dataset],Seoul,,www.kolonindustries.com,[in full dataset],Y,MELZER CHEMICALS PRIVATE LIMITED,[in full dataset],Pune,,www.melzerspeciality.com,[in full dataset],N,"Kolon Industries, Inc.",[in full dataset],,6537.8,6537.8,Incheon,Cochin,Pune,1,1,8.17,BARZAN,IMO4466961,PA,V919,271,YMLU,MBL,EGLV788535972,EGLV342508345,GESU1449322,45HC,OPEN TOP,GP,LCL,CFS/CFS,Nippon Express,47693.55
48162010,6003201808000005471474,481620,5,"Paper; self-copy paper (other than those of heading no. 4809), whether or not put up in boxes",MARKS6998,Canada,India,India,8,2018,8,2018-08,2018-08-24,20180826,20180826,export,1,33663550.06,10484.86,kg,KG,Cascades Inc,[in full dataset],Kingsey Falls,,www.cascades.com,[in full dataset],Y,ITC LIMITED,[in full dataset],Kolkata,,www.itcportal.com,[in full dataset],Y,Cascades Inc,[in full dataset],,17467,17467,"Montreal, QC",Chennai,Kolkata,1,1,21.83,BARZAN,IMO7403273,MH,V126,561,ONEY,SWB,YMLU675962967,YMLU194829178,TCLU7770456,40HC,OPEN TOP,RF,FCL,CY/CY,DHL Global Forwarding,9787.78
09081110,6003202010000001605128,090811,6,"Spices; nutmeg, neither crushed nor ground",MARKS6066,Indonesia,India,India,5,2020,10,2020-10,2020-10-17,20201007,20201007,export,1,15964325.41,43322.17,kg,KG,PT DELTA MATE MAJALENGKA,[in full dataset],Kabupaten Majalengka,,,,Y,CCL PRODUCTS (INDIA) LIMITED,[in full dataset],Hyderabad,,www.cclproducts.com,[in full dataset],N,PT DELTA MATE MAJALENGKA,[in full dataset],,3856.4,3856.4,"Tanjung Perak, Surabaya",Cochin,Hyderabad,1,1,4.82,APL MEXICO CITY,IMO9706260,SG,V648,777,CMDU,MBL,ONEY652719016,MAEU370882204,GESU5896037,45HC,DRY,GP,FCL,CFS/CFS,DB Schenker,38584.84
,6003202602000001362110,070953,6,"Vegetables; mushrooms of the genus Cantharellus, fresh or chilled",MARKS1450,Australia,India,India,9,2026,2,2026-02,2026-02-12,20260224,20260224,export,1,138496072.64,368.87,kg,KG,JONSSON'S PTY LTD,[in full dataset],ATHERTON,,,,Y,MARK HORT POTATOES INDIA LIMITED,[in full dataset],Chandigarh,,,,Y,JONSSON'S PTY LTD,[in full dataset],,13186.8,13186.8,Melbourne,Chennai,Chandigarh,1,1,16.48,BARZAN,IMO8758193,SG,V530,68,APLU,HBL,CMDU406692757,EGLV818989153,FCIU3742093,45HC,DRY,GP,LCL,CY/CY,Sinotrans,326.11
69032010,6003202310000000520567,690320,9,"Refractory ceramic goods; containing by weight more than 50% of alumina or of a mixture or compound of alumina and of silica, excluding those of siliceous fossil meals or similar earths",MARKS2046,United States,India,India,9,2023,10,2023-10,2023-10-07,20231019,20231019,export,1,2988984,25874.61,kg,KG,S&P Global Inc.,[in full dataset],New York,,www.spglobal.com,[in full dataset],Y,PRATHAMESH CERAMICS PRIVATE LIMITED,[in full dataset],Nashik,,www.pcinsulator.com,[in full dataset],Y,S&P Global Inc.,[in full dataset],,10050,10050,"Savannah, GA","Nhava Sheva (JNPT), Mumbai",Nashik,1,1,12.56,OOCL HONG KONG,IMO1540028,PA,V477,493,OOLU,HBL,MSCU131063874,EGLV445819683,TCLU6379958,40GP,REEFER,HC,LCL,CFS/CFS,Expeditors,24318.26
68041000,6003202212000000816563,680410,9,"Millstones and grindstones; for milling, grinding or pulping",MARKS9783,Italy,India,India,7,2022,12,2022-12,2022-12-03,20221218,20221218,export,1,3656872.89,80090.18,kg,KG,C.M.B. SOCIETA' COOPERATIVA MURATORI E BRACCIANTI DI CARPI,[in full dataset],CARPI,,www.cmbcarpi.com,[in full dataset],Y,SHRI BALAJI ENTERPRISES,[in full dataset],Gurugram,,,,Y,C.M.B. SOCIETA' COOPERATIVA MURATORI E BRACCIANTI DI CARPI,[in full dataset],,12868.1,12868.1,La Spezia,"Mundra, Gujarat",Gurugram,1,1,16.09,HMM ALGECIRAS,IMO5816069,LR,V485,380,APLU,HBL,ONEY526633810,MAEU626856418,CAIU9110238,20GP,OPEN TOP,GP,FCL,CY/CY,DB Schenker,70380.42
69091200,6003202310000002878152,690912,6,"Ceramic wares; for laboratory, chemical or other technical uses, articles having a hardness equivalent to 9 or more on the Mohs scale",MARKS9522,China,India,India,5,2023,10,2023-10,2023-10-20,20231002,20231002,export,1,50302335,2088.67,kg,KG,"Hejiang Huayi Ceramic Products Co., Ltd",[in full dataset],Luzhou,,www.langjiu.cn,[in full dataset],Y,MAHAVIRA CERAMIC INDUSTRIES LIMITED,[in full dataset],New Delhi,,,,Y,"Hejiang Huayi Ceramic Products Co., Ltd",[in full dataset],,19929.2,19929.2,Qingdao,Cochin,New Delhi,1,1,24.91,YM WARRANTY,IMO7256691,PA,V126,86,ONEY,HBL,COSU949133172,MSCU366706044,CAIU6790066,45HC,FLAT RACK,GP,FCL,CY/CFS,CEVA Logistics,1980.99
07061000,6003202601000000900205,070610,7,"Vegetables, root; carrots and turnips, fresh or chilled",MARKS6121,Canada,India,India,9,2026,1,2026-01,2026-01-21,20260115,20260115,export,1,38831121.49,18928.1,kg,KG,Small Potatoes Urban Delivery Inc,[in full dataset],Vancouver,,www.spud.ca,[in full dataset],N,KALYAN RICE MILL,[in full dataset],Dhemaji,,,,N,Small Potatoes Urban Delivery Inc,[in full dataset],,18693.1,18693.1,"Vancouver, BC",Kolkata,Dhemaji,1,1,23.37,MSC OSCAR,IMO5895658,SG,V502,31,HLCU,HBL,COSU118112919,MSCU899907105,MSCU9229856,20GP,REEFER,HC,FCL,CFS/CFS,Kuehne + Nagel,16493.62
40040000,6003201901000005893644,400400,9,"Rubber; waste, parings and scrap of rubber (other than hard rubber) and powders and granules obtained therefrom",MARKS4708,China,India,India,9,2019,1,2019-01,2019-01-19,20190127,20190127,export,1,25463793,6684.61,kg,KG,"NOBO RUBBER PRODUCTION CO,.LTD",[in full dataset],Baoding,,www.noborubber.net,[in full dataset],Y,RELIANCE INDUSTRIES LIMITED,[in full dataset],Mumbai,,www.ril.com,[in full dataset],Y,"NOBO RUBBER PRODUCTION CO,.LTD",[in full dataset],,24065.4,24065.4,Shenzhen,Kandla,Mumbai,1,1,30.08,COSCO UNIVERSE,IMO1285038,SG,V795,825,YMLU,MBL,ONEY504422515,CMDU449435726,CAIU4338858,40GP,REEFER,RF,LCL,CY/CY,DSV,6202.7
,6003201706000005732428,441874,8,"Wood; assembled flooring panels, not of bamboo or with at least the top layer (wear layer) of bamboo, for mosaic floors",MARKS6319,Malaysia,India,India,7,2017,6,2017-06,2017-06-18,20170607,20170607,export,1,20851061.21,60445.58,kg,KG,SAMLING PLYWOOD (BINTULU) SDN. BHD.,[in full dataset],Bintulu,,,,Y,SHREE LAXMI TIMBER TRADERS & SAW MILLS,[in full dataset],East Singhbhum,,,,N,SAMLING PLYWOOD (BINTULU) SDN. BHD.,[in full dataset],,22904.4,22904.4,Penang,"Nhava Sheva (JNPT), Mumbai",East Singhbhum,1,1,28.63,MOL TRIUMPH,IMO3749708,LR,V482,579,MSCU,HBL,COSU434312828,HLCU294820871,GESU8008757,20GP,TANK,HC,FCL,CY/CY,Bollore Logistics,53230.12
,6003201506000004373940,150930,9,"Vegetable oils; olive oil and its fractions, virgin olive oil, whether or not refined, but not chemically modified",MARKS8000,Malaysia,India,India,6,2015,6,2015-06,2015-06-22,20150608,20150608,export,1,232850386.43,72993.84,kg,KG,NGO CHEW HONG OILS & FATS (M) SDN. BHD.,[in full dataset],Semenyih,,www.mewahgroup.com,[in full dataset],N,CMB INDIA ENGINEERING FOR OILS AND FATS PRIVATE LIMITED,[in full dataset],Mumbai,,,,N,NGO CHEW HONG OILS & FATS (M) SDN. BHD.,[in full dataset],,19535.5,19535.5,Tanjung Pelepas,Cochin,Mumbai,1,1,24.42,MSC OSCAR,IMO2960901,LR,V335,910,MAEU,HBL,MAEU528266392,YMLU944547191,GESU6677725,40GP,OPEN TOP,HC,LCL,CY/CY,DB Schenker,67954.18
52103190,6003202503000001611926,521031,5,"Fabrics, woven; containing less than 85% by weight of cotton, mixed mainly or solely with man-made fibres, weighing 200g/m2 or less, dyed, plain weave",MARKS3625,United States,India,India,7,2025,3,2025-03,2025-03-05,20250308,20250308,export,1,36296339,2180.01,kg,KG,Cotton Incorporated,[in full dataset],Cary,,www.cottoninc.com,[in full dataset],Y,SAGAR MANUFACTURERS PRIVATE LIMITED,[in full dataset],Bhopal,,www.sagarmanufacturers.com,[in full dataset],Y,Cotton Incorporated,[in full dataset],,16779.4,16779.4,"Houston, TX","Mundra, Gujarat",Bhopal,1,1,20.97,COSCO UNIVERSE,IMO3880824,PA,V622,70,MSCU,HBL,MAEU550807449,MSCU125315223,GESU7250676,20GP,DRY,RF,FCL,CY/CFS,CEVA Logistics,1976.55
25182000,6003202108000005356457,251820,7,"Dolomite, calcined or sintered; including dolomite roughly trimmed, or merely cut by sawing or otherwise into blocks or slabs of rectangular (including square) shape",MARKS9673,Turkiye,India,India,9,2021,8,2021-08,2021-08-01,20210821,20210821,export,1,14533109,5277.4,kg,KG,QUA GRANITE HAYAL YAPI VE URUNLERI SANAYI TICARET ANONIM SIRKETI,[in full dataset],Aydin,,www.qua.com.tr,[in full dataset],Y,ULTRATECH CEMENT LIMITED,[in full dataset],Mumbai,,www.ultratechcement.com,[in full dataset],Y,QUA GRANITE HAYAL YAPI VE URUNLERI SANAYI TICARET ANONIM SIRKETI,[in full dataset],,10332.9,10332.9,Main Container Port,Tuticorin,Mumbai,1,1,12.92,CMA CGM JULES VERNE,IMO2772877,PA,V782,636,MAEU,HBL,CMDU446636893,MAEU440884582,MSCU5175404,45HC,REEFER,GP,FCL,CY/CFS,CEVA Logistics,4920.09
40023900,6003201901000005893809,400239,6,"Rubber; synthetic, halo-isobutene-isoprene rubber (CIIR or BIIR), in primary forms or in plates, sheets or strip",MARKS5008,China,India,India,7,2019,1,2019-01,2019-01-27,20190104,20190104,export,1,25463793,4253.06,kg,KG,"China Hainan Rubber Industry Group Co.,Ltd.",[in full dataset],Haikou,,www.hirub.cn,[in full dataset],Y,RELIANCE INDUSTRIES LIMITED,[in full dataset],Mumbai,,www.ril.com,[in full dataset],Y,"China Hainan Rubber Industry Group Co.,Ltd.",[in full dataset],,22431,22431,Shanghai,"Mundra, Gujarat",Mumbai,1,1,28.04,CSCL GLOBE,IMO6921345,MH,V334,615,HMMU,HBL,CMDU211451843,COSU912144138,TCLU3587528,40HC,TANK,HC,LCL,CFS/CFS,DB Schenker,3992.72
69101000,6003202311000003031733,691010,6,"Ceramic sinks, wash basins, wash basin pedestals, baths, bidets, water closet pans, flushing cisterns, urinals and similar sanitary fixtures; of porcelain or china",MARKS8114,China,India,India,9,2023,11,2023-11,2023-11-17,20231122,20231122,export,1,55213317,15389.54,kg,KG,Handan Fengfeng Yijing Wenjun Ceramics Distribution Department,[in full dataset],Handan,,,,N,AGARWAL BRICKS COMPANY,[in full dataset],Ganganagar,,,,Y,Handan Fengfeng Yijing Wenjun Ceramics Distribution Department,[in full dataset],,19008.2,19008.2,Yingkou,Kandla,Ganganagar,1,1,23.76,HYUNDAI LOYALTY,IMO8829099,PA,V364,159,YMLU,HBL,MAEU348678261,MSCU485596063,CAIU3627528,20GP,DRY,RF,LCL,CFS/CFS,Bollore Logistics,14492.37
15219090,6003201512000003207351,152190,6,"Waxes, other than vegetable, n.e.c. in heading no. 1521; whether or not refined or coloured",MARKS1514,Brazil,India,India,6,2015,12,2015-12,2015-12-10,20151224,20151224,export,1,74316028,5098.74,kg,KG,ANIMAL FATS BRASIL LTDA,[in full dataset],GUARULHOS,,,,Y,POSHAK OILS AND FATS LIMITED,[in full dataset],Kurnool,,,,Y,ANIMAL FATS BRASIL LTDA,[in full dataset],,12351.6,12351.6,Suape,"Mundra, Gujarat",Kurnool,1,1,15.44,EVER ACME,IMO2150525,MH,V811,2,HMMU,SWB,ONEY266986015,COSU867714447,TGHU1925431,45HC,TANK,RF,FCL,CY/CFS,Bollore Logistics,4686.1
44079920,6003201705000006665683,440799,8,"Wood; sawn or chipped lengthwise, sliced or peeled, of a thickness exceeding 6mm, whether or not planed, sanded or finger-jointed, n.e.c. in heading no. 4407",MARKS7383,China,India,India,9,2017,5,2017-05,2017-05-11,20170526,20170526,export,1,27107770,2467.63,kg,KG,"Dalian Huafeng Wooden Products Co., Ltd.",[in full dataset],Dalian,,,,N,SHREE LAXMI TIMBER TRADERS & SAW MILLS,[in full dataset],East Singhbhum,,,,Y,"Dalian Huafeng Wooden Products Co., Ltd.",[in full dataset],,22411.6,22411.6,Qingdao,"Mundra, Gujarat",East Singhbhum,1,1,28.01,OOCL HONG KONG,IMO2744125,MH,V174,771,EGLV,SWB,ONEY696522233,HLCU336046091,BMOU4829036,40HC,REEFER,GP,FCL,CY/CFS,DSV,2325.57
68029200,6003202202000002668550,680292,8,"Stone; calcareous (excluding marble, travertine, alabaster) articles thereof, (other than simply cut or sawn, with a flat or even surface)",MARKS4317,China,India,India,5,2022,2,2022-02,2022-02-08,20220224,20220224,export,1,32389172,19538.33,kg,KG,"Handan Taoyuan Trading Co., Ltd.",[in full dataset],Handan,,,,Y,DIL KUMAR GURUNG,[in full dataset],Gangtok,,,,Y,"Handan Taoyuan Trading Co., Ltd.",[in full dataset],,16208.7,16208.7,Qingdao,"Nhava Sheva (JNPT), Mumbai",Gangtok,1,1,20.26,MSC GULSUN,IMO8817550,SG,V377,732,OOLU,MBL,EGLV459224102,CMDU129000189,GESU5584829,40HC,REEFER,GP,FCL,CY/CY,DHL Global Forwarding,17141.33
09012190,6003202007000001416943,090121,9,"Coffee; roasted, not decaffeinated",MARKS6086,Indonesia,India,India,6,2020,7,2020-07,2020-07-07,20200721,20200721,export,1,11830172.9,25529.98,kg,KG,PT PTPN IX KEBUN SEMUGIH MOGA PEMALANG (PERSERO),[in full dataset],Kabupaten Pemalang,,,,Y,AKAY SPICES PRIVATE LIMITED,[in full dataset],Ernakulam,,www.akay-group.com,[in full dataset],Y,PT PTPN IX KEBUN SEMUGIH MOGA PEMALANG (PERSERO),[in full dataset],,15379.7,15379.7,Makassar,Tuticorin,Ernakulam,1,1,19.22,HYUNDAI LOYALTY,IMO2315204,SG,V711,14,COSU,SWB,COSU702324438,HLCU336897037,GESU5068062,40HC,FLAT RACK,HC,FCL,CFS/CFS,Bollore Logistics,22630.57
69032090,6003202311000000552366,690320,5,"Refractory ceramic goods; containing by weight more than 50% of alumina or of a mixture or compound of alumina and of silica, excluding those of siliceous fossil meals or similar earths",MARKS6985,Germany,India,India,8,2023,11,2023-11,2023-11-02,20231126,20231126,export,1,3206005.52,19328.42,kg,KG,Brembo SGL Carbon Ceramic Brakes GmbH,[in full dataset],Meitingen,,www.carbonceramicbrakes.com,[in full dataset],Y,MURUDESHWAR CERAMICS LIMITED,[in full dataset],Hubballi,,www.naveentile.com,[in full dataset],Y,Brembo SGL Carbon Ceramic Brakes GmbH,[in full dataset],,6976.8,6976.8,Bremerhaven,Visakhapatnam,Hubballi,1,1,8.72,CSCL GLOBE,IMO9201989,SG,V239,691,OOLU,HBL,CMDU945205645,CMDU221135566,BMOU6600758,40GP,DRY,HC,FCL,CFS/CFS,Nippon Express,16987.87
25059000,6003202110000003680859,250590,5,"Sands; natural, (other than silica and quartz sands), whether or not coloured, (other than metal-bearing sands of chapter 26)",MARKS1749,South Africa,India,India,5,2021,10,2021-10,2021-10-27,20211011,20211011,export,1,7055101.51,733.72,kg,KG,PAN AFRICAN CEMENT TRADING PTY LTD,[in full dataset],,,,,Y,TIFFIN'S BARYTES ASBESTOS AND PAINTS LIMITED,[in full dataset],Chennai,,,,Y,PAN AFRICAN CEMENT TRADING PTY LTD,[in full dataset],,11250.4,11250.4,Ngqura,Kolkata,Chennai,1,1,14.06,CMA CGM JULES VERNE,IMO6729421,LR,V652,923,MSCU,SWB,YMLU612673312,COSU987508199,BMOU2296108,20GP,FLAT RACK,GP,FCL,CFS/CFS,DSV,660.08
68118200,6003202204000003040599,681182,9,"Cellulose fibre-cement; articles or the like, sheets, panels, tiles and similar articles (other than corrugated sheets), not containing asbestos",MARKS9990,China,India,India,7,2022,4,2022-04,2022-04-10,20220414,20220414,export,1,42580277,59040.1,kg,KG,"Huaxin Building Materials Group Co.,Ltd.",[in full dataset],Wuhan,,www.huaxincem.com,[in full dataset],Y,DIL KUMAR GURUNG,[in full dataset],Gangtok,,,,Y,"Huaxin Building Materials Group Co.,Ltd.",[in full dataset],,12733,12733,Dalian,Chennai,Gangtok,1,1,15.92,YM WARRANTY,IMO5006829,LR,V875,369,HMMU,SWB,HLCU866999571,CMDU579187696,GESU3393110,40GP,FLAT RACK,RF,FCL,CFS/CFS,Expeditors,54494.38
15153090,6003201512000004318703,151530,6,"Vegetable oils; castor oil and its fractions, whether or not refined, but not chemically modified",MARKS1000,Indonesia,India,India,5,2015,12,2015-12,2015-12-06,20151224,20151224,export,1,205883341.69,1329.72,kg,KG,PT SUMBER TANI AGUNG OILS AND FATS,[in full dataset],Kota Administrasi Jakarta Selatan,,,,Y,MAHABIR VEGETABLE OILS PRIVATE LIMITED,[in full dataset],Karnal,,,,Y,PT SUMBER TANI AGUNG OILS AND FATS,[in full dataset],,3996.8,3996.8,Makassar,Kandla,Karnal,1,1,5,HMM ALGECIRAS,IMO2227413,PA,V165,803,MAEU,HBL,YMLU236035505,COSU459133461,CAIU4689835,40GP,DRY,HC,FCL,CFS/CFS,Kuehne + Nagel,1179.17
69120040,6003202305000000989616,691200,5,"Ceramic tableware, kitchenware, other household articles and toilet articles; other than of porcelain or china",MARKS6126,Germany,India,India,9,2023,5,2023-05,2023-05-04,20230502,20230502,export,1,7215464.67,26237.76,kg,KG,Saint-Gobain Ceramic Materials GmbH,[in full dataset],Steinefrenz,,norpro.saint-gobain.com,[in full dataset],Y,SAGAR BRICKS CO.,[in full dataset],Panchkula,,,,Y,Saint-Gobain Ceramic Materials GmbH,[in full dataset],,21835.6,21835.6,Bremerhaven,Tuticorin,Panchkula,1,1,27.29,YM WARRANTY,IMO2080857,LR,V618,100,ZIMU,MBL,COSU102822829,ONEY889651720,MSCU3527226,40HC,FLAT RACK,RF,FCL,CFS/CFS,Bollore Logistics,23488.45
07092000,6003202602000001084346,070920,6,"Vegetables; asparagus, fresh or chilled",MARKS9779,Canada,India,India,7,2026,2,2026-02,2026-02-08,20260203,20260203,export,1,57120881.8,18678.59,kg,KG,"Village Farms International, Inc",[in full dataset],Delta,,www.villagefarms.com,[in full dataset],Y,AJANTA SOYA LIMITED,[in full dataset],New Delhi,,www.ajantasoya.com,[in full dataset],Y,"Village Farms International, Inc",[in full dataset],,8757.4,8757.4,"Prince Rupert, BC",Chennai,New Delhi,1,1,10.95,ONE APUS,IMO8530245,SG,V847,356,APLU,HBL,MAEU837190916,COSU360075840,TCLU4133911,20GP,FLAT RACK,RF,FCL,CY/CY,Yusen Logistics,17633.11
15152990,6003201501000004219572,151529,8,"Vegetable oils; maize (corn) oil and its fractions, other than crude, whether or not refined, but not chemically modified",MARKS6120,Indonesia,India,India,5,2015,1,2015-01,2015-01-18,20150111,20150111,export,1,190010469,5718.91,kg,KG,PT INNO - WANGSA OILS & FATS,[in full dataset],Kota Medan,,,,Y,BLOSSOMS OILS AND FATS LIMITED,[in full dataset],Hyderabad,,www.blossomsoils.com,[in full dataset],Y,PT INNO - WANGSA OILS & FATS,[in full dataset],,2979.9,2979.9,Makassar,Kandla,Hyderabad,1,1,3.72,MADRID MAERSK,IMO4603962,PA,V426,112,EGLV,HBL,YMLU560503162,YMLU637592040,MSCU1470529,40HC,DRY,GP,FCL,CFS/CFS,CEVA Logistics,5213.83
52054420,6003202501000001394178,520544,7,"Cotton yarn; (not sewing thread), multiple or cabled, of combed fibres, 85% or more by weight of cotton, 192.30 to 125 decitex (53 to 80 metric number) per single yarn, not for retail sale",MARKS7255,United States,India,India,6,2025,1,2025-01,2025-01-12,20250127,20250127,export,1,26058344,3124.72,kg,KG,"Meridian Industries, Inc.",[in full dataset],Milwaukee,,www.meridiancompanies.com,[in full dataset],N,SEYAD COTTON MILLS PRIVATE LIMITED,[in full dataset],Tirunelveli,,www.hankyarn.com,[in full dataset],Y,"Meridian Industries, Inc.",[in full dataset],,773.6,773.6,"Miami, FL",Visakhapatnam,Tirunelveli,1,1,0.97,EVER ACME,IMO4870076,SG,V574,638,MAEU,HBL,COSU653726958,EGLV374637650,MSCU5927633,40HC,OPEN TOP,RF,FCL,CY/CY,DSV,2751.34
48192010,6003201810000004398347,481920,6,"Paper and paperboard; folding cartons, boxes and cases, of non-corrugated paper or paperboard",MARKS8479,Indonesia,India,India,7,2018,10,2018-10,2018-10-27,20181005,20181005,export,1,22403922.7,31892.04,kg,KG,PT INDAH KIAT PULP & PAPER TBK,[in full dataset],Kota Administrasi Jakarta Pusat,,indahkiat.co.id,[in full dataset],Y,ITC LIMITED,[in full dataset],Kolkata,,www.itcportal.com,[in full dataset],Y,PT INDAH KIAT PULP & PAPER TBK,[in full dataset],,17895.7,17895.7,Belawan,"Mundra, Gujarat",Kolkata,1,1,22.37,MOL TRIUMPH,IMO9653596,PA,V548,602,ONEY,MBL,MSCU447986975,MAEU247937854,MSCU1064617,20GP,TANK,HC,FCL,CY/CFS,Expeditors,28143.76
40082920,6003201910000005300477,400829,9,"Rubber; vulcanised (other than hard rubber), non-cellular rubber, in forms other than plates, sheets or strip",MARKS4140,Indonesia,India,India,6,2019,10,2019-10,2019-10-12,20191026,20191026,export,1,21580549.63,634.83,kg,KG,PT ASIAPLAST INDUSTRIES TBK,[in full dataset],Kota Tangerang,,www.asiaplast.co.id/,[in full dataset],Y,RELIANCE INDUSTRIES LIMITED,[in full dataset],Mumbai,,www.ril.com,[in full dataset],N,PT ASIAPLAST INDUSTRIES TBK,[in full dataset],,3168.9,3168.9,Makassar,Cochin,Mumbai,1,1,3.96,EVER GIVEN,IMO6601834,PA,V504,211,CMDU,SWB,MAEU180094859,MAEU457424730,BMOU6870870,45HC,FLAT RACK,RF,FCL,CFS/CFS,Bollore Logistics,552.99
52114120,6003202511000001770174,521141,7,"Fabrics, woven; containing less than 85% by weight of cotton, mixed mainly or solely with man-made fibres, weighing more than 200g/m2, of yarns of different colours, plain weave",MARKS3071,Australia,India,India,7,2025,11,2025-11,2025-11-13,20251124,20251124,export,1,46821280.72,12239.94,kg,KG,COTTON ON FINANCE PTY LTD,[in full dataset],NORTH GEELONG,,www.cottonon.com.au,[in full dataset],Y,THE RAJLAKSHMI COTTON MILLS PRIVATE LIMITED,[in full dataset],Kolkata,,www.rcm-organic.com,[in full dataset],Y,COTTON ON FINANCE PTY LTD,[in full dataset],,649.7,649.7,Brisbane,Visakhapatnam,Kolkata,1,1,0.81,ONE APUS,IMO3743963,SG,V316,378,OOLU,HBL,ONEY376247636,CMDU939725715,BMOU7625796,20GP,OPEN TOP,GP,FCL,CY/CFS,DB Schenker,10689.55
08023100,6003201608000010930267,080231,6,"Nuts, edible; walnuts, fresh or dried, in shell",MARKS7168,United States,India,India,7,2016,8,2016-08,2016-08-22,20160803,20160803,export,1,99381205,3450.23,kg,KG,Wizards Nuts Holdings LLC,[in full dataset],Greenwich,,www.atlasholdingsllc.com,[in full dataset],Y,WOW MOMO FOODS PRIVATE LIMITED,[in full dataset],Kolkata,,www.wowmomo.com,[in full dataset],Y,Wizards Nuts Holdings LLC,[in full dataset],,20990.3,20990.3,"Miami, FL",Tuticorin,Kolkata,1,1,26.24,MOL TRIUMPH,IMO9933632,PA,V983,187,HLCU,HBL,EGLV936092951,CMDU840373583,MSCU6929659,45HC,TANK,HC,FCL,CY/CY,Kuehne + Nagel,3095.2
69029030,6003202301000003240613,690290,6,"Refractory bricks, blocks, tiles and similar refractory ceramic constructional goods; n.e.c. in item no. 6902.1 or 6902.2",MARKS1012,China,India,India,6,2023,1,2023-01,2023-01-08,20230126,20230126,export,1,67415595,3132.67,kg,KG,"Foshan Huashengchang Ceramics Co., Ltd.",[in full dataset],Foshan,,www.dongpeng.net,[in full dataset],Y,CRYSTAL CERAMIC INDUSTRIES LIMITED,[in full dataset],Mehsana,,www.crystalceramic.com,[in full dataset],Y,"Foshan Huashengchang Ceramics Co., Ltd.",[in full dataset],,18436.6,18436.6,Dalian,Chennai,Mehsana,1,1,23.05,BARZAN,IMO2676073,MH,V357,605,MAEU,MBL,MSCU866757816,YMLU231211621,TCLU3841350,20GP,DRY,GP,FCL,CY/CY,Yusen Logistics,2744.79
48101990,6003201805000004817132,481019,9,"Paper and paperboard; coated with kaolin or other inorganic substances, for printing/writing/graphics, having 10% or less by weight of total fibres got by mechanical/chemi-mechanical process, sides exceeding 435mm and 297mm, unfolded, sheets",MARKS7691,South Korea,India,India,5,2018,5,2018-05,2018-05-25,20180518,20180518,export,1,26092824,16386.77,kg,KG,"Daehan Paper Co., Ltd.",[in full dataset],Cheongju,,www.daehanpaper.com,[in full dataset],Y,XL TECH SURVEY,[in full dataset],Koraput,,,,N,"Daehan Paper Co., Ltd.",[in full dataset],,8169.6,8169.6,Incheon,"Nhava Sheva (JNPT), Mumbai",Koraput,1,1,10.21,HYUNDAI LOYALTY,IMO1224892,LR,V236,638,CMDU,MBL,CMDU172493877,COSU922376998,BMOU5970634,45HC,REEFER,HC,LCL,CFS/CFS,Bollore Logistics,14991.65
09011200,6003202009000001660459,090112,5,"Coffee; decaffeinated, not roasted",MARKS1744,Indonesia,India,India,8,2020,9,2020-09,2020-09-25,20200918,20200918,export,1,17486531.83,4286.99,kg,KG,PT DELTA MATE MAJALENGKA,[in full dataset],Kabupaten Majalengka,,,,Y,MDP COFFEE AND SERVICES,[in full dataset],Hyderabad,,,,Y,PT DELTA MATE MAJALENGKA,[in full dataset],,20351.7,20351.7,Belawan,"Nhava Sheva (JNPT), Mumbai",Hyderabad,1,1,25.44,OOCL HONG KONG,IMO9271806,PA,V954,678,HLCU,HBL,COSU106614083,ONEY476284706,MSCU2161452,40HC,TANK,GP,LCL,CY/CFS,Bollore Logistics,3808.29
07119090,6003202602000001361969,071190,7,"Vegetables and mixed vegetables; n.e.c. in heading no. 0711, provisionally preserved but unsuitable in that state for immediate consumption",MARKS7053,Australia,India,India,5,2026,2,2026-02,2026-02-12,20260220,20260220,export,1,138496072.64,6641.05,kg,KG,ADM TRADING AUSTRALIA PTY LTD,[in full dataset],Adelaide,,www.admgrain.com.au,[in full dataset],Y,MITHLESH POTATOES TRADING,[in full dataset],Agra,,,,Y,ADM TRADING AUSTRALIA PTY LTD,[in full dataset],,8669.1,8669.1,Brisbane,Kolkata,Agra,1,1,10.84,MSC OSCAR,IMO5501284,SG,V437,109,ONEY,MBL,ONEY619405702,HLCU301412607,FCIU9402688,45HC,DRY,GP,FCL,CY/CFS,DB Schenker,6284.04
40093200,6003201901000006458928,400932,6,"Rubber; vulcanised (other than hard rubber), tubing, piping and hoses, reinforced or otherwise combined only with textile materials, with fittings",MARKS3941,Thailand,India,India,7,2019,1,2019-01,2019-01-20,20190125,20190125,export,1,30205554.81,46559,kg,KG,BANGKOK RUBBER DEVELOPMENT CENTER COMPANY LIMITED,[in full dataset],BANG KHO LAEM,,www.pan-group.com,[in full dataset],Y,RELIANCE INDUSTRIES LIMITED,[in full dataset],Mumbai,,www.ril.com,[in full dataset],Y,BANGKOK RUBBER DEVELOPMENT CENTER COMPANY LIMITED,[in full dataset],,17028.4,17028.4,Laem Chabang,Tuticorin,Mumbai,1,1,21.29,YM WARRANTY,IMO9212172,SG,V295,933,MAEU,HBL,MSCU985636325,YMLU961953777,BMOU2179770,45HC,TANK,RF,FCL,CY/CY,DSV,44107.53
09012110,6003202011000001684323,090121,9,"Coffee; roasted, not decaffeinated",MARKS1049,Indonesia,India,India,9,2020,11,2020-11,2020-11-05,20201108,20201108,export,1,18219637.66,2274.67,kg,KG,PT ANEKA COFFEE INDUSTRY,[in full dataset],Kabupaten Sidoarjo,,www.anekacoffee.com,[in full dataset],N,THE INDIAN COFFEE WORKERS CO-OPERATIVE SOCIETY LIMITED,[in full dataset],Mumbai,,,,Y,PT ANEKA COFFEE INDUSTRY,[in full dataset],,12417.4,12417.4,"Tanjung Priok, Jakarta",Kolkata,Mumbai,1,1,15.52,CMA CGM JULES VERNE,IMO5415647,PA,V610,352,ONEY,SWB,ONEY654188762,EGLV448761192,FCIU3842025,45HC,TANK,RF,LCL,CFS/CFS,DB Schenker,2062.46
09062000,6003202010000000473135,090620,5,"Spices; cinnamon and cinnamon-tree flowers, crushed or ground",MARKS8036,Brazil,India,India,6,2020,10,2020-10,2020-10-10,20201016,20201016,export,1,2475679,931.94,kg,KG,BARAO - INDUSTRIA E COMERCIO DE ERVA MATE E CHAS SA,[in full dataset],BARAO DE COTEGIPE,,www.baraoervamate.com.br,[in full dataset],Y,WRENCH MATE PRIVATE LIMITED,[in full dataset],Hyderabad,,www.wrenchmate.in,[in full dataset],Y,BARAO - INDUSTRIA E COMERCIO DE ERVA MATE E CHAS SA,[in full dataset],,9784.6,9784.6,Suape,Visakhapatnam,Hyderabad,1,1,12.23,ONE APUS,IMO2504192,PA,V579,490,EGLV,HBL,EGLV428077787,MSCU239684180,CAIU7515876,40HC,DRY,GP,LCL,CY/CFS,Kuehne + Nagel,824.69
40139020,6003201910000002594362,401390,7,"Rubber; inner tubes, n.e.c. in heading no. 4013",MARKS1527,Germany,India,India,7,2019,10,2019-10,2019-10-01,20191016,20191016,export,1,8708813.95,7039.28,kg,KG,BASF SE,[in full dataset],Ludwigshafen am Rhein,,www.basf.com,[in full dataset],Y,RELIANCE INDUSTRIES LIMITED,[in full dataset],Mumbai,,www.ril.com,[in full dataset],N,BASF SE,[in full dataset],,5383.1,5383.1,Hamburg,Cochin,Mumbai,1,1,6.73,HYUNDAI LOYALTY,IMO1379458,PA,V181,6,HMMU,MBL,COSU883986029,MAEU808658393,BMOU5130410,40GP,DRY,RF,FCL,CY/CY,Bollore Logistics,6281.27
,6003202407000005708099,701913,5,"Glass fibres; (including glass wool), yarns and slivers",MARKS8826,China,India,India,6,2024,7,2024-07,2024-07-10,20240711,20240711,export,1,157130314,6701.58,kg,KG,"Fuyao Group Shanghai Automobile Glass Co.,Ltd",[in full dataset],Shanghai,,,,Y,SKYONE SAFETY GLASS,[in full dataset],Pune,,,,Y,"Fuyao Group Shanghai Automobile Glass Co.,Ltd",[in full dataset],,12374.8,12374.8,Shenzhen,Kolkata,Pune,1,1,15.47,APL MEXICO CITY,IMO9696814,SG,V574,550,ZIMU,SWB,EGLV908458376,COSU767930332,FCIU7383200,45HC,OPEN TOP,RF,LCL,CY/CY,DSV,5916.81
15079010,6003201503000004532272,150790,7,"Vegetable oils; soya-bean oil and its fractions, other than crude, whether or not refined, but not chemically modified",MARKS5517,Indonesia,India,India,6,2015,3,2015-03,2015-03-17,20150313,20150313,export,1,298757106,12339.53,kg,KG,PT SUMBER TANI AGUNG OILS AND FATS,[in full dataset],Kota Administrasi Jakarta Selatan,,,,Y,GIRIRAJ WAXES LLP,[in full dataset],Mumbai,,www.girirajtc.com,[in full dataset],Y,PT SUMBER TANI AGUNG OILS AND FATS,[in full dataset],,12192.5,12192.5,"Tanjung Perak, Surabaya",Kolkata,Mumbai,1,1,15.24,MSC OSCAR,IMO7284804,LR,V840,200,CMDU,MBL,MSCU943952502,MAEU436726629,TGHU6644804,40GP,FLAT RACK,RF,FCL,CY/CFS,Nippon Express,11329.45
08011990,6003201604000008181236,080119,7,"Nuts, edible; coconuts, fresh or dried, other than desiccated or in the inner shell (endocarp)",MARKS2176,United States,India,India,9,2016,4,2016-04,2016-04-18,20160410,20160410,export,1,45843676,25147.23,kg,KG,The Campbell's Company,[in full dataset],Camden,,www.campbellsoupcompany.com,[in full dataset],Y,DHAM FOOD INDUSTRIES PRIVATE LIMITED,[in full dataset],Indore,,,,Y,The Campbell's Company,[in full dataset],,15143.9,15143.9,"New York/Newark, NJ",Cochin,Indore,1,1,18.93,BARZAN,IMO5342929,MH,V936,923,HMMU,MBL,CMDU813459682,ONEY584973933,BMOU8213744,40HC,FLAT RACK,GP,LCL,CY/CFS,CEVA Logistics,22330.79
52082920,6003202508000001511742,520829,9,"Fabrics, woven; containing 85% or more by weight of cotton, bleached, of weaves n.e.c. in item no. 5208.2, weighing not more than 200g/m2",MARKS9778,United States,India,India,7,2025,8,2025-08,2025-08-27,20250825,20250825,export,1,31323458,41209.94,kg,KG,"Meridian Industries, Inc.",[in full dataset],Milwaukee,,www.meridiancompanies.com,[in full dataset],Y,SURAT COTTON SPINNING & WEAVING MILLS PRIVATE LIMITED,[in full dataset],Mumbai,,,,Y,"Meridian Industries, Inc.",[in full dataset],,20101.1,20101.1,"Charleston, SC",Cochin,Mumbai,1,1,25.13,MSC OSCAR,IMO6763475,SG,V630,609,YMLU,MBL,ONEY339128163,CMDU212247165,TGHU9280347,40GP,FLAT RACK,RF,FCL,CY/CFS,DB Schenker,38583.3
09081200,6003202012000000399692,090812,6,"Spices; nutmeg, crushed or ground",MARKS9100,China,India,India,5,2020,12,2020-12,2020-12-04,20201215,20201215,export,1,1980906,1590.72,kg,KG,"Shanghai Weiming Food Co., Ltd.",[in full dataset],Shanghai,,www.mingcafe.com.cn,[in full dataset],Y,EMPIRE SPICES AND FOODS LIMITED,[in full dataset],Mumbai,,www.esfl.co.in,[in full dataset],Y,"Shanghai Weiming Food Co., Ltd.",[in full dataset],,19757.4,19757.4,Dalian,Chennai,Mumbai,1,1,24.7,OOCL HONG KONG,IMO1757525,MH,V519,965,APLU,MBL,COSU102398221,ONEY672851255,FCIU5057923,40GP,OPEN TOP,RF,FCL,CY/CFS,Sinotrans,1438.66
70072190,6003202401000006029419,700721,5,"Glass; safety glass, laminated, of size and shape suitable for incorporation in vehicles, aircraft, spacecraft or vessels",MARKS8775,China,India,India,6,2024,1,2024-01,2024-01-05,20240117,20240117,export,1,200977300,915.6,kg,KG,"Chengdu Xinrui Dongshi Chemical Reagent & Glassware Co., Ltd.",[in full dataset],Chengdu,,,,Y,SERAIKELLA GLASS WORKS LIMITED,[in full dataset],East Singhbhum,,,,Y,"Chengdu Xinrui Dongshi Chemical Reagent & Glassware Co., Ltd.",[in full dataset],,24097.1,24097.1,Dalian,Tuticorin,East Singhbhum,1,1,30.12,MADRID MAERSK,IMO4556727,PA,V739,757,MAEU,SWB,MAEU860094406,HLCU828728835,CAIU9493869,45HC,FLAT RACK,HC,FCL,CFS/CFS,DHL Global Forwarding,813.89
52041190,6003202504000001607415,520411,8,"Cotton; sewing thread, containing 85% or more by weight of cotton, not put up for retail sale",MARKS4124,United States,India,India,5,2025,4,2025-04,2025-04-05,20250425,20250425,export,1,36282665,10305.47,kg,KG,"U.S. Cotton, LLC",[in full dataset],Gastonia,,www.uscotton.com,[in full dataset],Y,SHREE GIRI COTTON WASTE MERCHANTS,[in full dataset],Ahmedabad,,,,N,"U.S. Cotton, LLC",[in full dataset],,24399.6,24399.6,"Oakland, CA","Nhava Sheva (JNPT), Mumbai",Ahmedabad,1,1,30.5,COSCO UNIVERSE,IMO4515473,LR,V768,921,MAEU,MBL,ONEY759889323,EGLV951469180,TGHU3359996,45HC,REEFER,GP,FCL,CFS/CFS,CEVA Logistics,9561.49
08013100,6003201610000009734213,080131,9,"Nuts, edible; cashew nuts, fresh or dried, in shell",MARKS2462,United States,India,India,6,2016,10,2016-10,2016-10-03,20161018,20161018,export,1,72234607,41974.32,kg,KG,"Tyson Foods, Inc.",[in full dataset],Springdale,,www.tysonfoods.com,[in full dataset],N,GRAPES DIGITAL PRIVATE LIMITED,[in full dataset],New Delhi,,www.grapesdigital.com,[in full dataset],Y,"Tyson Foods, Inc.",[in full dataset],,14591.1,14591.1,"Houston, TX","Mundra, Gujarat",New Delhi,1,1,18.24,MSC OSCAR,IMO8664899,LR,V791,12,COSU,SWB,MAEU953902087,MSCU387093438,MSCU6141094,45HC,TANK,HC,FCL,CFS/CFS,Bollore Logistics,37314.86
15019000,6003201504000004651508,150190,9,Poultry fat; other than that of heading 0209 or 1503,MARKS7307,Indonesia,India,India,6,2015,4,2015-04,2015-04-06,20150418,20150418,export,1,411095037,31911.21,kg,KG,PT INNO - WANGSA OILS & FATS,[in full dataset],Kota Medan,,,,Y,TVARUR OILS & FATS PRIVATE LIMITED,[in full dataset],Nagapattinam,,,,N,PT INNO - WANGSA OILS & FATS,[in full dataset],,11653.9,11653.9,Belawan,Cochin,Nagapattinam,1,1,14.57,MAERSK MOLLER,IMO7227122,LR,V762,584,MAEU,HBL,CMDU846715117,MAEU196795034,BMOU7436132,45HC,DRY,GP,FCL,CY/CY,Nippon Express,29555.07
52054320,6003202508000001511474,520543,5,"Cotton yarn; (not sewing thread), multiple or cabled, of combed fibres, 85% or more by weight of cotton, 232.55 to 192.31 decitex (44 to 52 metric number) per single yarn, not for retail sale",MARKS6889,United States,India,India,5,2025,8,2025-08,2025-08-09,20250819,20250819,export,1,31323458,28655.31,kg,KG,"U.S. Cotton, LLC",[in full dataset],Gastonia,,www.uscotton.com,[in full dataset],Y,SURAT COTTON SPINNING & WEAVING MILLS PRIVATE LIMITED,[in full dataset],Mumbai,,,,Y,"U.S. Cotton, LLC",[in full dataset],,20221,20221,"Savannah, GA",Kolkata,Mumbai,1,1,25.28,YM WARRANTY,IMO7124306,PA,V402,715,APLU,HBL,CMDU449132797,COSU740554838,GESU8891294,40GP,TANK,GP,FCL,CY/CY,DB Schenker,27039.09
07123100,6003202602000001367292,071231,7,"Vegetables; mushrooms of the genus Agaricus, whole, cut, sliced, broken or in powder but not further prepared, dried",MARKS3023,Australia,India,India,7,2026,2,2026-02,2026-02-04,20260207,20260207,export,1,138496072.64,11632.44,kg,KG,ADM TRADING AUSTRALIA PTY LTD,[in full dataset],Adelaide,,www.admgrain.com.au,[in full dataset],Y,PARAYIL FOOD PRODUCTS PRIVATE LIMITED,[in full dataset],Alappuzha,,www.parayilgroup.com,[in full dataset],Y,ADM TRADING AUSTRALIA PTY LTD,[in full dataset],,19556.2,19556.2,Fremantle,Kandla,Alappuzha,1,1,24.45,MSC GULSUN,IMO7435524,LR,V269,856,ONEY,SWB,MSCU580459989,EGLV949014807,FCIU2263136,20GP,REEFER,GP,FCL,CFS/CFS,CEVA Logistics,10541.18
68030000,6003202207000003349670,680300,7,"Slate, worked; and articles of slate or of agglomerated slate",MARKS2218,China,India,India,5,2022,7,2022-07,2022-07-12,20220724,20220724,export,1,53546388,50085.96,kg,KG,"Huaxin Building Materials Group Co.,Ltd.",[in full dataset],Wuhan,,www.huaxincem.com,[in full dataset],Y,BLUESTONE JEWELLERY AND LIFESTYLE LIMITED,[in full dataset],Bengaluru,,www.bluestone.com/,[in full dataset],Y,"Huaxin Building Materials Group Co.,Ltd.",[in full dataset],,5001.6,5001.6,Tianjin,Cochin,Bengaluru,1,1,6.25,CSCL GLOBE,IMO7121019,MH,V165,448,YMLU,HBL,HLCU433293511,MSCU185792817,TGHU9834363,40GP,TANK,GP,FCL,CFS/CFS,Nippon Express,46750.24
15111000,6003201502000004025534,151110,7,"Vegetable oils; palm oil and its fractions, crude, not chemically modified",MARKS5291,Malaysia,India,India,6,2015,2,2015-02,2015-02-01,20150224,20150224,export,1,137901237.1,7493.25,kg,KG,INNO-WANGSA OILS & FATS SDN. BHD.,[in full dataset],Pasir Gudang,,www.innowangsa.com,[in full dataset],Y,BLOSSOMS OILS AND FATS LIMITED,[in full dataset],Hyderabad,,www.blossomsoils.com,[in full dataset],Y,INNO-WANGSA OILS & FATS SDN. BHD.,[in full dataset],,21546.2,21546.2,Tanjung Pelepas,Chennai,Hyderabad,1,1,26.93,OOCL HONG KONG,IMO1781940,MH,V645,334,ONEY,MBL,EGLV888959845,CMDU696331864,MSCU2805563,20GP,REEFER,RF,FCL,CY/CFS,DHL Global Forwarding,6767.43
25291010,6003202112000005483346,252910,6,Feldspar,MARKS7863,Turkiye,India,India,9,2021,12,2021-12,2021-12-11,20211228,20211228,export,1,15222639,9068.76,kg,KG,LOTTE CHEMICAL TURKEY YUZEY TASARIMLARI SANAYI VE TICARET ANONIM SIRKETI,[in full dataset],Manisa,,www.belenco.com,[in full dataset],Y,JAYPEE BELA CEMENT,[in full dataset],Rewa,,,,Y,LOTTE CHEMICAL TURKEY YUZEY TASARIMLARI SANAYI VE TICARET ANONIM SIRKETI,[in full dataset],,17676.9,17676.9,Main Container Port,"Nhava Sheva (JNPT), Mumbai",Rewa,1,1,22.1,ONE APUS,IMO6887076,SG,V702,718,HLCU,MBL,ONEY503603334,YMLU934025014,FCIU1509726,45HC,OPEN TOP,GP,FCL,CY/CFS,DSV,8255.44
40101210,6003201904000005330257,401012,7,"Rubber; vulcanised, conveyor belts or belting, reinforced only with textile materials",MARKS6836,Japan,India,India,7,2019,4,2019-04,2019-04-17,20190428,20190428,export,1,21813944.82,27182.61,kg,KG,"THE YOKOHAMA RUBBER COMPANY, LIMITED",[in full dataset],HIRATSUKA,,www.y-yokohama.com/,[in full dataset],Y,RELIANCE INDUSTRIES LIMITED,[in full dataset],Mumbai,,www.ril.com,[in full dataset],Y,"THE YOKOHAMA RUBBER COMPANY, LIMITED",[in full dataset],,13051.1,13051.1,Nagoya,"Mundra, Gujarat",Mumbai,1,1,16.31,MSC GULSUN,IMO8677453,MH,V729,681,CMDU,HBL,CMDU786802550,MSCU439180547,FCIU1691093,40HC,REEFER,RF,LCL,CY/CFS,Bollore Logistics,24702.63
,6003201701000007869973,440141,6,"Wood; for fuel, sawdust and wood waste and scrap, not agglomerated; sawdust",MARKS1080,Malaysia,India,India,7,2017,1,2017-01,2017-01-17,20170125,20170125,export,1,35731838.55,9170.12,kg,KG,MERCURIES & MUAR WOODEN FURNITURE MFG. SDN. BHD.,[in full dataset],Bukit Pasir,,,,Y,GREENPLY INDUSTRIES LIMITED,[in full dataset],Kolkata,,www.greenply.com,[in full dataset],Y,MERCURIES & MUAR WOODEN FURNITURE MFG. SDN. BHD.,[in full dataset],,10687.1,10687.1,Port Klang,Tuticorin,Kolkata,1,1,13.36,HMM ALGECIRAS,IMO1977615,LR,V558,890,YMLU,HBL,CMDU106918584,YMLU889730466,MSCU1524943,40GP,FLAT RACK,GP,FCL,CY/CFS,Bollore Logistics,8664.83
69131000,6003202309000000474231,691310,9,"Ceramic statuettes and other ornamental ceramic articles, of porcelain or china",MARKS4580,Thailand,India,India,7,2023,9,2023-09,2023-09-09,20230921,20230921,export,1,2673337.64,40466.79,kg,KG,THAI CERAMIC INDUSTRY COMPANY LIMITED,[in full dataset],KRATHUM BAEN,,www.thaiceramic.co.th,[in full dataset],Y,KAJARIA CERAMICS LIMITED,[in full dataset],Gurugram,,www.kajariaceramics.com,[in full dataset],Y,THAI CERAMIC INDUSTRY COMPANY LIMITED,[in full dataset],,18784.8,18784.8,Bangkok,"Nhava Sheva (JNPT), Mumbai",Gurugram,1,1,23.48,HMM ALGECIRAS,IMO5281179,MH,V904,414,COSU,MBL,HLCU553116986,HLCU840059346,TCLU7848505,20GP,DRY,HC,FCL,CY/CY,DB Schenker,36288.07
15050090,6003201506000004596533,150500,5,Wool grease and fatty substances derived therefrom (including lanolin),MARKS1550,Indonesia,India,India,7,2015,6,2015-06,2015-06-26,20150625,20150625,export,1,328141985,48863.98,kg,KG,PT SUMBER TANI AGUNG OILS AND FATS,[in full dataset],Kota Administrasi Jakarta Selatan,,,,Y,BHAGWATI FATS AND EDIBLE OILS PRIVATE LIMITED,[in full dataset],Hyderabad,,goldmoharoils.com,[in full dataset],N,PT SUMBER TANI AGUNG OILS AND FATS,[in full dataset],,8452,8452,"Tanjung Perak, Surabaya",Kandla,Hyderabad,1,1,10.56,APL MEXICO CITY,IMO6193302,PA,V131,550,MAEU,HBL,MSCU540819729,MAEU550610670,FCIU7321157,45HC,OPEN TOP,GP,FCL,CFS/CFS,Expeditors,45667.08
48025420,6003201803000002566530,480254,7,"Uncoated paper and paperboard (not 4801 or 4803); printing, writing or graphic, 10% or less by weight of mechanical or chemi-mechanical processed fibre, weighing less than 40g/m2, in rolls or sheets",MARKS6961,Japan,India,India,8,2018,3,2018-03,2018-03-21,20180306,20180306,export,1,9880927.43,24620.03,kg,KG,"NIPPON PAPER INDUSTRIES CO., LTD.",[in full dataset],CHIYODA-KU,,www.nipponpapergroup.com/,[in full dataset],Y,BHARATHI CARTONS PRIVATE LIMITED,[in full dataset],Thoothukudi,,www.bharathpackagings.com,[in full dataset],Y,"NIPPON PAPER INDUSTRIES CO., LTD.",[in full dataset],,14836.5,14836.5,Nagoya,Kandla,Thoothukudi,1,1,18.55,APL MEXICO CITY,IMO6896712,SG,V204,975,CMDU,MBL,MAEU838673601,MSCU119583208,CAIU1197759,20GP,DRY,RF,LCL,CY/CFS,DSV,22463.33
40092100,6003201902000004918785,400921,6,"Rubber; vulcanised (other than hard rubber), tubing, piping and hoses, reinforced or otherwise combined only with metal, without fittings",MARKS1449,South Korea,India,India,9,2019,2,2019-02,2019-02-21,20190201,20190201,export,1,19491063,1881.49,kg,KG,Huvis Corporation,[in full dataset],Seoul,,www.huvis.com,[in full dataset],Y,RELIANCE INDUSTRIES LIMITED,[in full dataset],Mumbai,,www.ril.com,[in full dataset],Y,Huvis Corporation,[in full dataset],,18851,18851,Busan,"Nhava Sheva (JNPT), Mumbai",Mumbai,1,1,23.56,CSCL GLOBE,IMO5149030,LR,V890,818,OOLU,SWB,MAEU549456210,CMDU954976348,CAIU3226683,20GP,OPEN TOP,GP,FCL,CY/CFS,Yusen Logistics,1761.43
52052390,6003202511000002391750,520523,7,"Cotton yarn; (not sewing thread), single, of combed fibres, 85% or more by weight of cotton, less than 232.56 but not less than 192.31 decitex (exceeding 43 but not exceeding 52 metric number), not for retail sale",MARKS7050,Brazil,India,India,8,2025,11,2025-11,2025-11-07,20251126,20251126,export,1,135626982,28557.95,kg,KG,COTTON STAR INDUSTRIAL LTDA,[in full dataset],BLUMENAU,,,,Y,SAGAR MANUFACTURERS PRIVATE LIMITED,[in full dataset],Bhopal,,www.sagarmanufacturers.com,[in full dataset],Y,COTTON STAR INDUSTRIAL LTDA,[in full dataset],,1939.3,1939.3,Suape,"Mundra, Gujarat",Bhopal,1,1,2.42,EVER ACME,IMO7132676,SG,V457,754,COSU,MBL,COSU824977910,HLCU554576411,FCIU3185105,40GP,DRY,HC,FCL,CFS/CFS,Bollore Logistics,25607.94
07102900,6003202601000001272429,071029,8,"Vegetables, leguminous; (other than peas or beans), shelled or unshelled, uncooked or cooked by steaming or boiling in water, frozen",MARKS4846,Australia,India,India,9,2026,1,2026-01,2026-01-20,20260116,20260116,export,1,106461162.68,212.91,kg,KG,PARILLA PREMIUM POTATOES PTY. LTD.,[in full dataset],Parilla,,www.parillapremiumpotatoes.com.au,[in full dataset],Y,ADRIKA HEALTH FOOD PRIVATE LIMITED,[in full dataset],Kolkata,,,,Y,PARILLA PREMIUM POTATOES PTY. LTD.,[in full dataset],,4728.2,4728.2,Melbourne,Chennai,Kolkata,1,1,5.91,MOL TRIUMPH,IMO3418145,MH,V177,539,MAEU,HBL,MSCU108922632,MAEU443208493,TCLU6132629,45HC,REEFER,RF,LCL,CY/CY,Bollore Logistics,200
25202090,6003202112000003490464,252020,6,"Plasters; (consisting of calcined gypsum or calcium sulphate), whether or not coloured, with or without small quantities of accelerators or retarders",MARKS8198,Brazil,India,India,9,2021,12,2021-12,2021-12-01,20211216,20211216,export,1,6557073,4366.97,kg,KG,SOUTH32 MINERALS SA,[in full dataset],RIO DE JANEIRO,,www.south32.net,[in full dataset],N,SHREE CEMENT LIMITED,[in full dataset],Kolkata,,www.shreecement.com,[in full dataset],Y,SOUTH32 MINERALS SA,[in full dataset],,19241.4,19241.4,Paranagua,Cochin,Kolkata,1,1,24.05,APL MEXICO CITY,IMO5645778,PA,V710,325,YMLU,SWB,ONEY310971687,EGLV704848896,CAIU7274414,20GP,DRY,RF,FCL,CY/CFS,Nippon Express,3992.04
15131900,6003201511000004202885,151319,8,"Vegetable oils; coconut (copra) oil and its fractions, other than crude, whether or not refined, but not chemically modified",MARKS6815,Malaysia,India,India,6,2015,11,2015-11,2015-11-25,20151110,20151110,export,1,179569503.37,93893.07,kg,KG,INNO-WANGSA OILS & FATS SDN. BHD.,[in full dataset],Pasir Gudang,,www.innowangsa.com,[in full dataset],Y,TVARUR OILS & FATS PRIVATE LIMITED,[in full dataset],Nagapattinam,,,,Y,INNO-WANGSA OILS & FATS SDN. BHD.,[in full dataset],,15132.8,15132.8,Tanjung Pelepas,"Nhava Sheva (JNPT), Mumbai",Nagapattinam,1,1,18.92,EVER GIVEN,IMO8668243,LR,V721,692,CMDU,MBL,HLCU396994681,MAEU454136893,TGHU3686134,45HC,TANK,HC,FCL,CFS/CFS,Kuehne + Nagel,86182.88
09092200,6003202008000001445797,090922,8,"Spices; coriander seeds, crushed or ground",MARKS4700,Indonesia,India,India,6,2020,8,2020-08,2020-08-19,20200826,20200826,export,1,12403429.31,10639.75,kg,KG,PT PAGILARAN,[in full dataset],Kota Yogyakarta,,,,Y,INDIAN RAILWAY CATERING AND TOURISM CORPORATION LIMITED,[in full dataset],New Delhi,,www.irctc.com/,[in full dataset],Y,PT PAGILARAN,[in full dataset],,22159.9,22159.9,"Tanjung Perak, Surabaya",Cochin,New Delhi,1,1,27.7,MSC GULSUN,IMO5698201,PA,V170,504,YMLU,SWB,EGLV573257519,YMLU386197045,MSCU1163598,40HC,DRY,RF,FCL,CFS/CFS,Expeditors,9334.44
15151100,6003201510000004623113,151511,9,"Vegetable oils; linseed oil and its fractions, crude, not chemically modified",MARKS2735,Indonesia,India,India,7,2015,10,2015-10,2015-10-19,20151020,20151020,export,1,350486499,26835.86,kg,KG,PT INNO-WANGSA OILS & FATS,[in full dataset],Kota Medan,,www.inno-wangsa.co.id,[in full dataset],N,SAI MANIKANTA VEGETABLE OILS AND GENERAL MERCHANT,[in full dataset],Mahabubnagar,,,,Y,PT INNO-WANGSA OILS & FATS,[in full dataset],,19621.1,19621.1,"Tanjung Perak, Surabaya",Chennai,Mahabubnagar,1,1,24.53,MOL TRIUMPH,IMO9384168,MH,V702,935,EGLV,SWB,CMDU902788599,EGLV788029230,CAIU1797932,40HC,DRY,GP,FCL,CY/CY,CEVA Logistics,24900.11
52111290,6003202507000001927524,521112,5,"Fabrics, woven; containing less than 85% by weight of cotton, mixed mainly or solely with man-made fibres, unbleached, 3- or 4-thread twill, including cross twill, weighing more than 200g/m2",MARKS5434,Australia,India,India,5,2025,7,2025-07,2025-07-04,20250705,20250705,export,1,63656970.31,10367.29,kg,KG,COTTON ON INTERNATIONAL PTY LTD,[in full dataset],North Geelong,,www.cottonon.com.au,[in full dataset],Y,VALLI COTTON TRADER,[in full dataset],Chennai,,,,Y,COTTON ON INTERNATIONAL PTY LTD,[in full dataset],,9890.4,9890.4,Sydney,Visakhapatnam,Chennai,1,1,12.36,EVER GIVEN,IMO7339120,PA,V452,485,EGLV,SWB,EGLV800633229,YMLU121007539,CAIU1509530,40GP,FLAT RACK,HC,FCL,CFS/CFS,Nippon Express,9123.48
48189000,6003201804000004641067,481890,6,"Paper articles; articles of paper, cellulose wadding or fibres, n.e.c. in heading no. 4818",MARKS4214,Canada,India,India,9,2018,4,2018-04,2018-04-02,20180415,20180415,export,1,24356747.86,224.9,kg,KG,Meadow Lake Mechanical Pulp Inc,[in full dataset],Meadow Lake,,www.meadowlakenow.com,[in full dataset],Y,J P TOBACCO PRODUCTS PRIVATE LIMITED,[in full dataset],Damoh,,,,Y,Meadow Lake Mechanical Pulp Inc,[in full dataset],,2214.1,2214.1,"Vancouver, BC",Chennai,Damoh,1,1,2.77,YM WARRANTY,IMO8469953,PA,V741,419,EGLV,HBL,MSCU838584049,MSCU162551973,TCLU9011245,40GP,TANK,GP,LCL,CY/CY,Yusen Logistics,200
09023020,6003202002000001279694,090230,7,"Tea, black; (fermented) and partly fermented tea, in immediate packings of a content not exceeding 3kg",MARKS9119,Indonesia,India,India,9,2020,2,2020-02,2020-02-20,20200205,20200205,export,1,9682760.86,515.31,kg,KG,PT SILIWANGI AGRO INDO LESTARI,[in full dataset],Kota Bandung,,,,N,AARAFH FOODS AND SPICES,[in full dataset],Anantnag,,www.aarafhfoods.in,[in full dataset],Y,PT SILIWANGI AGRO INDO LESTARI,[in full dataset],,24835.9,24835.9,Belawan,Kandla,Anantnag,1,1,31.04,HMM ALGECIRAS,IMO2437870,PA,V964,899,MSCU,SWB,CMDU728917995,COSU262209149,BMOU7658309,40HC,TANK,RF,LCL,CY/CFS,CEVA Logistics,486.87
52092990,6003202505000001205449,520929,6,"Fabrics, woven; containing 85% or more by weight of cotton, bleached, of weaves n.e.c. in item no. 5209.2, weighing more than 200g/m2",MARKS9667,Brazil,India,India,8,2025,5,2025-05,2025-05-15,20250513,20250513,export,1,18546295,5738.92,kg,KG,COTTON STAR INDUSTRIAL LTDA,[in full dataset],BLUMENAU,,,,Y,SAGARRAJ COTTON INDUSTRIES PRIVATE LIMITED,[in full dataset],Amravati,,,,Y,COTTON STAR INDUSTRIAL LTDA,[in full dataset],,21306.2,21306.2,Suape,Kandla,Amravati,1,1,26.63,MOL TRIUMPH,IMO4800144,PA,V226,157,ONEY,SWB,EGLV356959137,YMLU535481413,FCIU3158731,40HC,OPEN TOP,RF,FCL,CY/CY,Nippon Express,5368.09
15171022,6003201507000004411684,151710,5,Margarine; excluding liquid margarine,MARKS5564,Malaysia,India,India,7,2015,7,2015-07,2015-07-04,20150718,20150718,export,1,242548747.75,98144.87,kg,KG,PACIFIC OILS & FATS INDUSTRIES SDN. BHD.,[in full dataset],Kulai,,www.pacificofats.com,[in full dataset],N,HINDUSTAN VEGETABLE OILS CORPORATION LIMITED,[in full dataset],Amritsar,,,,Y,PACIFIC OILS & FATS INDUSTRIES SDN. BHD.,[in full dataset],,22690.8,22690.8,Penang,Kolkata,Amritsar,1,1,28.36,ONE APUS,IMO8594073,LR,V568,265,COSU,MBL,CMDU179466535,CMDU164570744,BMOU3867492,20GP,DRY,GP,FCL,CY/CFS,DHL Global Forwarding,90259.84
25151220,6003202111000005420256,251512,6,"Marble and travertine; merely cut, by sawing or otherwise, into blocks or slabs of a rectangular (including square) shape, having a specific gravity of 2.5 or more",MARKS2907,China,India,India,8,2021,11,2021-11,2021-11-21,20211123,20211123,export,1,14898273,21817.91,kg,KG,Anhui Conch Cement Company Limited,[in full dataset],Wuhu,,www.conch.cn,[in full dataset],Y,SHREE CEMENT LIMITED,[in full dataset],Kolkata,,www.shreecement.com,[in full dataset],Y,Anhui Conch Cement Company Limited,[in full dataset],,17861.9,17861.9,Tianjin,"Mundra, Gujarat",Kolkata,1,1,22.33,YM WARRANTY,IMO9940075,PA,V680,601,ONEY,HBL,CMDU520654547,MAEU783687287,GESU9583715,40HC,TANK,GP,FCL,CY/CFS,Bollore Logistics,20434.62
70189090,6003202410000005800655,701890,8,"Glass; articles thereof, statuettes and other ornaments of lamp worked glass, other than imitation jewellery",MARKS3372,China,India,India,7,2024,10,2024-10,2024-10-13,20241005,20241005,export,1,164928183,3244.25,kg,KG,"Baoji Yucai Glass Products Co., Ltd.",[in full dataset],Baoji,,,,Y,HARYANA SHEET GLASS LIMITED,[in full dataset],New Delhi,,www.hsglindia.com,[in full dataset],Y,"Baoji Yucai Glass Products Co., Ltd.",[in full dataset],,5113.1,5113.1,Guangzhou,Visakhapatnam,New Delhi,1,1,6.39,YM WARRANTY,IMO3126561,PA,V321,108,EGLV,HBL,CMDU196888141,CMDU741910634,TGHU3221822,45HC,REEFER,HC,FCL,CFS/CFS,Bollore Logistics,3079.36
15149920,6003201510000004623091,151499,6,"Vegetable oils; excluding low erucic acid rape or colza oil and its fractions, other than crude, but not chemically modified",MARKS2257,Indonesia,India,India,8,2015,10,2015-10,2015-10-11,20151028,20151028,export,1,350486499,17216.22,kg,KG,PT INNO-WANGSA OILS & FATS,[in full dataset],Kota Medan,,www.inno-wangsa.co.id,[in full dataset],Y,MAHABIR VEGETABLE OILS PRIVATE LIMITED,[in full dataset],Karnal,,,,Y,PT INNO-WANGSA OILS & FATS,[in full dataset],,9324.9,9324.9,"Tanjung Perak, Surabaya",Kandla,Karnal,1,1,11.66,APL MEXICO CITY,IMO2475862,LR,V588,589,EGLV,HBL,COSU656571223,EGLV138631287,TCLU4844729,45HC,OPEN TOP,GP,LCL,CY/CFS,Yusen Logistics,15044.24
07069010,6003202601000001275909,070690,9,"Vegetables, root; salad beetroot, salsify, celeric, radishes and similar edible roots, fresh or chilled",MARKS3806,Australia,India,India,7,2026,1,2026-01,2026-01-11,20260122,20260122,export,1,106461162.68,5020.9,kg,KG,ADM TRADING AUSTRALIA PTY LTD,[in full dataset],Adelaide,,www.admgrain.com.au,[in full dataset],Y,NEW WORLD TRADING (INDIA) PRIVATE LIMITED,[in full dataset],New Delhi,,,,Y,ADM TRADING AUSTRALIA PTY LTD,[in full dataset],,8440.4,8440.4,Melbourne,Visakhapatnam,New Delhi,1,1,10.55,EVER ACME,IMO3678768,MH,V464,585,YMLU,SWB,HLCU659322318,HLCU413983719,FCIU8776090,40GP,OPEN TOP,GP,FCL,CY/CFS,Nippon Express,4449.52
52105120,6003202507000001924497,521051,6,"Fabrics, woven; containing less than 85% by weight of cotton, mixed mainly or solely with man-made fibres, weighing 200g/m2 or less, printed, plain weave",MARKS6240,Australia,India,India,7,2025,7,2025-07,2025-07-17,20250722,20250722,export,1,63656970.31,729,kg,KG,QUEENSLAND COTTON CORPORATION PTY LTD,[in full dataset],Newstead,,www.qcotton.com.au,[in full dataset],Y,KALPANA COTTON MILLS,[in full dataset],Madurai,,,,Y,QUEENSLAND COTTON CORPORATION PTY LTD,[in full dataset],,1050.8,1050.8,Fremantle,Kolkata,Madurai,1,1,1.31,COSCO UNIVERSE,IMO6663021,MH,V538,317,HMMU,MBL,MAEU671950694,ONEY282504797,TGHU8175907,40GP,OPEN TOP,RF,FCL,CY/CFS,Nippon Express,682.85
08028010,6003201605000003060190,080280,8,"Nuts, edible; areca nuts, fresh or dried, whether or not shelled or peeled",MARKS8718,Egypt,India,India,8,2016,5,2016-05,2016-05-22,20160502,20160502,export,1,9317272.56,11918.62,kg,KG,AMEVA MEDITERRANEAN FOR FOOD INDUSTRIES LLC,[in full dataset],New Nubariya,,www.amevafoods.com,[in full dataset],Y,SERVESHWAR FOOD PRODUCTS PRIVATE LIMITED,[in full dataset],Aligarh,,lacysnacks.com,[in full dataset],Y,AMEVA MEDITERRANEAN FOR FOOD INDUSTRIES LLC,[in full dataset],,19833.6,19833.6,Damietta,Cochin,Aligarh,1,1,24.79,COSCO UNIVERSE,IMO7838075,MH,V310,846,HLCU,SWB,COSU258293660,COSU899863444,TGHU3654730,20GP,REEFER,RF,FCL,CY/CFS,Kuehne + Nagel,10427.59
48070010,6003201801000002304614,480700,5,"Paper and paperboard; composite (made by sticking layers together with an adhesive), not surface-coated or impregnated, whether or not internally reinforced, in rolls or sheets",MARKS7509,Germany,India,India,9,2018,1,2018-01,2018-01-01,20180113,20180113,export,1,8668663.37,19862.36,kg,KG,Felix Schoeller Holding GmbH & Co. KG,[in full dataset],Osnabrück,,www.felix-schoeller.com,[in full dataset],Y,J P TOBACCO PRODUCTS PRIVATE LIMITED,[in full dataset],Damoh,,,,Y,Felix Schoeller Holding GmbH & Co. KG,[in full dataset],,5158.8,5158.8,Bremerhaven,Tuticorin,Damoh,1,1,6.45,YM WARRANTY,IMO8177413,LR,V653,801,YMLU,HBL,HLCU285009905,YMLU281321262,TGHU4893730,20GP,DRY,RF,FCL,CFS/CFS,DSV,18625.63
48115190,6003201803000006131764,481151,7,"Paper and paperboard; coated, impregnated or covered with plastics (excluding adhesives), bleached, weighing more than 150g/m2, other than goods of heading no. 4803, 4809, or 4810",MARKS3847,China,India,India,9,2018,3,2018-03,2018-03-17,20180304,20180304,export,1,44221782,4615.31,kg,KG,"Yueyang Forest & Paper Co.,Ltd.",[in full dataset],Yueyang,,www.yypaper.com,[in full dataset],Y,ITC LIMITED,[in full dataset],Kolkata,,www.itcportal.com,[in full dataset],Y,"Yueyang Forest & Paper Co.,Ltd.",[in full dataset],,6262.9,6262.9,Dalian,Visakhapatnam,Kolkata,1,1,7.83,CMA CGM JULES VERNE,IMO4025387,PA,V690,310,ZIMU,SWB,CMDU516657871,YMLU338712346,TCLU3829454,45HC,FLAT RACK,RF,LCL,CY/CY,DHL Global Forwarding,4240.03
09096220,6003202011000000411710,090962,7,"Spices; seeds of anise, badian, caraway or fennel; juniper berries, crushed or ground",MARKS8009,China,India,India,8,2020,11,2020-11,2020-11-27,20201121,20201121,export,1,2052959,1262.36,kg,KG,"Chengdu Starbucks Coffee Co., Ltd.",[in full dataset],Chengdu,,www.lkfchengdu.com,[in full dataset],Y,INDIAN RAILWAY CATERING AND TOURISM CORPORATION LIMITED,[in full dataset],New Delhi,,www.irctc.com/,[in full dataset],Y,"Chengdu Starbucks Coffee Co., Ltd.",[in full dataset],,5458,5458,Ningbo-Zhoushan,"Mundra, Gujarat",New Delhi,1,1,6.82,EVER ACME,IMO2420753,LR,V692,303,COSU,HBL,CMDU604126354,CMDU158926120,TCLU6064424,40GP,DRY,RF,FCL,CFS/CFS,Expeditors,1166.71
52091113,6003202510000002207466,520911,6,"Fabrics, woven; containing 85% or more by weight of cotton, unbleached, plain weave, weighing more than 200g/m2",MARKS8038,Brazil,India,India,7,2025,10,2025-10,2025-10-03,20251026,20251026,export,1,110986790,3888.36,kg,KG,COTTON STAR INDUSTRIAL LTDA,[in full dataset],BLUMENAU,,,,N,SULOCHANA COTTON SPINNING MILLS PRIVATE LIMITED,[in full dataset],Tirupur,,www.sulochanamills.in,[in full dataset],N,COTTON STAR INDUSTRIAL LTDA,[in full dataset],,13649.7,13649.7,Santos,Cochin,Tirupur,1,1,17.06,EVER GIVEN,IMO6575831,SG,V283,883,HLCU,HBL,ONEY801546313,EGLV403360547,BMOU5059591,45HC,REEFER,GP,FCL,CY/CFS,Sinotrans,3637.63
08013100,6003201603000007884397,080131,6,"Nuts, edible; cashew nuts, fresh or dried, in shell",MARKS9283,United States,India,India,8,2016,3,2016-03,2016-03-24,20160323,20160323,export,1,42559420,38608.18,kg,KG,"Tyson Foods, Inc.",[in full dataset],Springdale,,www.tysonfoods.com,[in full dataset],Y,SERVESHWAR FOOD PRODUCTS PRIVATE LIMITED,[in full dataset],Aligarh,,lacysnacks.com,[in full dataset],Y,"Tyson Foods, Inc.",[in full dataset],,16546.4,16546.4,"Norfolk, VA","Mundra, Gujarat",Aligarh,1,1,20.68,BARZAN,IMO2573697,MH,V113,441,MSCU,HBL,HLCU627266195,MAEU915184929,GESU3408756,45HC,TANK,HC,FCL,CY/CFS,Sinotrans,34981.07
48139090,6003201810000002421283,481390,5,"Paper, cigarette; (other than in rolls of a width not exceeding 5cm, or in booklets or tubes)",MARKS9363,Germany,India,India,5,2018,10,2018-10,2018-10-05,20181011,20181011,export,1,9151385.59,3748.38,kg,KG,Verlagsgesellschaft Madsack GmbH & Co. KG,[in full dataset],Hannover,,www.madsack.de,[in full dataset],Y,USHODAYA ENTERPRISES PRIVATE LIMITED,[in full dataset],Hyderabad,,www.eenadu.net,[in full dataset],Y,Verlagsgesellschaft Madsack GmbH & Co. KG,[in full dataset],,22011.4,22011.4,Bremerhaven,"Mundra, Gujarat",Hyderabad,1,1,27.51,EVER GIVEN,IMO2709775,SG,V381,857,MSCU,SWB,YMLU216814532,EGLV611108292,CAIU3792572,40GP,FLAT RACK,RF,FCL,CFS/CFS,Sinotrans,3474.39
52115210,6003202509000001630427,521152,7,"Fabrics, woven; containing less than 85% by weight of cotton, mixed mainly or solely with man-made fibres, weighing more than 200g/m2, printed, 3-thread or 4-thread twill, including cross twill",MARKS1235,United States,India,India,9,2025,9,2025-09,2025-09-09,20250914,20250914,export,1,37839961,1408.1,kg,KG,"Calcot, Ltd.",[in full dataset],Bakersfield,,www.calcot.com,[in full dataset],Y,TIRUMALA COTTON AND AGRO PRODUCTS PRIVATE LIMITED,[in full dataset],Guntur,,www.tirumalabalaji.in,[in full dataset],N,"Calcot, Ltd.",[in full dataset],,3805.8,3805.8,"Long Beach, CA",Tuticorin,Guntur,1,1,4.76,EVER ACME,IMO6698996,SG,V839,703,OOLU,SWB,COSU980045461,MAEU701228388,TCLU6289895,40HC,TANK,RF,FCL,CY/CFS,Kuehne + Nagel,1278.09
25151100,6003202108000005143620,251511,7,"Marble and travertine; having a specific gravity of 2.5 or more, crude or roughly trimmed by sawing or otherwise, into blocks or slabs of a rectangular (including square) shape",MARKS8618,China,India,India,8,2021,8,2021-08,2021-08-25,20210815,20210815,export,1,13461711,3446.93,kg,KG,"Tianshan Material Co., Ltd.",[in full dataset],Shanghai,,www.sinoma-tianshan.cn,[in full dataset],Y,JSW CEMENT LIMITED,[in full dataset],Mumbai,,www.jswcement.in,[in full dataset],Y,"Tianshan Material Co., Ltd.",[in full dataset],,15621.6,15621.6,Qingdao,"Mundra, Gujarat",Mumbai,1,1,19.53,MSC GULSUN,IMO8591420,SG,V203,986,MAEU,MBL,EGLV464135019,COSU113931699,TGHU5833584,40HC,TANK,RF,LCL,CY/CFS,DSV,3181.99
08024100,6003201604000008182337,080241,8,"Nuts, edible; chestnuts (Castanea spp.), fresh or dried, in shell",MARKS8654,United States,India,India,9,2016,4,2016-04,2016-04-08,20160416,20160416,export,1,45843676,5771.12,kg,KG,"Tyson Foods, Inc.",[in full dataset],Springdale,,www.tysonfoods.com,[in full dataset],Y,WOW MOMO FOODS PRIVATE LIMITED,[in full dataset],Kolkata,,www.wowmomo.com,[in full dataset],N,"Tyson Foods, Inc.",[in full dataset],,22320.3,22320.3,"Seattle, WA",Visakhapatnam,Kolkata,1,1,27.9,CMA CGM JULES VERNE,IMO2445664,PA,V297,682,HMMU,MBL,HLCU648888244,YMLU179917714,TGHU1421138,20GP,TANK,GP,FCL,CY/CFS,Yusen Logistics,5066.18
,6003202209000000856000,681519,6,Stone or other mineral substances not elsewhere specified or included; non-electrical articles of graphite or carbon n.e.c. in heading 6815,MARKS3444,South Korea,India,India,9,2022,9,2022-09,2022-09-04,20220918,20220918,export,1,3888326,7822.5,kg,KG,Kei Stone Partners LLC,[in full dataset],Seoul,,www.keistone.co.kr,[in full dataset],N,SHREE RAM STONE,[in full dataset],Bundi,,,,Y,Kei Stone Partners LLC,[in full dataset],,23937.7,23937.7,Incheon,Cochin,Bundi,1,1,29.92,OOCL HONG KONG,IMO7698809,SG,V421,728,COSU,HBL,MAEU664743902,EGLV595591312,TCLU1842975,40HC,TANK,RF,FCL,CY/CY,Bollore Logistics,7354.15
69101000,6003202302000002218611,691010,8,"Ceramic sinks, wash basins, wash basin pedestals, baths, bidets, water closet pans, flushing cisterns, urinals and similar sanitary fixtures; of porcelain or china",MARKS8144,China,India,India,8,2023,2,2023-02,2023-02-22,20230212,20230212,export,1,28843108,26973.74,kg,KG,"Wenzhou Hongli Machinery Co., Ltd.",[in full dataset],Wenzhou,,www.chinatianchi.com,[in full dataset],Y,MADHUSUDAN CERAMICS LIMITED,[in full dataset],Mehsana,,,,Y,"Wenzhou Hongli Machinery Co., Ltd.",[in full dataset],,14224.3,14224.3,Dalian,"Mundra, Gujarat",Mehsana,1,1,17.78,OOCL HONG KONG,IMO9691776,MH,V928,285,COSU,MBL,MSCU320692708,HLCU882498662,BMOU9523999,45HC,DRY,RF,FCL,CY/CY,DB Schenker,23533.97
69101000,6003202312000000476715,691010,8,"Ceramic sinks, wash basins, wash basin pedestals, baths, bidets, water closet pans, flushing cisterns, urinals and similar sanitary fixtures; of porcelain or china",MARKS9755,Poland,India,India,7,2023,12,2023-12,2023-12-08,20231202,20231202,export,1,2686673,2607.85,kg,KG,NGK CERAMICS POLSKA SP Z O O,[in full dataset],Gliwice,,www.ngk.com.pl,[in full dataset],Y,U.P. CERAMICS & POTTERIES PRIVATE LIMITED,[in full dataset],Ghaziabad,,upchome.in,[in full dataset],N,NGK CERAMICS POLSKA SP Z O O,[in full dataset],,13988.6,13988.6,Gdansk,Chennai,Ghaziabad,1,1,17.49,MOL TRIUMPH,IMO4579999,LR,V600,76,HLCU,MBL,HLCU636419480,EGLV241870072,BMOU1274726,20GP,TANK,HC,LCL,CFS/CFS,DB Schenker,2449.13
,6003201709000004228813,440691,7,"Wood; railway or tramway sleepers (cross-ties), impregnated, coniferous",MARKS5333,Indonesia,India,India,5,2017,9,2017-09,2017-09-23,20170908,20170908,export,1,13089637.31,666.75,kg,KG,PT KODECO BATULICIN PLYWOOD,[in full dataset],Kota Administrasi Jakarta Pusat,,,,Y,CENTURY PLYBOARDS (INDIA) LIMITED,[in full dataset],Kolkata,,www.centuryply.com,[in full dataset],Y,PT KODECO BATULICIN PLYWOOD,[in full dataset],,16906.8,16906.8,Belawan,Kolkata,Kolkata,1,1,21.13,HMM ALGECIRAS,IMO6052561,LR,V485,787,COSU,HBL,MSCU514091860,CMDU147850343,BMOU2336566,40HC,REEFER,RF,FCL,CY/CFS,Bollore Logistics,604.27
08027000,6003201611000001199362,080270,5,"Nuts, edible; kola nuts (Cola spp.), fresh or dried, whether or not shelled or peeled",MARKS3559,Italy,India,India,9,2016,11,2016-11,2016-11-08,20161109,20161109,export,1,2733752.81,562.3,kg,KG,VANDEMOORTELE BAKERY PRODUCTS ITALIA SPA,[in full dataset],GENOVA,,www.vandemoortele.com,[in full dataset],Y,WOW MOMO FOODS PRIVATE LIMITED,[in full dataset],Kolkata,,www.wowmomo.com,[in full dataset],Y,VANDEMOORTELE BAKERY PRODUCTS ITALIA SPA,[in full dataset],,10124.4,10124.4,Genoa,Chennai,Kolkata,1,1,12.66,BARZAN,IMO4453322,LR,V362,981,OOLU,SWB,YMLU979183986,MSCU745439995,GESU1940252,40HC,FLAT RACK,HC,FCL,CFS/CFS,Nippon Express,492.84
07145000,6003202602000000465784,071450,7,"Vegetable roots and tubers; yautia (Xanthosoma spp.) with high starch or inulin content, fresh, chilled, frozen or dried, whether or not sliced or in the form of pellets",MARKS6048,Brazil,India,India,6,2026,2,2026-02,2026-02-06,20260217,20260217,export,1,11723896,2196.11,kg,KG,CARGILL AGRICOLA S A,[in full dataset],SAO PAULO,,www.cargill.com.br,[in full dataset],Y,OOTY VEGETABLES & FRUITS,[in full dataset],Chennai,,,,Y,CARGILL AGRICOLA S A,[in full dataset],,24198.4,24198.4,Rio Grande,Kandla,Chennai,1,1,30.25,MAERSK MOLLER,IMO5787289,PA,V398,151,HLCU,HBL,MSCU175345105,EGLV373035559,MSCU3334574,40HC,OPEN TOP,RF,LCL,CY/CFS,Sinotrans,1910.27
25161100,6003202110000002557216,251611,5,Granite; crude or roughly trimmed,MARKS8192,Brazil,India,India,9,2021,10,2021-10,2021-10-15,20211021,20211021,export,1,4313195,3082.46,kg,KG,SOUTH32 MINERALS SA,[in full dataset],RIO DE JANEIRO,,www.south32.net,[in full dataset],Y,SHAMAL PRESTRESSED CEMENT PRODUCTS PRIVATE LIMITED,[in full dataset],Aurangabad,,,,N,SOUTH32 MINERALS SA,[in full dataset],,17856.9,17856.9,Rio Grande,Chennai,Aurangabad,1,1,22.32,ONE APUS,IMO3587540,MH,V963,258,YMLU,HBL,HLCU542536382,HLCU699491609,GESU9667713,20GP,DRY,RF,FCL,CY/CFS,Expeditors,2747.5
40030000,6003201905000004691231,400300,9,"Rubber; reclaimed rubber, in primary forms or in plates, sheets or strip",MARKS8579,Japan,India,India,9,2019,5,2019-05,2019-05-23,20190507,20190507,export,1,18237694.86,13354.14,kg,KG,"THE YOKOHAMA RUBBER COMPANY, LIMITED",[in full dataset],HIRATSUKA,,www.y-yokohama.com/,[in full dataset],Y,RELIANCE INDUSTRIES LIMITED,[in full dataset],Mumbai,,www.ril.com,[in full dataset],Y,"THE YOKOHAMA RUBBER COMPANY, LIMITED",[in full dataset],,7447.7,7447.7,Nagoya,Kolkata,Mumbai,1,1,9.31,OOCL HONG KONG,IMO6114208,SG,V616,607,MAEU,MBL,COSU980768584,YMLU269129047,GESU9027075,40HC,TANK,HC,FCL,CY/CFS,Bollore Logistics,11633.95
48101390,6003201808000002008926,481013,5,"Paper and paperboard; coated with kaolin or other inorganic substances, for printing & writing, graphics, containing no, or not more than 10% by weight of total fibres obtained by mechanical or chemi-mechanical process, in rolls",MARKS8653,Thailand,India,India,5,2018,8,2018-08,2018-08-02,20180814,20180814,export,1,7354659.64,479,kg,KG,NATIONAL NEWS BUREAU,[in full dataset],HUAI KHWANG,,www.thaisnews.com,[in full dataset],N,ITC LIMITED,[in full dataset],Kolkata,,www.itcportal.com,[in full dataset],N,NATIONAL NEWS BUREAU,[in full dataset],,15205.2,15205.2,Bangkok,Chennai,Kolkata,1,1,19.01,MSC OSCAR,IMO9345908,LR,V539,545,MSCU,SWB,EGLV882602904,HLCU501586181,CAIU9514004,45HC,REEFER,GP,FCL,CY/CFS,CEVA Logistics,430.92
69032090,6003202307000003178242,690320,9,"Refractory ceramic goods; containing by weight more than 50% of alumina or of a mixture or compound of alumina and of silica, excluding those of siliceous fossil meals or similar earths",MARKS9637,China,India,India,7,2023,7,2023-07,2023-07-17,20230706,20230706,export,1,62972638,3175.27,kg,KG,"Tangshan Beifangcidu Ceramic Group Co., Ltd.",[in full dataset],Tangshan,,,,Y,KHAN BRICKS UDYOG,[in full dataset],Jhunjhunu,,,,Y,"Tangshan Beifangcidu Ceramic Group Co., Ltd.",[in full dataset],,1448.3,1448.3,Ningbo-Zhoushan,"Nhava Sheva (JNPT), Mumbai",Jhunjhunu,1,1,1.81,OOCL HONG KONG,IMO3779063,SG,V588,850,HMMU,SWB,MAEU145469207,MAEU771517100,BMOU8063035,20GP,OPEN TOP,RF,FCL,CY/CFS,Sinotrans,2860.36
52061300,6003202507000001596728,520613,6,"Cotton yarn; (not sewing thread), single, of uncombed fibres, less than 85% by weight of cotton, less than 232.56 but not less than 192.31 decitex (exceeding 43 but not exceeding 52 metric number), not for retail sale",MARKS1038,United States,India,India,8,2025,7,2025-07,2025-07-04,20250701,20250701,export,1,36090882,180537.21,kg,KG,"Meridian Industries, Inc.",[in full dataset],Milwaukee,,www.meridiancompanies.com,[in full dataset],Y,KAC YARN PRIVATE LIMITED,[in full dataset],Coimbatore,,,,Y,"Meridian Industries, Inc.",[in full dataset],,12596.1,12596.1,"Charleston, SC",Visakhapatnam,Coimbatore,1,1,15.75,CMA CGM JULES VERNE,IMO3507914,SG,V680,569,COSU,MBL,MAEU916259375,YMLU265107638,GESU5967346,20GP,DRY,RF,LCL,CY/CFS,Kuehne + Nagel,162029.81
48142000,6003201807000006307620,481420,8,"Wallpaper and similar wall coverings; coated or covered on the face side, with a grained, embossed, coloured, design-printed or otherwise decorated layer of plastics",MARKS5338,China,India,India,8,2018,7,2018-07,2018-07-22,20180714,20180714,export,1,47502435,30413.33,kg,KG,"Haishida Packaging Technology (suzhou) Co., Ltd",[in full dataset],Suzhou,,,,Y,J P TOBACCO PRODUCTS PRIVATE LIMITED,[in full dataset],Damoh,,,,Y,"Haishida Packaging Technology (suzhou) Co., Ltd",[in full dataset],,18999.9,18999.9,Yingkou,Cochin,Damoh,1,1,23.75,MOL TRIUMPH,IMO6097735,MH,V641,795,YMLU,SWB,YMLU909950693,YMLU421332020,GESU1685113,40GP,FLAT RACK,HC,LCL,CFS/CFS,DB Schenker,26475.84
68022900,6003202212000001050080,680229,5,"Stone; monumental or building stone, n.e.c. in item no. 6802.2, articles thereof, simply cut or sawn, with a flat or even surface",MARKS5313,United States,India,India,5,2022,12,2022-12,2022-12-20,20221220,20221220,export,1,5345470,35697.11,kg,KG,Halliburton Company,[in full dataset],Houston,,www.halliburton.com,[in full dataset],Y,BG ADVISORS,[in full dataset],Chandigarh,,,,N,Halliburton Company,[in full dataset],,2110.1,2110.1,"Miami, FL",Visakhapatnam,Chandigarh,1,1,2.64,APL MEXICO CITY,IMO6676891,LR,V240,275,HLCU,MBL,HLCU972604873,YMLU227416199,TCLU3329017,40HC,DRY,HC,FCL,CY/CY,Kuehne + Nagel,32185.88
15131100,6003201507000004356262,151311,5,"Vegetable oils; coconut (copra) oil and its fractions, crude, not chemically modified",MARKS8742,Indonesia,India,India,5,2015,7,2015-07,2015-07-12,20150724,20150724,export,1,229921743,7902.3,kg,KG,PT PALMA OILS & FATS,[in full dataset],Kota Administrasi Jakarta Selatan,,,,Y,BLOSSOMS OILS AND FATS LIMITED,[in full dataset],Hyderabad,,www.blossomsoils.com,[in full dataset],Y,PT PALMA OILS & FATS,[in full dataset],,9567.8,9567.8,Makassar,Cochin,Hyderabad,1,1,11.96,EVER GIVEN,IMO2919453,MH,V451,88,YMLU,MBL,YMLU812689708,HLCU959498701,TCLU1989325,45HC,TANK,GP,FCL,CFS/CFS,Nippon Express,7269.43
68129911,6003202201000003661866,681299,9,"Asbestos or mixtures with a basis of asbestos (other than crocidolite); fibres, mixtures or articles n.e.c. in heading no. 6812, whether or not reinforced, not goods of heading 6811 or 6813",MARKS7533,China,India,India,7,2022,1,2022-01,2022-01-09,20220104,20220104,export,1,76112667,27359.91,kg,KG,"Guangdong Redwall New Materials Co., Ltd.",[in full dataset],Huizhou,,www.redwall.com.cn,[in full dataset],Y,BISRA STONE LIMES COMPANY LIMITED,[in full dataset],Sundargarh,,,,Y,"Guangdong Redwall New Materials Co., Ltd.",[in full dataset],,9521.1,9521.1,Ningbo-Zhoushan,Chennai,Sundargarh,1,1,11.9,MADRID MAERSK,IMO3550157,MH,V581,429,EGLV,HBL,EGLV187971252,MSCU847652997,TCLU3216775,20GP,REEFER,RF,FCL,CY/CY,DHL Global Forwarding,23861.26
07136000,6003202602000001082074,071360,8,"Vegetables, leguminous; pigeon peas (Cajanus cajan), shelled, whether or not skinned or split, dried",MARKS8266,Canada,India,India,9,2026,2,2026-02,2026-02-04,20260222,20260222,export,1,57120881.8,432.67,kg,KG,Real Potatoes Ltd,[in full dataset],Charlottetown,,,,Y,V GOPAL ONIONS,[in full dataset],Kurnool,,,,Y,Real Potatoes Ltd,[in full dataset],,16539.8,16539.8,"Vancouver, BC",Visakhapatnam,Kurnool,1,1,20.67,APL MEXICO CITY,IMO8439697,MH,V341,732,ZIMU,HBL,HLCU337809832,YMLU934885090,TGHU3509164,40HC,FLAT RACK,HC,LCL,CY/CFS,CEVA Logistics,411.38
25085021,6003202111000002474338,250850,5,"Clays (excluding expanded clays of heading no. 6806); andalusite, kyanite and sillimanite, whether or not calcined",MARKS1203,Brazil,India,India,5,2021,11,2021-11,2021-11-15,20211103,20211103,export,1,4152326,7965.35,kg,KG,ICL AMERICA DO SUL S.A.,[in full dataset],SAO PAULO,,www.produquimica.com.br,[in full dataset],Y,COROHANDEL STAMPINGS & STONES LIMITED,[in full dataset],Secunderabad,,,,Y,ICL AMERICA DO SUL S.A.,[in full dataset],,8625.5,8625.5,Suape,Chennai,Secunderabad,1,1,10.78,MSC OSCAR,IMO6303016,LR,V674,486,ZIMU,MBL,HLCU283947815,ONEY463007848,MSCU5778324,40GP,TANK,HC,LCL,CFS/CFS,DB Schenker,7558.12
,6003202306000002996684,690722,7,"Ceramic tiles; flags and paving, hearth or wall tiles other than those of subheadings 6907.30 and 6907.40, of a water absorption coefficient by weight over 0.5% but not over 10%",MARKS3154,China,India,India,6,2023,6,2023-06,2023-06-27,20230601,20230601,export,1,54286794,13746.79,kg,KG,"Guangdong Guanxing Ceramic Enterprises Co., Ltd.",[in full dataset],Qingyuan,,www.gdgxw.com,[in full dataset],Y,MARATHWADA CERAMIC COMPLEX LIMITED,[in full dataset],Aurangabad,,,,Y,"Guangdong Guanxing Ceramic Enterprises Co., Ltd.",[in full dataset],,9396.4,9396.4,Guangzhou,Cochin,Aurangabad,1,1,11.75,COSCO UNIVERSE,IMO9113818,SG,V690,431,ZIMU,SWB,MSCU563143220,CMDU707799781,TGHU6236287,45HC,REEFER,RF,FCL,CFS/CFS,DB Schenker,12607.51
25041010,6003202106000004436308,250410,8,"Graphite; natural, in powder or in flakes",MARKS3543,China,India,India,6,2021,6,2021-06,2021-06-21,20210623,20210623,export,1,9811431,997.71,kg,KG,"Tianjin Tianbao Infrastructure Co.,Ltd.",[in full dataset],Tianjin,,www.tbjijian.com,[in full dataset],Y,J K CEMENT WORKS,[in full dataset],Chittorgarh,,,,Y,"Tianjin Tianbao Infrastructure Co.,Ltd.",[in full dataset],,20372.7,20372.7,Shanghai,"Nhava Sheva (JNPT), Mumbai",Chittorgarh,1,1,25.47,OOCL HONG KONG,IMO4336660,MH,V955,515,CMDU,HBL,COSU413666911,COSU246965082,CAIU2861065,40GP,TANK,GP,FCL,CFS/CFS,DB Schenker,875.08
,6003201708000000585225,441891,8,"Wood; builders' joinery and carpentry of wood n.e.c. in heading no. 4418, of bamboo",MARKS3275,Canada,India,India,7,2017,8,2017-08,2017-08-16,20170823,20170823,export,1,1027859.09,2119.92,kg,KG,Interfor Corporation,[in full dataset],Burnaby,,www.interfor.com,[in full dataset],Y,MILTON INDUSTRIES LIMITED,[in full dataset],Ahmedabad,,www.miltonindustries.in,[in full dataset],N,Interfor Corporation,[in full dataset],,16887.7,16887.7,"Halifax, NS",Cochin,Ahmedabad,1,1,21.11,MSC OSCAR,IMO6561094,MH,V518,527,EGLV,HBL,ONEY279997146,MSCU199752053,TCLU1073191,45HC,REEFER,RF,LCL,CY/CFS,Yusen Logistics,1945.23
48051900,6003201811000003112892,480519,5,"Paper and paperboard; uncoated, fluting paper other than semi-chemical or straw, rolls or sheets",MARKS1684,Singapore,India,India,9,2018,11,2018-11,2018-11-06,20181120,20181120,export,1,12697759.76,14433.05,kg,KG,PEARSON EDUCATION SOUTH ASIA PTE. LTD.,[in full dataset],Singapore,,www.pearsonedasia.com,[in full dataset],Y,ITC LIMITED,[in full dataset],Kolkata,,www.itcportal.com,[in full dataset],Y,PEARSON EDUCATION SOUTH ASIA PTE. LTD.,[in full dataset],,24825.5,24825.5,Singapore (PSA),"Nhava Sheva (JNPT), Mumbai",Kolkata,1,1,31.03,CSCL GLOBE,IMO7902594,PA,V894,221,CMDU,HBL,MSCU722873110,COSU913610936,TGHU1945497,20GP,DRY,RF,FCL,CFS/CFS,Bollore Logistics,13530.36
25233000,6003202111000006275832,252330,8,"Cement; aluminous (ciment fondu), whether or not coloured or in the form of clinkers",MARKS2040,Turkiye,India,India,6,2021,11,2021-11,2021-11-03,20211103,20211103,export,1,20541604,1921.69,kg,KG,QUA GRANITE HAYAL YAPI VE URUNLERI SANAYI TICARET ANONIM SIRKETI,[in full dataset],Aydin,,www.qua.com.tr,[in full dataset],N,BIRLA CORPORATION LIMITED,[in full dataset],Kolkata,,www.birlacorporation.com,[in full dataset],Y,QUA GRANITE HAYAL YAPI VE URUNLERI SANAYI TICARET ANONIM SIRKETI,[in full dataset],,18379.5,18379.5,Main Container Port,Kandla,Kolkata,1,1,22.97,HYUNDAI LOYALTY,IMO1990207,LR,V349,771,CMDU,SWB,MSCU559723805,CMDU386503291,GESU9666868,40GP,DRY,HC,FCL,CY/CFS,CEVA Logistics,1773.13
68041000,6003202212000000315639,680410,6,"Millstones and grindstones; for milling, grinding or pulping",MARKS4826,Philippines,India,India,5,2022,12,2022-12,2022-12-02,20221215,20221215,export,1,1087770,12298.15,kg,KG,ZC KINGS MANPOWER AND JANITORIAL SERVICES COOPERATIVE,[in full dataset],Paranaque,,www.kingsgroup.com.ph,[in full dataset],Y,RED STONE CONSULTING,[in full dataset],Noida,,,,N,ZC KINGS MANPOWER AND JANITORIAL SERVICES COOPERATIVE,[in full dataset],,16987.9,16987.9,Subic Bay,Cochin,Noida,1,1,21.23,MADRID MAERSK,IMO4097140,MH,V256,837,HLCU,MBL,ONEY383557011,MSCU364652000,MSCU7053576,40HC,DRY,RF,FCL,CFS/CFS,Sinotrans,11191.91
07019000,6003202603000001197369,070190,8,"Vegetables; potatoes (other than seed), fresh or chilled",MARKS9886,Canada,India,India,7,2026,3,2026-03,2026-03-02,20260310,20260310,export,1,81233737.75,13307.88,kg,KG,ZBIB Fruits & Vegetables Inc,[in full dataset],Ottawa,,,,Y,PBS OIL INDUSTRIES PRIVATE LIMITED,[in full dataset],Dhamtari,,www.pbsoil.com,[in full dataset],N,ZBIB Fruits & Vegetables Inc,[in full dataset],,889.5,889.5,"Montreal, QC","Mundra, Gujarat",Dhamtari,1,1,1.11,BARZAN,IMO8859285,PA,V449,68,MSCU,MBL,CMDU964101250,YMLU326690649,TCLU8534420,40HC,DRY,GP,LCL,CFS/CFS,Bollore Logistics,12495.05
25191000,6003202106000003753190,251910,8,Magnesium carbonate (magnesite); natural,MARKS4213,South Africa,India,India,5,2021,6,2021-06,2021-06-19,20210607,20210607,export,1,7318533.38,2150.55,kg,KG,BAFOKENG CEMENT AND BRICK CC,[in full dataset],JOHANNESBURG,,,,N,S T I GRANITE INDIA LIMITED,[in full dataset],Tumakuru,,,,Y,BAFOKENG CEMENT AND BRICK CC,[in full dataset],,4162.5,4162.5,Ngqura,Visakhapatnam,Tumakuru,1,1,5.2,COSCO UNIVERSE,IMO9236472,MH,V141,341,APLU,SWB,EGLV578073633,YMLU330179323,FCIU3021845,20GP,TANK,RF,FCL,CFS/CFS,CEVA Logistics,2030.28
69131000,6003202307000003177866,691310,8,"Ceramic statuettes and other ornamental ceramic articles, of porcelain or china",MARKS6357,China,India,India,8,2023,7,2023-07,2023-07-09,20230708,20230708,export,1,62972638,15060.48,kg,KG,"Guangdong Songfa Ceramics Co., Ltd.",[in full dataset],Dalian,,www.songfa.com,[in full dataset],Y,MURUDESHWAR CERAMICS LIMITED,[in full dataset],Hubballi,,www.naveentile.com,[in full dataset],N,"Guangdong Songfa Ceramics Co., Ltd.",[in full dataset],,6766,6766,Shenzhen,Chennai,Hubballi,1,1,8.46,MSC GULSUN,IMO4234737,PA,V128,374,COSU,SWB,HLCU302500052,ONEY862426371,FCIU7561332,40HC,DRY,GP,FCL,CY/CY,DHL Global Forwarding,13665.63
25174900,6003202106000001772881,251749,7,"Stones; of heading no. 2515 or 2516 (excluding marble), in granules, chippings and powder, whether or not heat-treated",MARKS3953,Italy,India,India,5,2021,6,2021-06,2021-06-02,20210614,20210614,export,1,2732310.33,1962.26,kg,KG,QUARTZ LIFE SPA,[in full dataset],PARMA,,,,Y,SHAMAL PRESTRESSED CEMENT PRODUCTS PRIVATE LIMITED,[in full dataset],Aurangabad,,,,N,QUARTZ LIFE SPA,[in full dataset],,19124.3,19124.3,La Spezia,"Mundra, Gujarat",Aurangabad,1,1,23.91,MSC GULSUN,IMO7408074,SG,V355,35,ONEY,SWB,CMDU614274925,MSCU117329337,TGHU8611095,45HC,DRY,RF,FCL,CFS/CFS,Yusen Logistics,1708.88
52083910,6003202511000002387791,520839,8,"Fabrics, woven; containing 85% or more by weight of cotton, dyed, of weaves n.e.c. in item no. 5208.3 weighing not more than 200g/m2",MARKS9133,Brazil,India,India,9,2025,11,2025-11,2025-11-05,20251117,20251117,export,1,135626982,6801.19,kg,KG,COTTON STAR INDUSTRIAL LTDA,[in full dataset],BLUMENAU,,,,Y,ANNUR COTTON MILLS,[in full dataset],Coimbatore,,,,Y,COTTON STAR INDUSTRIAL LTDA,[in full dataset],,16782.1,16782.1,Rio Grande,Chennai,Coimbatore,1,1,20.98,MAERSK MOLLER,IMO7671795,PA,V795,760,APLU,HBL,CMDU801306038,MSCU441135052,TGHU5140018,45HC,OPEN TOP,GP,FCL,CFS/CFS,Nippon Express,6389.51
07061000,6003202602000001081650,070610,5,"Vegetables, root; carrots and turnips, fresh or chilled",MARKS1327,Canada,India,India,6,2026,2,2026-02,2026-02-01,20260226,20260226,export,1,57120881.8,11219.9,kg,KG,Small Potatoes Urban Delivery Inc,[in full dataset],Vancouver,,www.spud.ca,[in full dataset],Y,ZAP KIDS WEAR,[in full dataset],Chittoor,,,,Y,Small Potatoes Urban Delivery Inc,[in full dataset],,14723.1,14723.1,"Montreal, QC",Kolkata,Chittoor,1,1,18.4,ONE APUS,IMO4059535,LR,V503,451,YMLU,MBL,MAEU953250419,HLCU900891611,CAIU1479687,40GP,DRY,HC,FCL,CFS/CFS,Expeditors,10476.11
07019000,6003202602000001363705,070190,7,"Vegetables; potatoes (other than seed), fresh or chilled",MARKS4428,Australia,India,India,5,2026,2,2026-02,2026-02-25,20260227,20260227,export,1,138496072.64,1286.14,kg,KG,ADM TRADING AUSTRALIA PTY LTD,[in full dataset],Adelaide,,www.admgrain.com.au,[in full dataset],Y,WHOLESALE OF POTATO AND ONIONS ETC,[in full dataset],Howrah,,,,Y,ADM TRADING AUSTRALIA PTY LTD,[in full dataset],,20851.1,20851.1,Sydney,Visakhapatnam,Howrah,1,1,26.06,CMA CGM JULES VERNE,IMO4806746,PA,V377,867,HLCU,SWB,CMDU724656363,HLCU160692169,GESU7370031,40GP,DRY,HC,FCL,CY/CY,DSV,1204.33
68029300,6003202204000003041047,680293,6,"Granite; articles thereof, (other than simply cut or sawn, with a flat or even surface)",MARKS9641,China,India,India,5,2022,4,2022-04,2022-04-13,20220428,20220428,export,1,42580277,27237.93,kg,KG,"Erdos Huayan Investment Group Co., Ltd.",[in full dataset],Ordos,,,,Y,ZEN INDUSTRIAL SERVICES,[in full dataset],Faridabad,,,,Y,"Erdos Huayan Investment Group Co., Ltd.",[in full dataset],,2066.1,2066.1,Guangzhou,Visakhapatnam,Faridabad,1,1,2.58,EVER GIVEN,IMO2645621,MH,V131,778,EGLV,HBL,MSCU349520115,MSCU464307445,TCLU1306076,45HC,FLAT RACK,GP,FCL,CY/CY,DB Schenker,25921.52
,6003202312000003327965,690722,5,"Ceramic tiles; flags and paving, hearth or wall tiles other than those of subheadings 6907.30 and 6907.40, of a water absorption coefficient by weight over 0.5% but not over 10%",MARKS3476,China,India,India,7,2023,12,2023-12,2023-12-11,20231209,20231209,export,1,73041148,917.33,kg,KG,"Liling Xiangyun Ceramic Industry Co., Ltd.",[in full dataset],Zhuzhou,,,,Y,CHERUPUZHA BRICKS AND METALS PRIVATE LIMITED,[in full dataset],Malappuram,,,,Y,"Liling Xiangyun Ceramic Industry Co., Ltd.",[in full dataset],,13295.8,13295.8,Tianjin,Kolkata,Malappuram,1,1,16.62,OOCL HONG KONG,IMO7631890,MH,V398,201,ZIMU,MBL,HLCU400519404,HLCU540530364,TGHU8691361,45HC,FLAT RACK,RF,LCL,CY/CY,DB Schenker,848.41
69032010,6003202305000003145432,690320,6,"Refractory ceramic goods; containing by weight more than 50% of alumina or of a mixture or compound of alumina and of silica, excluding those of siliceous fossil meals or similar earths",MARKS1606,China,India,India,5,2023,5,2023-05,2023-05-12,20230528,20230528,export,1,60571265,6895.02,kg,KG,"Guangdong Guanxing Ceramic Enterprises Co., Ltd.",[in full dataset],Qingyuan,,www.gdgxw.com,[in full dataset],Y,IMERYS CERAMICS (INDIA) PRIVATE LIMITED,[in full dataset],Hyderabad,,www.imerys-ceramics.com,[in full dataset],Y,"Guangdong Guanxing Ceramic Enterprises Co., Ltd.",[in full dataset],,22272.6,22272.6,Guangzhou,Kolkata,Hyderabad,1,1,27.84,APL MEXICO CITY,IMO8219483,MH,V955,628,HLCU,SWB,YMLU983441407,ONEY419904858,BMOU9529121,40HC,OPEN TOP,HC,FCL,CY/CFS,DSV,6410.56
69032090,6003202305000003144817,690320,6,"Refractory ceramic goods; containing by weight more than 50% of alumina or of a mixture or compound of alumina and of silica, excluding those of siliceous fossil meals or similar earths",MARKS1081,China,India,India,6,2023,5,2023-05,2023-05-18,20230501,20230501,export,1,60571265,4107.64,kg,KG,"Qingyuan Jianyi Ceramics Co., Ltd.",[in full dataset],Qingyuan,,,,Y,LUSTRE TILES LIMITED,[in full dataset],Alwar,,,,Y,"Qingyuan Jianyi Ceramics Co., Ltd.",[in full dataset],,23499.9,23499.9,Guangzhou,Kolkata,Alwar,1,1,29.37,HYUNDAI LOYALTY,IMO7646213,MH,V115,734,ONEY,HBL,COSU171111512,MAEU147387206,TGHU7606450,40GP,REEFER,HC,FCL,CY/CY,Nippon Express,3771.05
,6003202210000003202427,681512,9,Stone or other mineral substances not elsewhere specified or included; fabrics of carbon fibres for non-electrical uses,MARKS8881,China,India,India,9,2022,10,2022-10,2022-10-24,20221001,20221001,export,1,47569400,2025.79,kg,KG,"Shaanxi Tailing Building Materials Co., Ltd.",[in full dataset],Tongchuan,,www.sxtlsj.com,[in full dataset],Y,RS INTERNATIONAL,[in full dataset],Gurugram,,,,Y,"Shaanxi Tailing Building Materials Co., Ltd.",[in full dataset],,9970.9,9970.9,Dalian,Chennai,Gurugram,1,1,12.46,MSC OSCAR,IMO7620424,MH,V736,114,EGLV,SWB,EGLV625141106,ONEY478287911,TGHU1919855,40GP,TANK,HC,FCL,CFS/CFS,Sinotrans,1873.63
,6003202312000003329601,690723,6,"Ceramic tiles; flags and paving, hearth or wall tiles other than those of subheadings 6907.30 and 6907.40, of a water absorption coefficient by weight over 10%",MARKS9961,China,India,India,5,2023,12,2023-12,2023-12-18,20231214,20231214,export,1,73041148,9662.87,kg,KG,"Hunan Meicheng New Materials Technology Co., Ltd",[in full dataset],Loudi,,,,Y,CHAMPION CERAMICS PRIVATE LIMITED,[in full dataset],Janjgir-Champa,,www.championceramics.com,[in full dataset],Y,"Hunan Meicheng New Materials Technology Co., Ltd",[in full dataset],,17298.8,17298.8,Dalian,Cochin,Janjgir-Champa,1,1,21.62,CMA CGM JULES VERNE,IMO8878802,SG,V493,631,ZIMU,MBL,COSU269439751,MAEU167155034,BMOU4992040,40HC,OPEN TOP,GP,LCL,CY/CFS,Expeditors,8789.97
69032010,6003202312000003328956,690320,6,"Refractory ceramic goods; containing by weight more than 50% of alumina or of a mixture or compound of alumina and of silica, excluding those of siliceous fossil meals or similar earths",MARKS6992,China,India,India,6,2023,12,2023-12,2023-12-02,20231219,20231219,export,1,73041148,10679.93,kg,KG,"Zhejiang Xiehe Ceramics Co., Ltd.",[in full dataset],Hangzhou,,www.zjxh.com,[in full dataset],Y,ORIENT BELL LIMITED,[in full dataset],New Delhi,,www.orientbell.com,[in full dataset],Y,"Zhejiang Xiehe Ceramics Co., Ltd.",[in full dataset],,5000.3,5000.3,Tianjin,Kolkata,New Delhi,1,1,6.25,BARZAN,IMO1908475,LR,V421,97,YMLU,SWB,HLCU606150984,CMDU844063523,TGHU2056017,40HC,DRY,GP,FCL,CY/CY,Yusen Logistics,9636.34
69091200,6003202312000001098431,690912,6,"Ceramic wares; for laboratory, chemical or other technical uses, articles having a hardness equivalent to 9 or more on the Mohs scale",MARKS3778,Germany,India,India,9,2023,12,2023-12,2023-12-21,20231228,20231228,export,1,8457256.94,5097.53,kg,KG,STEREON Ceramics Auma GmbH,[in full dataset],Auma-Weidatal,,www.qsil-ceramics.com,[in full dataset],Y,SHARADAA CERAMICS PRIVATE LIMITED,[in full dataset],Chennai,,www.sharadaceramics.com,[in full dataset],Y,STEREON Ceramics Auma GmbH,[in full dataset],,20413.8,20413.8,Hamburg,Tuticorin,Chennai,1,1,25.52,EVER GIVEN,IMO8111884,MH,V851,897,COSU,MBL,EGLV733872922,HLCU984243090,MSCU7511793,20GP,FLAT RACK,RF,FCL,CFS/CFS,DB Schenker,4794.6
40101910,6003201912000005879275,401019,9,"Rubber; vulcanised, conveyor belts or belting, (reinforced with other than metal only or textile materials only)",MARKS7549,Thailand,India,India,5,2019,12,2019-12,2019-12-26,20191212,20191212,export,1,25281195.42,3138.89,kg,KG,THAI SINANANT RUBBER FACTORY (2516) COMPANY LIMITED,[in full dataset],PHRA PRADAENG,,www.mitsubabelts.com,[in full dataset],N,MRF LIMITED,[in full dataset],Chennai,,www.mrftyres.com,[in full dataset],N,THAI SINANANT RUBBER FACTORY (2516) COMPANY LIMITED,[in full dataset],,15884.4,15884.4,Laem Chabang,Kandla,Chennai,1,1,19.86,MADRID MAERSK,IMO5994922,SG,V194,326,MAEU,SWB,YMLU603144820,ONEY908616136,FCIU5446336,40GP,REEFER,GP,FCL,CY/CY,Expeditors,2903.86
,6003202602000001370302,070953,5,"Vegetables; mushrooms of the genus Cantharellus, fresh or chilled",MARKS6119,Australia,India,India,7,2026,2,2026-02,2026-02-15,20260212,20260212,export,1,138496072.64,20826.65,kg,KG,ADM TRADING AUSTRALIA PTY LTD,[in full dataset],Adelaide,,www.admgrain.com.au,[in full dataset],Y,AJANTA SOYA LIMITED,[in full dataset],New Delhi,,www.ajantasoya.com,[in full dataset],Y,ADM TRADING AUSTRALIA PTY LTD,[in full dataset],,24671.3,24671.3,Brisbane,Chennai,New Delhi,1,1,30.84,MSC GULSUN,IMO5110015,PA,V312,772,MAEU,HBL,ONEY613865371,EGLV755791234,TGHU2833117,40GP,DRY,RF,FCL,CFS/CFS,Nippon Express,18386.18
08022100,6003201609000011042926,080221,5,"Nuts, edible; hazelnuts or filberts (corylus spp.), fresh or dried, in shell",MARKS4163,United States,India,India,9,2016,9,2016-09,2016-09-08,20160925,20160925,export,1,102668115,522.03,kg,KG,"John B. Sanfilippo & Son, Inc.",[in full dataset],Elgin,,www.jbssinc.com,[in full dataset],Y,DIAMOND NUTS,[in full dataset],Kollam,,www.bsnl.in,[in full dataset],Y,"John B. Sanfilippo & Son, Inc.",[in full dataset],,6931.3,6931.3,"Savannah, GA","Mundra, Gujarat",Kollam,1,1,8.66,BARZAN,IMO5648947,MH,V860,166,MAEU,MBL,EGLV692160378,CMDU960032771,CAIU4188025,40HC,FLAT RACK,GP,LCL,CFS/CFS,DHL Global Forwarding,489.44
09093119,6003202010000001604673,090931,8,"Spices; cumin seeds, neither crushed nor ground",MARKS2053,Indonesia,India,India,7,2020,10,2020-10,2020-10-16,20201026,20201026,export,1,15964325.41,15493.81,kg,KG,PT JCO DONUT & COFFEE,[in full dataset],Kota Administrasi Jakarta Utara,,www.jcodonuts.com,[in full dataset],Y,SRI NARASUS COFFEE COMPANY PRIVATE LIMITED,[in full dataset],Salem,,www.narasuscoffee.in,[in full dataset],Y,PT JCO DONUT & COFFEE,[in full dataset],,8372.8,8372.8,"Tanjung Priok, Jakarta","Nhava Sheva (JNPT), Mumbai",Salem,1,1,10.47,MADRID MAERSK,IMO5332902,SG,V280,450,YMLU,HBL,ONEY459617131,CMDU468774866,MSCU1165264,40HC,DRY,HC,FCL,CFS/CFS,Expeditors,13713.55
52062100,6003202509000001897888,520621,9,"Cotton yarn; (not sewing thread), single, of combed fibres, less than 85% by weight of cotton, measuring 714.29 decitex or more, (not exceeding 14 metric number), not for retail sale",MARKS6392,Australia,India,India,9,2025,9,2025-09,2025-09-10,20250926,20250926,export,1,60682112.87,12575.85,kg,KG,COTTON ON CLOTHING PTY. LTD.,[in full dataset],North Geelong,,www.cottonongroup.com.au,[in full dataset],N,THE RAMARAJU SURGICAL COTTON MILLS LIMITED,[in full dataset],Rajapalayam,,www.ramarajusurgical.com,[in full dataset],Y,COTTON ON CLOTHING PTY. LTD.,[in full dataset],,8829.1,8829.1,Melbourne,Tuticorin,Rajapalayam,1,1,11.04,APL MEXICO CITY,IMO8819099,LR,V373,750,OOLU,MBL,HLCU692790463,MSCU464007083,BMOU8429929,20GP,FLAT RACK,HC,FCL,CFS/CFS,CEVA Logistics,11601.18
70080090,6003202411000005757694,700800,5,Glass; multiple-walled insulating units of glass,MARKS1105,China,India,India,8,2024,11,2024-11,2024-11-09,20241125,20241125,export,1,160400563,21095.68,kg,KG,"FUYAO GLASS INDUSTRY GROUP CO., LTD.",[in full dataset],Fuqing,,www.fuyaogroup.com,[in full dataset],Y,MAHARASHTRA SAFETY GLASS WORKS LIMITED,[in full dataset],Pune,,,,Y,"FUYAO GLASS INDUSTRY GROUP CO., LTD.",[in full dataset],,19809.4,19809.4,Tianjin,"Nhava Sheva (JNPT), Mumbai",Pune,1,1,24.76,EVER ACME,IMO3512775,LR,V266,249,CMDU,HBL,MAEU871872235,CMDU945180715,FCIU9225114,20GP,DRY,RF,LCL,CY/CY,DB Schenker,19359.51
40121910,6003201901000000166118,401219,5,"Retreaded tyres; other than of a kind used on motor cars (including station wagons and racing cars), buses and lorries and aircraft",MARKS7449,Philippines,India,India,7,2019,1,2019-01,2019-01-10,20190124,20190124,export,1,444196,3105.7,kg,KG,MGDC AUTO REPAIR SHOP CORP.,[in full dataset],Davao City,,,,N,RELIANCE INDUSTRIES LIMITED,[in full dataset],Mumbai,,www.ril.com,[in full dataset],Y,MGDC AUTO REPAIR SHOP CORP.,[in full dataset],,24220.2,24220.2,Manila North/South Harbor,Tuticorin,Mumbai,1,1,30.28,HMM ALGECIRAS,IMO2150764,LR,V190,40,EGLV,HBL,MSCU147262360,MAEU500187307,FCIU9815078,40HC,DRY,HC,LCL,CFS/CFS,Kuehne + Nagel,2754.56
52111900,6003202509000001631475,521119,5,"Fabrics, woven; containing less than 85% by weight of cotton, mixed mainly or solely with man-made fibres, unbleached, of weaves n.e.c. in item no. 5211.1, weighing more than 200g/m2",MARKS9161,United States,India,India,5,2025,9,2025-09,2025-09-19,20250905,20250905,export,1,37839961,4145.78,kg,KG,"Port of Corpus Christi Authority of Nueces County, Texas",[in full dataset],Corpus Christi,,www.portofcc.com,[in full dataset],Y,INDRA COTTON MILLS LIMITED,[in full dataset],Chennai,,,,N,"Port of Corpus Christi Authority of Nueces County, Texas",[in full dataset],,3580.1,3580.1,"New York/Newark, NJ",Cochin,Chennai,1,1,4.48,OOCL HONG KONG,IMO9247815,PA,V261,190,YMLU,MBL,COSU197352934,HLCU169729171,GESU1491251,40GP,FLAT RACK,GP,LCL,CY/CFS,Expeditors,3772.43
70191100,6003202409000005923598,701911,9,"Glass fibres; (including glass wool), chopped strands, of a length of not more than 50mm",MARKS1302,China,India,India,7,2024,9,2024-09,2024-09-03,20240902,20240902,export,1,179414730,5335.03,kg,KG,"Fujian Wanda Automobile Glass Industry Co., Ltd.",[in full dataset],Fuqing,,,,N,GOLD PLUS GLASS INDUSTRY LIMITED,[in full dataset],New Delhi,,www.goldplusgroup.com,[in full dataset],N,"Fujian Wanda Automobile Glass Industry Co., Ltd.",[in full dataset],,10732.7,10732.7,Ningbo-Zhoushan,"Nhava Sheva (JNPT), Mumbai",New Delhi,1,1,13.42,MSC GULSUN,IMO3644440,LR,V962,146,MSCU,MBL,HLCU339697657,ONEY428499047,MSCU1009698,40HC,TANK,HC,FCL,CY/CY,Expeditors,5006.96
08140000,6003201605000005219396,081400,6,"Peel; of citrus fruit or melons (including watermelons), fresh, frozen, dried or provisionally preserved in brine, in sulphur water and other preservative solutions",MARKS8929,China,India,India,6,2016,5,2016-05,2016-05-19,20160508,20160508,export,1,19384201,34260.77,kg,KG,"Telling Telecommunication Holding Co.,Ltd.",[in full dataset],Beijing,,www.chinatelling.com,[in full dataset],N,"PARAYIL EXPORTS,",[in full dataset],Kottayam,,,,Y,"Telling Telecommunication Holding Co.,Ltd.",[in full dataset],,4720,4720,Dalian,Kolkata,Kottayam,1,1,5.9,MSC GULSUN,IMO6570163,LR,V792,831,HLCU,HBL,CMDU435604328,CMDU120361637,MSCU9750409,40HC,DRY,HC,FCL,CFS/CFS,Sinotrans,31422.93
70022010,6003202409000005925805,700220,9,"Glass; unworked, in rods",MARKS9214,China,India,India,6,2024,9,2024-09,2024-09-08,20240920,20240920,export,1,179414730,9450.05,kg,KG,"Bengbu Longguang Glass Product Co., Ltd.",[in full dataset],Bengbu,,,,Y,HARYANA SHEET GLASS LIMITED,[in full dataset],New Delhi,,www.hsglindia.com,[in full dataset],Y,"Bengbu Longguang Glass Product Co., Ltd.",[in full dataset],,10252.3,10252.3,Shanghai,Cochin,New Delhi,1,1,12.82,MOL TRIUMPH,IMO5014336,SG,V759,920,APLU,SWB,YMLU479238253,ONEY188887248,GESU2026636,40GP,REEFER,GP,FCL,CY/CY,DSV,8416.19
09093200,6003202009000000040796,090932,7,"Spices; cumin seeds, crushed or ground",MARKS7103,United Kingdom,India,India,5,2020,9,2020-09,2020-09-06,20200910,20200910,export,1,140249.24,23705.33,kg,KG,COSTA EXPRESS LIMITED,[in full dataset],LONDON,,costaexpressbusiness.co.uk,[in full dataset],Y,INDIAN RAILWAY CATERING AND TOURISM CORPORATION LIMITED,[in full dataset],New Delhi,,www.irctc.com/,[in full dataset],Y,COSTA EXPRESS LIMITED,[in full dataset],,994.5,994.5,London Gateway,"Mundra, Gujarat",New Delhi,1,1,1.24,MAERSK MOLLER,IMO5825429,PA,V130,750,OOLU,SWB,EGLV196102082,EGLV290879651,BMOU3031190,45HC,TANK,HC,FCL,CFS/CFS,Kuehne + Nagel,22233.8
48191090,6003201802000002393086,481910,5,"Paper and paperboard; cartons, boxes and cases, of corrugated paper or paperboard",MARKS9078,Germany,India,India,9,2018,2,2018-02,2018-02-13,20180227,20180227,export,1,9037925.29,2116.3,kg,KG,Georg von Holtzbrinck GmbH & Co.KG,[in full dataset],Stuttgart,,www.holtzbrinck.com,[in full dataset],Y,J P TOBACCO PRODUCTS PRIVATE LIMITED,[in full dataset],Damoh,,,,Y,Georg von Holtzbrinck GmbH & Co.KG,[in full dataset],,23851.4,23851.4,Hamburg,Chennai,Damoh,1,1,29.81,BARZAN,IMO6164583,PA,V852,517,MSCU,SWB,COSU602936651,YMLU528702752,BMOU3244345,40HC,DRY,GP,FCL,CY/CY,DSV,1924.13
,6003201707000003785738,441875,8,"Wood; assembled flooring panels, not of bamboo or with at least the top layer (wear layer) of bamboo, multilayer",MARKS8163,Indonesia,India,India,9,2017,7,2017-07,2017-07-14,20170712,20170712,export,1,11227949.1,1793.71,kg,KG,PT DAYA SAKTI UNGGUL CORPORATION TBK,[in full dataset],Kota Administrasi Jakarta Pusat,,www.dsuc.co.id,[in full dataset],N,99 BOTTLES & CASKS PRIVATE LIMITED,[in full dataset],Mumbai,,,,N,PT DAYA SAKTI UNGGUL CORPORATION TBK,[in full dataset],,5976.4,5976.4,"Tanjung Perak, Surabaya",Visakhapatnam,Mumbai,1,1,7.47,MOL TRIUMPH,IMO6138154,PA,V524,805,EGLV,HBL,COSU828751865,MSCU321085984,TCLU4763841,40GP,DRY,GP,FCL,CY/CFS,Yusen Logistics,1662.57
15211019,6003201503000004404436,152110,6,Vegetable waxes (other than triglycerides); whether or not refined or coloured,MARKS7421,Malaysia,India,India,5,2015,3,2015-03,2015-03-01,20150306,20150306,export,1,242261037.63,382.64,kg,KG,EVERBEST SOYA BEAN PRODUCTS SDN. BHD.,[in full dataset],Simpang Ampat,,www.everbest.my,[in full dataset],Y,HINDUSTAN VEGETABLE OILS CORPORATION LIMITED,[in full dataset],North 24 Parganas,,,,Y,EVERBEST SOYA BEAN PRODUCTS SDN. BHD.,[in full dataset],,10695.2,10695.2,Penang,"Mundra, Gujarat",North 24 Parganas,1,1,13.37,HYUNDAI LOYALTY,IMO4831911,MH,V154,282,MSCU,MBL,CMDU342563603,EGLV957557349,BMOU2112695,40GP,OPEN TOP,HC,FCL,CY/CY,Bollore Logistics,339.62
44072500,6003201711000007334054,440725,6,"Wood, tropical; dark red meranti, light red meranti and meranti bakau, sawn or chipped lengthwise, sliced or peeled, whether or not planed, sanded or finger-jointed, thicker than 6mm",MARKS2573,Malaysia,India,India,6,2017,11,2017-11,2017-11-12,20171115,20171115,export,1,31537754.49,25465.02,kg,KG,JAYA TIASA PLYWOOD SDN. BHD.,[in full dataset],Sibu,,www.jayatiasa.net,[in full dataset],Y,B.G. PLYWOOD INDUSTRIES PRIVATE LIMITED,[in full dataset],Chennai,,,,N,JAYA TIASA PLYWOOD SDN. BHD.,[in full dataset],,6393.7,6393.7,Tanjung Pelepas,Chennai,Chennai,1,1,7.99,YM WARRANTY,IMO9296302,MH,V835,468,MAEU,MBL,MAEU783029885,MSCU725212121,FCIU7829864,20GP,FLAT RACK,HC,LCL,CY/CFS,Sinotrans,22232.86
48051900,6003201810000005182138,480519,7,"Paper and paperboard; uncoated, fluting paper other than semi-chemical or straw, rolls or sheets",MARKS9994,Canada,India,India,7,2018,10,2018-10,2018-10-26,20181018,20181018,export,1,30007229.69,28702.24,kg,KG,West Fraser Timber Co. Ltd,[in full dataset],Vancouver,,www.westfraser.com,[in full dataset],Y,PUDUMJEE PAPER PRODUCTS LIMITED,[in full dataset],Mumbai,,www.pudumjee.com,[in full dataset],Y,West Fraser Timber Co. Ltd,[in full dataset],,9451.1,9451.1,"Prince Rupert, BC",Kolkata,Mumbai,1,1,11.81,APL MEXICO CITY,IMO3785829,LR,V890,821,ONEY,MBL,MAEU956232738,MSCU977921570,MSCU4237752,40GP,DRY,GP,FCL,CY/CY,Sinotrans,25193.65
44123990,6003201708000000205547,441239,7,"Plywood; consisting only of sheets of wood (not bamboo), each ply 6mm or thinner, with both outer plies of coniferous wood",MARKS8893,Czech Republic,India,India,5,2017,8,2017-08,2017-08-08,20170811,20170811,export,1,338125,515.03,kg,KG,GXO Logistics Czech s.r.o.,[in full dataset],Bor,,,,Y,SILVASSA WOODEN DRUMS,[in full dataset],Silvassa,,,,Y,GXO Logistics Czech s.r.o.,[in full dataset],,14343.4,14343.4,Main Container Port,Tuticorin,Silvassa,1,1,17.93,APL MEXICO CITY,IMO1581571,SG,V505,593,ONEY,SWB,YMLU333636217,ONEY465308470,FCIU3854032,45HC,TANK,GP,FCL,CY/CY,DSV,458.19
70131000,6003202404000005522749,701310,8,"Glassware; of a kind used for table, kitchen, toilet, office, indoor decoration or similar purposes (other than of heading no. 7010 or 7018), of glass-ceramics",MARKS9793,China,India,India,7,2024,4,2024-04,2024-04-03,20240420,20240420,export,1,141170363,1370.01,kg,KG,"Sichuan Nanbo Energy Saving Glass Co.,ltd.",[in full dataset],Chengdu,,,,Y,HINDUSTAN NATIONAL GLASS COMPANY LIMITED,[in full dataset],Nashik,,,,Y,"Sichuan Nanbo Energy Saving Glass Co.,ltd.",[in full dataset],,21233.8,21233.8,Yingkou,"Nhava Sheva (JNPT), Mumbai",Nashik,1,1,26.54,EVER GIVEN,IMO6963476,SG,V409,388,OOLU,MBL,MSCU938804453,MAEU529402760,GESU3795050,40HC,TANK,RF,LCL,CY/CFS,DHL Global Forwarding,1303.93
40024900,6003201904000006561345,400249,9,"Rubber; synthetic, chloroprene (chlorobutadiene) rubber (CR), (other than latex), in primary forms or in plates, sheets or strip",MARKS2159,Indonesia,India,India,8,2019,4,2019-04,2019-04-27,20190422,20190422,export,1,30969792.41,11905.47,kg,KG,PT CHANDRA ASRI PACIFIC TBK,[in full dataset],Kota Administrasi Jakarta Barat,,www.chandra-asri.com,[in full dataset],N,RELIANCE INDUSTRIES LIMITED,[in full dataset],Mumbai,,www.ril.com,[in full dataset],Y,PT CHANDRA ASRI PACIFIC TBK,[in full dataset],,885.5,885.5,Makassar,Kolkata,Mumbai,1,1,1.11,YM WARRANTY,IMO4325756,LR,V198,289,EGLV,SWB,MAEU607775657,YMLU376217362,TGHU1772375,40GP,TANK,HC,FCL,CY/CY,CEVA Logistics,10540.51
69010090,6003202310000002875701,690100,8,"Bricks, blocks, tiles and other ceramic goods of siliceous fossil meals (e.g. kieselguhr, tripolite or diatomite) or of similar siliceous earths",MARKS9279,China,India,India,9,2023,10,2023-10,2023-10-18,20231009,20231009,export,1,50302335,16650.19,kg,KG,"Financial Street Property Co., Limited",[in full dataset],Beijing,,www.jrjlife.com,[in full dataset],N,SPECIAL CERAMICS PRIVATE LIMITED,[in full dataset],New Delhi,,www.specialceramics.in,[in full dataset],Y,"Financial Street Property Co., Limited",[in full dataset],,20515.5,20515.5,Tianjin,"Mundra, Gujarat",New Delhi,1,1,25.64,ONE APUS,IMO2771200,SG,V359,683,COSU,SWB,HLCU378268732,ONEY496378705,BMOU5236017,45HC,TANK,HC,FCL,CFS/CFS,Expeditors,15766.83
,6003202302000002219228,690730,8,"Mosaic cubes and the like, other than those of subheading 6907.40",MARKS7853,China,India,India,5,2023,2,2023-02,2023-02-04,20230228,20230228,export,1,28843108,16215.33,kg,KG,"Chaozhou Three-Circle(Group) Co.,Ltd",[in full dataset],Chaozhou,,www.cctc.cc,[in full dataset],Y,MILIND BRICKS UDYOG,[in full dataset],Bhandara,,,,Y,"Chaozhou Three-Circle(Group) Co.,Ltd",[in full dataset],,9163.6,9163.6,Qingdao,Kolkata,Bhandara,1,1,11.45,MADRID MAERSK,IMO1296392,MH,V907,237,CMDU,HBL,COSU209355093,EGLV324165032,BMOU3698492,40GP,DRY,GP,LCL,CFS/CFS,DSV,14392.54
07061000,6003202601000001281056,070610,9,"Vegetables, root; carrots and turnips, fresh or chilled",MARKS7886,Australia,India,India,9,2026,1,2026-01,2026-01-05,20260119,20260119,export,1,106461162.68,21076.29,kg,KG,ADM TRADING AUSTRALIA PTY LTD,[in full dataset],Adelaide,,www.admgrain.com.au,[in full dataset],Y,AJANTA SOYA LIMITED,[in full dataset],New Delhi,,www.ajantasoya.com,[in full dataset],Y,ADM TRADING AUSTRALIA PTY LTD,[in full dataset],,4068.4,4068.4,Melbourne,Kolkata,New Delhi,1,1,5.09,EVER ACME,IMO4652172,SG,V318,631,APLU,MBL,COSU480809149,YMLU744173220,MSCU2661776,20GP,FLAT RACK,RF,FCL,CFS/CFS,CEVA Logistics,19772.45
09011200,6003202001000001371909,090112,7,"Coffee; decaffeinated, not roasted",MARKS6860,Indonesia,India,India,9,2020,1,2020-01,2020-01-07,20200124,20200124,export,1,11075862.44,5466.75,kg,KG,CV DUA BURUNG,[in full dataset],Kota Tegal,,,,Y,MCLEOD RUSSEL INDIA LIMITED,[in full dataset],Kolkata,,www.mcleodrussel.com,[in full dataset],N,CV DUA BURUNG,[in full dataset],,11442.3,11442.3,Belawan,Tuticorin,Kolkata,1,1,14.3,COSCO UNIVERSE,IMO4982320,PA,V394,814,ZIMU,MBL,MSCU120917299,YMLU385462909,MSCU4850084,45HC,REEFER,RF,LCL,CY/CY,Bollore Logistics,5197.87
70099200,6003202408000006016668,700992,8,"Glass mirrors; framed, excluding rear-view mirrors for vehicles",MARKS1732,China,India,India,6,2024,8,2024-08,2024-08-12,20240819,20240819,export,1,190766152,16943.23,kg,KG,"Guangzhou Fuyao Glass Co., Ltd.",[in full dataset],Guangzhou,,,,Y,HINDUSTHAN NATIONAL GLASS & INDUSTRIES LIMITED,[in full dataset],Kolkata,,www.hngil.com,[in full dataset],N,"Guangzhou Fuyao Glass Co., Ltd.",[in full dataset],,7231.6,7231.6,Guangzhou,"Mundra, Gujarat",Kolkata,1,1,9.04,MSC OSCAR,IMO4739638,PA,V616,621,ONEY,SWB,EGLV412883050,YMLU972979170,TCLU1601475,20GP,FLAT RACK,HC,FCL,CFS/CFS,CEVA Logistics,15259.41
25221000,6003202104000004455257,252210,7,Quicklime; excluding calcium oxide and hydroxide of heading no. 2825,MARKS5222,Turkiye,India,India,7,2021,4,2021-04,2021-04-10,20210404,20210404,export,1,9868483,12925.25,kg,KG,SIRMERSAN MERMER SANAYI ANONIM SIRKETI,[in full dataset],Denizli,,www.sirmersan.com,[in full dataset],Y,ULTRATECH CEMENT LIMITED,[in full dataset],Mumbai,,www.ultratechcement.com,[in full dataset],Y,SIRMERSAN MERMER SANAYI ANONIM SIRKETI,[in full dataset],,24478.4,24478.4,Main Container Port,Visakhapatnam,Mumbai,1,1,30.6,MSC OSCAR,IMO5062929,PA,V691,380,MSCU,SWB,YMLU766600104,COSU320142646,GESU1856829,40GP,TANK,RF,FCL,CFS/CFS,Nippon Express,11277.96
25171010,6003202102000001221589,251710,5,"Pebbles, gravel, broken or crushed stone; of a kind commonly used for concrete aggregates, for road metalling or for railway or other ballast, shingle and flint, whether or not heat-treated",MARKS4679,Spain,India,India,9,2021,2,2021-02,2021-02-10,20210202,20210202,export,1,1777857.01,3549.89,kg,KG,PLADUR GYPSUM SAU.,[in full dataset],VALDEMORO,,www.pladur.com,[in full dataset],N,AMBUJA CEMENTS LIMITED,[in full dataset],Mumbai,,www.ambujacement.com,[in full dataset],N,PLADUR GYPSUM SAU.,[in full dataset],,6571.6,6571.6,Algeciras,Kolkata,Mumbai,1,1,8.21,EVER GIVEN,IMO5616518,PA,V581,26,HLCU,SWB,COSU829794683,YMLU574398610,BMOU5086042,40HC,FLAT RACK,GP,FCL,CY/CFS,Sinotrans,3338.02
07031020,6003202601000001275916,070310,8,"Vegetables, alliaceous; onions and shallots, fresh or chilled",MARKS8010,Australia,India,India,5,2026,1,2026-01,2026-01-11,20260121,20260121,export,1,106461162.68,6661.36,kg,KG,ADM TRADING AUSTRALIA PTY LTD,[in full dataset],Adelaide,,www.admgrain.com.au,[in full dataset],Y,POONA DAL AND OIL INDUSTRIES LIMITED,[in full dataset],Pune,,www.pdoil.co.in,[in full dataset],N,ADM TRADING AUSTRALIA PTY LTD,[in full dataset],,9174.6,9174.6,Brisbane,Kandla,Pune,1,1,11.47,MADRID MAERSK,IMO1752162,PA,V555,923,YMLU,SWB,HLCU782669298,MSCU470943251,CAIU8053428,40GP,DRY,RF,LCL,CY/CFS,CEVA Logistics,6164.01
25132010,6003202103000004676166,251320,5,"Emery, natural corundum, natural garnet and other natural abrasives, whether or not heat-treated",MARKS8421,Turkiye,India,India,9,2021,3,2021-03,2021-03-10,20210307,20210307,export,1,10995809,2425.32,kg,KG,QUA GRANITE HAYAL YAPI VE URUNLERI SANAYI TICARET ANONIM SIRKETI,[in full dataset],Aydin,,www.qua.com.tr,[in full dataset],Y,ULTRATECH CEMENT LIMITED,[in full dataset],Mumbai,,www.ultratechcement.com,[in full dataset],Y,QUA GRANITE HAYAL YAPI VE URUNLERI SANAYI TICARET ANONIM SIRKETI,[in full dataset],,18361.7,18361.7,Main Container Port,Kolkata,Mumbai,1,1,22.95,MSC GULSUN,IMO1104935,PA,V593,605,OOLU,MBL,MAEU251381372,CMDU994522407,FCIU8039472,20GP,OPEN TOP,RF,LCL,CY/CFS,CEVA Logistics,2145.79
52114200,6003202509000001899395,521142,7,"Fabrics, woven; containing less than 85% by weight of cotton, mixed mainly or solely with man-made fibres, weighing more than 200g/m2, of yarns of different colours, denim",MARKS4095,Australia,India,India,8,2025,9,2025-09,2025-09-21,20250915,20250915,export,1,60682112.87,8826.06,kg,KG,COTTON ON FINANCE PTY LTD,[in full dataset],NORTH GEELONG,,www.cottonon.com.au,[in full dataset],Y,COTTON WORLD,[in full dataset],Bengaluru,,www.cottonworld.co.in,[in full dataset],Y,COTTON ON FINANCE PTY LTD,[in full dataset],,15683.6,15683.6,Melbourne,Tuticorin,Bengaluru,1,1,19.6,EVER GIVEN,IMO8518437,SG,V123,749,YMLU,MBL,CMDU959330007,COSU858247862,FCIU7508346,40HC,OPEN TOP,RF,FCL,CY/CFS,Nippon Express,7870.58
07081000,6003202602000001367932,070810,6,"Vegetables, leguminous; peas (pisum sativum), shelled or unshelled, fresh or chilled",MARKS3272,Australia,India,India,7,2026,2,2026-02,2026-02-04,20260203,20260203,export,1,138496072.64,2820.75,kg,KG,ADM TRADING AUSTRALIA PTY LTD,[in full dataset],Adelaide,,www.admgrain.com.au,[in full dataset],Y,AJANTA SOYA LIMITED,[in full dataset],New Delhi,,www.ajantasoya.com,[in full dataset],Y,ADM TRADING AUSTRALIA PTY LTD,[in full dataset],,2436.4,2436.4,Fremantle,Cochin,New Delhi,1,1,3.05,APL MEXICO CITY,IMO7761956,LR,V853,601,HMMU,MBL,MSCU960929813,HLCU332929331,MSCU9727245,40HC,REEFER,HC,FCL,CFS/CFS,Nippon Express,2623.41
07101000,6003202602000001084898,071010,8,"Vegetables; potatoes, uncooked or cooked by steaming or boiling in water, frozen",MARKS8331,Canada,India,India,8,2026,2,2026-02,2026-02-02,20260227,20260227,export,1,57120881.8,3438.95,kg,KG,Prairieview Seed Potatoes Ltd,[in full dataset],Vauxhall,,,,Y,PBS OIL INDUSTRIES PRIVATE LIMITED,[in full dataset],Dhamtari,,www.pbsoil.com,[in full dataset],Y,Prairieview Seed Potatoes Ltd,[in full dataset],,3507.7,3507.7,"Montreal, QC",Kandla,Dhamtari,1,1,4.38,CSCL GLOBE,IMO8264800,LR,V960,341,EGLV,SWB,MAEU604122530,HLCU895050088,CAIU1111621,20GP,OPEN TOP,RF,FCL,CY/CY,Kuehne + Nagel,3164.51
08043000,6003201609000011042257,080430,8,"Fruit, edible; pineapples, fresh or dried",MARKS8220,United States,India,India,5,2016,9,2016-09,2016-09-15,20160915,20160915,export,1,102668115,61925.75,kg,KG,"Conagra Brands, Inc.",[in full dataset],Chicago,,www.conagrabrands.com,[in full dataset],Y,UMA EXPORTS LIMITED,[in full dataset],Kolkata,,www.umaexports.net,[in full dataset],Y,"Conagra Brands, Inc.",[in full dataset],,9621.8,9621.8,"Seattle, WA","Mundra, Gujarat",Kolkata,1,1,12.03,COSCO UNIVERSE,IMO5982462,PA,V407,863,OOLU,MBL,COSU110122717,ONEY209994920,MSCU7244380,40GP,TANK,RF,FCL,CY/CY,Yusen Logistics,58540.37
70119010,6003202410000005801559,701190,9,"Glass envelopes (including bulbs and tubes); open, and glass parts thereof, without fittings, other than for electric lighting and cathode-ray tubes",MARKS3664,China,India,India,8,2024,10,2024-10,2024-10-20,20241020,20241020,export,1,164928183,5252.69,kg,KG,LiangZhu Laboratory,[in full dataset],Hangzhou,,,,Y,ASAHI INDIA GLASS LIMITED,[in full dataset],New Delhi,,www.aisglass.com,[in full dataset],Y,LiangZhu Laboratory,[in full dataset],,5689.1,5689.1,Xiamen,Kolkata,New Delhi,1,1,7.11,YM WARRANTY,IMO2669452,LR,V678,275,HMMU,HBL,MSCU658243823,MSCU104475992,MSCU3825019,45HC,DRY,HC,LCL,CFS/CFS,Expeditors,4813.61
,6003201703000002840564,440796,9,"Wood; of birch (Betula spp.), sawn or chipped lengthwise, sliced or peeled, of a thickness exceeding 6mm, whether or not planed, sanded or finger-jointed",MARKS3449,Germany,India,India,5,2017,3,2017-03,2017-03-01,20170325,20170325,export,1,7543315.09,2647.94,kg,KG,MAX-Holz Systemtechnik GmbH,[in full dataset],Marienwerder,,www.max-holzbau.com,[in full dataset],Y,SHIV SHAKTI ENTERPRISES,[in full dataset],Udham Singh Nagar,,,,Y,MAX-Holz Systemtechnik GmbH,[in full dataset],,1685.5,1685.5,Hamburg,"Mundra, Gujarat",Udham Singh Nagar,1,1,2.11,MSC OSCAR,IMO7273790,SG,V433,763,YMLU,SWB,MSCU919263594,COSU961384997,BMOU5985951,45HC,FLAT RACK,RF,FCL,CY/CFS,Nippon Express,2344.77
68030000,6003202206000000912831,680300,8,"Slate, worked; and articles of slate or of agglomerated slate",MARKS5377,Germany,India,India,8,2022,6,2022-06,2022-06-09,20220616,20220616,export,1,4296054.24,777.71,kg,KG,BREMER SE,[in full dataset],Paderborn,,www.bremerbau.de,[in full dataset],N,ACC LIMITED,[in full dataset],Ahmedabad,,www.acclimited.com,[in full dataset],Y,BREMER SE,[in full dataset],,24704.8,24704.8,Wilhelmshaven,"Mundra, Gujarat",Ahmedabad,1,1,30.88,MSC OSCAR,IMO7356825,LR,V732,284,APLU,MBL,EGLV393852103,YMLU768613162,TGHU9781218,45HC,OPEN TOP,GP,FCL,CFS/CFS,Kuehne + Nagel,714.17
15029010,6003201504000003030311,150290,6,"Fats of bovine animals, sheep or goats; excluding tallow, and other than those of heading 1503",MARKS8084,Malaysia,India,India,8,2015,4,2015-04,2015-04-12,20150427,20150427,export,1,65517528.61,8233.53,kg,KG,PACIFIC OILS & FATS INDUSTRIES SDN. BHD.,[in full dataset],Kulai,,www.pacificofats.com,[in full dataset],Y,AVINASH OILS & FATS LIMITED,[in full dataset],Kolkata,,,,N,PACIFIC OILS & FATS INDUSTRIES SDN. BHD.,[in full dataset],,21039.4,21039.4,Port Klang,Visakhapatnam,Kolkata,1,1,26.3,YM WARRANTY,IMO9709178,MH,V658,903,HLCU,HBL,MAEU225003956,HLCU875312825,BMOU3697510,40GP,FLAT RACK,RF,LCL,CY/CFS,Bollore Logistics,7557.02
52052620,6003202507000001597178,520526,6,"Cotton yarn; (not sewing thread), single, of combed fibres, 85% or more by weight of cotton, less than 125 but not less than 106.38 decitex (over 80 but not over 94 metric number), not for retail sale",MARKS8607,United States,India,India,6,2025,7,2025-07,2025-07-04,20250715,20250715,export,1,36090882,26336.91,kg,KG,COFCO Americas Resources Corp.,[in full dataset],Stamford,,www.cofcoagriamericasresources.com,[in full dataset],Y,THE RAJLAKSHMI COTTON MILLS PRIVATE LIMITED,[in full dataset],Kolkata,,www.rcm-organic.com,[in full dataset],N,COFCO Americas Resources Corp.,[in full dataset],,2032.2,2032.2,"Charleston, SC","Mundra, Gujarat",Kolkata,1,1,2.54,MSC GULSUN,IMO1808191,MH,V197,639,CMDU,MBL,YMLU393444799,MAEU712654596,CAIU6468635,40GP,REEFER,HC,LCL,CY/CFS,Bollore Logistics,24319.43
40115010,6003201903000006780967,401150,7,"Rubber; new pneumatic tyres, of a kind used on bicycles",MARKS7377,Thailand,India,India,6,2019,3,2019-03,2019-03-13,20190327,20190327,export,1,33349858.96,10294.14,kg,KG,SIN TONG THAI RUBBER COMPANY LIMITED,[in full dataset],VADHANA,,www.tongthairubber.com,[in full dataset],Y,JSW DULUX LIMITED,[in full dataset],Gurugram,,www.akzonobel.co.in,[in full dataset],N,SIN TONG THAI RUBBER COMPANY LIMITED,[in full dataset],,20482,20482,Bangkok,Chennai,Gurugram,1,1,25.6,HYUNDAI LOYALTY,IMO6730692,LR,V952,659,ONEY,HBL,MAEU895326726,HLCU270054297,CAIU7775358,45HC,TANK,HC,FCL,CY/CFS,CEVA Logistics,9511.87
68061000,6003202206000003504996,680610,5,"Slag wool, rock wool and similar mineral wools (including intermixtures thereof), in bulk, sheets or rolls",MARKS1048,China,India,India,9,2022,6,2022-06,2022-06-08,20220626,20220626,export,1,62709074,217.65,kg,KG,"Zhuhai Glory Friction Material Co., Ltd.",[in full dataset],Zhuhai,,www.zhglory.com,[in full dataset],Y,ANNU ENTERPRISES,[in full dataset],Rewari,,,,Y,"Zhuhai Glory Friction Material Co., Ltd.",[in full dataset],,24890,24890,Qingdao,Kandla,Rewari,1,1,31.11,HMM ALGECIRAS,IMO4606350,LR,V740,493,MAEU,SWB,COSU947012158,CMDU699948126,FCIU9775825,45HC,OPEN TOP,RF,LCL,CFS/CFS,Expeditors,200
25081090,6003202107000004383245,250810,8,"Clays (excluding expanded clays of heading no. 6806); bentonite, whether or not calcined",MARKS6504,Turkiye,India,India,9,2021,7,2021-07,2021-07-13,20210727,20210727,export,1,9579833,7186.85,kg,KG,LOTTE CHEMICAL TURKEY YUZEY TASARIMLARI SANAYI VE TICARET ANONIM SIRKETI,[in full dataset],Manisa,,www.belenco.com,[in full dataset],Y,JK LAKSHMI CEMENT LIMITED,[in full dataset],New Delhi,,www.jklakshmicement.com,[in full dataset],Y,LOTTE CHEMICAL TURKEY YUZEY TASARIMLARI SANAYI VE TICARET ANONIM SIRKETI,[in full dataset],,682.5,682.5,Main Container Port,Visakhapatnam,New Delhi,1,1,0.85,BARZAN,IMO7986510,LR,V388,476,COSU,MBL,CMDU864625798,MAEU464154680,CAIU8907386,40GP,REEFER,GP,LCL,CY/CFS,DHL Global Forwarding,6277.46
09021010,6003202010000001605288,090210,5,"Tea, green; (not fermented), in immediate packings of a content not exceeding 3kg",MARKS4210,Indonesia,India,India,9,2020,10,2020-10,2020-10-14,20201019,20201019,export,1,15964325.41,5386.18,kg,KG,CV DUA BURUNG,[in full dataset],Kota Tegal,,,,Y,THE GINGER DEPOT LLP,[in full dataset],Hassan,,,,N,CV DUA BURUNG,[in full dataset],,14887.4,14887.4,Makassar,Kandla,Hassan,1,1,18.61,CMA CGM JULES VERNE,IMO6880644,PA,V389,390,HLCU,MBL,COSU761709189,MAEU598212183,MSCU7749369,40GP,OPEN TOP,RF,LCL,CFS/CFS,Bollore Logistics,4772.25
40022000,6003201904000006561567,400220,6,"Rubber; synthetic, butadiene rubber (BR), in primary forms or in plates, sheets or strip",MARKS9202,Indonesia,India,India,5,2019,4,2019-04,2019-04-12,20190417,20190417,export,1,30969792.41,623.36,kg,KG,PT THE STANDARD RUBBER INDUSTRIES INDONESIA,[in full dataset],Kota Administrasi Jakarta Pusat,,,,Y,RELIANCE INDUSTRIES LIMITED,[in full dataset],Mumbai,,www.ril.com,[in full dataset],Y,PT THE STANDARD RUBBER INDUSTRIES INDONESIA,[in full dataset],,24423.8,24423.8,"Tanjung Priok, Jakarta","Nhava Sheva (JNPT), Mumbai",Mumbai,1,1,30.53,COSCO UNIVERSE,IMO1140130,PA,V961,524,CMDU,HBL,CMDU191533098,MSCU132218060,GESU4225700,40HC,TANK,RF,LCL,CFS/CFS,DHL Global Forwarding,549.91
25131000,6003202112000005483366,251310,6,"Pumice stone, whether or not heat treated",MARKS2702,Turkiye,India,India,6,2021,12,2021-12,2021-12-05,20211215,20211215,export,1,15222639,1295.02,kg,KG,MAGNESIA YAPI INSAAT SANAYI VE TICARET LIMITED SIRKETI,[in full dataset],Ankara,,www.magnesiayapi.com.tr,[in full dataset],Y,ULTRATECH CEMENT LIMITED,[in full dataset],Mumbai,,www.ultratechcement.com,[in full dataset],Y,MAGNESIA YAPI INSAAT SANAYI VE TICARET LIMITED SIRKETI,[in full dataset],,9415.9,9415.9,Main Container Port,Kolkata,Mumbai,1,1,11.77,MSC GULSUN,IMO7496826,LR,V305,444,MSCU,MBL,EGLV617456940,CMDU562829245,CAIU9042648,45HC,DRY,RF,FCL,CY/CY,CEVA Logistics,1198.91
07133500,6003202601000000900733,071335,8,"Vegetables, leguminous; cow peas (Vigna unguiculata), shelled, whether or not skinned or split, dried",MARKS7388,Canada,India,India,6,2026,1,2026-01,2026-01-08,20260103,20260103,export,1,38831121.49,17592.08,kg,KG,Small Potatoes Urban Delivery Inc,[in full dataset],Vancouver,,www.spud.ca,[in full dataset],Y,PARAYIL FOOD PRODUCTS PRIVATE LIMITED,[in full dataset],Alappuzha,,www.parayilgroup.com,[in full dataset],Y,Small Potatoes Urban Delivery Inc,[in full dataset],,17032.4,17032.4,"Prince Rupert, BC","Nhava Sheva (JNPT), Mumbai",Alappuzha,1,1,21.29,MADRID MAERSK,IMO5310145,LR,V639,331,EGLV,SWB,HLCU239762754,MAEU273644280,MSCU1582449,40GP,REEFER,RF,FCL,CY/CFS,Kuehne + Nagel,16049.78
08051000,6003201605000008282618,080510,8,"Fruit, edible; oranges, fresh or dried",MARKS4072,United States,India,India,7,2016,5,2016-05,2016-05-05,20160524,20160524,export,1,47360925,680.72,kg,KG,"Conagra Brands, Inc.",[in full dataset],Chicago,,www.conagrabrands.com,[in full dataset],Y,WOW MOMO FOODS PRIVATE LIMITED,[in full dataset],Kolkata,,www.wowmomo.com,[in full dataset],Y,"Conagra Brands, Inc.",[in full dataset],,5678.2,5678.2,"New York/Newark, NJ",Tuticorin,Kolkata,1,1,7.1,MSC GULSUN,IMO9387092,MH,V417,107,OOLU,HBL,MSCU967174556,ONEY137734335,BMOU8580031,40GP,TANK,HC,FCL,CY/CY,Expeditors,639.7
,6003202007000001416835,090510,6,"Spices; vanilla, neither crushed nor ground",MARKS5724,Indonesia,India,India,8,2020,7,2020-07,2020-07-16,20200723,20200723,export,1,11830172.9,496.75,kg,KG,CV LA VANILLA PHOTOGRAPHY & PRINTING,[in full dataset],Kota Banjarmasin,,www.lavanilla.id/,[in full dataset],Y,PARAS SPICES PRIVATE LIMITED,[in full dataset],Moga,,www.parasspices.com,[in full dataset],Y,CV LA VANILLA PHOTOGRAPHY & PRINTING,[in full dataset],,24914.8,24914.8,Makassar,Kolkata,Moga,1,1,31.14,APL MEXICO CITY,IMO2164149,SG,V905,569,CMDU,MBL,HLCU182080369,MAEU334323898,BMOU3499086,40GP,DRY,GP,FCL,CY/CY,Kuehne + Nagel,450.03
15050090,6003201511000004202864,150500,6,Wool grease and fatty substances derived therefrom (including lanolin),MARKS9244,Malaysia,India,India,7,2015,11,2015-11,2015-11-14,20151119,20151119,export,1,179569503.37,3659.55,kg,KG,EVERBEST SOYA BEAN PRODUCTS SDN. BHD.,[in full dataset],Simpang Ampat,,www.everbest.my,[in full dataset],Y,SAGAR FATS & OILS PRIVATE LIMITED,[in full dataset],Patna,,,,Y,EVERBEST SOYA BEAN PRODUCTS SDN. BHD.,[in full dataset],,22401.6,22401.6,Port Klang,Kandla,Patna,1,1,28,MADRID MAERSK,IMO9040331,PA,V681,81,CMDU,MBL,EGLV594922107,ONEY822057336,CAIU6426546,40HC,REEFER,HC,FCL,CY/CFS,Nippon Express,3420.32
07115100,6003202601000000512100,071151,8,"Vegetables; mushrooms of the genus Agaricus, provisionally preserved but unsuitable in that state for immediate consumption",MARKS7579,Brazil,India,India,7,2026,1,2026-01,2026-01-13,20260110,20260110,export,1,13989252,4346.37,kg,KG,LOUIS DREYFUS COMPANY BRASIL S.A.,[in full dataset],SAO PAULO,,www.ldcommodities.com.br,[in full dataset],N,FOODART BROWN ONIONS LLP,[in full dataset],Ahmedabad,,,,Y,LOUIS DREYFUS COMPANY BRASIL S.A.,[in full dataset],,5990,5990,Suape,Cochin,Ahmedabad,1,1,7.49,EVER ACME,IMO5322810,LR,V707,62,ONEY,SWB,HLCU885981201,MAEU746042270,TGHU1119829,45HC,DRY,HC,FCL,CY/CY,CEVA Logistics,4023.75
15111000,6003201509000004167919,151110,5,"Vegetable oils; palm oil and its fractions, crude, not chemically modified",MARKS9716,Malaysia,India,India,5,2015,9,2015-09,2015-09-19,20150906,20150906,export,1,171717360.4,943.19,kg,KG,EVERBEST SOYA BEAN PRODUCTS SDN. BHD.,[in full dataset],Simpang Ampat,,www.everbest.my,[in full dataset],Y,GANESH OILS AND FATS,[in full dataset],Moga,,,,Y,EVERBEST SOYA BEAN PRODUCTS SDN. BHD.,[in full dataset],,13678.6,13678.6,Tanjung Pelepas,Cochin,Moga,1,1,17.1,EVER GIVEN,IMO3977714,PA,V446,686,HMMU,HBL,HLCU762546627,YMLU990939850,TGHU5405017,40GP,OPEN TOP,HC,FCL,CY/CFS,DB Schenker,840.55
09042229,6003202012000001729850,090422,8,"Spices; fruits of the genus Capsicum or Pimenta, crushed or ground",MARKS1907,Indonesia,India,India,6,2020,12,2020-12,2020-12-18,20201203,20201203,export,1,19342310.17,6006.77,kg,KG,PT JCO DONUT & COFFEE,[in full dataset],Kota Administrasi Jakarta Utara,,www.jcodonuts.com,[in full dataset],Y,COTHAS COFFEE CO,[in full dataset],Bengaluru Rural,,www.cothas.com,[in full dataset],Y,PT JCO DONUT & COFFEE,[in full dataset],,16422,16422,"Tanjung Perak, Surabaya",Cochin,Bengaluru Rural,1,1,20.53,MOL TRIUMPH,IMO9338257,PA,V394,997,ZIMU,HBL,MSCU600260499,ONEY600058560,BMOU1012881,45HC,REEFER,HC,FCL,CY/CY,Sinotrans,5446.06
07114000,6003202601000001274499,071140,6,"Vegetables; cucumbers and gherkins, provisionally preserved but unsuitable in that state for immediate consumption",MARKS3845,Australia,India,India,6,2026,1,2026-01,2026-01-09,20260104,20260104,export,1,106461162.68,260.12,kg,KG,AREM LUKE GAVIN,[in full dataset],,,,,Y,KOTA EXPORTS,[in full dataset],Prakasam,,,,Y,AREM LUKE GAVIN,[in full dataset],,12887.3,12887.3,Melbourne,Visakhapatnam,Prakasam,1,1,16.11,EVER ACME,IMO7707737,LR,V482,129,EGLV,HBL,MSCU763949973,HLCU274900279,TGHU4665735,45HC,REEFER,HC,FCL,CY/CY,Bollore Logistics,240.61
70139100,6003202401000006022052,701391,7,"Glassware; n.e.c. in heading no. 7013, of lead crystal",MARKS9685,China,India,India,5,2024,1,2024-01,2024-01-23,20240107,20240107,export,1,200977300,1821.08,kg,KG,"Hainan Development Holdings Nanhai Co., Ltd.",[in full dataset],Shenzhen,,www.sanxinglass.com,[in full dataset],Y,NATIONAL PHYSICAL LABORATORY,[in full dataset],New Delhi,,www.nplindia.org,[in full dataset],Y,"Hainan Development Holdings Nanhai Co., Ltd.",[in full dataset],,23030.4,23030.4,Qingdao,Tuticorin,New Delhi,1,1,28.79,EVER GIVEN,IMO9177154,MH,V755,354,ZIMU,SWB,HLCU768229872,HLCU240978895,MSCU2017186,45HC,FLAT RACK,RF,FCL,CFS/CFS,Kuehne + Nagel,1589.1
08031090,6003201609000011044363,080310,5,"Fruit, edible; plantains, fresh or dried",MARKS8618,United States,India,India,9,2016,9,2016-09,2016-09-27,20160913,20160913,export,1,102668115,81382.41,kg,KG,"Tyson Foods, Inc.",[in full dataset],Springdale,,www.tysonfoods.com,[in full dataset],Y,HALDI RAM PRODUCTS PRIVATE LIMITED,[in full dataset],Noida,,www.haldiramsonline.com,[in full dataset],Y,"Tyson Foods, Inc.",[in full dataset],,2528.7,2528.7,"Los Angeles, CA","Mundra, Gujarat",Noida,1,1,3.16,MADRID MAERSK,IMO2084621,SG,V651,995,APLU,SWB,YMLU521119604,CMDU544185029,FCIU8751012,45HC,TANK,HC,FCL,CY/CFS,Nippon Express,74217.21
70132200,6003202401000006020226,701322,6,"Stemware drinking glasses, of lead crystal",MARKS3533,China,India,India,7,2024,1,2024-01,2024-01-05,20240121,20240121,export,1,200977300,5278.37,kg,KG,"Sichuan Yibin Global Glass Glassmaking Co., Ltd.",[in full dataset],Yibin,,,,Y,N I GLASS BEADS,[in full dataset],Firozabad,,,,Y,"Sichuan Yibin Global Glass Glassmaking Co., Ltd.",[in full dataset],,7753.6,7753.6,Shanghai,Chennai,Firozabad,1,1,9.69,APL MEXICO CITY,IMO5458102,PA,V852,881,COSU,HBL,HLCU904405616,HLCU217083409,GESU5860502,40GP,OPEN TOP,GP,FCL,CY/CFS,Sinotrans,4672.38
48183000,6003201811000000364441,481830,9,"Paper articles; tablecloths and serviettes, of paper, cellulose wadding or fibres",MARKS4180,Malaysia,India,India,5,2018,11,2018-11,2018-11-03,20181117,20181117,export,1,1044135.08,17918.27,kg,KG,LING WAH PRESS SDN BHD,[in full dataset],Kuala Lumpur,,,,Y,SHAH PAPER MILLS LIMITED,[in full dataset],Vapi,,www.shahpaper.com,[in full dataset],Y,LING WAH PRESS SDN BHD,[in full dataset],,11058.8,11058.8,Tanjung Pelepas,"Nhava Sheva (JNPT), Mumbai",Vapi,1,1,13.82,COSCO UNIVERSE,IMO1036236,LR,V709,877,ONEY,HBL,COSU626968890,YMLU633532900,BMOU9841250,20GP,OPEN TOP,GP,FCL,CY/CFS,Expeditors,16479.82
68029200,6003202211000000742942,680292,6,"Stone; calcareous (excluding marble, travertine, alabaster) articles thereof, (other than simply cut or sawn, with a flat or even surface)",MARKS5697,United Kingdom,India,India,5,2022,11,2022-11,2022-11-03,20221123,20221123,export,1,3214465.33,31974.49,kg,KG,HANSON LIMITED,[in full dataset],MAIDENHEAD,,www.heidelbergmaterials.co.uk,[in full dataset],N,JP MANPOWER SOLUATION,[in full dataset],Vadodara,,,,Y,HANSON LIMITED,[in full dataset],,11136.8,11136.8,Felixstowe,Kandla,Vadodara,1,1,13.92,APL MEXICO CITY,IMO6856414,MH,V891,646,MSCU,HBL,YMLU134113093,MAEU254490183,BMOU5973102,20GP,REEFER,GP,LCL,CY/CFS,Bollore Logistics,28014.36
09092200,6003202006000001060784,090922,9,"Spices; coriander seeds, crushed or ground",MARKS9082,Indonesia,India,India,5,2020,6,2020-06,2020-06-07,20200616,20200616,export,1,7424285.38,329.7,kg,KG,PT ANEKA COFFEE INDUSTRY,[in full dataset],Kabupaten Sidoarjo,,www.anekacoffee.com,[in full dataset],N,SRI NARASUS COFFEE COMPANY PRIVATE LIMITED,[in full dataset],Salem,,www.narasuscoffee.in,[in full dataset],Y,PT ANEKA COFFEE INDUSTRY,[in full dataset],,19222.9,19222.9,Makassar,Kolkata,Salem,1,1,24.03,BARZAN,IMO3011730,SG,V212,651,ZIMU,HBL,EGLV265744727,EGLV311285710,TGHU1568165,45HC,REEFER,RF,FCL,CY/CFS,DSV,305.22
07096010,6003202602000001362037,070960,9,"Vegetables; fruits of the genus capsicum or of the genus pimenta, fresh or chilled",MARKS7147,Australia,India,India,9,2026,2,2026-02,2026-02-08,20260221,20260221,export,1,138496072.64,7287.98,kg,KG,ADM TRADING AUSTRALIA PTY LTD,[in full dataset],Adelaide,,www.admgrain.com.au,[in full dataset],Y,PADMAVATI LAKADI TEL GHANA ANI OIL INDUSTRIES,[in full dataset],Pune,,,,Y,ADM TRADING AUSTRALIA PTY LTD,[in full dataset],,22422.6,22422.6,Sydney,Tuticorin,Pune,1,1,28.03,COSCO UNIVERSE,IMO1755680,SG,V356,135,OOLU,MBL,EGLV251685772,EGLV505704649,TGHU9490179,40HC,REEFER,GP,LCL,CFS/CFS,Expeditors,6573.33
,6003201503000002168164,151010,5,"Vegetable oils; crude olive pomace oil and their fractions, obtained solely from olives, whether or not refined, but not chemically modified",MARKS3886,Brazil,India,India,5,2015,3,2015-03,2015-03-09,20150320,20150320,export,1,33188920,49481.22,kg,KG,FABRICA DE RAPE DO NORDESTE LTDA,[in full dataset],JUAZEIRO,,,,Y,POSHAK OILS AND FATS LIMITED,[in full dataset],Kurnool,,,,Y,FABRICA DE RAPE DO NORDESTE LTDA,[in full dataset],,19797.2,19797.2,Itajai,Kolkata,Kurnool,1,1,24.75,MOL TRIUMPH,IMO5703270,LR,V381,340,ZIMU,SWB,MAEU390073359,MSCU992979100,CAIU6314121,40HC,OPEN TOP,RF,LCL,CFS/CFS,Kuehne + Nagel,44071.76
,6003201703000005539332,440220,9,"Wood; charcoal of nut or shell, whether or not agglomerated",MARKS8619,China,India,India,5,2017,3,2017-03,2017-03-08,20170322,20170322,export,1,20029582,13540.58,kg,KG,"Fuqing Shengda Paper And Plastic Packaging Co.,ltd.",[in full dataset],Fuqing,,www.fjhlzs.com,[in full dataset],Y,CENTURY PLYBOARDS (INDIA) LIMITED,[in full dataset],Kolkata,,www.centuryply.com,[in full dataset],Y,"Fuqing Shengda Paper And Plastic Packaging Co.,ltd.",[in full dataset],,19487,19487,Shanghai,Chennai,Kolkata,1,1,24.36,MAERSK MOLLER,IMO8366608,SG,V137,750,MAEU,HBL,ONEY960284376,MSCU515643031,CAIU9197155,20GP,FLAT RACK,GP,FCL,CY/CFS,DHL Global Forwarding,12492.39
25061020,6003202103000002259006,250610,6,Quartz; other than natural sands,MARKS2640,Brazil,India,India,6,2021,3,2021-03,2021-03-06,20210322,20210322,export,1,3767044,1213.66,kg,KG,ICL AMERICA DO SUL S.A.,[in full dataset],SAO PAULO,,www.produquimica.com.br,[in full dataset],Y,WONDER CEMENT LIMITED,[in full dataset],Udaipur,,www.wondercement.com,[in full dataset],Y,ICL AMERICA DO SUL S.A.,[in full dataset],,23432.5,23432.5,Rio Grande,"Nhava Sheva (JNPT), Mumbai",Udaipur,1,1,29.29,MAERSK MOLLER,IMO6173748,PA,V900,221,HLCU,SWB,COSU810934867,MSCU331043097,FCIU3602235,45HC,REEFER,HC,FCL,CFS/CFS,Sinotrans,1057.21
44151000,6003201712000006286527,441510,5,"Wood; cases, boxes, crates, drums, similar packings and cable-drums",MARKS1072,China,India,India,5,2017,12,2017-12,2017-12-03,20171218,20171218,export,1,24170905,2068.47,kg,KG,"Shenyang Hongyi Wood Industry Co., Ltd",[in full dataset],Xinmin,,,,Y,ROJ BRICKS,[in full dataset],Kishanganj,,,,Y,"Shenyang Hongyi Wood Industry Co., Ltd",[in full dataset],,7560.8,7560.8,Xiamen,Cochin,Kishanganj,1,1,9.45,CMA CGM JULES VERNE,IMO6622342,LR,V757,258,HLCU,MBL,CMDU233331176,MAEU459491980,TCLU3894422,40GP,DRY,RF,FCL,CY/CY,Kuehne + Nagel,1894.36
68069000,6003202207000003348355,680690,7,"Minerals; mixtures and articles of heat-insulating, sound-insulating or sound-absorbing mineral materials, other than those of heading no. 6811 or 6812 or of chapter 69",MARKS8628,China,India,India,9,2022,7,2022-07,2022-07-01,20220715,20220715,export,1,53546388,48777.51,kg,KG,Beijing New Building Materials Public Limited Company,[in full dataset],Beijing,,www.bnbm.com.cn,[in full dataset],Y,SHALINI ENTERPRISES,[in full dataset],Solan,,,,N,Beijing New Building Materials Public Limited Company,[in full dataset],,10429,10429,Ningbo-Zhoushan,Kolkata,Solan,1,1,13.04,EVER GIVEN,IMO3300293,MH,V325,113,ONEY,SWB,EGLV252381090,MAEU295049575,CAIU5267326,40GP,DRY,RF,LCL,CY/CFS,DSV,43763.93
08024200,6003201602000006970089,080242,5,"Nuts, edible; chestnuts (Castanea spp.), fresh or dried, shelled",MARKS7904,United States,India,India,9,2016,2,2016-02,2016-02-14,20160212,20160212,export,1,32277974,552.31,kg,KG,"Fruit Of The Loom, Inc.",[in full dataset],Bowling Green,,www.fruit.com,[in full dataset],Y,SUNDARBANS FOOD PRODUCTS (INDIA) PRIVATE LIMITED,[in full dataset],Guwahati,,,,Y,"Fruit Of The Loom, Inc.",[in full dataset],,10358,10358,"Charleston, SC",Kandla,Guwahati,1,1,12.95,CMA CGM JULES VERNE,IMO6155870,MH,V173,362,HMMU,MBL,MAEU659575274,HLCU920845379,TCLU8319274,40GP,TANK,HC,FCL,CFS/CFS,Bollore Logistics,489.85
09083190,6003202010000000473009,090831,7,"Spices; cardamoms, neither crushed nor ground",MARKS3109,Brazil,India,India,5,2020,10,2020-10,2020-10-18,20201012,20201012,export,1,2475679,29407.66,kg,KG,ZAMP S.A.,[in full dataset],SAO PAULO,,www.zamp.com.br,[in full dataset],Y,INDIAN RAILWAY CATERING AND TOURISM CORPORATION LIMITED,[in full dataset],New Delhi,,www.irctc.com/,[in full dataset],Y,ZAMP S.A.,[in full dataset],,15507.6,15507.6,Santos,Kolkata,New Delhi,1,1,19.38,COSCO UNIVERSE,IMO5587832,SG,V367,319,EGLV,HBL,HLCU934729313,YMLU703174578,TGHU7359953,40HC,OPEN TOP,RF,FCL,CFS/CFS,DHL Global Forwarding,26944.9
48239014,6003201812000006174129,482390,6,"Paper pulp, paper, paperboard, cellulose wadding or webs of cellulose fibres; articles n.e.c. in heading no. 4823",MARKS5311,China,India,India,6,2018,12,2018-12,2018-12-01,20181216,20181216,export,1,45046234,79070.81,kg,KG,"Shandong Sun Paper Co., Ltd.",[in full dataset],Jining,,www.sunpapergroup.com,[in full dataset],N,ITC LIMITED,[in full dataset],Kolkata,,www.itcportal.com,[in full dataset],N,"Shandong Sun Paper Co., Ltd.",[in full dataset],,18292,18292,Yingkou,Kolkata,Kolkata,1,1,22.86,CSCL GLOBE,IMO5867523,PA,V316,457,ZIMU,SWB,MAEU895661187,YMLU124309595,BMOU3838981,40GP,TANK,GP,FCL,CY/CY,DB Schenker,71671.37
52063500,6003202510000002330255,520635,8,"Cotton yarn; (not sewing thread), multiple or cabled, of uncombed fibres, less than 85% by weight of cotton, less than 125 decitex (exceeding 80 metric number) per single yarn, not for retail sale",MARKS2420,Australia,India,India,9,2025,10,2025-10,2025-10-17,20251009,20251009,export,1,125654453.03,5418.81,kg,KG,COTTON ON INTERNATIONAL PTY LTD,[in full dataset],North Geelong,,www.cottonon.com.au,[in full dataset],Y,GREAVES COTTON LIMITED,[in full dataset],Mumbai,,www.greavescotton.com,[in full dataset],N,COTTON ON INTERNATIONAL PTY LTD,[in full dataset],,8447.3,8447.3,Fremantle,"Nhava Sheva (JNPT), Mumbai",Mumbai,1,1,10.56,MSC OSCAR,IMO3408999,LR,V395,4,MAEU,SWB,EGLV511940436,EGLV703405757,TCLU8494988,20GP,FLAT RACK,GP,FCL,CFS/CFS,Expeditors,4801.9
48171000,6003201803000006131742,481710,9,Paper and paperboard; envelopes,MARKS1974,China,India,India,9,2018,3,2018-03,2018-03-02,20180325,20180325,export,1,44221782,4559.05,kg,KG,"Zhejiang Jinli Environmental Protection Paper Industry Co., Ltd.",[in full dataset],Longyou County,,,,Y,SOHAM ENTERPRISES,[in full dataset],Pune,,,,Y,"Zhejiang Jinli Environmental Protection Paper Industry Co., Ltd.",[in full dataset],,1169.8,1169.8,Ningbo-Zhoushan,Cochin,Pune,1,1,1.46,YM WARRANTY,IMO7187352,PA,V759,725,ZIMU,HBL,CMDU476716816,EGLV173801573,CAIU5633528,45HC,REEFER,GP,FCL,CY/CFS,Sinotrans,4130.52
52084220,6003202508000001728512,520842,6,"Fabrics, woven; containing 85% or more by weight of cotton, of yarns of different colours, weighing more than 100g/m2 but not more than 200g/m2",MARKS1339,Australia,India,India,8,2025,8,2025-08,2025-08-27,20250816,20250816,export,1,44941584.08,9839.86,kg,KG,COTTON ON FINANCE PTY LTD,[in full dataset],NORTH GEELONG,,www.cottonon.com.au,[in full dataset],N,SHREE BHARATHI COTTON MILLS LIMITED,[in full dataset],Rajapalayam,,,,Y,COTTON ON FINANCE PTY LTD,[in full dataset],,24097.7,24097.7,Sydney,Kandla,Rajapalayam,1,1,30.12,CSCL GLOBE,IMO4650681,SG,V862,304,EGLV,SWB,ONEY702462769,EGLV562904723,FCIU5013766,40GP,TANK,HC,FCL,CY/CY,Sinotrans,9006.91
07061000,6003202603000001200354,070610,5,"Vegetables, root; carrots and turnips, fresh or chilled",MARKS9809,Canada,India,India,9,2026,3,2026-03,2026-03-14,20260303,20260303,export,1,81233737.75,18441.04,kg,KG,Small Potatoes Urban Delivery Inc,[in full dataset],Vancouver,,www.spud.ca,[in full dataset],Y,BALGOPAL FOOD PRODUCTS PRIVATE LIMITED,[in full dataset],Bargarh,,www.balgopalfood.com,[in full dataset],N,Small Potatoes Urban Delivery Inc,[in full dataset],,18584.4,18584.4,"Montreal, QC","Mundra, Gujarat",Bargarh,1,1,23.23,BARZAN,IMO7402545,MH,V211,9,COSU,HBL,CMDU687290265,ONEY877092153,FCIU3490715,45HC,OPEN TOP,GP,FCL,CY/CY,Sinotrans,17424.97
,6003201711000004279804,440714,6,"Wood; coniferous species, of Hem-fir (western hemlock (Tsuga heterophylla) and fir (Abies spp.))",MARKS1735,Indonesia,India,India,9,2017,11,2017-11,2017-11-23,20171111,20171111,export,1,13419892.22,5979.01,kg,KG,PT HENDRATNA PLYWOOD,[in full dataset],Kota Administrasi Jakarta Barat,,,,Y,INDORE MODULAR INDUSTRIES,[in full dataset],Indore,,,,Y,PT HENDRATNA PLYWOOD,[in full dataset],,22734.8,22734.8,Makassar,Visakhapatnam,Indore,1,1,28.42,OOCL HONG KONG,IMO6833178,LR,V799,981,HMMU,SWB,ONEY325672614,HLCU253653327,TGHU5662398,45HC,FLAT RACK,HC,FCL,CY/CY,CEVA Logistics,5677.86
48219010,6003201805000000947000,482190,9,"Paper and paperboard; labels of all kinds, unprinted",MARKS1341,United Kingdom,India,India,7,2018,5,2018-05,2018-05-25,20180526,20180526,export,1,2860358.59,1909.99,kg,KG,PREMIER PAPER HOLDINGS LIMITED,[in full dataset],SUTTON COLDFIELD,,www.paper.co.uk,[in full dataset],Y,TAMILNADU NEWSPRINT & PAPERS LIMITED,[in full dataset],Nagpur,,www.tnpl.com,[in full dataset],Y,PREMIER PAPER HOLDINGS LIMITED,[in full dataset],,21891.6,21891.6,London Gateway,Tuticorin,Nagpur,1,1,27.36,HYUNDAI LOYALTY,IMO7437374,MH,V449,845,YMLU,SWB,YMLU741776188,MAEU934650466,TCLU2300715,40GP,REEFER,GP,FCL,CY/CY,Bollore Logistics,1741.38
68159100,6003202208000003024380,681591,6,"Stone articles and articles of other mineral substances; containing magnesite, magnesia in the form of periclase, dolomite including in the form of dolime, or chromite",MARKS6460,China,India,India,5,2022,8,2022-08,2022-08-05,20220817,20220817,export,1,42257268,5101.33,kg,KG,"Shenzhen Shishang Industry Co.,ltd.",[in full dataset],Shenzhen,,www.kanglistone.com,[in full dataset],Y,V D ENTERPRISES,[in full dataset],Chhatrapati Sambhajinagar,,,,Y,"Shenzhen Shishang Industry Co.,ltd.",[in full dataset],,21616.1,21616.1,Dalian,"Nhava Sheva (JNPT), Mumbai",Chhatrapati Sambhajinagar,1,1,27.02,HMM ALGECIRAS,IMO6259197,MH,V583,772,ONEY,MBL,HLCU365744930,COSU829003488,GESU1935787,40HC,REEFER,GP,FCL,CY/CY,Sinotrans,4632.58
09011200,6003202010000000473097,090112,9,"Coffee; decaffeinated, not roasted",MARKS3059,Brazil,India,India,9,2020,10,2020-10,2020-10-16,20201023,20201023,export,1,2475679,3291.84,kg,KG,COOPERATIVA DOS CAFEICULTORES DA REGIAO DE LAJINHA LTDA,[in full dataset],LAJINHA,,www.coocafe.com.br,[in full dataset],Y,SHREE NAYAKJEE OIL & SPICES MANUFACTURERS PRIVATE LIMITED,[in full dataset],Nalanda,,,,Y,COOPERATIVA DOS CAFEICULTORES DA REGIAO DE LAJINHA LTDA,[in full dataset],,20271.7,20271.7,Rio Grande,Tuticorin,Nalanda,1,1,25.34,BARZAN,IMO6882969,PA,V791,217,ONEY,HBL,MSCU843181421,ONEY184298676,MSCU8920078,40HC,REEFER,HC,FCL,CY/CFS,DHL Global Forwarding,2987.91
68029900,6003202212000003027820,680299,9,"Stone; natural (excluding marble, travertine, alabaster, other calcareous stone or granite), monumental or building stone, (other than simply cut or sawn, with a flat or even surface)",MARKS8821,China,India,India,9,2022,12,2022-12,2022-12-18,20221213,20221213,export,1,42343621,11091.35,kg,KG,"Hubei Jinlong Plaster Industry Co., Ltd.",[in full dataset],Xiaogan,,,,Y,RS INTERNATIONAL,[in full dataset],Gurugram,,,,Y,"Hubei Jinlong Plaster Industry Co., Ltd.",[in full dataset],,13249.4,13249.4,Guangzhou,"Mundra, Gujarat",Gurugram,1,1,16.56,YM WARRANTY,IMO6409932,SG,V577,656,OOLU,HBL,MAEU728388283,COSU445427641,BMOU7375638,40GP,TANK,RF,FCL,CY/CFS,Yusen Logistics,10082.9
52061400,6003202506000001515571,520614,5,"Cotton yarn; (not sewing thread), single, of uncombed fibres, less than 85% by weight of cotton, less than 192.31 but not less than 125 decitex (exceeding 52 but not exceeding 80 metric number), not for retail sale",MARKS2294,United States,India,India,8,2025,6,2025-06,2025-06-19,20250627,20250627,export,1,31382861,6136.52,kg,KG,Cotton on USA Inc.,[in full dataset],Arlington,,www.cottonon.com,[in full dataset],Y,BEST COTTON MILLS PRIVATE LIMITED,[in full dataset],Tirupur,,bestcorp.in,[in full dataset],Y,Cotton on USA Inc.,[in full dataset],,19225.7,19225.7,"Long Beach, CA",Kolkata,Tirupur,1,1,24.03,EVER ACME,IMO3360835,LR,V134,911,ONEY,HBL,YMLU521312077,CMDU112483602,TGHU4062210,45HC,OPEN TOP,RF,FCL,CY/CY,DHL Global Forwarding,5365.3
15132920,6003201510000004329235,151329,7,"Vegetable oils; palm kernel or babassu oil and their fractions, other than crude, whether or not refined, but not chemically modified",MARKS8075,Malaysia,India,India,9,2015,10,2015-10,2015-10-08,20151026,20151026,export,1,213644515.15,24481.33,kg,KG,EVERBEST SOYA BEAN PRODUCTS SDN. BHD.,[in full dataset],Kulim,,www.everbest.my,[in full dataset],Y,MALAYSIAN VEGETABLE OILS (INDIA) PRIVATE LIMITED,[in full dataset],Pune,,,,Y,EVERBEST SOYA BEAN PRODUCTS SDN. BHD.,[in full dataset],,3698.8,3698.8,Port Klang,Visakhapatnam,Pune,1,1,4.62,COSCO UNIVERSE,IMO2903702,PA,V386,868,OOLU,MBL,CMDU385346209,ONEY559753539,CAIU6049632,40GP,TANK,HC,FCL,CY/CFS,DHL Global Forwarding,21845.19
07019000,6003202602000001084765,070190,8,"Vegetables; potatoes (other than seed), fresh or chilled",MARKS8697,Canada,India,India,9,2026,2,2026-02,2026-02-03,20260215,20260215,export,1,57120881.8,1875.28,kg,KG,Small Potatoes Urban Delivery Inc,[in full dataset],Vancouver,,www.spud.ca,[in full dataset],Y,"RAMA KRISHNA TRADING CO.,",[in full dataset],Mahabubnagar,,,,Y,Small Potatoes Urban Delivery Inc,[in full dataset],,18411.5,18411.5,"Montreal, QC",Kandla,Mahabubnagar,1,1,23.01,OOCL HONG KONG,IMO8073989,PA,V734,917,OOLU,MBL,MSCU689163964,MAEU884206776,TCLU5179142,20GP,DRY,HC,LCL,CFS/CFS,CEVA Logistics,1727.82
70131000,6003202409000005923868,701310,8,"Glassware; of a kind used for table, kitchen, toilet, office, indoor decoration or similar purposes (other than of heading no. 7010 or 7018), of glass-ceramics",MARKS7644,China,India,India,9,2024,9,2024-09,2024-09-04,20240923,20240923,export,1,179414730,41429.77,kg,KG,"Fujian Wanda Automobile Glass Industry Co., Ltd.",[in full dataset],Fuqing,,,,Y,ASAHI INDIA GLASS LIMITED,[in full dataset],New Delhi,,www.aisglass.com,[in full dataset],Y,"Fujian Wanda Automobile Glass Industry Co., Ltd.",[in full dataset],,10306.5,10306.5,Qingdao,Kandla,New Delhi,1,1,12.88,MSC OSCAR,IMO3584918,PA,V542,501,CMDU,SWB,HLCU308348268,ONEY957102831,FCIU4080058,40HC,OPEN TOP,HC,LCL,CY/CY,Yusen Logistics,37766.88
68101910,6003202206000003506319,681019,8,"Cement, concrete or artificial stone; tiles, flagstones and similar, (excluding building blocks and bricks) whether or not reinforced",MARKS8711,China,India,India,6,2022,6,2022-06,2022-06-02,20220627,20220627,export,1,62709074,16315.58,kg,KG,FUJIAN YELLOW STONE FOOTWEAR CO LTD,[in full dataset],Putian,,,,Y,ALEXIA PANELS,[in full dataset],Dehradun,,,,Y,FUJIAN YELLOW STONE FOOTWEAR CO LTD,[in full dataset],,8413.2,8413.2,Dalian,Kandla,Dehradun,1,1,10.52,BARZAN,IMO9106063,LR,V686,183,APLU,HBL,CMDU525480627,EGLV366008465,GESU8320904,40HC,REEFER,RF,FCL,CY/CFS,DSV,15043.22
69139000,6003202301000003238143,691390,8,Ceramic statuettes and other ornamental ceramic articles; other than of porcelain or china,MARKS7159,China,India,India,5,2023,1,2023-01,2023-01-25,20230125,20230125,export,1,67415595,7693.69,kg,KG,"Financial Street Property Co., Limited",[in full dataset],Beijing,,www.jrjlife.com,[in full dataset],Y,TRIPURESWARI BRICKS INDUSTRIES,[in full dataset],Agartala,,,,Y,"Financial Street Property Co., Limited",[in full dataset],,12954.6,12954.6,Tianjin,Kolkata,Agartala,1,1,16.19,MSC OSCAR,IMO2281588,PA,V894,831,HLCU,SWB,COSU914251174,COSU957106341,MSCU8826027,40HC,FLAT RACK,RF,FCL,CY/CFS,Sinotrans,6797.42
40161000,6003201903000005640764,401610,6,"Rubber; vulcanised (other than hard rubber), moulded rubber mats and mats of non-rectangular shape made by cutting from the piece, of cellular rubber",MARKS1293,Indonesia,India,India,7,2019,3,2019-03,2019-03-04,20190320,20190320,export,1,23760182.58,3271.04,kg,KG,PT INDONESIA TRC INDUSTRY,[in full dataset],Kabupaten Bekasi,,www.jtrc.co.jp/relatedcompany/indonesia,[in full dataset],Y,RELIANCE INDUSTRIES LIMITED,[in full dataset],Mumbai,,www.ril.com,[in full dataset],Y,PT INDONESIA TRC INDUSTRY,[in full dataset],,22336.4,22336.4,Belawan,Visakhapatnam,Mumbai,1,1,27.92,MADRID MAERSK,IMO1809053,SG,V135,802,ONEY,MBL,MAEU916552579,YMLU283035484,MSCU3934705,40HC,FLAT RACK,GP,FCL,CY/CFS,Yusen Logistics,2854.05
,6003202311000003031867,690723,5,"Ceramic tiles; flags and paving, hearth or wall tiles other than those of subheadings 6907.30 and 6907.40, of a water absorption coefficient by weight over 10%",MARKS2934,China,India,India,5,2023,11,2023-11,2023-11-24,20231117,20231117,export,1,55213317,2136.4,kg,KG,"Monalisa Group Co.,Ltd",[in full dataset],Foshan,,www.monalisa.com.cn,[in full dataset],Y,PRATHAMESH CERAMICS PRIVATE LIMITED,[in full dataset],Nashik,,www.pcinsulator.com,[in full dataset],Y,"Monalisa Group Co.,Ltd",[in full dataset],,20986.5,20986.5,Guangzhou,"Mundra, Gujarat",Nashik,1,1,26.23,OOCL HONG KONG,IMO3095167,PA,V848,60,HMMU,HBL,MSCU629122136,CMDU132361837,BMOU9496056,40GP,DRY,RF,LCL,CY/CY,Kuehne + Nagel,1989.25
52083320,6003202511000002396004,520833,8,"Fabrics, woven; containing 85% or more by weight of cotton, dyed, 3-thread or 4-thread twill, including cross twill, weighing not more than 200g/m2",MARKS5331,Brazil,India,India,6,2025,11,2025-11,2025-11-27,20251123,20251123,export,1,135626982,4218.11,kg,KG,NEW COTTON TEXTIL LTDA,[in full dataset],BLUMENAU,,,,Y,BOWRESH COTTON MILLS COMPANY LIMITED,[in full dataset],Kolkata,,,,Y,NEW COTTON TEXTIL LTDA,[in full dataset],,7310.8,7310.8,Santos,Chennai,Kolkata,1,1,9.14,HYUNDAI LOYALTY,IMO7624973,SG,V251,759,COSU,SWB,COSU948307485,CMDU276831500,TGHU7722536,40GP,TANK,RF,FCL,CY/CY,Yusen Logistics,3839.36
70151090,6003202404000001650119,701510,6,"Glasses for corrective spectacles; curved, bent, hollowed or the like, not optically worked",MARKS9879,Malaysia,India,India,6,2024,4,2024-04,2024-04-04,20240413,20240413,export,1,9693739.75,6390.45,kg,KG,SCHOTT GLASS (MALAYSIA) SDN. BHD.,[in full dataset],Perai,,www.schott.com,[in full dataset],Y,HARYANA SHEET GLASS LIMITED,[in full dataset],New Delhi,,www.hsglindia.com,[in full dataset],Y,SCHOTT GLASS (MALAYSIA) SDN. BHD.,[in full dataset],,13763.9,13763.9,Tanjung Pelepas,Cochin,New Delhi,1,1,17.2,MSC GULSUN,IMO9542767,LR,V273,478,MSCU,HBL,HLCU326465889,YMLU792812516,MSCU8377220,45HC,DRY,RF,FCL,CFS/CFS,Sinotrans,5802.38
52121500,6003202509000001632322,521215,6,"Fabrics, woven; of cotton, printed, weighing not more than 200g/m2, n.e.c. in chapter 52",MARKS9920,United States,India,India,8,2025,9,2025-09,2025-09-01,20250913,20250913,export,1,37839961,5213.23,kg,KG,Louis Dreyfus Company Cotton Storage LLC,[in full dataset],Wilton,,,,Y,INDIRA COTTON MILLS LIMITED,[in full dataset],Chennai,,,,N,Louis Dreyfus Company Cotton Storage LLC,[in full dataset],,20604.7,20604.7,"Miami, FL",Tuticorin,Chennai,1,1,25.76,MADRID MAERSK,IMO2490812,PA,V243,633,MAEU,SWB,YMLU724587560,ONEY895809887,TCLU7809870,40GP,REEFER,GP,FCL,CY/CFS,Yusen Logistics,4574.06
69131000,6003202304000000820978,691310,5,"Ceramic statuettes and other ornamental ceramic articles, of porcelain or china",MARKS7668,Germany,India,India,9,2023,4,2023-04,2023-04-20,20230415,20230415,export,1,5540608.09,58208.42,kg,KG,Brembo SGL Carbon Ceramic Brakes GmbH,[in full dataset],Meitingen,,www.carbonceramicbrakes.com,[in full dataset],Y,TILES WORK,[in full dataset],Karimnagar,,,,Y,Brembo SGL Carbon Ceramic Brakes GmbH,[in full dataset],,19179.3,19179.3,Hamburg,Tuticorin,Karimnagar,1,1,23.97,HYUNDAI LOYALTY,IMO1344771,LR,V971,243,ONEY,HBL,CMDU526581830,HLCU240638937,TCLU2177009,40HC,DRY,RF,FCL,CY/CY,Expeditors,51439.8
48236100,6003201802000000443443,482361,8,"Paper and paperboard; trays, dishes, plates, cups and the like, of bamboo paper or paperboard",MARKS6014,Malaysia,India,India,5,2018,2,2018-02,2018-02-04,20180203,20180203,export,1,1270981.72,4956.86,kg,KG,YY PRESS LAB (M) SDN BHD,[in full dataset],Petaling Jaya,,,,Y,J P TOBACCO PRODUCTS PRIVATE LIMITED,[in full dataset],Damoh,,,,Y,YY PRESS LAB (M) SDN BHD,[in full dataset],,11718.1,11718.1,Tanjung Pelepas,Kandla,Damoh,1,1,14.65,APL MEXICO CITY,IMO2518152,SG,V615,702,COSU,SWB,HLCU586689461,MSCU400500687,MSCU3002899,40HC,DRY,HC,FCL,CFS/CFS,Nippon Express,4385.97
52094990,6003202504000001608392,520949,5,"Fabrics, woven; containing 85% or more by weight of cotton, of yarns of different colours, of weaves n.e.c. in item no. 5209.4, weighing more than 200g/m2",MARKS1010,United States,India,India,6,2025,4,2025-04,2025-04-23,20250402,20250402,export,1,36282665,20623.61,kg,KG,"Meridian Industries, Inc.",[in full dataset],Milwaukee,,www.meridiancompanies.com,[in full dataset],Y,V K S M COTTON MILLS PRIVATE LIMITED,[in full dataset],Coimbatore,,www.vksmmills.com,[in full dataset],Y,"Meridian Industries, Inc.",[in full dataset],,21795.6,21795.6,"Oakland, CA",Cochin,Coimbatore,1,1,27.24,HYUNDAI LOYALTY,IMO8904499,PA,V816,570,HMMU,MBL,YMLU710160003,ONEY275572577,TCLU7330857,20GP,REEFER,HC,FCL,CFS/CFS,CEVA Logistics,19590.05
08059000,6003201605000008280779,080590,6,"Fruit, edible; citrus fruit n.e.c. in heading no. 0805, fresh or dried",MARKS1709,United States,India,India,5,2016,5,2016-05,2016-05-22,20160514,20160514,export,1,47360925,8900.08,kg,KG,"Tyson Foods, Inc.",[in full dataset],Springdale,,www.tysonfoods.com,[in full dataset],Y,HALDI RAM PRODUCTS PRIVATE LIMITED,[in full dataset],Noida,,www.haldiramsonline.com,[in full dataset],Y,"Tyson Foods, Inc.",[in full dataset],,7147.2,7147.2,"Norfolk, VA",Kandla,Noida,1,1,8.93,OOCL HONG KONG,IMO9863934,SG,V215,329,YMLU,SWB,CMDU195424319,EGLV566127725,FCIU2007293,40GP,TANK,HC,FCL,CY/CY,Kuehne + Nagel,7802.6
15155091,6003201510000004326949,151550,5,"Vegetable oils; sesame oil and its fractions, whether or not refined, but not chemically modified",MARKS8093,Malaysia,India,India,9,2015,10,2015-10,2015-10-04,20151020,20151020,export,1,213644515.15,2464.04,kg,KG,MEDILUX OILS & FATS SDN. BHD.,[in full dataset],Pelabuhan Klang,,www.mediluxoil.com,[in full dataset],Y,JENNY OILS AND FATS PRIVATE LIMITED,[in full dataset],Jaipur,,jennyoils.com,[in full dataset],Y,MEDILUX OILS & FATS SDN. BHD.,[in full dataset],,7675.4,7675.4,Penang,Tuticorin,Jaipur,1,1,9.59,MAERSK MOLLER,IMO8610957,MH,V120,353,MSCU,HBL,HLCU669644000,EGLV430032696,TCLU3185409,45HC,DRY,RF,FCL,CY/CY,Expeditors,2299.85
68129919,6003202206000000773900,681299,9,"Asbestos or mixtures with a basis of asbestos (other than crocidolite); fibres, mixtures or articles n.e.c. in heading no. 6812, whether or not reinforced, not goods of heading 6811 or 6813",MARKS3804,South Korea,India,India,5,2022,6,2022-06,2022-06-11,20220620,20220620,export,1,3392022,1446.86,kg,KG,"YOUNG JIN TEUK SU GAE BAL CO.,LTD.",[in full dataset],Gwangju,,yjts1415.co.kr,[in full dataset],Y,ACC LIMITED,[in full dataset],Ahmedabad,,www.acclimited.com,[in full dataset],Y,"YOUNG JIN TEUK SU GAE BAL CO.,LTD.",[in full dataset],,11037.5,11037.5,Gwangyang,Chennai,Ahmedabad,1,1,13.8,MOL TRIUMPH,IMO6708643,MH,V753,503,CMDU,HBL,MSCU800179116,YMLU744337893,FCIU6299500,40HC,REEFER,HC,FCL,CY/CFS,Yusen Logistics,1346.69
70140020,6003202412000005702093,701400,8,"Glassware; signalling, (not optically worked)",MARKS1673,China,India,India,9,2024,12,2024-12,2024-12-19,20241228,20241228,export,1,156712359,4201.82,kg,KG,"Changsha Jinyu Medical Inspection Laboratory Co., Ltd.",[in full dataset],Changsha,,www.kingmed.com.cn,[in full dataset],N,SOLID STATES PHYSICS LABORATORY,[in full dataset],New Delhi,,www.drdo.gov.in,[in full dataset],Y,"Changsha Jinyu Medical Inspection Laboratory Co., Ltd.",[in full dataset],,12380.8,12380.8,Shenzhen,Tuticorin,New Delhi,1,1,15.48,COSCO UNIVERSE,IMO5126714,LR,V253,22,EGLV,SWB,HLCU492868472,ONEY701654946,GESU7206690,40HC,FLAT RACK,HC,LCL,CY/CFS,Nippon Express,3880.01
09022030,6003202009000001660807,090220,6,"Tea, green; (not fermented), in immediate packings of a content exceeding 3kg",MARKS1432,Indonesia,India,India,9,2020,9,2020-09,2020-09-02,20200908,20200908,export,1,17486531.83,22471.43,kg,KG,PT DELTA MATE MAJALENGKA,[in full dataset],Kabupaten Majalengka,,,,N,AVADHESH SPICES PRIVATE LIMITED,[in full dataset],Surat,,,,Y,PT DELTA MATE MAJALENGKA,[in full dataset],,14225.6,14225.6,Belawan,Tuticorin,Surat,1,1,17.78,APL MEXICO CITY,IMO1828142,PA,V972,785,MSCU,MBL,COSU381808265,MSCU315937953,FCIU6121856,40HC,OPEN TOP,RF,FCL,CFS/CFS,Bollore Logistics,19605.05
15030000,6003201512000003955411,150300,5,"Lard stearin, lard oil, oleostearin, oleo-oil and tallow oil; not emulsified or mixed or otherwise prepared",MARKS8789,Malaysia,India,India,9,2015,12,2015-12,2015-12-02,20151201,20151201,export,1,130655490.67,3097.74,kg,KG,NGO CHEW HONG OILS & FATS (M) SDN. BHD.,[in full dataset],Semenyih,,www.mewahgroup.com,[in full dataset],Y,NORTHERN FATS AND OILS PRIVATE LIMITED,[in full dataset],Chandigarh,,,,Y,NGO CHEW HONG OILS & FATS (M) SDN. BHD.,[in full dataset],,6907.8,6907.8,Tanjung Pelepas,Kolkata,Chandigarh,1,1,8.63,HMM ALGECIRAS,IMO3278365,MH,V680,280,COSU,HBL,ONEY195392663,MSCU514928519,GESU3279637,40HC,DRY,GP,FCL,CFS/CFS,DHL Global Forwarding,2828.98
68159100,6003202205000003271407,681591,5,"Stone articles and articles of other mineral substances; containing magnesite, magnesia in the form of periclase, dolomite including in the form of dolime, or chromite",MARKS4641,China,India,India,5,2022,5,2022-05,2022-05-18,20220528,20220528,export,1,51024546,3146.47,kg,KG,"Shandong Jurun Building Materials Co.,Ltd.",[in full dataset],Heze,,www.jurunjiancai.com,[in full dataset],Y,TEAMLEASE SERVICES LIMITED,[in full dataset],Bengaluru,,group.teamlease.com/,[in full dataset],Y,"Shandong Jurun Building Materials Co.,Ltd.",[in full dataset],,16975.1,16975.1,Qingdao,"Nhava Sheva (JNPT), Mumbai",Bengaluru,1,1,21.22,HYUNDAI LOYALTY,IMO2419154,MH,V641,280,OOLU,SWB,MSCU327888376,YMLU432466269,GESU2446478,40GP,OPEN TOP,GP,FCL,CY/CFS,DHL Global Forwarding,2742.65
48172000,6003201811000006319590,481720,8,"Paper and paperboard; letter cards, plain postcards and correspondence cards",MARKS9108,China,India,India,8,2018,11,2018-11,2018-11-14,20181118,20181118,export,1,47856550,4818.95,kg,KG,"Guangxi Sun Paper Co.,Ltd.",[in full dataset],Beihai,,,,Y,BILT PAPER HOLDINGS LIMITED,[in full dataset],Secunderabad,,www.biltpaper.com,[in full dataset],Y,"Guangxi Sun Paper Co.,Ltd.",[in full dataset],,22236.5,22236.5,Ningbo-Zhoushan,"Nhava Sheva (JNPT), Mumbai",Secunderabad,1,1,27.8,APL MEXICO CITY,IMO6585490,SG,V698,71,HMMU,MBL,YMLU899647612,COSU175940461,FCIU2801007,20GP,DRY,HC,LCL,CY/CFS,Nippon Express,4273.28
69131000,6003202303000003110606,691310,7,"Ceramic statuettes and other ornamental ceramic articles, of porcelain or china",MARKS9740,China,India,India,9,2023,3,2023-03,2023-03-23,20230327,20230327,export,1,58788652,5528.68,kg,KG,"Suzhou TFC Optical Communication Co.,Ltd.",[in full dataset],Suzhou,,www.tfcsz.com,[in full dataset],Y,KAJARIA CERAMICS LIMITED,[in full dataset],Gurugram,,www.kajariaceramics.com,[in full dataset],N,"Suzhou TFC Optical Communication Co.,Ltd.",[in full dataset],,10687.6,10687.6,Dalian,Tuticorin,Gurugram,1,1,13.36,HYUNDAI LOYALTY,IMO1294868,SG,V641,760,HMMU,SWB,MSCU429439490,EGLV905348052,TGHU2987776,40GP,TANK,GP,FCL,CY/CFS,Expeditors,5235.95
15011000,6003201509000004170528,150110,6,"Pig fat; lard, other than that of heading 0209 and 1503",MARKS7667,Malaysia,India,India,7,2015,9,2015-09,2015-09-20,20150921,20150921,export,1,171717360.4,187333.25,kg,KG,EVERBEST SOYA BEAN PRODUCTS SDN. BHD.,[in full dataset],Kulim,,www.everbest.my,[in full dataset],Y,POSHAK OILS AND FATS LIMITED,[in full dataset],Kurnool,,,,N,EVERBEST SOYA BEAN PRODUCTS SDN. BHD.,[in full dataset],,7807.1,7807.1,Penang,Kandla,Kurnool,1,1,9.76,HMM ALGECIRAS,IMO4478589,SG,V790,470,MAEU,SWB,ONEY289451433,YMLU303613816,BMOU9335691,20GP,TANK,HC,LCL,CY/CFS,Sinotrans,172741.78
07142000,6003202601000001279809,071420,5,"Vegetable roots and tubers; sweet potatoes, with high starch or inulin content, fresh, chilled, frozen or dried, whether or not sliced or in the form of pellets",MARKS7487,Australia,India,India,7,2026,1,2026-01,2026-01-11,20260101,20260101,export,1,106461162.68,6248.31,kg,KG,ADM TRADING AUSTRALIA PTY LTD,[in full dataset],Adelaide,,www.admgrain.com.au,[in full dataset],Y,NAJ OIL MILL,[in full dataset],Banaskantha,,,,Y,ADM TRADING AUSTRALIA PTY LTD,[in full dataset],,18819.9,18819.9,Fremantle,"Nhava Sheva (JNPT), Mumbai",Banaskantha,1,1,23.52,COSCO UNIVERSE,IMO4881737,SG,V482,5,OOLU,HBL,HLCU639059270,HLCU666585850,TCLU5113077,20GP,DRY,HC,FCL,CY/CY,Kuehne + Nagel,5906.71
70161000,6003202404000005516853,701610,8,"Glass cubes and other glass smallwares; whether or not on a backing, for mosaics or similar decorative purposes",MARKS7885,China,India,India,7,2024,4,2024-04,2024-04-04,20240426,20240426,export,1,141170363,229.79,kg,KG,"Fuyao Glass (Suzhou) Co., Ltd.",[in full dataset],Suzhou,,,,Y,HARYANA SHEET GLASS LIMITED,[in full dataset],New Delhi,,www.hsglindia.com,[in full dataset],N,"Fuyao Glass (Suzhou) Co., Ltd.",[in full dataset],,6537.1,6537.1,Yingkou,Chennai,New Delhi,1,1,8.17,MOL TRIUMPH,IMO2862330,SG,V873,688,OOLU,HBL,ONEY721057649,COSU727845983,MSCU4738586,20GP,REEFER,HC,LCL,CY/CY,DB Schenker,200
69031090,6003202310000002877708,690310,9,"Refractory ceramic goods; containing, by weight, more than 50% of free carbon, excluding those of siliceous fossil meals or similar earths",MARKS2772,China,India,India,5,2023,10,2023-10,2023-10-26,20231013,20231013,export,1,50302335,20758.27,kg,KG,"Hejiang Huayi Ceramic Products Co., Ltd",[in full dataset],Luzhou,,www.langjiu.cn,[in full dataset],Y,KAJARIA CERAMICS LIMITED,[in full dataset],Gurugram,,www.kajariaceramics.com,[in full dataset],Y,"Hejiang Huayi Ceramic Products Co., Ltd",[in full dataset],,7856.3,7856.3,Guangzhou,Chennai,Gurugram,1,1,9.82,HYUNDAI LOYALTY,IMO1826457,PA,V371,793,MAEU,MBL,EGLV994817569,YMLU769027198,FCIU4523051,40GP,OPEN TOP,GP,FCL,CFS/CFS,CEVA Logistics,19251.05
40082120,6003201909000003455699,400821,8,"Rubber; vulcanised (other than hard rubber), in plates, sheets and strip, of non-cellular rubber",MARKS3273,Malaysia,India,India,5,2019,9,2019-09,2019-09-04,20190906,20190906,export,1,12062762.41,4752.56,kg,KG,GENERAL INOAC RUBBER SDN BHD,[in full dataset],Klang,,,,Y,MERINO INDUSTRIES LIMITED,[in full dataset],Kolkata,,www.merinoindia.com,[in full dataset],Y,GENERAL INOAC RUBBER SDN BHD,[in full dataset],,24022.6,24022.6,Penang,Kolkata,Kolkata,1,1,30.03,EVER ACME,IMO6413281,SG,V516,549,YMLU,MBL,COSU953491564,MSCU389642599,BMOU3705050,40GP,TANK,HC,FCL,CY/CFS,Nippon Express,4518.06
68061000,6003202205000003272714,680610,8,"Slag wool, rock wool and similar mineral wools (including intermixtures thereof), in bulk, sheets or rolls",MARKS3257,China,India,India,9,2022,5,2022-05,2022-05-18,20220506,20220506,export,1,51024546,106834.54,kg,KG,"Huaxin Building Materials Group Co.,Ltd.",[in full dataset],Wuhan,,www.huaxincem.com,[in full dataset],Y,PRASHANT ENTERPRISES,[in full dataset],Sonipat,,,,N,"Huaxin Building Materials Group Co.,Ltd.",[in full dataset],,1058.1,1058.1,Shenzhen,Chennai,Sonipat,1,1,1.32,MSC GULSUN,IMO4878880,SG,V925,620,ZIMU,HBL,MSCU560001484,YMLU402347533,TGHU4764093,45HC,FLAT RACK,GP,FCL,CY/CFS,Nippon Express,95801.46
48103100,6003201810000000136176,481031,5,"Kraft paper and paperboard; uniformly bleached throughout, coated with inorganic substances, more than 95% of chemically processed wood fibres, weight 150g/m2 or less, for non-graphic purposes, in rolls or sheets",MARKS2744,Hungary,India,India,8,2018,10,2018-10,2018-10-22,20181019,20181019,export,1,394157,18845.42,kg,KG,Mediaworks Hungary Zrt.,[in full dataset],Budapest,,www.mediaworks.hu,[in full dataset],N,JAGRAN PRAKASHAN LIMITED,[in full dataset],Kanpur,,www.jplcorp.in,[in full dataset],Y,Mediaworks Hungary Zrt.,[in full dataset],,6498.4,6498.4,Koper (via SI),Tuticorin,Kanpur,1,1,8.12,MSC OSCAR,IMO2212833,MH,V933,544,HLCU,HBL,HLCU462485147,COSU667179742,FCIU8508773,40HC,REEFER,HC,FCL,CY/CFS,CEVA Logistics,17324.55
48193000,6003201807000004011297,481930,5,"Paper and paperboard; sacks and bags of paper, paperboard, cellulose wadding or fibres, having a base of a width of 40cm or more",MARKS7413,Canada,India,India,5,2018,7,2018-07,2018-07-06,20180705,20180705,export,1,19131386.41,277.23,kg,KG,Stanpac Inc,[in full dataset],Smithville,,www.stanpacnet.com,[in full dataset],Y,JK PAPER LIMITED,[in full dataset],New Delhi,,www.jkpaper.com,[in full dataset],Y,Stanpac Inc,[in full dataset],,6218,6218,"Vancouver, BC",Kolkata,New Delhi,1,1,7.77,MOL TRIUMPH,IMO5956355,PA,V435,884,CMDU,HBL,COSU627816127,EGLV915217494,BMOU5731445,20GP,FLAT RACK,RF,FCL,CY/CY,Bollore Logistics,262.94
15131100,6003201503000004399166,151311,6,"Vegetable oils; coconut (copra) oil and its fractions, crude, not chemically modified",MARKS6472,Malaysia,India,India,7,2015,3,2015-03,2015-03-17,20150314,20150314,export,1,242261037.63,13683.57,kg,KG,PACIFIC OILS & FATS INDUSTRIES SDN. BHD.,[in full dataset],Kulai,,www.pacificofats.com,[in full dataset],Y,NORTHERN FATS AND OILS PRIVATE LIMITED,[in full dataset],Chandigarh,,,,Y,PACIFIC OILS & FATS INDUSTRIES SDN. BHD.,[in full dataset],,1723.2,1723.2,Penang,"Mundra, Gujarat",Chandigarh,1,1,2.15,EVER GIVEN,IMO3694322,MH,V149,867,OOLU,MBL,CMDU831788407,HLCU521293325,TGHU6060636,45HC,REEFER,GP,LCL,CY/CY,CEVA Logistics,12315.79
68042210,6003202211000003231975,680422,8,"Millstones, grindstones, grinding wheels and the like; of other agglomerated abrasives or of ceramics",MARKS8529,China,India,India,8,2022,11,2022-11,2022-11-17,20221128,20221128,export,1,48836500,22780.79,kg,KG,"Jingdezhen Hesheng Industrial Investment Development Co.,Ltd.",[in full dataset],Jingdezhen,,www.jdzgz.com,[in full dataset],Y,ACC LIMITED,[in full dataset],Ahmedabad,,www.acclimited.com,[in full dataset],Y,"Jingdezhen Hesheng Industrial Investment Development Co.,Ltd.",[in full dataset],,858.6,858.6,Yingkou,Cochin,Ahmedabad,1,1,1.07,HYUNDAI LOYALTY,IMO8199716,PA,V373,740,ONEY,MBL,ONEY340224846,MSCU809508072,FCIU1758395,40HC,REEFER,RF,FCL,CY/CY,Nippon Express,19870.51
48109900,6003201810000003412644,481099,8,"Paper and paperboard; coated with inorganic substances only, whether or not surface-coloured, surface-decorated or printed, n.e.c. in heading no. 4810, in rolls or sheets",MARKS4860,Singapore,India,India,5,2018,10,2018-10,2018-10-16,20181020,20181020,export,1,14520433.3,1783.69,kg,KG,ST PAPER RESOURCES PTE LTD,[in full dataset],Singapore,,www.stpaper.com.sg,[in full dataset],Y,ITC LIMITED,[in full dataset],Kolkata,,www.itcportal.com,[in full dataset],N,ST PAPER RESOURCES PTE LTD,[in full dataset],,2127.5,2127.5,Singapore (PSA),Visakhapatnam,Kolkata,1,1,2.66,EVER ACME,IMO6654999,PA,V553,325,EGLV,MBL,YMLU365063497,MAEU442102642,TGHU2799030,40HC,DRY,GP,LCL,CFS/CFS,DB Schenker,1553.21
52105990,6003202506000001694862,521059,7,"Fabrics, woven; containing less than 85% by weight of cotton, mixed mainly or solely with man-made fibres, weighing 200g/m2 or less, printed, of weaves n.e.c. in item no. 5210.5",MARKS8538,Australia,India,India,9,2025,6,2025-06,2025-06-04,20250601,20250601,export,1,41833717.34,22531.29,kg,KG,COTTON ON FINANCE PTY LTD,[in full dataset],NORTH GEELONG,,www.cottonon.com.au,[in full dataset],Y,JAGATJIT COTTON TEXTILE MILLS LIMITED,[in full dataset],Phagwara,,,,Y,COTTON ON FINANCE PTY LTD,[in full dataset],,2049.5,2049.5,Sydney,Kandla,Phagwara,1,1,2.56,HYUNDAI LOYALTY,IMO9398484,SG,V878,649,MAEU,SWB,CMDU361546020,ONEY415201087,BMOU5346250,45HC,DRY,GP,FCL,CFS/CFS,Expeditors,19755.97
48169020,6003201801000006033564,481690,9,"Paper; carbon paper and other copying or transfer papers (other than those of heading no. 4809), n.e.c. in item no. 4816.20",MARKS8607,China,India,India,6,2018,1,2018-01,2018-01-17,20180128,20180128,export,1,42895714,4760.36,kg,KG,"Zhejiang Jinlong Recycled Resources Technology Co., Ltd.",[in full dataset],Quzhou,,www.jinlongpaper.cn,[in full dataset],Y,BILT GRAPHIC PAPER PRODUCTS LIMITED,[in full dataset],Gurugram,,www.bgppl.com,[in full dataset],N,"Zhejiang Jinlong Recycled Resources Technology Co., Ltd.",[in full dataset],,1183.9,1183.9,Guangzhou,"Nhava Sheva (JNPT), Mumbai",Gurugram,1,1,1.48,EVER ACME,IMO6167890,PA,V643,208,APLU,HBL,EGLV936962390,HLCU415003034,BMOU3780674,40HC,TANK,RF,LCL,CY/CFS,Expeditors,4451.21
,6003201705000006664828,440612,7,"Wood; railway or tramway sleepers (cross-ties), not impregnated, non-coniferous",MARKS5164,China,India,India,5,2017,5,2017-05,2017-05-01,20170512,20170512,export,1,27107770,7513.96,kg,KG,"Baishan Huafeng Wooden Product Co., Ltd",[in full dataset],Jilin,,,,Y,AUSTIN PLYWOOD PRIVATE LIMITED,[in full dataset],Kolkata,,www.austinpowerply.com,[in full dataset],Y,"Baishan Huafeng Wooden Product Co., Ltd",[in full dataset],,17166.2,17166.2,Ningbo-Zhoushan,Visakhapatnam,Kolkata,1,1,21.46,HYUNDAI LOYALTY,IMO8084244,SG,V753,619,APLU,HBL,MSCU684033415,YMLU932298623,TGHU1389197,40HC,FLAT RACK,GP,FCL,CY/CY,DHL Global Forwarding,6969.86
09082100,6003202010000001605053,090821,8,"Spices; mace, neither crushed nor ground",MARKS2660,Indonesia,India,India,5,2020,10,2020-10,2020-10-18,20201022,20201022,export,1,15964325.41,6698.56,kg,KG,PT PTPN IX KEBUN SEMUGIH MOGA PEMALANG (PERSERO),[in full dataset],Kabupaten Pemalang,,,,N,CCL PRODUCTS (INDIA) LIMITED,[in full dataset],Hyderabad,,www.cclproducts.com,[in full dataset],Y,PT PTPN IX KEBUN SEMUGIH MOGA PEMALANG (PERSERO),[in full dataset],,12804,12804,"Tanjung Priok, Jakarta",Kandla,Hyderabad,1,1,16,EVER GIVEN,IMO6776932,SG,V878,479,MAEU,SWB,ONEY331063994,MAEU313475379,BMOU3781898,45HC,FLAT RACK,RF,FCL,CY/CY,DHL Global Forwarding,6020.37
09093119,6003202008000001445390,090931,9,"Spices; cumin seeds, neither crushed nor ground",MARKS9292,Indonesia,India,India,9,2020,8,2020-08,2020-08-02,20200807,20200807,export,1,12403429.31,1188.32,kg,KG,CV KENDARI COFFEE HOUSE,[in full dataset],Kota Kendari,,,,Y,THE INDIAN COFFEE WORKERS CO-OPERATIVE SOCIETY LIMITED,[in full dataset],Mumbai,,,,Y,CV KENDARI COFFEE HOUSE,[in full dataset],,14548.7,14548.7,"Tanjung Priok, Jakarta",Kolkata,Mumbai,1,1,18.19,ONE APUS,IMO1259941,PA,V599,686,COSU,MBL,MSCU135598784,CMDU923271261,GESU8074378,40HC,OPEN TOP,GP,LCL,CY/CFS,Bollore Logistics,1116.06
52064200,6003202512000000720222,520642,8,"Cotton yarn; (not sewing thread), multiple or cabled, of combed fibres, less than 85% by weight of cotton, 714.28 to 232.56 decitex (15 to 43 metric number) per single yarn, not for retail sale",MARKS6063,Egypt,India,India,9,2025,12,2025-12,2025-12-21,20251226,20251226,export,1,7241323,4538.26,kg,KG,Arabia Cotton Ginning,[in full dataset],Cairo,,,,Y,GUJARAT STATE CO-OPERATIVE COTTON FEDERATION LIMITED,[in full dataset],Ahmedabad,,www.gujcot.co.in,[in full dataset],Y,Arabia Cotton Ginning,[in full dataset],,11893.9,11893.9,Port Said,Visakhapatnam,Ahmedabad,1,1,14.87,BARZAN,IMO5581268,LR,V518,171,YMLU,HBL,MSCU451970230,MSCU546959048,MSCU5426571,40HC,DRY,GP,FCL,CFS/CFS,Bollore Logistics,4189.22
48051900,6003201808000006563498,480519,8,"Paper and paperboard; uncoated, fluting paper other than semi-chemical or straw, rolls or sheets",MARKS2237,China,India,India,5,2018,8,2018-08,2018-08-23,20180824,20180824,export,1,52511111,2353.82,kg,KG,"Hangzhou Coco Healthcare Products Co., Ltd.",[in full dataset],Hangzhou,,www.cocohealthcare.com,[in full dataset],Y,S.S. ENTERPRISES,[in full dataset],Lucknow,,,,Y,"Hangzhou Coco Healthcare Products Co., Ltd.",[in full dataset],,3209.5,3209.5,Shanghai,Tuticorin,Lucknow,1,1,4.01,ONE APUS,IMO3715004,PA,V403,251,HLCU,MBL,MSCU192218661,COSU132978303,TGHU9855365,40GP,DRY,HC,FCL,CY/CFS,Yusen Logistics,2108.74
40169970,6003201912000003503878,401699,6,"Rubber; vulcanised (other than hard rubber), articles n.e.c. in heading no. 4016, of non-cellular rubber",MARKS6874,Malaysia,India,India,6,2019,12,2019-12,2019-12-14,20191214,20191214,export,1,12251616.86,56625.49,kg,KG,IOI CORPORATION BERHAD,[in full dataset],Putrajaya,,www.ioigroup.com,[in full dataset],Y,RELIANCE INDUSTRIES LIMITED,[in full dataset],Mumbai,,www.ril.com,[in full dataset],N,IOI CORPORATION BERHAD,[in full dataset],,16636.5,16636.5,Penang,Tuticorin,Mumbai,1,1,20.8,CSCL GLOBE,IMO8721754,MH,V380,847,OOLU,SWB,MSCU193798500,ONEY475197929,CAIU3977305,20GP,OPEN TOP,GP,LCL,CY/CFS,Yusen Logistics,50865.73
68030000,6003202207000003348300,680300,8,"Slate, worked; and articles of slate or of agglomerated slate",MARKS8363,China,India,India,5,2022,7,2022-07,2022-07-24,20220718,20220718,export,1,53546388,14655.44,kg,KG,FUJIAN YELLOW STONE FOOTWEAR CO LTD,[in full dataset],Putian,,,,Y,TEAMLEASE SERVICES LIMITED,[in full dataset],Bengaluru,,group.teamlease.com/,[in full dataset],Y,FUJIAN YELLOW STONE FOOTWEAR CO LTD,[in full dataset],,16912.4,16912.4,Yingkou,Chennai,Bengaluru,1,1,21.14,BARZAN,IMO3042490,PA,V440,82,HLCU,SWB,EGLV926230456,MAEU174676083,CAIU6858400,40GP,FLAT RACK,GP,FCL,CY/CFS,Nippon Express,13072.12
40092200,6003201906000003701498,400922,7,"Rubber; vulcanised (other than hard rubber), tubing, piping and hoses, reinforced or otherwise combined only with metal, with fittings",MARKS7705,United States,India,India,5,2019,6,2019-06,2019-06-08,20190612,20190612,export,1,13172741,13919.28,kg,KG,Brookdale Senior Living Inc.,[in full dataset],Brentwood,,www.brookdale.com,[in full dataset],Y,RELIANCE INDUSTRIES LIMITED,[in full dataset],Mumbai,,www.ril.com,[in full dataset],Y,Brookdale Senior Living Inc.,[in full dataset],,1152.8,1152.8,"Miami, FL",Cochin,Mumbai,1,1,1.44,EVER ACME,IMO4438795,LR,V520,683,OOLU,SWB,MAEU784509786,ONEY867871760,MSCU3576569,45HC,TANK,HC,LCL,CFS/CFS,DB Schenker,13100.07
70102000,6003202407000002144420,701020,8,"Glass; stoppers, lids and other closures",MARKS7837,Malaysia,India,India,5,2024,7,2024-07,2024-07-01,20240727,20240727,export,1,16427408.33,39090.5,kg,KG,AJIYA SAFETY GLASS SDN. BHD.,[in full dataset],Segamat,,www.ajiya.com,[in full dataset],N,PGP GLASS PRIVATE LIMITED,[in full dataset],Mumbai,,www.pgpfirst.com,[in full dataset],Y,AJIYA SAFETY GLASS SDN. BHD.,[in full dataset],,10416.3,10416.3,Penang,Cochin,Mumbai,1,1,13.02,MSC GULSUN,IMO4854763,PA,V969,111,CMDU,SWB,ONEY805591854,COSU818361438,GESU1192474,20GP,TANK,RF,FCL,CFS/CFS,Expeditors,35217.32
15171029,6003201510000004607518,151710,8,Margarine; excluding liquid margarine,MARKS7501,Indonesia,India,India,9,2015,10,2015-10,2015-10-26,20151014,20151014,export,1,350486499,59267.53,kg,KG,PT INNO-WANGSA OILS & FATS,[in full dataset],Kota Medan,,www.inno-wangsa.co.id,[in full dataset],N,INDIAN WAXES AND CHEMICALS,[in full dataset],Dharwad,,,,Y,PT INNO-WANGSA OILS & FATS,[in full dataset],,12419.8,12419.8,Belawan,Cochin,Dharwad,1,1,15.52,APL MEXICO CITY,IMO1218616,LR,V383,727,APLU,MBL,MAEU690321512,COSU824050425,TCLU7772150,40GP,OPEN TOP,RF,FCL,CY/CY,Expeditors,55194.84
25161200,6003202106000004606634,251612,7,"Granite; merely cut, by sawing or otherwise, into blocks or slabs of a rectangular (including square) shape",MARKS1954,Turkiye,India,India,7,2021,6,2021-06,2021-06-08,20210625,20210625,export,1,10573219,896.6,kg,KG,QUA GRANITE HAYAL YAPI VE URUNLERI SANAYI TICARET ANONIM SIRKETI,[in full dataset],Aydin,,www.qua.com.tr,[in full dataset],Y,J K WHITE CEMENT WORKS,[in full dataset],Jodhpur,,,,Y,QUA GRANITE HAYAL YAPI VE URUNLERI SANAYI TICARET ANONIM SIRKETI,[in full dataset],,14914.4,14914.4,Main Container Port,Chennai,Jodhpur,1,1,18.64,YM WARRANTY,IMO6993066,PA,V426,978,YMLU,MBL,HLCU583872460,COSU430403880,FCIU7832484,20GP,OPEN TOP,GP,LCL,CY/CY,Sinotrans,840.13
40121300,6003201909000003865957,401213,5,Retreaded tyres; of a kind used on aircraft,MARKS1592,United States,India,India,6,2019,9,2019-09,2019-09-23,20190910,20190910,export,1,13957884,57586.48,kg,KG,The Goodyear Tire & Rubber Company,[in full dataset],Akron,,www.goodyear.com,[in full dataset],Y,DCM SHRIRAM LIMITED,[in full dataset],Gurugram,,www.dcmshriram.com,[in full dataset],Y,The Goodyear Tire & Rubber Company,[in full dataset],,18072.7,18072.7,"New York/Newark, NJ","Nhava Sheva (JNPT), Mumbai",Gurugram,1,1,22.59,MSC OSCAR,IMO3756673,PA,V761,741,COSU,SWB,HLCU939540995,ONEY722336997,TGHU6567977,40HC,TANK,GP,FCL,CY/CY,Kuehne + Nagel,50871.02
70023200,6003202409000001994905,700232,8,"Glass; unworked, tubes, of glass having a linear coefficient of expansion not exceeding 5 x 10 (to the minus 6), (or 0.000005) per Kelvin within a temperature range of 0-300 degrees C",MARKS5683,Malaysia,India,India,5,2024,9,2024-09,2024-09-17,20240905,20240905,export,1,13414657.06,1267.26,kg,KG,MUAR GLASS HOLDINGS SDN BHD,[in full dataset],Muar,,,,Y,PGP GLASS PRIVATE LIMITED,[in full dataset],Mumbai,,www.pgpfirst.com,[in full dataset],N,MUAR GLASS HOLDINGS SDN BHD,[in full dataset],,14298.6,14298.6,Port Klang,"Nhava Sheva (JNPT), Mumbai",Mumbai,1,1,17.87,MOL TRIUMPH,IMO2216233,LR,V559,42,HLCU,MBL,MAEU586331493,COSU338240678,CAIU2852567,45HC,REEFER,HC,FCL,CFS/CFS,DHL Global Forwarding,1184.18
07141000,6003202603000001194561,071410,6,"Vegetable roots and tubers; manioc (cassava), with high starch or inulin content, fresh, chilled, frozen or dried, whether or not sliced or in the form of pellets",MARKS9880,Canada,India,India,6,2026,3,2026-03,2026-03-26,20260311,20260311,export,1,81233737.75,1942.32,kg,KG,Veg-Pak Produce Limited,[in full dataset],Etobicoke,,www.vegpakproduce.com,[in full dataset],Y,PBS OIL INDUSTRIES PRIVATE LIMITED,[in full dataset],Dhamtari,,www.pbsoil.com,[in full dataset],Y,Veg-Pak Produce Limited,[in full dataset],,3452,3452,"Prince Rupert, BC",Kolkata,Dhamtari,1,1,4.32,YM WARRANTY,IMO5440186,PA,V533,274,HLCU,SWB,EGLV120318697,MAEU773834232,CAIU9126389,40GP,DRY,GP,LCL,CFS/CFS,DSV,1773.01
48183000,6003201804000002225246,481830,7,"Paper articles; tablecloths and serviettes, of paper, cellulose wadding or fibres",MARKS8403,Germany,India,India,8,2018,4,2018-04,2018-04-07,20180414,20180414,export,1,8314810.42,8626.63,kg,KG,Sutton Verlag GmbH,[in full dataset],München,,www.verlagshaus24.com,[in full dataset],Y,J P TOBACCO PRODUCTS PRIVATE LIMITED,[in full dataset],Damoh,,,,Y,Sutton Verlag GmbH,[in full dataset],,4635.9,4635.9,Wilhelmshaven,"Nhava Sheva (JNPT), Mumbai",Damoh,1,1,5.79,ONE APUS,IMO2534034,LR,V783,108,ONEY,SWB,CMDU482824682,MSCU144799862,FCIU6747582,45HC,OPEN TOP,GP,FCL,CY/CFS,Kuehne + Nagel,7607.54
15161000,6003201509000004512288,151610,5,"Animal fats and oils and their fractions; partly or wholly hydrogenated, inter-esterified, re-esterified or elaidinised, whether or not refined, but not further prepared",MARKS8758,Indonesia,India,India,5,2015,9,2015-09,2015-09-08,20150917,20150917,export,1,292584194,22685.94,kg,KG,PT INNO-WANGSA OILS & FATS,[in full dataset],Kota Medan,,www.inno-wangsa.co.id,[in full dataset],Y,HINDUSTAN VEGETABLE OILS CORPORATION LIMITED,[in full dataset],Bengaluru,,,,Y,PT INNO-WANGSA OILS & FATS,[in full dataset],,24838,24838,Makassar,Cochin,Bengaluru,1,1,31.05,COSCO UNIVERSE,IMO9228345,PA,V283,191,COSU,SWB,ONEY239613624,ONEY269719928,TCLU4624460,40HC,OPEN TOP,HC,FCL,CY/CY,Expeditors,20676.97
25202010,6003202101000001630447,252020,7,"Plasters; (consisting of calcined gypsum or calcium sulphate), whether or not coloured, with or without small quantities of accelerators or retarders",MARKS8727,United Kingdom,India,India,7,2021,1,2021-01,2021-01-23,20210103,20210103,export,1,2496491.79,655.92,kg,KG,KAZ MINERALS INVESTMENTS LIMITED,[in full dataset],LONDON,,www.kazminerals.com,[in full dataset],Y,ULTRATECH CEMENT LIMITED,[in full dataset],Mumbai,,www.ultratechcement.com,[in full dataset],Y,KAZ MINERALS INVESTMENTS LIMITED,[in full dataset],,12899.1,12899.1,Liverpool,Cochin,Mumbai,1,1,16.12,ONE APUS,IMO7733204,SG,V175,245,HLCU,SWB,MAEU945509842,MAEU237138951,TGHU2108625,20GP,DRY,HC,FCL,CFS/CFS,Sinotrans,574.3
15220020,6003201511000004453294,152200,9,Degras; residues resulting from the treatment of fatty substances or animal or vegetable waxes,MARKS5190,Indonesia,India,India,6,2015,11,2015-11,2015-11-04,20151115,20151115,export,1,258907351,20466.87,kg,KG,PT INNO - WANGSA OILS & FATS,[in full dataset],Kota Medan,,,,Y,OTHER ANIMAL FATS AND OIL,[in full dataset],Hathras,,,,Y,PT INNO - WANGSA OILS & FATS,[in full dataset],,14597.1,14597.1,Belawan,"Nhava Sheva (JNPT), Mumbai",Hathras,1,1,18.25,MSC OSCAR,IMO2358088,SG,V406,238,HMMU,MBL,HLCU613092145,MSCU954063768,GESU3832301,20GP,OPEN TOP,RF,FCL,CY/CFS,Expeditors,18585.23
48054000,6003201811000000612257,480540,6,"Paper and paperboard; filter paper and paperboard, uncoated, in rolls or sheets",MARKS7994,United Kingdom,India,India,6,2018,11,2018-11,2018-11-25,20181103,20181103,export,1,1763781.22,5087.69,kg,KG,RECKITT BENCKISER GROUP PLC,[in full dataset],SLOUGH,,www.reckitt.com,[in full dataset],Y,TAMILNADU NEWSPRINT & PAPERS LIMITED,[in full dataset],Chennai,,www.tnpl.com,[in full dataset],Y,RECKITT BENCKISER GROUP PLC,[in full dataset],,12140.4,12140.4,London Gateway,Visakhapatnam,Chennai,1,1,15.18,MSC GULSUN,IMO4255589,LR,V344,447,OOLU,HBL,MAEU881109966,MSCU458150504,TCLU9049975,40HC,OPEN TOP,GP,LCL,CFS/CFS,Sinotrans,4466.56
,6003202405000005576503,701966,9,Glass fibres; open woven fabrics of a width exceeding 30cm,MARKS7153,China,India,India,8,2024,5,2024-05,2024-05-10,20240521,20240521,export,1,143905744,4044.05,kg,KG,"Tianjin CSG Energy-saving Glass Co., Ltd.",[in full dataset],Tianjin,,www.tianjinnanbo.com,[in full dataset],Y,NATIONAL PHYSICAL LABORATORY,[in full dataset],New Delhi,,www.nplindia.org,[in full dataset],N,"Tianjin CSG Energy-saving Glass Co., Ltd.",[in full dataset],,15824.7,15824.7,Tianjin,Tuticorin,New Delhi,1,1,19.78,BARZAN,IMO8480282,MH,V428,692,COSU,SWB,CMDU455362018,YMLU142472544,TGHU3847466,40HC,REEFER,GP,FCL,CFS/CFS,Nippon Express,3652.18
52063500,6003202511000002395875,520635,8,"Cotton yarn; (not sewing thread), multiple or cabled, of uncombed fibres, less than 85% by weight of cotton, less than 125 decitex (exceeding 80 metric number) per single yarn, not for retail sale",MARKS1885,Brazil,India,India,7,2025,11,2025-11,2025-11-24,20251119,20251119,export,1,135626982,8628.35,kg,KG,COTTON STAR INDUSTRIAL LTDA,[in full dataset],BLUMENAU,,,,Y,OSWAL COTTON SPINNING & WEAVING MILLS LIMITED,[in full dataset],Ludhiana,,,,Y,COTTON STAR INDUSTRIAL LTDA,[in full dataset],,11667.8,11667.8,Itajai,Cochin,Ludhiana,1,1,14.58,OOCL HONG KONG,IMO5840517,PA,V392,926,HMMU,SWB,YMLU488263712,COSU900002359,FCIU3376342,40GP,DRY,GP,FCL,CY/CFS,Expeditors,7655.01
69049000,6003202307000000950494,690490,7,"Ceramic flooring blocks, supports or filler tiles and the like (excluding building bricks)",MARKS6119,Germany,India,India,9,2023,7,2023-07,2023-07-01,20230716,20230716,export,1,6777813.28,29769.01,kg,KG,Visable GmbH,[in full dataset],Hamburg,,www.visable.com,[in full dataset],Y,KAJARIA CERAMICS LIMITED,[in full dataset],Gurugram,,www.kajariaceramics.com,[in full dataset],Y,Visable GmbH,[in full dataset],,19852.9,19852.9,Hamburg,Visakhapatnam,Gurugram,1,1,24.82,CSCL GLOBE,IMO7466984,MH,V606,243,MSCU,MBL,EGLV189069261,MSCU758883010,CAIU2215652,45HC,TANK,RF,FCL,CY/CY,Kuehne + Nagel,28030.55
48193000,6003201811000004484862,481930,9,"Paper and paperboard; sacks and bags of paper, paperboard, cellulose wadding or fibres, having a base of a width of 40cm or more",MARKS4802,Indonesia,India,India,9,2018,11,2018-11,2018-11-05,20181112,20181112,export,1,23010421.94,220.11,kg,KG,PT PINDO DELI PULP AND PAPER MILLS,[in full dataset],Kabupaten Karawang,,www.app.co.id,[in full dataset],Y,N R AGARWAL INDUSTRIES LIMITED,[in full dataset],Mumbai,,www.nrail.com,[in full dataset],N,PT PINDO DELI PULP AND PAPER MILLS,[in full dataset],,24418.8,24418.8,"Tanjung Priok, Jakarta",Kandla,Mumbai,1,1,30.52,BARZAN,IMO1662825,MH,V384,622,ZIMU,SWB,HLCU926941574,COSU886389775,MSCU5973981,20GP,REEFER,RF,FCL,CY/CFS,DHL Global Forwarding,200
,6003202410000005802621,701914,7,"Glass fibres; (including glass wool), mechanically bonded mats",MARKS7695,China,India,India,6,2024,10,2024-10,2024-10-17,20241016,20241016,export,1,164928183,229711.43,kg,KG,"FUYAO GLASS INDUSTRY GROUP CO., LTD.",[in full dataset],Fuqing,,www.fuyaogroup.com,[in full dataset],N,SAKTHI SAI SAFETY GLASS INDIA,[in full dataset],Chennai,,,,Y,"FUYAO GLASS INDUSTRY GROUP CO., LTD.",[in full dataset],,21264.5,21264.5,Xiamen,Kolkata,Chennai,1,1,26.58,EVER GIVEN,IMO3970989,MH,V206,648,HMMU,MBL,COSU766678810,MSCU715076997,BMOU2764375,40HC,FLAT RACK,RF,FCL,CFS/CFS,DB Schenker,205871.34
70071900,6003202406000005884822,700719,5,"Glass; safety glass, toughened (tempered), (not of a size and shape suitable for incorporation in vehicles, aircraft, spacecraft or vessels)",MARKS2460,China,India,India,5,2024,6,2024-06,2024-06-23,20240625,20240625,export,1,173931888,219.22,kg,KG,Hubei Dangyang Glass Plant,[in full dataset],Dangyang,,,,Y,PGP GLASS PRIVATE LIMITED,[in full dataset],Mumbai,,www.pgpfirst.com,[in full dataset],N,Hubei Dangyang Glass Plant,[in full dataset],,18489.1,18489.1,Xiamen,Kandla,Mumbai,1,1,23.11,CSCL GLOBE,IMO4413122,SG,V704,789,ZIMU,SWB,EGLV783136570,YMLU594361437,CAIU2169933,45HC,TANK,GP,FCL,CY/CFS,DSV,200
44013100,6003201710000000087844,440131,8,"Wood; for fuel, sawdust and wood waste and scrap, agglomerated in wood pellets",MARKS2752,Australia,India,India,9,2017,10,2017-10,2017-10-22,20171008,20171008,export,1,149349.34,6571.09,kg,KG,AKD TIMBER TRADING PTY LTD,[in full dataset],COLAC,,www.akd.com.au,[in full dataset],Y,NEW MYSURU SILK UDYOG AND CAUVERY HANDICRAFT EMPORIUM COORG SPICES KENDRA,[in full dataset],Kodagu,,,,Y,AKD TIMBER TRADING PTY LTD,[in full dataset],,11694.3,11694.3,Sydney,Chennai,Kodagu,1,1,14.62,MSC OSCAR,IMO3007081,SG,V728,764,YMLU,SWB,MAEU416478560,MAEU161255057,CAIU1460196,45HC,OPEN TOP,RF,FCL,CY/CY,Sinotrans,6061.6
40121200,6003201908000004522699,401212,9,Retreaded tyres; of a kind used on motor buses or lorries,MARKS5378,Japan,India,India,7,2019,8,2019-08,2019-08-02,20190816,20190816,export,1,17291187.67,8704.2,kg,KG,"AUTOBACS SEVEN CO., LTD.",[in full dataset],KOTO-KU,,www.autobacs.co.jp/,[in full dataset],Y,RELIANCE INDUSTRIES LIMITED,[in full dataset],Mumbai,,www.ril.com,[in full dataset],N,"AUTOBACS SEVEN CO., LTD.",[in full dataset],,9075.6,9075.6,Yokohama,"Mundra, Gujarat",Mumbai,1,1,11.34,EVER GIVEN,IMO3707565,SG,V645,52,OOLU,MBL,YMLU288596467,MAEU557551771,TGHU5249355,40GP,TANK,HC,FCL,CY/CFS,Sinotrans,7864
44079500,6003201703000007459511,440795,5,"Wood; ash (Fraxinus spp.), sawn or chipped lengthwise, sliced or peeled, whether or not planed, sanded or finger-jointed, thicker than 6mm",MARKS7813,Malaysia,India,India,7,2017,3,2017-03,2017-03-02,20170320,20170320,export,1,32738703.43,3461.72,kg,KG,JID FU PLYWOOD SDN. BHD.,[in full dataset],Sandakan,,,,N,CENTURY PLYBOARDS (INDIA) LIMITED,[in full dataset],Kolkata,,www.centuryply.com,[in full dataset],N,JID FU PLYWOOD SDN. BHD.,[in full dataset],,22938.2,22938.2,Port Klang,Visakhapatnam,Kolkata,1,1,28.67,CMA CGM JULES VERNE,IMO8407106,PA,V457,782,MAEU,SWB,COSU125967968,CMDU981996993,BMOU9520917,20GP,DRY,HC,LCL,CY/CY,DB Schenker,3206.64
08031090,6003201609000011042916,080310,9,"Fruit, edible; plantains, fresh or dried",MARKS2419,United States,India,India,6,2016,9,2016-09,2016-09-02,20160917,20160917,export,1,102668115,2489.8,kg,KG,"McCormick & Company, Incorporated",[in full dataset],Hunt Valley,,www.mccormickcorporation.com,[in full dataset],N,HALDI RAM PRODUCTS PRIVATE LIMITED,[in full dataset],Noida,,www.haldiramsonline.com,[in full dataset],N,"McCormick & Company, Incorporated",[in full dataset],,16293.4,16293.4,"Los Angeles, CA","Mundra, Gujarat",Noida,1,1,20.37,APL MEXICO CITY,IMO7804675,LR,V660,90,HMMU,MBL,EGLV743501599,YMLU407217445,MSCU3903871,40GP,FLAT RACK,GP,FCL,CY/CY,Yusen Logistics,2354.09
70072110,6003202410000005798124,700721,7,"Glass; safety glass, laminated, of size and shape suitable for incorporation in vehicles, aircraft, spacecraft or vessels",MARKS5464,China,India,India,5,2024,10,2024-10,2024-10-19,20241004,20241004,export,1,164928183,7408.37,kg,KG,"Sichuan Zhongke Glass Co., Ltd.",[in full dataset],Luzhou,,www.sczkbl.com,[in full dataset],Y,HARYANA SHEET GLASS LIMITED,[in full dataset],New Delhi,,www.hsglindia.com,[in full dataset],Y,"Sichuan Zhongke Glass Co., Ltd.",[in full dataset],,1236.2,1236.2,Dalian,Chennai,New Delhi,1,1,1.55,BARZAN,IMO2972078,SG,V664,144,MSCU,MBL,HLCU497696613,HLCU547991575,CAIU3629449,45HC,FLAT RACK,GP,FCL,CY/CY,Yusen Logistics,6984.89
40139030,6003201907000008123604,401390,6,"Rubber; inner tubes, n.e.c. in heading no. 4013",MARKS9956,Indonesia,India,India,8,2019,7,2019-07,2019-07-27,20190726,20190726,export,1,49144178.77,2376.3,kg,KG,V-TECH,[in full dataset],Kota Palembang,,,,N,RELIANCE INDUSTRIES LIMITED,[in full dataset],Mumbai,,www.ril.com,[in full dataset],Y,V-TECH,[in full dataset],,10304.4,10304.4,Makassar,"Nhava Sheva (JNPT), Mumbai",Mumbai,1,1,12.88,MSC GULSUN,IMO9082085,LR,V855,22,ZIMU,MBL,YMLU638004432,COSU307961762,BMOU3041603,45HC,REEFER,GP,FCL,CY/CY,Sinotrans,2116.96
68118100,6003202211000003233122,681181,8,"Cellulose fibre-cement; articles or the like; corrugated sheets, not containing asbestos",MARKS1197,China,India,India,7,2022,11,2022-11,2022-11-22,20221106,20221106,export,1,48836500,477.11,kg,KG,"Hubei Mingwang Food Co.,ltd.",[in full dataset],Xiantao,,,,Y,BG ADVISORS,[in full dataset],Chandigarh,,,,Y,"Hubei Mingwang Food Co.,ltd.",[in full dataset],,1677.4,1677.4,Tianjin,Kolkata,Chandigarh,1,1,2.1,COSCO UNIVERSE,IMO7088610,LR,V255,905,HLCU,HBL,EGLV942784434,ONEY385233815,FCIU9057318,45HC,OPEN TOP,RF,LCL,CY/CY,Nippon Express,429.67
25251030,6003202101000000429688,252510,9,Mica; crude and rifted into sheets or splittings,MARKS5125,Germany,India,India,5,2021,1,2021-01,2021-01-10,20210105,20210105,export,1,571061.15,1090.57,kg,KG,Quartz Healthcare Germany GmbH,[in full dataset],Regensburg,,www.quartz-healthcare.de,[in full dataset],Y,AMBUJA CEMENTS LIMITED,[in full dataset],Mumbai,,www.ambujacement.com,[in full dataset],Y,Quartz Healthcare Germany GmbH,[in full dataset],,18863.2,18863.2,Wilhelmshaven,Kandla,Mumbai,1,1,23.58,HYUNDAI LOYALTY,IMO2480284,MH,V875,707,COSU,SWB,COSU320066155,YMLU164555487,MSCU1242442,45HC,TANK,HC,LCL,CY/CFS,Sinotrans,1014.1
69022050,6003202305000003144519,690220,7,"Refractory bricks, blocks, tiles and similar refractory ceramic constructional goods; containing by weight more than 50% of alumina (Al2o3), of silica (SiO2) or of a mixture or compound of these",MARKS3410,China,India,India,8,2023,5,2023-05,2023-05-20,20230501,20230501,export,1,60571265,4675.62,kg,KG,"Vesuvius Advanced Ceramics (China) Co., Ltd.",[in full dataset],Suzhou,,www.vesuvius.com,[in full dataset],Y,KHAN BRICKS UDYOG,[in full dataset],Jhunjhunu,,,,Y,"Vesuvius Advanced Ceramics (China) Co., Ltd.",[in full dataset],,6522.4,6522.4,Guangzhou,"Mundra, Gujarat",Jhunjhunu,1,1,8.15,APL MEXICO CITY,IMO3033613,MH,V729,162,EGLV,MBL,EGLV264876174,MAEU733894770,TCLU4145575,20GP,DRY,HC,FCL,CY/CY,DB Schenker,4366.49
07011000,6003202602000001362740,070110,9,"Vegetables; seed potatoes, fresh or chilled",MARKS4018,Australia,India,India,7,2026,2,2026-02,2026-02-14,20260225,20260225,export,1,138496072.64,4024.66,kg,KG,FLAVORITE HYDROPONIC TOMATOES PTY LTD,[in full dataset],Warragul,,www.flavorite.com.au,[in full dataset],Y,AJANTA SOYA LIMITED,[in full dataset],New Delhi,,www.ajantasoya.com,[in full dataset],Y,FLAVORITE HYDROPONIC TOMATOES PTY LTD,[in full dataset],,11577.5,11577.5,Melbourne,Kandla,New Delhi,1,1,14.47,MADRID MAERSK,IMO4180892,PA,V640,740,ONEY,SWB,MAEU415459090,MAEU625712607,TGHU5428831,40HC,REEFER,RF,FCL,CY/CY,Kuehne + Nagel,3684.46
07123200,6003202601000000900420,071232,9,"Vegetables; wood ears (Auricularia spp), whole, cut, sliced, broken or in powder but not further prepared, dried",MARKS2651,Canada,India,India,9,2026,1,2026-01,2026-01-18,20260121,20260121,export,1,38831121.49,2576.68,kg,KG,Jak Music Production Limited,[in full dataset],Toronto,,,,Y,BALGOPAL FOOD PRODUCTS PRIVATE LIMITED,[in full dataset],Bargarh,,www.balgopalfood.com,[in full dataset],Y,Jak Music Production Limited,[in full dataset],,9243.6,9243.6,"Montreal, QC","Mundra, Gujarat",Bargarh,1,1,11.55,OOCL HONG KONG,IMO3051631,SG,V622,826,ZIMU,MBL,COSU363977376,CMDU799848986,MSCU6864003,45HC,OPEN TOP,GP,LCL,CY/CY,Sinotrans,2301.32
09072000,6003202009000000355939,090720,6,"Spices; cloves (whole fruit, cloves and stems), crushed or ground",MARKS3235,Italy,India,India,5,2020,9,2020-09,2020-09-01,20200913,20200913,export,1,1701622.36,8421.61,kg,KG,T.CORPORATION SRL,[in full dataset],NAPOLI,,www.caffetoraldo.it,[in full dataset],Y,COTHAS COFFEE CO,[in full dataset],Bengaluru Rural,,www.cothas.com,[in full dataset],Y,T.CORPORATION SRL,[in full dataset],,13054.5,13054.5,La Spezia,Kolkata,Bengaluru Rural,1,1,16.32,COSCO UNIVERSE,IMO2543032,LR,V309,986,CMDU,HBL,ONEY184843109,ONEY606150598,GESU1476925,45HC,OPEN TOP,RF,LCL,CY/CY,DB Schenker,7671.77
44072800,6003201708000007251632,440728,8,"Wood, tropical; iroko, sawn or chipped lengthwise, sliced or peeled, whether or not planed, sanded or finger-jointed, thicker than 6mm",MARKS1585,Malaysia,India,India,8,2017,8,2017-08,2017-08-12,20170826,20170826,export,1,31009113.59,1583.96,kg,KG,UNITED PLYWOOD & SAWMILLS SDN BHD,[in full dataset],Kuala Lumpur,,,,N,MYL GLASS & PLYWOOD HOUSE,[in full dataset],Erode,,,,Y,UNITED PLYWOOD & SAWMILLS SDN BHD,[in full dataset],,10422.3,10422.3,Tanjung Pelepas,Kolkata,Erode,1,1,13.03,MSC OSCAR,IMO9995261,MH,V333,316,YMLU,MBL,COSU536167583,ONEY128122588,TCLU9578464,20GP,DRY,GP,FCL,CFS/CFS,Expeditors,1392.5
69059000,6003202302000002219220,690590,5,"Ceramic chimney-pots, cowls, chimney liners, architectural ornaments and other constructional goods (excluding roofing tiles)",MARKS3530,China,India,India,5,2023,2,2023-02,2023-02-10,20230204,20230204,export,1,28843108,35848.55,kg,KG,"Wenzhou Hongli Machinery Co., Ltd.",[in full dataset],Wenzhou,,www.chinatianchi.com,[in full dataset],N,GLOBAL CERAMICS PRIVATE LIMITED,[in full dataset],Delhi,,www.glocera.com,[in full dataset],Y,"Wenzhou Hongli Machinery Co., Ltd.",[in full dataset],,5831,5831,Tianjin,Chennai,Delhi,1,1,7.29,MADRID MAERSK,IMO6918469,MH,V562,14,MAEU,SWB,YMLU769121299,MAEU712321322,GESU5486464,40HC,OPEN TOP,GP,FCL,CFS/CFS,Yusen Logistics,31869.68
44079300,6003201711000007336119,440793,7,"Wood; maple (Acer spp.), sawn or chipped lengthwise, sliced or peeled, whether or not planed, sanded or finger-jointed, thicker than 6mm",MARKS8507,Malaysia,India,India,7,2017,11,2017-11,2017-11-10,20171104,20171104,export,1,31537754.49,313.89,kg,KG,POH YAP SVC CENTRE,[in full dataset],Kuala Lumpur,,,,Y,GREENPANEL INDUSTRIES LIMITED,[in full dataset],Kolkata,,www.greenpanel.com,[in full dataset],Y,POH YAP SVC CENTRE,[in full dataset],,20402.7,20402.7,Penang,Visakhapatnam,Kolkata,1,1,25.5,HYUNDAI LOYALTY,IMO1735080,SG,V793,80,CMDU,HBL,HLCU158015175,MAEU397769553,TCLU6187899,40GP,DRY,RF,LCL,CFS/CFS,Yusen Logistics,289.91
44072910,6003201703000003555142,440729,7,"Wood, tropical, n.e.c. in item no. 4407.2, sawn or chipped lengthwise, sliced or peeled, whether or not planed, sanded or finger-jointed, of a thickness exceeding 6mm",MARKS1210,Indonesia,India,India,9,2017,3,2017-03,2017-03-08,20170310,20170310,export,1,10349541.86,3637.56,kg,KG,PT TUNGGAL YUDI SAWMILL PLYWOOD,[in full dataset],Kota Administrasi Jakarta Barat,,,,Y,SHREE LAXMI TIMBER TRADERS & SAW MILLS,[in full dataset],East Singhbhum,,,,Y,PT TUNGGAL YUDI SAWMILL PLYWOOD,[in full dataset],,17739.6,17739.6,"Tanjung Priok, Jakarta",Kolkata,East Singhbhum,1,1,22.17,CSCL GLOBE,IMO3602854,SG,V747,408,EGLV,SWB,EGLV943408280,CMDU673972276,MSCU5201448,20GP,FLAT RACK,HC,FCL,CFS/CFS,Bollore Logistics,3415.2
52084320,6003202510000002331348,520843,9,"Fabrics, woven; containing 85% or more by weight of cotton, of yarns of different colours, 3-thread or 4-thread twill, including cross twill, weighing not more than 200g/m2",MARKS3212,Australia,India,India,9,2025,10,2025-10,2025-10-19,20251024,20251024,export,1,125654453.03,10524.21,kg,KG,COTTON ON FINANCE PTY LTD,[in full dataset],NORTH GEELONG,,www.cottonon.com.au,[in full dataset],Y,COTTON BLOSSOM INDIAPRIVATE LIMITED,[in full dataset],Tirupur,,www.cotonblossom.org,[in full dataset],Y,COTTON ON FINANCE PTY LTD,[in full dataset],,1669.9,1669.9,Sydney,Kolkata,Tirupur,1,1,2.09,MAERSK MOLLER,IMO8453988,MH,V476,156,MSCU,HBL,HLCU536586420,CMDU576274007,TCLU4742208,45HC,OPEN TOP,GP,FCL,CFS/CFS,Nippon Express,9224.96
08083000,6003201609000011041632,080830,7,"Fruit, edible; pears, fresh",MARKS6318,United States,India,India,7,2016,9,2016-09,2016-09-24,20160912,20160912,export,1,102668115,21218.78,kg,KG,"Tyson Foods, Inc.",[in full dataset],Springdale,,www.tysonfoods.com,[in full dataset],Y,MUMBAI KAMGAR MADHYAWARTI GRAHAK SAHAKARI MANDAL LIMITED,[in full dataset],Mumbai,,www.apnabazar.co.in,[in full dataset],N,"Tyson Foods, Inc.",[in full dataset],,5123.5,5123.5,"Miami, FL",Cochin,Mumbai,1,1,6.4,EVER GIVEN,IMO6046878,MH,V260,784,ONEY,MBL,YMLU690088056,EGLV869768650,TGHU1992551,20GP,DRY,HC,FCL,CY/CFS,Kuehne + Nagel,20193.32
40103690,6003201906000006451794,401036,7,"Rubber; vulcanised, endless synchronous belts, of an outside circumference exceeding 150 cm but not exceeding 198 cm",MARKS3809,Thailand,India,India,7,2019,6,2019-06,2019-06-15,20190613,20190613,export,1,30160854.27,61128.49,kg,KG,INTERNATIONAL RUBBER PARTS COMPANY LIMITED,[in full dataset],BANG KHUN THIAN,,www.interrubberparts.com,[in full dataset],Y,RSWM LIMITED,[in full dataset],Noida,,www.rswm.in,[in full dataset],Y,INTERNATIONAL RUBBER PARTS COMPANY LIMITED,[in full dataset],,22814.9,22814.9,Bangkok,"Mundra, Gujarat",Noida,1,1,28.52,EVER ACME,IMO1386025,LR,V628,607,ONEY,HBL,EGLV959460236,ONEY959999141,BMOU1616543,20GP,FLAT RACK,HC,FCL,CFS/CFS,Nippon Express,55901.23
08055000,6003201610000009739491,080550,8,"Fruit, edible; lemons (Citrus limon, Citrus limonum), limes (Citrus aurantifolia, Citrus latifolia), fresh or dried",MARKS6008,United States,India,India,6,2016,10,2016-10,2016-10-13,20161025,20161025,export,1,72234607,217.84,kg,KG,"PNW Veg Co., LLC",[in full dataset],Salem,,www.norpac.com,[in full dataset],Y,PRATAAP SNACKS LIMITED,[in full dataset],New Delhi,,www.yellowdiamond.in,[in full dataset],Y,"PNW Veg Co., LLC",[in full dataset],,10155.6,10155.6,"Norfolk, VA","Mundra, Gujarat",New Delhi,1,1,12.69,APL MEXICO CITY,IMO7252158,PA,V723,574,CMDU,HBL,EGLV588676559,COSU463556571,TCLU2437273,40GP,TANK,GP,LCL,CY/CFS,Nippon Express,200
52081250,6003202510000002205285,520812,8,"Fabrics, woven; containing 85% or more by weight of cotton, unbleached, plain weave, weighing more than 100g/m2 but not more than 200g/m2",MARKS8967,Brazil,India,India,7,2025,10,2025-10,2025-10-06,20251017,20251017,export,1,110986790,3787.13,kg,KG,COTTON STAR INDUSTRIAL LTDA,[in full dataset],BLUMENAU,,,,N,BEST COTTON MILLS PRIVATE LIMITED,[in full dataset],Tirupur,,bestcorp.in,[in full dataset],N,COTTON STAR INDUSTRIAL LTDA,[in full dataset],,7954.9,7954.9,Paranagua,Visakhapatnam,Tirupur,1,1,9.94,CMA CGM JULES VERNE,IMO9153327,SG,V386,501,HLCU,HBL,HLCU139239494,HLCU140577369,CAIU1740494,45HC,FLAT RACK,GP,LCL,CY/CFS,Nippon Express,3530.54
52054620,6003202506000001695284,520546,7,"Cotton yarn; (not sewing thread), multiple or cabled, of combed fibres, 85% or more by weight of cotton, 124 to 106.38 decitex (81 to 94 metric number) per single yarn, not for retail sale",MARKS4719,Australia,India,India,7,2025,6,2025-06,2025-06-15,20250603,20250603,export,1,41833717.34,4628.96,kg,KG,COTTON ON FINANCE PTY LTD,[in full dataset],NORTH GEELONG,,www.cottonon.com.au,[in full dataset],Y,THE RAJLAKSHMI COTTON MILLS PRIVATE LIMITED,[in full dataset],Kolkata,,www.rcm-organic.com,[in full dataset],Y,COTTON ON FINANCE PTY LTD,[in full dataset],,870.1,870.1,Fremantle,Chennai,Kolkata,1,1,1.09,MSC OSCAR,IMO8520567,LR,V301,882,COSU,MBL,EGLV847533961,CMDU217620709,TCLU7237589,40HC,REEFER,HC,FCL,CFS/CFS,Nippon Express,4377.15
,6003201703000007460699,441919,9,"Tableware and kitchenware, of wood; of bamboo, n.e.c. in heading 4419",MARKS9859,Malaysia,India,India,8,2017,3,2017-03,2017-03-01,20170325,20170325,export,1,32738703.43,8922.53,kg,KG,HWA SEN VENEER & PLYWOOD INDUSTRIES SENDIRIAN BHD,[in full dataset],Sibu,,,,Y,GREENPLY INDUSTRIES LIMITED,[in full dataset],Kolkata,,www.greenply.com,[in full dataset],Y,HWA SEN VENEER & PLYWOOD INDUSTRIES SENDIRIAN BHD,[in full dataset],,855.5,855.5,Port Klang,Tuticorin,Kolkata,1,1,1.07,YM WARRANTY,IMO1459298,SG,V691,342,CMDU,MBL,EGLV209983515,CMDU706081274,MSCU9253168,40GP,FLAT RACK,RF,FCL,CFS/CFS,Sinotrans,8432.55
40161000,6003201908000006334335,401610,8,"Rubber; vulcanised (other than hard rubber), moulded rubber mats and mats of non-rectangular shape made by cutting from the piece, of cellular rubber",MARKS6891,Indonesia,India,India,5,2019,8,2019-08,2019-08-02,20190806,20190806,export,1,28886311.47,74905.78,kg,KG,PT TOLAN TIGA INDONESIA,[in full dataset],Kota Medan,,www.sipef.com,[in full dataset],N,MERINO INDUSTRIES LIMITED,[in full dataset],Kolkata,,www.merinoindia.com,[in full dataset],Y,PT TOLAN TIGA INDONESIA,[in full dataset],,22922.1,22922.1,"Tanjung Perak, Surabaya",Chennai,Kolkata,1,1,28.65,ONE APUS,IMO2979889,PA,V558,53,HLCU,HBL,EGLV193534611,YMLU353999720,TCLU6217742,20GP,DRY,RF,FCL,CY/CFS,Sinotrans,68596.35
15153090,6003201503000004529566,151530,5,"Vegetable oils; castor oil and its fractions, whether or not refined, but not chemically modified",MARKS2380,Indonesia,India,India,5,2015,3,2015-03,2015-03-23,20150311,20150311,export,1,298757106,8070.14,kg,KG,PT SUMBER TANI AGUNG OILS AND FATS,[in full dataset],Kota Administrasi Jakarta Selatan,,,,N,HINDUSTAN VEGETABLE OILS CORPORATION LIMITED,[in full dataset],New Delhi,,,,Y,PT SUMBER TANI AGUNG OILS AND FATS,[in full dataset],,12369.2,12369.2,"Tanjung Perak, Surabaya",Cochin,New Delhi,1,1,15.46,EVER GIVEN,IMO4398209,MH,V420,314,MSCU,SWB,EGLV725027976,ONEY495545380,MSCU5075923,20GP,OPEN TOP,HC,FCL,CFS/CFS,Yusen Logistics,7097.21
08132000,6003201609000011043867,081320,6,"Fruit, edible; prunes, dried",MARKS7461,United States,India,India,7,2016,9,2016-09,2016-09-08,20160923,20160923,export,1,102668115,1197.81,kg,KG,"Tyson Foods, Inc.",[in full dataset],Springdale,,www.tysonfoods.com,[in full dataset],Y,WOW MOMO FOODS PRIVATE LIMITED,[in full dataset],Kolkata,,www.wowmomo.com,[in full dataset],Y,"Tyson Foods, Inc.",[in full dataset],,12908,12908,"Savannah, GA","Mundra, Gujarat",Kolkata,1,1,16.14,BARZAN,IMO6326706,PA,V472,734,EGLV,MBL,CMDU601746572,HLCU981368103,BMOU7522182,40GP,REEFER,HC,LCL,CFS/CFS,DSV,1116.34
52064400,6003202503000000952782,520644,6,"Cotton yarn; (not sewing thread), multiple or cabled, of combed fibres, less than 85% by weight of cotton, 192.30 to 125 decitex (53 to 80 metric number) per single yarn, not for retail sale",MARKS2674,Egypt,India,India,9,2025,3,2025-03,2025-03-13,20250326,20250326,export,1,11787116.89,5061.99,kg,KG,EL HAMD FOR YARN,[in full dataset],10th of Ramadan City,,,,Y,CHENNIAPPA YARN SPINNERS PRIVATE LIMITED,[in full dataset],Tirupur,,www.chenniappa.com,[in full dataset],Y,EL HAMD FOR YARN,[in full dataset],,2979.1,2979.1,Sokhna,"Mundra, Gujarat",Tirupur,1,1,3.72,EVER GIVEN,IMO5981337,PA,V395,885,MSCU,MBL,HLCU966373532,ONEY359754987,TCLU3185402,45HC,FLAT RACK,HC,FCL,CFS/CFS,DSV,4526.03
09096139,6003202007000001416795,090961,7,"Spices; seeds of anise, badian, caraway or fennel; juniper berries, neither crushed nor ground",MARKS2321,Indonesia,India,India,9,2020,7,2020-07,2020-07-01,20200710,20200710,export,1,11830172.9,45390.59,kg,KG,PT DELTA MATE MAJALENGKA,[in full dataset],Kabupaten Majalengka,,,,Y,COTHAS COFFEE CO,[in full dataset],Bengaluru Rural,,www.cothas.com,[in full dataset],Y,PT DELTA MATE MAJALENGKA,[in full dataset],,19644.2,19644.2,"Tanjung Perak, Surabaya",Cochin,Bengaluru Rural,1,1,24.56,CSCL GLOBE,IMO1104038,LR,V988,239,MSCU,HBL,ONEY616148678,MSCU857722689,TCLU5009912,40GP,TANK,HC,FCL,CFS/CFS,Kuehne + Nagel,42977.68
68022310,6003202205000000675222,680223,6,"Granite; articles thereof, simply cut or sawn, with a flat or even surface",MARKS8423,Japan,India,India,9,2022,5,2022-05,2022-05-09,20220526,20220526,export,1,2813279.03,132550.37,kg,KG,"MITANI SEKISAN CO.,LTD.",[in full dataset],FUKUI,,www.m-sekisan.co.jp/,[in full dataset],Y,NUVOCO VISTAS CORPORATION LIMITED,[in full dataset],Mumbai,,www.nuvoco.com,[in full dataset],Y,"MITANI SEKISAN CO.,LTD.",[in full dataset],,7831.9,7831.9,Osaka,Tuticorin,Mumbai,1,1,9.79,MAERSK MOLLER,IMO8233039,PA,V218,131,HLCU,MBL,HLCU804635720,HLCU569658398,MSCU8377800,40HC,TANK,HC,FCL,CY/CFS,Kuehne + Nagel,116028.21
40051000,6003201909000005645240,400510,5,"Rubber; unvulcanised, compounded with carbon black or silica, in primary forms or in plates, sheets or strip",MARKS9457,Indonesia,India,India,7,2019,9,2019-09,2019-09-25,20190907,20190907,export,1,23783962.57,5392.06,kg,KG,PT MEGA SAFE TYRE INDUSTRY,[in full dataset],Kota Salatiga,,www.megatires.com,[in full dataset],Y,RELIANCE INDUSTRIES LIMITED,[in full dataset],Mumbai,,www.ril.com,[in full dataset],Y,PT MEGA SAFE TYRE INDUSTRY,[in full dataset],,23169.7,23169.7,"Tanjung Priok, Jakarta","Mundra, Gujarat",Mumbai,1,1,28.96,CSCL GLOBE,IMO3990336,LR,V271,583,MSCU,MBL,ONEY918487648,YMLU425436189,GESU5537099,20GP,FLAT RACK,GP,LCL,CFS/CFS,DSV,4718.41
08051000,6003201609000011038653,080510,9,"Fruit, edible; oranges, fresh or dried",MARKS3959,United States,India,India,5,2016,9,2016-09,2016-09-27,20160910,20160910,export,1,102668115,96062.65,kg,KG,"Tyson Foods, Inc.",[in full dataset],Springdale,,www.tysonfoods.com,[in full dataset],Y,GRAPES FARMS LLP,[in full dataset],Delhi,,,,Y,"Tyson Foods, Inc.",[in full dataset],,6405.2,6405.2,"Savannah, GA",Chennai,Delhi,1,1,8.01,MSC GULSUN,IMO1289772,MH,V422,220,MAEU,HBL,YMLU198057724,HLCU436204016,FCIU7246044,40HC,OPEN TOP,GP,FCL,CY/CFS,Expeditors,88741.89
25152010,6003202108000005357842,251520,5,"Ecaussine and other calcareous monumental or building stone; alabaster, having a specific gravity of 2.5 or more",MARKS4101,Turkiye,India,India,6,2021,8,2021-08,2021-08-21,20210809,20210809,export,1,14533109,3243.37,kg,KG,ECE MERMER TURIZM SANAYI VE TICARET LIMITED SIRKETI,[in full dataset],Denizli,,www.ecemarble.com,[in full dataset],Y,SWASTIK ASBESTOS PRODUCTS LIMITED,[in full dataset],Pune,,,,Y,ECE MERMER TURIZM SANAYI VE TICARET LIMITED SIRKETI,[in full dataset],,3543.7,3543.7,Main Container Port,Visakhapatnam,Pune,1,1,4.43,MADRID MAERSK,IMO3939574,MH,V971,415,CMDU,MBL,HLCU313691309,EGLV573170333,GESU7983556,40GP,REEFER,HC,FCL,CY/CY,CEVA Logistics,2894.87
09041110,6003202007000000178212,090411,5,"Spices; pepper (of the genus piper), neither crushed nor ground",MARKS7171,Brazil,India,India,6,2020,7,2020-07,2020-07-26,20200704,20200704,export,1,720030,5231.51,kg,KG,TRISTAO COMPANHIA DE COMERCIO EXTERIOR,[in full dataset],VIANA,,www.tristao.com,[in full dataset],N,COTHAS COFFEE CO,[in full dataset],Bengaluru,,,,Y,TRISTAO COMPANHIA DE COMERCIO EXTERIOR,[in full dataset],,11920.7,11920.7,Itajai,Chennai,Bengaluru,1,1,14.9,EVER ACME,IMO1653929,MH,V342,210,ONEY,MBL,ONEY934056517,COSU128898623,FCIU7296381,40HC,OPEN TOP,RF,FCL,CY/CY,DSV,4772.64
15122910,6003201511000004210922,151229,8,"Vegetable oils; cotton-seed oil and its fractions, other than crude, whether or not refined, but not chemically modified",MARKS8056,Malaysia,India,India,9,2015,11,2015-11,2015-11-11,20151125,20151125,export,1,179569503.37,7214.17,kg,KG,NGO CHEW HONG OILS & FATS (M) SDN. BHD.,[in full dataset],Semenyih,,www.mewahgroup.com,[in full dataset],Y,SHIVA OILS & FATS LIMITED,[in full dataset],Chennai,,,,Y,NGO CHEW HONG OILS & FATS (M) SDN. BHD.,[in full dataset],,2223.4,2223.4,Port Klang,Chennai,Chennai,1,1,2.78,EVER GIVEN,IMO1167285,PA,V197,275,ZIMU,HBL,HLCU767717513,CMDU187391492,CAIU9627461,40HC,TANK,GP,FCL,CY/CFS,Kuehne + Nagel,6284.89
48043900,6003201809000005168010,480439,8,"Kraft paper and paperboard; uncoated, bleached, weight 150g/m2 or less, in rolls or sheets, other than that of heading no. 4802 or 4803",MARKS2971,Canada,India,India,8,2018,9,2018-09,2018-09-27,20180914,20180914,export,1,29806695.31,1407.14,kg,KG,Canfor Corporation,[in full dataset],Vancouver,,www.canfor.com,[in full dataset],N,J P TOBACCO PRODUCTS PRIVATE LIMITED,[in full dataset],Damoh,,,,Y,Canfor Corporation,[in full dataset],,15478.7,15478.7,"Vancouver, BC",Kandla,Damoh,1,1,19.35,APL MEXICO CITY,IMO6786858,MH,V532,581,MSCU,SWB,CMDU791050319,CMDU693582301,MSCU9394397,40GP,REEFER,RF,FCL,CY/CFS,Nippon Express,1261.45
,6003201707000003785785,441249,7,Laminated veneered lumber (LVL); with both outer plies of coniferous wood,MARKS1116,Indonesia,India,India,8,2017,7,2017-07,2017-07-27,20170706,20170706,export,1,11227949.1,2437.63,kg,KG,PT SOLA GRATIA PLYWOOD INDUSTRY,[in full dataset],Kota Pekanbaru,,,,N,MILTON INDUSTRIES LIMITED,[in full dataset],Ahmedabad,,www.miltonindustries.in,[in full dataset],Y,PT SOLA GRATIA PLYWOOD INDUSTRY,[in full dataset],,803,803,"Tanjung Perak, Surabaya","Mundra, Gujarat",Ahmedabad,1,1,1,MADRID MAERSK,IMO7789702,SG,V395,208,CMDU,HBL,CMDU451132143,EGLV298194882,TGHU7612534,40HC,TANK,HC,FCL,CY/CFS,Nippon Express,2171.56
09041200,6003202001000001371592,090412,6,"Spices; pepper (of the genus piper), crushed or ground",MARKS5568,Indonesia,India,India,6,2020,1,2020-01,2020-01-23,20200121,20200121,export,1,11075862.44,5664.22,kg,KG,PT PERKEBUNAN NUSANTARA IX (PERSERO) - KB SEMUGIH,[in full dataset],Kabupaten Pemalang,,,,Y,INDIAN RAILWAY CATERING AND TOURISM CORPORATION LIMITED,[in full dataset],New Delhi,,www.irctc.com/,[in full dataset],Y,PT PERKEBUNAN NUSANTARA IX (PERSERO) - KB SEMUGIH,[in full dataset],,15979.2,15979.2,"Tanjung Priok, Jakarta",Cochin,New Delhi,1,1,19.97,MSC OSCAR,IMO9577501,SG,V740,540,YMLU,HBL,MSCU163095225,MAEU573789513,BMOU6129877,40GP,TANK,RF,FCL,CY/CY,Kuehne + Nagel,5238.95
07123100,6003202602000001361739,071231,6,"Vegetables; mushrooms of the genus Agaricus, whole, cut, sliced, broken or in powder but not further prepared, dried",MARKS5772,Australia,India,India,9,2026,2,2026-02,2026-02-06,20260217,20260217,export,1,138496072.64,3850.29,kg,KG,ADM TRADING AUSTRALIA PTY LTD,[in full dataset],Adelaide,,www.admgrain.com.au,[in full dataset],Y,ADRIKA HEALTH FOOD PRIVATE LIMITED,[in full dataset],Kolkata,,,,Y,ADM TRADING AUSTRALIA PTY LTD,[in full dataset],,15343.8,15343.8,Fremantle,Chennai,Kolkata,1,1,19.18,MADRID MAERSK,IMO3001040,LR,V814,862,MAEU,SWB,CMDU479601384,MSCU300276186,MSCU8304879,20GP,FLAT RACK,RF,FCL,CY/CFS,Nippon Express,3357.48
15099010,6003201505000004296435,150990,9,"Vegetable oils; olive oil and its fractions, other than virgin, whether or not refined, but not chemically modified",MARKS9632,Malaysia,India,India,7,2015,5,2015-05,2015-05-01,20150513,20150513,export,1,202842958.65,2060.91,kg,KG,TOGO PALM OILS & FATS SDN. BHD.,[in full dataset],Pasir Gudang,,,,Y,ADISHWAR OILS & FATS LIMITED,[in full dataset],Betul,,,,Y,TOGO PALM OILS & FATS SDN. BHD.,[in full dataset],,15443,15443,Tanjung Pelepas,Chennai,Betul,1,1,19.3,MOL TRIUMPH,IMO6114849,MH,V411,64,ZIMU,SWB,ONEY333063618,MAEU897508724,FCIU9578128,40HC,TANK,GP,LCL,CFS/CFS,Kuehne + Nagel,1812.86
15099090,6003201502000004023539,150990,5,"Vegetable oils; olive oil and its fractions, other than virgin, whether or not refined, but not chemically modified",MARKS8875,Malaysia,India,India,9,2015,2,2015-02,2015-02-09,20150212,20150212,export,1,137901237.1,1689.5,kg,KG,MUSIM MASTIKA OILS & FATS (MALAYSIA) SDN. BHD.,[in full dataset],Pasir Gudang,,www.musimmas.com,[in full dataset],Y,A STAR OILS AND FATS,[in full dataset],Cuddalore,,,,N,MUSIM MASTIKA OILS & FATS (MALAYSIA) SDN. BHD.,[in full dataset],,9699.5,9699.5,Port Klang,Tuticorin,Cuddalore,1,1,12.12,MSC OSCAR,IMO9248396,SG,V805,907,MAEU,HBL,YMLU944287055,YMLU820544310,CAIU5657626,45HC,TANK,HC,LCL,CY/CY,Sinotrans,1534.37
,6003201709000000197303,441892,6,"Wood; builders' joinery and carpentry of wood n.e.c. in heading no. 4418, cellular wood panels",MARKS6885,Singapore,India,India,6,2017,9,2017-09,2017-09-26,20170905,20170905,export,1,326139.89,5258.02,kg,KG,KIM SAN TRADING (KILNING) PRIVATE LIMITED,[in full dataset],Singapore,,,,N,SHREE LAXMI TIMBER TRADERS & SAW MILLS,[in full dataset],East Singhbhum,,,,Y,KIM SAN TRADING (KILNING) PRIVATE LIMITED,[in full dataset],,5514.1,5514.1,Singapore (PSA),"Mundra, Gujarat",East Singhbhum,1,1,6.89,HMM ALGECIRAS,IMO6887638,MH,V105,296,APLU,SWB,MSCU958888779,MSCU407932079,CAIU3966990,20GP,REEFER,RF,FCL,CFS/CFS,DHL Global Forwarding,4693.36
52053390,6003202510000002330750,520533,8,"Cotton yarn; (not sewing thread), multiple or cabled, of uncombed fibres, 85% or more by weight of cotton, 232.55 to 192.31 decitex (44 to 52 metric number) per single yarn, not for retail sale",MARKS5129,Australia,India,India,7,2025,10,2025-10,2025-10-09,20251014,20251014,export,1,125654453.03,27684.6,kg,KG,COTTON ON FINANCE PTY LTD,[in full dataset],NORTH GEELONG,,www.cottonon.com.au,[in full dataset],N,SAGAR MANUFACTURERS PRIVATE LIMITED,[in full dataset],Bhopal,,www.sagarmanufacturers.com,[in full dataset],Y,COTTON ON FINANCE PTY LTD,[in full dataset],,5827.2,5827.2,Sydney,Kolkata,Bhopal,1,1,7.28,MOL TRIUMPH,IMO3214492,PA,V935,960,ZIMU,SWB,ONEY510495551,HLCU739645510,GESU3883533,40GP,DRY,RF,FCL,CFS/CFS,DHL Global Forwarding,24336.47
15050090,6003201505000004294538,150500,6,Wool grease and fatty substances derived therefrom (including lanolin),MARKS2959,Malaysia,India,India,8,2015,5,2015-05,2015-05-19,20150513,20150513,export,1,202842958.65,17766.16,kg,KG,EVERBEST SOYA BEAN PRODUCTS SDN. BHD.,[in full dataset],Kulim,,www.everbest.my,[in full dataset],Y,POSHAK OILS AND FATS LIMITED,[in full dataset],Kurnool,,,,Y,EVERBEST SOYA BEAN PRODUCTS SDN. BHD.,[in full dataset],,4236.9,4236.9,Penang,Visakhapatnam,Kurnool,1,1,5.3,HYUNDAI LOYALTY,IMO5129546,PA,V828,374,OOLU,SWB,COSU352883579,COSU257676451,TCLU2523989,40GP,REEFER,GP,LCL,CY/CFS,Yusen Logistics,15812.99
,6003202302000002218366,690740,8,Finishing ceramics,MARKS1515,China,India,India,5,2023,2,2023-02,2023-02-08,20230206,20230206,export,1,28843108,28172.34,kg,KG,"Hunan Lideyou Ceramics Co., Ltd.",[in full dataset],Hengyang,,,,Y,KHAN BRICKS UDYOG,[in full dataset],Jhunjhunu,,,,Y,"Hunan Lideyou Ceramics Co., Ltd.",[in full dataset],,20259.4,20259.4,Shanghai,Kolkata,Jhunjhunu,1,1,25.32,APL MEXICO CITY,IMO3620504,SG,V611,479,APLU,HBL,COSU389471516,HLCU485402798,TCLU9701097,20GP,DRY,RF,FCL,CFS/CFS,Kuehne + Nagel,26356.4
40030000,6003201908000006291097,400300,7,"Rubber; reclaimed rubber, in primary forms or in plates, sheets or strip",MARKS6950,Thailand,India,India,7,2019,8,2019-08,2019-08-23,20190810,20190810,export,1,28531289.19,73110.55,kg,KG,SUNGSHIN BANGKOK RUBBER COMPANY LIMITED,[in full dataset],BANG KHO LAEM,,,,Y,RELIANCE INDUSTRIES LIMITED,[in full dataset],Mumbai,,www.ril.com,[in full dataset],Y,SUNGSHIN BANGKOK RUBBER COMPANY LIMITED,[in full dataset],,14694,14694,Laem Chabang,Chennai,Mumbai,1,1,18.37,MOL TRIUMPH,IMO4562744,LR,V516,945,YMLU,MBL,ONEY522310673,ONEY598202911,TCLU5588847,40GP,FLAT RACK,RF,FCL,CFS/CFS,DB Schenker,68227.19
09030000,6003202006000001060614,090300,5,Mate,MARKS3300,Indonesia,India,India,7,2020,6,2020-06,2020-06-09,20200613,20200613,export,1,7424285.38,16729.25,kg,KG,CV DUA BURUNG,[in full dataset],Kota Tegal,,,,Y,K.R. NUTS AND SPICES PRIVATE LIMITED,[in full dataset],Chennai,,,,Y,CV DUA BURUNG,[in full dataset],,5864.7,5864.7,"Tanjung Perak, Surabaya",Visakhapatnam,Chennai,1,1,7.33,EVER ACME,IMO2896586,PA,V356,320,YMLU,MBL,EGLV685392501,YMLU946217849,MSCU6036121,20GP,FLAT RACK,GP,LCL,CFS/CFS,Bollore Logistics,15589.58
09093119,6003202001000001371474,090931,6,"Spices; cumin seeds, neither crushed nor ground",MARKS6384,Indonesia,India,India,7,2020,1,2020-01,2020-01-19,20200108,20200108,export,1,11075862.44,27550.59,kg,KG,CV DUA BURUNG,[in full dataset],Kota Tegal,,,,N,ROOTS CORPORATION LIMITED,[in full dataset],Mumbai,,www.gingerhotels.com,[in full dataset],N,CV DUA BURUNG,[in full dataset],,9347.4,9347.4,"Tanjung Perak, Surabaya",Tuticorin,Mumbai,1,1,11.68,EVER GIVEN,IMO8247038,SG,V515,926,EGLV,MBL,YMLU472622098,HLCU833843162,BMOU7973163,45HC,OPEN TOP,RF,LCL,CY/CY,CEVA Logistics,24077.71
08104000,6003201608000003472287,081040,8,"Fruit, edible; cranberries, bilberries and other fruits of the genus vaccinium, fresh",MARKS4100,Australia,India,India,5,2016,8,2016-08,2016-08-05,20160826,20160826,export,1,11244639.14,2795.3,kg,KG,THE KITCHENARY NZ PTY LTD,[in full dataset],ARNDELL PARK,,www.pitango.com.au,[in full dataset],N,UMA EXPORTS LIMITED,[in full dataset],Kolkata,,www.umaexports.net,[in full dataset],Y,THE KITCHENARY NZ PTY LTD,[in full dataset],,21385.6,21385.6,Brisbane,"Nhava Sheva (JNPT), Mumbai",Kolkata,1,1,26.73,COSCO UNIVERSE,IMO2489802,PA,V692,805,ZIMU,SWB,COSU687847990,HLCU120563656,MSCU4338608,40GP,FLAT RACK,RF,FCL,CY/CFS,Yusen Logistics,2434.94
68149030,6003202212000000946844,681490,7,"Mica; worked mica and articles of mica (excluding plates, sheets and strips) whether or not on a support of paper, paperboard or other materials",MARKS5605,Turkiye,India,India,7,2022,12,2022-12,2022-12-18,20221203,20221203,export,1,4542438,1622.89,kg,KG,BAMBERGER CANSUNAR INTERNATIONAL NATURAL STONE LTD STI,[in full dataset],Osmaniye,,www.bc-stone.com,[in full dataset],Y,ACC LIMITED,[in full dataset],Ahmedabad,,www.acclimited.com,[in full dataset],Y,BAMBERGER CANSUNAR INTERNATIONAL NATURAL STONE LTD STI,[in full dataset],,1206.1,1206.1,Main Container Port,Chennai,Ahmedabad,1,1,1.51,HMM ALGECIRAS,IMO3405220,LR,V988,662,MSCU,HBL,YMLU747767157,MSCU338288581,BMOU5383657,40GP,TANK,HC,FCL,CY/CFS,Expeditors,1538.49
08025100,6003201609000011044266,080251,7,"Nuts, edible; pistachios, fresh or dried, in shell",MARKS6874,United States,India,India,9,2016,9,2016-09,2016-09-24,20160916,20160916,export,1,102668115,2221.92,kg,KG,"Conagra Brands, Inc.",[in full dataset],Chicago,,www.conagrabrands.com,[in full dataset],Y,KBB NUTS PRIVATE LIMITED,[in full dataset],Amritsar,,www.kbbnuts.com,[in full dataset],Y,"Conagra Brands, Inc.",[in full dataset],,4543.9,4543.9,"Charleston, SC",Tuticorin,Amritsar,1,1,5.68,EVER ACME,IMO3110018,SG,V102,330,ZIMU,SWB,EGLV394878752,EGLV665428657,FCIU3136137,20GP,REEFER,GP,FCL,CFS/CFS,DB Schenker,2022.28
08042010,6003201605000008280807,080420,5,"Fruit, edible; figs, fresh or dried",MARKS1716,United States,India,India,5,2016,5,2016-05,2016-05-19,20160520,20160520,export,1,47360925,10489.43,kg,KG,"Conagra Brands, Inc.",[in full dataset],Chicago,,www.conagrabrands.com,[in full dataset],Y,WOW MOMO FOODS PRIVATE LIMITED,[in full dataset],Kolkata,,www.wowmomo.com,[in full dataset],Y,"Conagra Brands, Inc.",[in full dataset],,24328.7,24328.7,"Oakland, CA",Cochin,Kolkata,1,1,30.41,MSC GULSUN,IMO2617045,LR,V678,52,HMMU,MBL,HLCU951145055,ONEY220378036,TGHU5689770,40GP,TANK,RF,LCL,CY/CFS,Yusen Logistics,9560.08
,6003202312000003327225,690740,8,Finishing ceramics,MARKS2840,China,India,India,8,2023,12,2023-12,2023-12-18,20231215,20231215,export,1,73041148,13361.83,kg,KG,"Tangshan Monopy Ceramic Co., Ltd.",[in full dataset],Tangshan,,www.monopy.com,[in full dataset],Y,RAASI CERAMIC INDUSTRIES LIMITED,[in full dataset],Hyderabad,,,,Y,"Tangshan Monopy Ceramic Co., Ltd.",[in full dataset],,8751.1,8751.1,Xiamen,Tuticorin,Hyderabad,1,1,10.94,ONE APUS,IMO9205315,MH,V274,914,HLCU,SWB,MAEU686210422,CMDU654531503,FCIU1986481,20GP,REEFER,GP,LCL,CFS/CFS,Expeditors,12368.36
70134900,6003202404000005516863,701349,6,"Glassware of a kind used for table or kitchen purposes (not drinking glasses or of glass-ceramics), of glass n.e.c. in item no. 7013.4",MARKS1777,China,India,India,9,2024,4,2024-04,2024-04-09,20240419,20240419,export,1,141170363,16395.42,kg,KG,"Zhengzhou Fuyao Glass Co., Ltd.",[in full dataset],Zhengzhou,,HTTP://WWW.FUYAOGROUP.COM,[in full dataset],N,PGP GLASS PRIVATE LIMITED,[in full dataset],Mumbai,,www.pgpfirst.com,[in full dataset],Y,"Zhengzhou Fuyao Glass Co., Ltd.",[in full dataset],,5509.4,5509.4,Shanghai,Kandla,Mumbai,1,1,6.89,MSC OSCAR,IMO7856778,SG,V558,492,CMDU,MBL,HLCU967848713,ONEY605116254,GESU2046766,40GP,REEFER,RF,LCL,CY/CY,Expeditors,14611.61
,6003202602000001082533,070954,8,"Vegetables; shiitake mushrooms (Lentinus edodes), fresh or chilled",MARKS5185,Canada,India,India,8,2026,2,2026-02,2026-02-03,20260213,20260213,export,1,57120881.8,889.94,kg,KG,Hey Bear Productions Inc,[in full dataset],Barrie,,www.insidethemusic.ca,[in full dataset],Y,VEGETABLES VENDAR,[in full dataset],Betul,,,,Y,Hey Bear Productions Inc,[in full dataset],,3580.6,3580.6,"Vancouver, BC",Chennai,Betul,1,1,4.48,YM WARRANTY,IMO8027461,LR,V119,257,MAEU,SWB,CMDU343482123,MSCU902387845,GESU1642999,40GP,FLAT RACK,RF,FCL,CY/CY,DSV,842.14
52052130,6003202510000002213408,520521,6,"Cotton yarn; (not sewing thread), single, of combed fibres, 85% or more by weight of cotton, measuring 714.29 decitex or more, (not exceeding 14 metric number), not for retail sale",MARKS3332,Brazil,India,India,5,2025,10,2025-10,2025-10-27,20251025,20251025,export,1,110986790,1857.82,kg,KG,COTTON STAR INDUSTRIAL LTDA,[in full dataset],BLUMENAU,,,,Y,SULOCHANA COTTON SPINNING MILLS PRIVATE LIMITED,[in full dataset],Tirupur,,www.sulochanamills.in,[in full dataset],Y,COTTON STAR INDUSTRIAL LTDA,[in full dataset],,23314.4,23314.4,Santos,"Mundra, Gujarat",Tirupur,1,1,29.14,BARZAN,IMO6663608,PA,V652,478,OOLU,MBL,MSCU938028219,CMDU118195820,CAIU2779706,40HC,TANK,RF,FCL,CY/CY,DB Schenker,1724.08
48070010,6003201811000001428857,480700,6,"Paper and paperboard; composite (made by sticking layers together with an adhesive), not surface-coated or impregnated, whether or not internally reinforced, in rolls or sheets",MARKS6697,Spain,India,India,7,2018,11,2018-11,2018-11-03,20181103,20181103,export,1,4826286.25,31410.12,kg,KG,ESSITY SPAIN SOCIEDAD LIMITADA UNIPERSONAL,[in full dataset],PUIGPELAT,,www.essity.es,[in full dataset],Y,J P TOBACCO PRODUCTS PRIVATE LIMITED,[in full dataset],Damoh,,,,N,ESSITY SPAIN SOCIEDAD LIMITADA UNIPERSONAL,[in full dataset],,20396.5,20396.5,Valencia,Kolkata,Damoh,1,1,25.5,EVER ACME,IMO7051529,LR,V300,102,MAEU,SWB,MAEU932271653,ONEY596020102,FCIU3081665,20GP,TANK,GP,LCL,CY/CFS,Yusen Logistics,29317.58
,6003202401000006029039,701913,8,"Glass fibres; (including glass wool), yarns and slivers",MARKS1645,China,India,India,6,2024,1,2024-01,2024-01-24,20240119,20240119,export,1,200977300,10976.46,kg,KG,"Anhui Deli Housedhold Glass Co.,Ltd",[in full dataset],Chuzhou,,www.deliglass.com,[in full dataset],Y,HARYANA SHEET GLASS LIMITED,[in full dataset],New Delhi,,www.hsglindia.com,[in full dataset],N,"Anhui Deli Housedhold Glass Co.,Ltd",[in full dataset],,3964.6,3964.6,Ningbo-Zhoushan,Visakhapatnam,New Delhi,1,1,4.96,HYUNDAI LOYALTY,IMO7744384,SG,V159,32,EGLV,MBL,HLCU196659298,ONEY783457081,GESU5335076,45HC,TANK,RF,FCL,CFS/CFS,Yusen Logistics,10162.06
25010010,6003202111000006274509,250100,8,Salt (including table salt and denatured salt); pure sodium chloride whether or not in aqueous solution; sea water,MARKS8287,Turkiye,India,India,8,2021,11,2021-11,2021-11-05,20211122,20211122,export,1,20541604,2437.68,kg,KG,QUA GRANITE HAYAL YAPI VE URUNLERI SANAYI TICARET ANONIM SIRKETI,[in full dataset],Aydin,,www.qua.com.tr,[in full dataset],Y,SHREE CEMENT LIMITED,[in full dataset],Kolkata,,www.shreecement.com,[in full dataset],Y,QUA GRANITE HAYAL YAPI VE URUNLERI SANAYI TICARET ANONIM SIRKETI,[in full dataset],,16455.3,16455.3,Main Container Port,Chennai,Kolkata,1,1,20.57,YM WARRANTY,IMO4612977,LR,V994,387,ZIMU,SWB,YMLU626529046,MSCU581511787,MSCU3147339,40GP,OPEN TOP,HC,FCL,CY/CY,DSV,2180.61
25173000,6003202112000002670375,251730,9,Tarred macadam,MARKS4734,South Africa,India,India,5,2021,12,2021-12,2021-12-08,20211201,20211201,export,1,4541481.25,1912.7,kg,KG,BIG STAR CEMENT CC,[in full dataset],FLORIDA,,,,N,ULTRATECH CEMENT LIMITED,[in full dataset],Mumbai,,www.ultratechcement.com,[in full dataset],Y,BIG STAR CEMENT CC,[in full dataset],,4776.1,4776.1,Cape Town,"Nhava Sheva (JNPT), Mumbai",Mumbai,1,1,5.97,HYUNDAI LOYALTY,IMO4710489,SG,V502,595,HLCU,HBL,CMDU860235710,MSCU685300378,GESU5885293,40HC,DRY,HC,FCL,CY/CY,Bollore Logistics,1790.05
09011200,6003202012000000399678,090112,7,"Coffee; decaffeinated, not roasted",MARKS5666,China,India,India,7,2020,12,2020-12,2020-12-15,20201218,20201218,export,1,1980906,12675.73,kg,KG,"Luckin Coffee (shenzhen) Co., Ltd",[in full dataset],Shenzhen,,www.investor.luckincoffee.com,[in full dataset],Y,ROOTS CORPORATION LIMITED,[in full dataset],Mumbai,,www.gingerhotels.com,[in full dataset],Y,"Luckin Coffee (shenzhen) Co., Ltd",[in full dataset],,22712.5,22712.5,Shanghai,Cochin,Mumbai,1,1,28.39,ONE APUS,IMO3884121,MH,V161,291,HLCU,SWB,MSCU273188832,MSCU629067222,TCLU5987393,20GP,DRY,RF,LCL,CFS/CFS,Yusen Logistics,11167.95
40169590,6003201910000005267086,401695,7,"Rubber; vulcanised (other than hard rubber), inflatable articles (other than boat or dock fenders), of non-cellular rubber",MARKS6609,China,India,India,6,2019,10,2019-10,2019-10-11,20191008,20191008,export,1,21415657,7071.68,kg,KG,Xuzhou Armour Rubber Company Ltd.,[in full dataset],Xuzhou,,www.xlxj.cn,[in full dataset],Y,RELIANCE INDUSTRIES LIMITED,[in full dataset],Mumbai,,www.ril.com,[in full dataset],Y,Xuzhou Armour Rubber Company Ltd.,[in full dataset],,24091.8,24091.8,Qingdao,Kandla,Mumbai,1,1,30.11,COSCO UNIVERSE,IMO4632023,LR,V792,850,COSU,SWB,CMDU142064906,YMLU828148206,TGHU6512723,45HC,TANK,RF,LCL,CFS/CFS,CEVA Logistics,6725.52
40131020,6003201904000005207690,401310,9,"Rubber; inner tubes, of a kind used on motorcars (including station wagons and racing cars), buses and lorries",MARKS7197,South Korea,India,India,7,2019,4,2019-04,2019-04-17,20190411,20190411,export,1,21109474,11406.09,kg,KG,"TAEKWANG INDUSTRIAL CO., LTD.",[in full dataset],Seoul,,www.taekwang.co.kr,[in full dataset],Y,RELIANCE INDUSTRIES LIMITED,[in full dataset],Mumbai,,www.ril.com,[in full dataset],Y,"TAEKWANG INDUSTRIAL CO., LTD.",[in full dataset],,16721.9,16721.9,Gwangyang,Chennai,Mumbai,1,1,20.9,MSC GULSUN,IMO5278359,MH,V949,347,ZIMU,SWB,ONEY857959878,HLCU825056570,MSCU3465266,40GP,REEFER,RF,FCL,CFS/CFS,Expeditors,10767.65
07011000,6003202602000001368545,070110,8,"Vegetables; seed potatoes, fresh or chilled",MARKS1877,Australia,India,India,5,2026,2,2026-02,2026-02-11,20260227,20260227,export,1,138496072.64,4777.04,kg,KG,ADM TRADING AUSTRALIA PTY LTD,[in full dataset],Adelaide,,www.admgrain.com.au,[in full dataset],Y,PBS OIL INDUSTRIES PRIVATE LIMITED,[in full dataset],Dhamtari,,www.pbsoil.com,[in full dataset],N,ADM TRADING AUSTRALIA PTY LTD,[in full dataset],,22717.8,22717.8,Melbourne,"Mundra, Gujarat",Dhamtari,1,1,28.4,YM WARRANTY,IMO3793891,SG,V413,779,COSU,SWB,COSU178841379,CMDU548931227,CAIU6824354,45HC,OPEN TOP,RF,FCL,CY/CFS,Bollore Logistics,4481.87
15121910,6003201505000000185054,151219,9,"Vegetable oils; sunflower seed or safflower oil and their fractions, other than crude, whether or not refined, but not chemically modified",MARKS7414,Italy,India,India,9,2015,5,2015-05,2015-05-20,20150519,20150519,export,1,1156188.1,47697.79,kg,KG,TRE RAPE SRL,[in full dataset],SAN VITO DI LEGUZZANO,,www.trerape.com,[in full dataset],Y,RAINBOW WAXES,[in full dataset],Mumbai,,,,Y,TRE RAPE SRL,[in full dataset],,21281.5,21281.5,Genoa,Visakhapatnam,Mumbai,1,1,26.6,BARZAN,IMO6266563,PA,V298,706,ONEY,SWB,CMDU374084069,HLCU428938839,BMOU2576428,40HC,OPEN TOP,HC,LCL,CY/CY,Sinotrans,45227.06
07139010,6003202601000001271338,071390,9,"Vegetables, leguminous; n.e.c. in heading no. 0713, shelled, whether or not skinned or split, dried",MARKS8880,Australia,India,India,8,2026,1,2026-01,2026-01-02,20260120,20260120,export,1,106461162.68,4800.52,kg,KG,ADM TRADING AUSTRALIA PTY LTD,[in full dataset],Adelaide,,www.admgrain.com.au,[in full dataset],Y,OLIVER FRESH FRUITS AND VEGETABLES PRIVATE LIMITED,[in full dataset],Navi Mumbai,,,,Y,ADM TRADING AUSTRALIA PTY LTD,[in full dataset],,1984.5,1984.5,Fremantle,Chennai,Navi Mumbai,1,1,2.48,MSC GULSUN,IMO2723465,LR,V740,550,CMDU,HBL,HLCU699203306,EGLV906883969,FCIU1939171,45HC,DRY,GP,FCL,CY/CFS,DB Schenker,4422.66
,6003201509000000513771,151010,8,"Vegetable oils; crude olive pomace oil and their fractions, obtained solely from olives, whether or not refined, but not chemically modified",MARKS1168,Spain,India,India,8,2015,9,2015-09,2015-09-10,20150919,20150919,export,1,3937132.77,5570.66,kg,KG,ARTESANIA RAPE SL,[in full dataset],UBRIQUE,,,,Y,A STAR OILS AND FATS,[in full dataset],Cuddalore,,,,Y,ARTESANIA RAPE SL,[in full dataset],,9312.8,9312.8,Algeciras,Chennai,Cuddalore,1,1,11.64,MSC GULSUN,IMO3637897,PA,V989,869,OOLU,HBL,COSU279488942,EGLV832497401,CAIU2403268,20GP,DRY,HC,FCL,CY/CY,Kuehne + Nagel,5224.61
70023200,6003202409000001994639,700232,9,"Glass; unworked, tubes, of glass having a linear coefficient of expansion not exceeding 5 x 10 (to the minus 6), (or 0.000005) per Kelvin within a temperature range of 0-300 degrees C",MARKS2656,Malaysia,India,India,5,2024,9,2024-09,2024-09-20,20240902,20240902,export,1,13414657.06,2571.96,kg,KG,SUBANG SAFETY GLASS (SOUTHERN) SDN. BHD.,[in full dataset],Kuala Lumpur,,,,Y,HARYANA SHEET GLASS LIMITED,[in full dataset],New Delhi,,www.hsglindia.com,[in full dataset],Y,SUBANG SAFETY GLASS (SOUTHERN) SDN. BHD.,[in full dataset],,19190,19190,Penang,Cochin,New Delhi,1,1,23.99,MSC OSCAR,IMO5179644,MH,V863,259,COSU,HBL,COSU709726453,COSU731671853,FCIU1970784,40HC,OPEN TOP,GP,FCL,CY/CFS,DB Schenker,2411.71
15141990,6003201511000004452542,151419,9,"Vegetable oils; low erucic acid rape or colza oil and its fractions, other than crude, but not chemically modified",MARKS7955,Indonesia,India,India,7,2015,11,2015-11,2015-11-16,20151104,20151104,export,1,258907351,26204.42,kg,KG,PT INNO-WANGSA OILS & FATS,[in full dataset],Kota Medan,,www.inno-wangsa.co.id,[in full dataset],N,MALAYSIAN VEGETABLE OILS (INDIA) PRIVATE LIMITED,[in full dataset],Pune,,,,Y,PT INNO-WANGSA OILS & FATS,[in full dataset],,20045.8,20045.8,Makassar,Tuticorin,Pune,1,1,25.06,MOL TRIUMPH,IMO8348308,LR,V247,876,ZIMU,SWB,MAEU535431314,MSCU742954293,MSCU5790788,40GP,DRY,HC,FCL,CY/CY,Nippon Express,23526.19
25239090,6003202112000003490242,252390,9,Cement; hydraulic kinds n.e.c. in heading no. 2523,MARKS6438,Brazil,India,India,9,2021,12,2021-12,2021-12-01,20211225,20211225,export,1,6557073,1512.44,kg,KG,SOUTH32 MINERALS SA,[in full dataset],RIO DE JANEIRO,,www.south32.net,[in full dataset],Y,NIRAJ CEMENT STRUCTURALS LIMITED,[in full dataset],Mumbai,,www.niraj.co.in,[in full dataset],Y,SOUTH32 MINERALS SA,[in full dataset],,5976.1,5976.1,Itajai,Visakhapatnam,Mumbai,1,1,7.47,CMA CGM JULES VERNE,IMO9881298,PA,V793,224,ZIMU,SWB,EGLV405010685,COSU266149110,BMOU6928777,20GP,FLAT RACK,GP,FCL,CFS/CFS,Expeditors,1352.97
69120030,6003202306000002996848,691200,8,"Ceramic tableware, kitchenware, other household articles and toilet articles; other than of porcelain or china",MARKS4350,China,India,India,6,2023,6,2023-06,2023-06-18,20230626,20230626,export,1,54286794,17990.39,kg,KG,"Wenzhou Hongli Machinery Co., Ltd.",[in full dataset],Wenzhou,,www.chinatianchi.com,[in full dataset],Y,ARAVIND CERAMICS PRIVATE LIMITED,[in full dataset],Chennai,,www.anujtiles.com,[in full dataset],N,"Wenzhou Hongli Machinery Co., Ltd.",[in full dataset],,13379.2,13379.2,Ningbo-Zhoushan,"Nhava Sheva (JNPT), Mumbai",Chennai,1,1,16.72,MAERSK MOLLER,IMO2150636,PA,V203,814,ONEY,SWB,COSU753657109,MSCU572215350,MSCU5418790,40GP,TANK,HC,FCL,CY/CY,Expeditors,16498.5
70091010,6003202401000001138011,700910,5,Glass; rear-view mirrors for vehicles,MARKS1209,Thailand,India,India,7,2024,1,2024-01,2024-01-27,20240101,20240101,export,1,5623105.27,9602.94,kg,KG,ASIA PACIFIC GLASS COMPANY LIMITED,[in full dataset],BANG RAK,,www.carabao.co.th,[in full dataset],Y,PGP GLASS PRIVATE LIMITED,[in full dataset],Mumbai,,www.pgpfirst.com,[in full dataset],Y,ASIA PACIFIC GLASS COMPANY LIMITED,[in full dataset],,14189.8,14189.8,Laem Chabang,"Mundra, Gujarat",Mumbai,1,1,17.74,BARZAN,IMO8723128,SG,V233,351,MSCU,HBL,YMLU830853481,MAEU903236406,BMOU6553891,40GP,OPEN TOP,HC,LCL,CY/CY,Kuehne + Nagel,8949.97
48169090,6003201810000006200170,481690,9,"Paper; carbon paper and other copying or transfer papers (other than those of heading no. 4809), n.e.c. in item no. 4816.20",MARKS7017,China,India,India,6,2018,10,2018-10,2018-10-10,20181022,20181022,export,1,45536895,1249.12,kg,KG,"Heng'an (China) Paper Industry Co., Ltd.",[in full dataset],Jinjiang,,www.hengan.com,[in full dataset],Y,J P TOBACCO PRODUCTS PRIVATE LIMITED,[in full dataset],Damoh,,,,Y,"Heng'an (China) Paper Industry Co., Ltd.",[in full dataset],,17578.4,17578.4,Qingdao,Chennai,Damoh,1,1,21.97,MOL TRIUMPH,IMO7390967,SG,V912,638,YMLU,HBL,ONEY683314879,CMDU428429536,CAIU7529742,40HC,TANK,GP,FCL,CFS/CFS,Bollore Logistics,1111.99
68029300,6003202202000002668383,680293,8,"Granite; articles thereof, (other than simply cut or sawn, with a flat or even surface)",MARKS4117,China,India,India,7,2022,2,2022-02,2022-02-08,20220220,20220220,export,1,32389172,3431.78,kg,KG,"Jiangxi Xinmingzhu Building Materials Co., Ltd.",[in full dataset],Gaoan,,,,N,KONDAPANENI ENTERPRISES,[in full dataset],Visakhapatnam,,,,Y,"Jiangxi Xinmingzhu Building Materials Co., Ltd.",[in full dataset],,16831.7,16831.7,Shenzhen,Kolkata,Visakhapatnam,1,1,21.04,OOCL HONG KONG,IMO6365114,MH,V780,352,MSCU,MBL,ONEY902754923,HLCU122449972,MSCU4165404,20GP,TANK,HC,FCL,CY/CFS,Sinotrans,3088.51
09109100,6003202007000001416634,091091,8,Spices; mixtures of 2 or more products of different headings,MARKS8233,Indonesia,India,India,5,2020,7,2020-07,2020-07-08,20200715,20200715,export,1,11830172.9,28582.78,kg,KG,PT DELTA MATE MAJALENGKA,[in full dataset],Kabupaten Majalengka,,,,Y,ROOTS CORPORATION LIMITED,[in full dataset],Mumbai,,www.gingerhotels.com,[in full dataset],Y,PT DELTA MATE MAJALENGKA,[in full dataset],,24735.4,24735.4,"Tanjung Perak, Surabaya",Chennai,Mumbai,1,1,30.92,HYUNDAI LOYALTY,IMO5720341,MH,V994,503,COSU,MBL,HLCU544035150,YMLU530173616,MSCU7446463,40GP,TANK,HC,LCL,CY/CY,Kuehne + Nagel,25669.27
70133300,6003202411000001343200,701333,7,"Glassware; drinking glasses (not stemware), of lead crystal",MARKS5739,Thailand,India,India,6,2024,11,2024-11,2024-11-12,20241112,20241112,export,1,7104240.2,12448.43,kg,KG,SIAM GLASS AYUTTHAYA COMPANY LIMITED,[in full dataset],UTHAI,,,,Y,UMEDICA LABORATORY PRIVATE LIMITED,[in full dataset],Valsad,,,,N,SIAM GLASS AYUTTHAYA COMPANY LIMITED,[in full dataset],,17163,17163,Laem Chabang,Chennai,Valsad,1,1,21.45,YM WARRANTY,IMO7190582,PA,V165,960,OOLU,MBL,CMDU792031714,YMLU764106818,FCIU6837059,45HC,REEFER,HC,LCL,CFS/CFS,DSV,10993.01
40052010,6003201904000005330063,400520,7,"Rubber; unvulcanised, compounded, solutions and dispersions other than those of item no. 4005.10",MARKS3797,Japan,India,India,6,2019,4,2019-04,2019-04-26,20190405,20190405,export,1,21813944.82,2670.93,kg,KG,"AUTOBACS SEVEN CO., LTD.",[in full dataset],KOTO-KU,,www.autobacs.co.jp/,[in full dataset],Y,MRF LIMITED,[in full dataset],Chennai,,www.mrftyres.com,[in full dataset],Y,"AUTOBACS SEVEN CO., LTD.",[in full dataset],,4768.9,4768.9,Kobe,Kandla,Chennai,1,1,5.96,APL MEXICO CITY,IMO1706529,SG,V539,85,HMMU,HBL,MAEU489086400,CMDU533342832,TCLU3782849,40GP,TANK,HC,FCL,CFS/CFS,Yusen Logistics,2343.87
,6003201909000005753963,401512,7,"Rubber; vulcanised (other than hard rubber), gloves, of a kind used for medical, surgical, dental or veterinary purposes",MARKS4338,China,India,India,8,2019,9,2019-09,2019-09-11,20190928,20190928,export,1,24461021,1761.44,kg,KG,"HUBEI LINGLONG TYRE CO.,LTD.",[in full dataset],Jingmen,,,,Y,VK TYRE INDIA LIMITED,[in full dataset],Modinagar,,www.vktyre.com,[in full dataset],N,"HUBEI LINGLONG TYRE CO.,LTD.",[in full dataset],,14913.5,14913.5,Tianjin,Kandla,Modinagar,1,1,18.64,HMM ALGECIRAS,IMO2530411,SG,V667,722,MSCU,SWB,MAEU414025970,ONEY503022035,FCIU1650442,40HC,TANK,RF,LCL,CFS/CFS,DB Schenker,1618.62
,6003202409000000331537,701913,8,"Glass fibres; (including glass wool), yarns and slivers",MARKS6856,Singapore,India,India,5,2024,9,2024-09,2024-09-05,20240926,20240926,export,1,1167368.86,1187.49,kg,KG,BJC O-I GLASS PTE. LTD.,[in full dataset],Singapore,,,,Y,MAHARASHTRA SAFETY GLASS WORKS LIMITED,[in full dataset],Pune,,,,Y,BJC O-I GLASS PTE. LTD.,[in full dataset],,17780.5,17780.5,Singapore (PSA),Chennai,Pune,1,1,22.23,MAERSK MOLLER,IMO7638477,MH,V847,154,EGLV,MBL,HLCU669264329,YMLU531348942,TCLU2849331,40GP,DRY,RF,FCL,CY/CFS,DSV,1119.69
40103410,6003201911000000511919,401034,9,"Rubber; vulcanised, endless transmission belts of trapezoidal cross-section (V-belts), other than V-ribbed, of an outside circumference exceeding 180cm but not exceeding 240 cm",MARKS6433,Netherlands,India,India,6,2019,11,2019-11,2019-11-03,20191121,20191121,export,1,1403638.62,29511.55,kg,KG,Van den Ban Tyre Distribution B.V.,[in full dataset],Hellevoetsluis,,www.vandenban.nl,[in full dataset],Y,RELIANCE INDUSTRIES LIMITED,[in full dataset],Mumbai,,www.ril.com,[in full dataset],Y,Van den Ban Tyre Distribution B.V.,[in full dataset],,3358.2,3358.2,Rotterdam,Kolkata,Mumbai,1,1,4.2,BARZAN,IMO4835829,LR,V874,253,COSU,HBL,MAEU528528379,CMDU916485534,TCLU8435474,40GP,TANK,RF,FCL,CY/CY,Kuehne + Nagel,26770.59
70023200,6003202404000005518536,700232,5,"Glass; unworked, tubes, of glass having a linear coefficient of expansion not exceeding 5 x 10 (to the minus 6), (or 0.000005) per Kelvin within a temperature range of 0-300 degrees C",MARKS6071,China,India,India,8,2024,4,2024-04,2024-04-01,20240417,20240417,export,1,141170363,1039.71,kg,KG,"Jiangsu Fanhua Applied Materials Technology Co., Ltd.",[in full dataset],Nantong,,www.fanhuaglass.com,[in full dataset],Y,PGP GLASS PRIVATE LIMITED,[in full dataset],Mumbai,,www.pgpfirst.com,[in full dataset],Y,"Jiangsu Fanhua Applied Materials Technology Co., Ltd.",[in full dataset],,5974.7,5974.7,Tianjin,Visakhapatnam,Mumbai,1,1,7.47,EVER GIVEN,IMO2692165,MH,V546,354,APLU,MBL,EGLV584525026,MAEU850290305,TCLU7365464,45HC,TANK,GP,FCL,CY/CY,DHL Global Forwarding,911.16
09096240,6003202007000001416729,090962,7,"Spices; seeds of anise, badian, caraway or fennel; juniper berries, crushed or ground",MARKS3861,Indonesia,India,India,5,2020,7,2020-07,2020-07-27,20200714,20200714,export,1,11830172.9,21500.12,kg,KG,PT TRI BINTANG INTER GLOBAL,[in full dataset],Kota Sukabumi,,www.tribintanginterglobal.com,[in full dataset],N,ADORABLE FOOD PROCESSORS PRIVATE LIMITED,[in full dataset],Kolkata,,,,N,PT TRI BINTANG INTER GLOBAL,[in full dataset],,24570.2,24570.2,"Tanjung Priok, Jakarta",Cochin,Kolkata,1,1,30.71,CSCL GLOBE,IMO4463841,SG,V696,211,APLU,HBL,HLCU360835137,CMDU172969749,FCIU2019010,40GP,FLAT RACK,HC,LCL,CY/CY,Expeditors,18740.35
44083910,6003201703000002840478,440839,7,"Wood, of tropical wood; as in Subheading note 2 to this Chapter, n.e.c. in heading no. 4408.31, sheets for veneer or plywood, other wood sawn length wise, sliced or peeled, whether or not planed, sanded or end-jointed, not thicker than 6mm",MARKS9608,Germany,India,India,8,2017,3,2017-03,2017-03-19,20170317,20170317,export,1,7543315.09,7997.03,kg,KG,HS Timber Productions GmbH,[in full dataset],Kodersdorf,,www.hs.at,[in full dataset],Y,SHIV SHAKTI ENTERPRISES,[in full dataset],Udham Singh Nagar,,,,Y,HS Timber Productions GmbH,[in full dataset],,8228.8,8228.8,Wilhelmshaven,Kandla,Udham Singh Nagar,1,1,10.29,HYUNDAI LOYALTY,IMO5292447,MH,V829,781,APLU,SWB,ONEY498443758,YMLU230260555,CAIU9105919,40GP,OPEN TOP,HC,FCL,CFS/CFS,DB Schenker,7361.63
48044900,6003201808000003616068,480449,5,"Kraft paper and paperboard; uncoated, weight more than 150g/m2 but less than 225g/m2, in rolls or sheets, n.e.c. in item no. 4804.4, other than that of heading no. 4802 or 4803",MARKS7254,Indonesia,India,India,9,2018,8,2018-08,2018-08-17,20180827,20180827,export,1,16076613.64,2338.4,kg,KG,PT GLOWPACK ASIA PACIFIC,[in full dataset],Kota Surabaya,,,,N,J P TOBACCO PRODUCTS PRIVATE LIMITED,[in full dataset],Damoh,,,,Y,PT GLOWPACK ASIA PACIFIC,[in full dataset],,12950.6,12950.6,"Tanjung Priok, Jakarta",Chennai,Damoh,1,1,16.19,ONE APUS,IMO8394253,MH,V841,746,MAEU,SWB,MAEU672005140,HLCU159156393,CAIU3131372,40HC,TANK,HC,FCL,CY/CFS,Bollore Logistics,2170.62
08023200,6003201602000006970656,080232,8,"Nuts, edible; walnuts, fresh or dried, shelled",MARKS2273,United States,India,India,9,2016,2,2016-02,2016-02-21,20160216,20160216,export,1,32277974,7688.98,kg,KG,"Tyson Foods, Inc.",[in full dataset],Springdale,,www.tysonfoods.com,[in full dataset],Y,DIAMOND NUTS,[in full dataset],Kollam,,www.bsnl.in,[in full dataset],Y,"Tyson Foods, Inc.",[in full dataset],,16170.8,16170.8,"Miami, FL",Visakhapatnam,Kollam,1,1,20.21,CMA CGM JULES VERNE,IMO2949837,PA,V868,502,EGLV,MBL,EGLV189912091,CMDU973183701,TGHU7506050,20GP,REEFER,RF,FCL,CY/CY,Expeditors,7148.97
,6003201912000005878900,401190,7,"Rubber; new pneumatic tyres, of a kind used on light commercial vehicles",MARKS1265,Thailand,India,India,5,2019,12,2019-12,2019-12-09,20191222,20191222,export,1,25281195.42,4624.86,kg,KG,SUNGSHIN BANGKOK RUBBER COMPANY LIMITED,[in full dataset],BANG KHO LAEM,,,,N,RELIANCE INDUSTRIES LIMITED,[in full dataset],Mumbai,,www.ril.com,[in full dataset],N,SUNGSHIN BANGKOK RUBBER COMPANY LIMITED,[in full dataset],,4350.1,4350.1,Bangkok,Kandla,Mumbai,1,1,5.44,CSCL GLOBE,IMO8830413,SG,V340,551,HLCU,SWB,MSCU966725470,MSCU133946270,TGHU3822586,40HC,FLAT RACK,HC,FCL,CFS/CFS,Bollore Logistics,4395.22
52062200,6003202509000001896363,520622,9,"Cotton yarn; (not sewing thread), single, of combed fibres, less than 85% by weight of cotton, less than 714.29 but not less than 232.56 decitex (exceeding 14 but not exceeding 43 metric number), not for retail sale",MARKS6638,Australia,India,India,9,2025,9,2025-09,2025-09-14,20250902,20250902,export,1,60682112.87,12039.77,kg,KG,COTTON ON FINANCE PTY LTD,[in full dataset],NORTH GEELONG,,www.cottonon.com.au,[in full dataset],Y,THE RAJLAKSHMI COTTON MILLS PRIVATE LIMITED,[in full dataset],Kolkata,,www.rcm-organic.com,[in full dataset],Y,COTTON ON FINANCE PTY LTD,[in full dataset],,23063.5,23063.5,Sydney,Tuticorin,Kolkata,1,1,28.83,HYUNDAI LOYALTY,IMO1643333,LR,V788,659,MAEU,SWB,MAEU925391197,EGLV764858395,MSCU4939332,20GP,DRY,GP,LCL,CY/CFS,DHL Global Forwarding,11417.43
69091990,6003202306000000284015,690919,7,"Ceramic wares; for laboratory, chemical or other technical uses, other than articles having a hardness equivalent to 9 or more on the Mohs scale or of porcelain or china",MARKS8333,Indonesia,India,India,9,2023,6,2023-06,2023-06-24,20230613,20230613,export,1,1435575.34,3126.85,kg,KG,PT NGK CERAMICS INDONESIA,[in full dataset],Kabupaten Bekasi,,www.ngk-global.com,[in full dataset],Y,MADHUSUDAN CERAMICS LIMITED,[in full dataset],Mehsana,,,,Y,PT NGK CERAMICS INDONESIA,[in full dataset],,9853.6,9853.6,Makassar,Kolkata,Mehsana,1,1,12.32,MSC OSCAR,IMO2086124,LR,V333,935,YMLU,SWB,MAEU441514372,COSU802414466,GESU8274239,20GP,TANK,HC,FCL,CY/CY,Yusen Logistics,2881.72
08112010,6003201609000011042224,081120,7,"Fruit, edible; raspberries, blackberries, mulberries, loganberries, black, white or red currants and gooseberries, uncooked or cooked, whether or not containing added sugar or other sweetening matter",MARKS8429,United States,India,India,8,2016,9,2016-09,2016-09-14,20160917,20160917,export,1,102668115,9718.65,kg,KG,The Kraft Heinz Company,[in full dataset],Pittsburgh,,www.kraftheinzcompany.com,[in full dataset],Y,WOW MOMO FOODS PRIVATE LIMITED,[in full dataset],Kolkata,,www.wowmomo.com,[in full dataset],Y,The Kraft Heinz Company,[in full dataset],,15981.1,15981.1,"Norfolk, VA",Kandla,Kolkata,1,1,19.98,ONE APUS,IMO5419614,LR,V132,305,CMDU,MBL,ONEY131086714,HLCU433517067,TGHU2008363,20GP,FLAT RACK,GP,LCL,CFS/CFS,Expeditors,9224.62
68079010,6003202206000000912832,680790,9,Asphalt or similar material; articles (e.g. petroleum bitumen or coal tar pitch) other than in rolls,MARKS5724,Germany,India,India,8,2022,6,2022-06,2022-06-23,20220608,20220608,export,1,4296054.24,4744.79,kg,KG,EURO STONE Naturstein Distribution GmbH & Co. KG,[in full dataset],Rheda-Wiedenbrück,,www.happe-gruppe.de,[in full dataset],Y,ADVANCE PANELS AND SWITCHGEARS PRIVATE LIMITED,[in full dataset],New Delhi,,www.advancepanels.com,[in full dataset],N,EURO STONE Naturstein Distribution GmbH & Co. KG,[in full dataset],,9831.6,9831.6,Wilhelmshaven,Kandla,New Delhi,1,1,12.29,MADRID MAERSK,IMO7430634,LR,V466,1,CMDU,HBL,ONEY645094082,HLCU888883658,GESU2768725,45HC,REEFER,HC,LCL,CFS/CFS,Kuehne + Nagel,4180
69031090,6003202309000003114368,690310,8,"Refractory ceramic goods; containing, by weight, more than 50% of free carbon, excluding those of siliceous fossil meals or similar earths",MARKS9272,China,India,India,8,2023,9,2023-09,2023-09-23,20230928,20230928,export,1,58942506,20046.73,kg,KG,"Guolin Ceramics (handan) Co., Ltd",[in full dataset],Handan,,www.topchoice.com.hk,[in full dataset],Y,KHAN BRICKS UDYOG,[in full dataset],Jhunjhunu,,,,Y,"Guolin Ceramics (handan) Co., Ltd",[in full dataset],,2073.7,2073.7,Shenzhen,Cochin,Jhunjhunu,1,1,2.59,ONE APUS,IMO1268359,MH,V448,302,CMDU,MBL,HLCU445785612,ONEY399372570,FCIU4082464,20GP,REEFER,HC,FCL,CY/CFS,DSV,18534.27
48115910,6003201801000006032278,481159,6,"Paper and paperboard; coated, impregnated or covered with plastics (excluding adhesives), other than bleached and weighing more than 150g/m2, other than goods of heading no. 4803, 4809, or 4810",MARKS8782,China,India,India,9,2018,1,2018-01,2018-01-27,20180108,20180108,export,1,42895714,11561.47,kg,KG,"Voith Paper China Co., Ltd.",[in full dataset],Kunshan,,www.voith.com,[in full dataset],Y,USHODAYA ENTERPRISES PRIVATE LIMITED,[in full dataset],Hyderabad,,www.eenadu.net,[in full dataset],Y,"Voith Paper China Co., Ltd.",[in full dataset],,15375.6,15375.6,Shenzhen,"Mundra, Gujarat",Hyderabad,1,1,19.22,HMM ALGECIRAS,IMO6770728,MH,V861,903,OOLU,SWB,MSCU270727479,EGLV458046375,TGHU2479537,45HC,REEFER,GP,FCL,CY/CFS,Yusen Logistics,10678.93
68109100,6003202202000000858936,681091,8,"Cement, concrete or artificial stone; prefabricated structural components for building or civil engineering, whether or not reinforced",MARKS3982,United States,India,India,8,2022,2,2022-02,2022-02-09,20220223,20220223,export,1,3909556,43611.67,kg,KG,Halliburton Company,[in full dataset],Houston,,www.halliburton.com,[in full dataset],Y,ACC LIMITED,[in full dataset],Ahmedabad,,www.acclimited.com,[in full dataset],Y,Halliburton Company,[in full dataset],,18678.5,18678.5,"Long Beach, CA","Nhava Sheva (JNPT), Mumbai",Ahmedabad,1,1,23.35,EVER ACME,IMO6873217,MH,V975,376,EGLV,HBL,ONEY871013940,MAEU753461794,CAIU3709761,40HC,FLAT RACK,RF,FCL,CFS/CFS,Kuehne + Nagel,39129.45
,6003202212000000911645,681519,8,Stone or other mineral substances not elsewhere specified or included; non-electrical articles of graphite or carbon n.e.c. in heading 6815,MARKS3369,Germany,India,India,9,2022,12,2022-12,2022-12-04,20221217,20221217,export,1,4290597.26,35932.23,kg,KG,Gebr. Knauf KG,[in full dataset],Iphofen,,www.knauf-akademie.de,[in full dataset],Y,DISCO STONE INDO LIMITED,[in full dataset],Chennai,,,,Y,Gebr. Knauf KG,[in full dataset],,11811.5,11811.5,Hamburg,Visakhapatnam,Chennai,1,1,14.76,EVER GIVEN,IMO7147987,LR,V875,393,EGLV,HBL,EGLV170049543,EGLV669068039,MSCU6097927,20GP,OPEN TOP,GP,FCL,CY/CY,DHL Global Forwarding,32273.57
68118100,6003202210000003201333,681181,6,"Cellulose fibre-cement; articles or the like; corrugated sheets, not containing asbestos",MARKS7973,China,India,India,6,2022,10,2022-10,2022-10-27,20221011,20221011,export,1,47569400,5453.46,kg,KG,"Shenzhen Gangchuang Building Materials Co.,Ltd",[in full dataset],Shenzhen,,www.gcbm.cn,[in full dataset],Y,RAM FABRICATORS,[in full dataset],Alwar,,,,Y,"Shenzhen Gangchuang Building Materials Co.,Ltd",[in full dataset],,3587.5,3587.5,Xiamen,Visakhapatnam,Alwar,1,1,4.48,APL MEXICO CITY,IMO7884452,MH,V525,201,MSCU,MBL,HLCU717764988,MSCU504352249,CAIU4393462,45HC,OPEN TOP,HC,FCL,CY/CFS,DSV,4774.91
48236900,6003201807000001515174,482369,8,"Paper and paperboard; trays, dishes, plates, cups and the like, of paper or paperboard other than of bamboo",MARKS7042,Italy,India,India,5,2018,7,2018-07,2018-07-17,20180720,20180720,export,1,5194918.15,112098.85,kg,KG,PRO-GEST SPA,[in full dataset],ISTRANA,,www.progestspa.com,[in full dataset],Y,TAMILNADU NEWSPRINT & PAPERS LIMITED,[in full dataset],Chennai,,www.tnpl.com,[in full dataset],Y,PRO-GEST SPA,[in full dataset],,21676.5,21676.5,La Spezia,Kolkata,Chennai,1,1,27.1,CSCL GLOBE,IMO5833565,MH,V953,374,ZIMU,MBL,YMLU920683646,MSCU739567382,FCIU7389236,45HC,REEFER,GP,FCL,CY/CY,Yusen Logistics,100735.46
,6003201711000004279358,441194,7,"Fibreboard (other than MDF) of a density not exceeding 0.5g/cm3, of wood or other ligneous materials, bonded or not with resins or other organic substances",MARKS4044,Indonesia,India,India,8,2017,11,2017-11,2017-11-27,20171121,20171121,export,1,13419892.22,5316.07,kg,KG,PT TUNGGAL AGATHIS INDAH WOOD INDUSTRIES,[in full dataset],Kota Administrasi Jakarta Barat,,,,Y,MAHESH INDUSTRIES PRIVATE LIMITED,[in full dataset],Karnal,,,,Y,PT TUNGGAL AGATHIS INDAH WOOD INDUSTRIES,[in full dataset],,8652.8,8652.8,"Tanjung Priok, Jakarta",Chennai,Karnal,1,1,10.82,MAERSK MOLLER,IMO5905213,MH,V311,727,COSU,SWB,EGLV772781708,EGLV564652115,CAIU2753903,40GP,REEFER,GP,LCL,CY/CY,Expeditors,4882.13
25191000,6003202109000002025712,251910,8,Magnesium carbonate (magnesite); natural,MARKS3520,Italy,India,India,5,2021,9,2021-09,2021-09-10,20210913,20210913,export,1,3235784.56,2404.31,kg,KG,ESAN ITALIA MINERALS SRL,[in full dataset],SASSUOLO,,www.eczacibasi.com,[in full dataset],Y,ULTRATECH CEMENT LIMITED,[in full dataset],Mumbai,,www.ultratechcement.com,[in full dataset],N,ESAN ITALIA MINERALS SRL,[in full dataset],,18855.8,18855.8,Trieste,Tuticorin,Mumbai,1,1,23.57,CSCL GLOBE,IMO1549011,MH,V552,903,HMMU,HBL,ONEY758656733,ONEY358237632,MSCU8024421,20GP,OPEN TOP,RF,FCL,CY/CFS,DB Schenker,2275.2
15149120,6003201501000002867981,151491,8,"Vegetable oils; excluding low erucic acid rape or colza oil and its fractions, crude",MARKS9751,Brazil,India,India,7,2015,1,2015-01,2015-01-16,20150107,20150107,export,1,57217404,21822.97,kg,KG,FONCEPI NATURAL WAXES LTDA.,[in full dataset],PIRIPIRI,,,,Y,SAI SPECIALITY FATS & EDIBLE OILS,[in full dataset],Krishna,,,,N,FONCEPI NATURAL WAXES LTDA.,[in full dataset],,11262.4,11262.4,Santos,"Nhava Sheva (JNPT), Mumbai",Krishna,1,1,14.08,EVER GIVEN,IMO9232168,MH,V963,209,APLU,MBL,COSU496162964,YMLU198351231,MSCU1028615,40HC,FLAT RACK,HC,FCL,CY/CY,Sinotrans,19566.67
68062000,6003202210000003202858,680620,7,"Exfoliated vermiculite, expanded clays, foamed slag and similar expanded mineral materials (including intermixtures thereof)",MARKS2791,China,India,India,6,2022,10,2022-10,2022-10-21,20221021,20221021,export,1,47569400,10090.89,kg,KG,"Best Cheer (Xiamen) Stone Works Co., Ltd.",[in full dataset],Xiamen,,www.bestcheer.com,[in full dataset],Y,DISCO STONE INDO LIMITED,[in full dataset],Chennai,,,,Y,"Best Cheer (Xiamen) Stone Works Co., Ltd.",[in full dataset],,16794.1,16794.1,Yingkou,"Nhava Sheva (JNPT), Mumbai",Chennai,1,1,20.99,YM WARRANTY,IMO6982581,SG,V384,971,MSCU,MBL,HLCU477300372,ONEY681397043,TCLU7611879,20GP,TANK,HC,FCL,CY/CY,DB Schenker,9528.98
08072000,6003201602000006968328,080720,6,"Fruit, edible; papaws (papayas), fresh",MARKS7785,United States,India,India,7,2016,2,2016-02,2016-02-24,20160228,20160228,export,1,32277974,65444.24,kg,KG,"Tyson Foods, Inc.",[in full dataset],Springdale,,www.tysonfoods.com,[in full dataset],Y,INFINITY DELTA NUTS PRIVATE LIMITED,[in full dataset],Satara,,,,Y,"Tyson Foods, Inc.",[in full dataset],,16183.4,16183.4,"Los Angeles, CA",Cochin,Satara,1,1,20.23,OOCL HONG KONG,IMO8108055,MH,V182,69,APLU,MBL,YMLU417207614,ONEY270548507,MSCU5106453,40HC,REEFER,GP,FCL,CFS/CFS,Kuehne + Nagel,59832.35
68053000,6003202208000003025209,680530,6,"Abrasive powder or grain; natural or artificial, on a base of materials n.e.c. in heading no. 6805, whether or not cut to shape or sewn or otherwise made up",MARKS8823,China,India,India,6,2022,8,2022-08,2022-08-11,20220816,20220816,export,1,42257268,1304.71,kg,KG,"Quanzhou Z-stone Science & Technology Co., Ltd.",[in full dataset],Quanzhou,,www.z-stone.com,[in full dataset],Y,DIL KUMAR GURUNG,[in full dataset],Gangtok,,,,Y,"Quanzhou Z-stone Science & Technology Co., Ltd.",[in full dataset],,20981.4,20981.4,Tianjin,Kandla,Gangtok,1,1,26.23,EVER GIVEN,IMO4875335,MH,V920,219,MSCU,HBL,CMDU914856289,CMDU223352777,FCIU6393997,45HC,REEFER,RF,FCL,CY/CFS,DSV,1216.37
,6003201907000004068377,401170,9,"Rubber; new pneumatic tyres, of a kind used on agricultural or forestry vehicles and machines",MARKS8344,United States,India,India,5,2019,7,2019-07,2019-07-17,20190725,20190725,export,1,14901463,7503.89,kg,KG,The Goodyear Tire & Rubber Company,[in full dataset],Akron,,www.goodyear.com,[in full dataset],Y,RELIANCE INDUSTRIES LIMITED,[in full dataset],Mumbai,,www.ril.com,[in full dataset],Y,The Goodyear Tire & Rubber Company,[in full dataset],,6000.7,6000.7,"Miami, FL",Kolkata,Mumbai,1,1,7.5,MSC GULSUN,IMO8080716,LR,V686,729,ZIMU,SWB,MAEU686506316,HLCU509451077,MSCU4090465,40HC,TANK,HC,FCL,CFS/CFS,DSV,6794.33
08023100,6003201604000005836890,080231,9,"Nuts, edible; walnuts, fresh or dried, in shell",MARKS6220,China,India,India,8,2016,4,2016-04,2016-04-27,20160423,20160423,export,1,23612047,397.5,kg,KG,"Yuncheng County Wuzhou Meat Food Co.,ltd.",[in full dataset],Heze,,,,Y,MMK EXPORTS,[in full dataset],Kollam,,,,Y,"Yuncheng County Wuzhou Meat Food Co.,ltd.",[in full dataset],,6560.2,6560.2,Xiamen,Chennai,Kollam,1,1,8.2,YM WARRANTY,IMO7174343,LR,V159,281,COSU,SWB,YMLU422467410,EGLV760293464,FCIU7606042,20GP,REEFER,HC,LCL,CY/CY,Yusen Logistics,349.07
69041000,6003202302000002218357,690410,9,Ceramic building bricks,MARKS9177,China,India,India,7,2023,2,2023-02,2023-02-15,20230203,20230203,export,1,28843108,572.23,kg,KG,"Guangdong Jinpai Chinaware Co., Ltd.",[in full dataset],Foshan,,,,Y,JYOTI CERAMIC INDUSTRIES,[in full dataset],Nashik,,www.jyoticeramic.com,[in full dataset],N,"Guangdong Jinpai Chinaware Co., Ltd.",[in full dataset],,21692.8,21692.8,Yingkou,Cochin,Nashik,1,1,27.12,EVER ACME,IMO4222222,MH,V916,820,OOLU,HBL,EGLV436917589,EGLV676279806,TCLU9332977,45HC,FLAT RACK,HC,FCL,CFS/CFS,Nippon Express,522.2
44111300,6003201701000007869589,441113,6,"Medium density fibreboard (MDF), of a thickness exceeding 5 mm but not exceeding 9 mm",MARKS1880,Malaysia,India,India,9,2017,1,2017-01,2017-01-13,20170124,20170124,export,1,35731838.55,11913.32,kg,KG,JID FU PLYWOOD SDN. BHD.,[in full dataset],Sandakan,,,,N,SHREE LAXMI TIMBER TRADERS & SAW MILLS,[in full dataset],East Singhbhum,,,,Y,JID FU PLYWOOD SDN. BHD.,[in full dataset],,12870.7,12870.7,Tanjung Pelepas,Visakhapatnam,East Singhbhum,1,1,16.09,BARZAN,IMO9063054,MH,V378,996,OOLU,MBL,COSU235759756,COSU530388196,BMOU6916059,45HC,DRY,RF,FCL,CFS/CFS,Yusen Logistics,10905.73
69091200,6003202307000003176351,690912,8,"Ceramic wares; for laboratory, chemical or other technical uses, articles having a hardness equivalent to 9 or more on the Mohs scale",MARKS5270,China,India,India,9,2023,7,2023-07,2023-07-22,20230707,20230707,export,1,62972638,17180.98,kg,KG,"Jiangxi Jintaiyuan Ceramics Co., Ltd.",[in full dataset],Gaoan,,www.jintaiyuan.cn,[in full dataset],Y,GLOBAL CERAMICS PRIVATE LIMITED,[in full dataset],Delhi,,www.glocera.com,[in full dataset],Y,"Jiangxi Jintaiyuan Ceramics Co., Ltd.",[in full dataset],,23694,23694,Dalian,Cochin,Delhi,1,1,29.62,EVER ACME,IMO1533635,SG,V439,91,EGLV,HBL,CMDU479026033,ONEY757315471,CAIU4278731,40GP,FLAT RACK,GP,FCL,CY/CY,DSV,15371.62
69101000,6003202307000003176568,691010,5,"Ceramic sinks, wash basins, wash basin pedestals, baths, bidets, water closet pans, flushing cisterns, urinals and similar sanitary fixtures; of porcelain or china",MARKS9364,China,India,India,9,2023,7,2023-07,2023-07-10,20230726,20230726,export,1,62972638,2760.02,kg,KG,"Guangdong Tidiy Ceramics Co., Ltd.",[in full dataset],Foshan,,www.tidiy.com.cn,[in full dataset],Y,MANISHRI REFRACTORIES AND CERAMICS PRIVATE LIMITED,[in full dataset],Cuttack,,www.manishri.com,[in full dataset],Y,"Guangdong Tidiy Ceramics Co., Ltd.",[in full dataset],,17133.7,17133.7,Guangzhou,Tuticorin,Cuttack,1,1,21.42,HMM ALGECIRAS,IMO5128148,LR,V476,408,OOLU,HBL,COSU602240667,ONEY793487534,MSCU6859512,20GP,FLAT RACK,HC,FCL,CY/CY,Sinotrans,2475.87
08026200,6003201607000006299962,080262,5,"Nuts, edible; macadamia, fresh or dried, shelled",MARKS7437,United States,India,India,7,2016,7,2016-07,2016-07-26,20160717,20160717,export,1,26676983,270.75,kg,KG,J. G. Boswell Company,[in full dataset],Pasadena,,www.boswelltomatoes.com,[in full dataset],Y,DIAMOND NUTS,[in full dataset],Kollam,,www.bsnl.in,[in full dataset],Y,J. G. Boswell Company,[in full dataset],,13912,13912,"Oakland, CA","Nhava Sheva (JNPT), Mumbai",Kollam,1,1,17.39,MOL TRIUMPH,IMO4073457,MH,V959,421,ZIMU,SWB,MSCU423798387,MSCU800915151,GESU2643913,40HC,TANK,RF,LCL,CY/CY,DHL Global Forwarding,250.89
08103000,6003201603000006009042,081030,8,"Fruit, edible; black, white or red currants and gooseberries, fresh",MARKS4498,China,India,India,5,2016,3,2016-03,2016-03-01,20160309,20160309,export,1,24748656,4452.85,kg,KG,"Telling Telecommunication Holding Co.,Ltd.",[in full dataset],Beijing,,www.chinatelling.com,[in full dataset],Y,RAJAMATA AGRO FOOD INDUSTRIES PRIVATE LIMITED,[in full dataset],Satara,,,,Y,"Telling Telecommunication Holding Co.,Ltd.",[in full dataset],,23503.8,23503.8,Xiamen,Visakhapatnam,Satara,1,1,29.38,EVER GIVEN,IMO8335586,SG,V378,416,HLCU,HBL,CMDU551212814,MAEU130889543,TCLU3097242,40GP,REEFER,GP,FCL,CFS/CFS,Yusen Logistics,4020.67
,6003201702000004858906,440612,9,"Wood; railway or tramway sleepers (cross-ties), not impregnated, non-coniferous",MARKS4962,Malaysia,India,India,8,2017,2,2017-02,2017-02-22,20170206,20170206,export,1,16533755.69,27427.23,kg,KG,RAJANG PLYWOOD SAWMILL SDN BHD,[in full dataset],Sibu,,,,Y,ROJA PARTICLE BOARD FURNITURE,[in full dataset],Murshidabad,,,,Y,RAJANG PLYWOOD SAWMILL SDN BHD,[in full dataset],,14810.5,14810.5,Tanjung Pelepas,Cochin,Murshidabad,1,1,18.51,BARZAN,IMO1443222,PA,V716,892,COSU,SWB,COSU563961666,COSU681234857,TCLU9412238,20GP,FLAT RACK,RF,FCL,CY/CY,Nippon Express,25089.85
09083140,6003202008000001445740,090831,7,"Spices; cardamoms, neither crushed nor ground",MARKS5039,Indonesia,India,India,7,2020,8,2020-08,2020-08-19,20200827,20200827,export,1,12403429.31,3884.91,kg,KG,PT PTPN IX KEBUN SEMUGIH MOGA PEMALANG (PERSERO),[in full dataset],Kabupaten Pemalang,,,,Y,SRI NARASUS COFFEE COMPANY PRIVATE LIMITED,[in full dataset],Salem,,www.narasuscoffee.in,[in full dataset],Y,PT PTPN IX KEBUN SEMUGIH MOGA PEMALANG (PERSERO),[in full dataset],,3005,3005,Belawan,Kolkata,Salem,1,1,3.76,YM WARRANTY,IMO4568425,SG,V440,231,COSU,SWB,EGLV719211317,ONEY398482086,GESU6964770,45HC,TANK,RF,LCL,CY/CY,Nippon Express,3569.89
69141000,6003202302000000638470,691410,7,Ceramic articles n.e.c. in chapter 69; of porcelain or china,MARKS7103,Japan,India,India,9,2023,2,2023-02,2023-02-22,20230217,20230217,export,1,3827025.69,764.89,kg,KG,"YAMAJU CERAMICS CO.,LTD.",[in full dataset],OWARIASAHI,,www.yamajuceramics.co.jp/,[in full dataset],Y,KAJARIA CERAMICS LIMITED,[in full dataset],Gurugram,,www.kajariaceramics.com,[in full dataset],Y,"YAMAJU CERAMICS CO.,LTD.",[in full dataset],,20670.6,20670.6,Osaka,"Nhava Sheva (JNPT), Mumbai",Gurugram,1,1,25.84,HMM ALGECIRAS,IMO1233411,MH,V885,280,COSU,SWB,MAEU390768228,HLCU997005543,BMOU7302552,40GP,FLAT RACK,RF,FCL,CFS/CFS,DB Schenker,683.67
15180011,6003201508000004249401,151800,7,"Animal, vegetable or microbial fats, oils and their fractions; boiled, oxidised, dehydrated or otherwise chemically modified, excluding those of heading no. 1516, inedible mixtures or preparations of fats, oils or their fractions, n.e.c. in chapter 15",MARKS1308,Indonesia,India,India,6,2015,8,2015-08,2015-08-11,20150822,20150822,export,1,196014769,43975.9,kg,KG,PT INNO-WANGSA OILS & FATS,[in full dataset],Kota Medan,,www.inno-wangsa.co.id,[in full dataset],Y,REAL OILS & FATS PRIVATE LIMITED,[in full dataset],Kutch,,,,Y,PT INNO-WANGSA OILS & FATS,[in full dataset],,9322.4,9322.4,Makassar,Kolkata,Kutch,1,1,11.65,EVER GIVEN,IMO2900324,SG,V715,676,YMLU,SWB,CMDU771224369,EGLV930221915,TCLU2984714,40GP,FLAT RACK,GP,FCL,CY/CY,Sinotrans,38320.33
70091010,6003202402000005405956,700910,7,Glass; rear-view mirrors for vehicles,MARKS8657,China,India,India,8,2024,2,2024-02,2024-02-27,20240203,20240203,export,1,124562805,48411.35,kg,KG,"FUYAO GLASS INDUSTRY GROUP CO., LTD.",[in full dataset],Fuqing,,www.fuyaogroup.com,[in full dataset],Y,ALPHA SAFETY GLASS PRIVATE LIMITED,[in full dataset],Nashik,,www.alphasafetyglass.in,[in full dataset],N,"FUYAO GLASS INDUSTRY GROUP CO., LTD.",[in full dataset],,5237.2,5237.2,Qingdao,Cochin,Nashik,1,1,6.55,MAERSK MOLLER,IMO4614308,PA,V454,395,ZIMU,SWB,YMLU986279313,HLCU568399659,TCLU5198451,40GP,OPEN TOP,RF,FCL,CY/CFS,DSV,45972.19
07134000,6003202601000001275222,071340,6,"Vegetables, leguminous; lentils, shelled, whether or not skinned or split, dried",MARKS1537,Australia,India,India,9,2026,1,2026-01,2026-01-25,20260121,20260121,export,1,106461162.68,3622.92,kg,KG,ADM TRADING AUSTRALIA PTY LTD,[in full dataset],Adelaide,,www.admgrain.com.au,[in full dataset],Y,NEW WORLD TRADING (INDIA) PRIVATE LIMITED,[in full dataset],New Delhi,,,,N,ADM TRADING AUSTRALIA PTY LTD,[in full dataset],,655.6,655.6,Brisbane,Kandla,New Delhi,1,1,0.82,MOL TRIUMPH,IMO2960329,SG,V576,932,COSU,HBL,YMLU526964638,MSCU818674393,TCLU7568613,20GP,TANK,RF,FCL,CFS/CFS,Kuehne + Nagel,3205.47
48173090,6003201807000006307311,481730,7,"Paper and paperboard; boxes, pouches, wallets and writing compendiums containing an assortment of paper stationery",MARKS3860,China,India,India,5,2018,7,2018-07,2018-07-01,20180725,20180725,export,1,47502435,29301,kg,KG,"Shanying International Holdings Co., Ltd.",[in full dataset],Maanshan,,www.shanyingintl.com,[in full dataset],Y,P & J TOBACCO PRODUCTS CO,[in full dataset],Haveri,,,,Y,"Shanying International Holdings Co., Ltd.",[in full dataset],,3616,3616,Tianjin,"Nhava Sheva (JNPT), Mumbai",Haveri,1,1,4.52,ONE APUS,IMO9918176,PA,V103,292,ONEY,SWB,COSU763947897,YMLU876688389,BMOU7819880,40HC,FLAT RACK,GP,FCL,CFS/CFS,CEVA Logistics,26536.92
52094910,6003202510000002213778,520949,7,"Fabrics, woven; containing 85% or more by weight of cotton, of yarns of different colours, of weaves n.e.c. in item no. 5209.4, weighing more than 200g/m2",MARKS2244,Brazil,India,India,9,2025,10,2025-10,2025-10-18,20251010,20251010,export,1,110986790,24443.73,kg,KG,COTTON STAR INDUSTRIAL LTDA,[in full dataset],BLUMENAU,,,,Y,INDRA COTTON MILLS LIMITED,[in full dataset],Chennai,,,,Y,COTTON STAR INDUSTRIAL LTDA,[in full dataset],,8015.6,8015.6,Santos,Visakhapatnam,Chennai,1,1,10.02,APL MEXICO CITY,IMO3578682,SG,V440,527,APLU,SWB,CMDU806970485,ONEY428604628,BMOU7288218,40GP,REEFER,HC,LCL,CFS/CFS,DSV,23223.67
52091111,6003202508000000761892,520911,9,"Fabrics, woven; containing 85% or more by weight of cotton, unbleached, plain weave, weighing more than 200g/m2",MARKS2030,Turkiye,India,India,8,2025,8,2025-08,2025-08-21,20250812,20250812,export,1,8012013,6398.95,kg,KG,CMC CONSUMER MEDICAL CARE PAMUK AMBALAJ SANAYI VE TICARET LIMITED SIRKETI,[in full dataset],Mersin,,www.cmc-group.info,[in full dataset],N,BOWRESH COTTON MILLS COMPANY LIMITED,[in full dataset],Kolkata,,,,Y,CMC CONSUMER MEDICAL CARE PAMUK AMBALAJ SANAYI VE TICARET LIMITED SIRKETI,[in full dataset],,8174.3,8174.3,Main Container Port,"Mundra, Gujarat",Kolkata,1,1,10.22,ONE APUS,IMO9712407,PA,V272,733,HLCU,SWB,ONEY605560877,YMLU726058146,CAIU5346509,40GP,FLAT RACK,HC,FCL,CFS/CFS,DSV,5970.53
15219090,6003201501000003992405,152190,8,"Waxes, other than vegetable, n.e.c. in heading no. 1521; whether or not refined or coloured",MARKS5285,Malaysia,India,India,7,2015,1,2015-01,2015-01-02,20150112,20150112,export,1,132904362.5,1096.15,kg,KG,MUSIM MASTIKA OILS & FATS (MALAYSIA) SDN. BHD.,[in full dataset],Pasir Gudang,,www.musimmas.com,[in full dataset],Y,K-TEK OILS & FATS PROJECTS PRIVATE LIMITED,[in full dataset],Thane,,,,Y,MUSIM MASTIKA OILS & FATS (MALAYSIA) SDN. BHD.,[in full dataset],,14945.7,14945.7,Tanjung Pelepas,Kolkata,Thane,1,1,18.68,HMM ALGECIRAS,IMO8713331,SG,V784,326,ZIMU,SWB,MAEU659104744,ONEY674777714,TGHU7581961,20GP,OPEN TOP,RF,FCL,CFS/CFS,Expeditors,963.55
,6003201503000004401231,151560,5,"Vegetable oils; microbial fats and oils and their fractions, whether or not refined, but not chemically modified",MARKS2420,Malaysia,India,India,7,2015,3,2015-03,2015-03-13,20150328,20150328,export,1,242261037.63,4231.5,kg,KG,INNO-WANGSA OILS & FATS SDN. BHD.,[in full dataset],Pasir Gudang,,www.innowangsa.com,[in full dataset],Y,POSHAK OILS AND FATS LIMITED,[in full dataset],Kurnool,,,,Y,INNO-WANGSA OILS & FATS SDN. BHD.,[in full dataset],,7056.9,7056.9,Tanjung Pelepas,Chennai,Kurnool,1,1,8.82,CMA CGM JULES VERNE,IMO6231595,PA,V575,834,ONEY,HBL,EGLV968278145,HLCU582786573,MSCU7976257,40HC,REEFER,GP,LCL,CY/CFS,DB Schenker,3703.08
09101120,6003202012000000364904,091011,8,"Spices; ginger, neither crushed nor ground",MARKS6584,Brazil,India,India,6,2020,12,2020-12,2020-12-25,20201216,20201216,export,1,1765232,12303.2,kg,KG,ZAMP S.A.,[in full dataset],SAO PAULO,,www.zamp.com.br,[in full dataset],N,SHAHI FOOD & SPICES,[in full dataset],Buldhana,,,,Y,ZAMP S.A.,[in full dataset],,14302.9,14302.9,Paranagua,Cochin,Buldhana,1,1,17.88,YM WARRANTY,IMO3447443,LR,V800,133,YMLU,HBL,COSU417344819,CMDU340654812,GESU2280185,20GP,TANK,GP,FCL,CY/CY,Sinotrans,11156.11
08055000,6003201605000008279541,080550,8,"Fruit, edible; lemons (Citrus limon, Citrus limonum), limes (Citrus aurantifolia, Citrus latifolia), fresh or dried",MARKS6727,United States,India,India,8,2016,5,2016-05,2016-05-07,20160524,20160524,export,1,47360925,1361.87,kg,KG,The Kraft Heinz Company,[in full dataset],Pittsburgh,,www.kraftheinzcompany.com,[in full dataset],Y,WOW MOMO FOODS PRIVATE LIMITED,[in full dataset],Kolkata,,www.wowmomo.com,[in full dataset],Y,The Kraft Heinz Company,[in full dataset],,9100.7,9100.7,"Savannah, GA",Cochin,Kolkata,1,1,11.38,MOL TRIUMPH,IMO8239308,SG,V734,270,ONEY,MBL,MAEU745706635,YMLU181178084,TCLU2408672,45HC,TANK,HC,FCL,CFS/CFS,Kuehne + Nagel,1296.09
70099200,6003202404000001066831,700992,7,"Glass mirrors; framed, excluding rear-view mirrors for vehicles",MARKS7444,Thailand,India,India,6,2024,4,2024-04,2024-04-21,20240409,20240409,export,1,5140423.02,370059.13,kg,KG,BANGKOK GLASS PUBLIC COMPANY LIMITED,[in full dataset],THANYABURI,,www.bgiglass.com,[in full dataset],Y,PIRAMAL GLASS PRIVATE LIMITED,[in full dataset],Vadodara,,www.pgpfirst.com,[in full dataset],N,BANGKOK GLASS PUBLIC COMPANY LIMITED,[in full dataset],,4389.5,4389.5,Bangkok,Kolkata,Vadodara,1,1,5.49,ONE APUS,IMO5355601,PA,V620,134,CMDU,MBL,MAEU828696594,ONEY454681672,TCLU4407927,45HC,REEFER,RF,FCL,CFS/CFS,Yusen Logistics,345363.15
40023100,6003201912000004458014,400231,9,"Rubber; synthetic, isobutene-isoprene (butyl) rubber (IIR), in primary forms or in plates, sheets or strip",MARKS5400,Indonesia,India,India,6,2019,12,2019-12,2019-12-07,20191208,20191208,export,1,16980291.65,238674.07,kg,KG,PT SALIM IVOMAS PRATAMA TBK,[in full dataset],Kota Administrasi Jakarta Selatan,,www.simp.co.id/,[in full dataset],N,RELIANCE INDUSTRIES LIMITED,[in full dataset],Mumbai,,www.ril.com,[in full dataset],Y,PT SALIM IVOMAS PRATAMA TBK,[in full dataset],,6986.5,6986.5,"Tanjung Perak, Surabaya",Kolkata,Mumbai,1,1,8.73,MADRID MAERSK,IMO2096155,LR,V324,841,CMDU,SWB,MAEU738274181,HLCU141618512,TCLU3519725,20GP,REEFER,HC,FCL,CY/CY,Yusen Logistics,217784.25
15179020,6003201502000004502514,151790,6,"Edible mixtures or preparations of animal, vegetable or microbial fats or oils or of fractions of different fats or oils of this Chapter, n.e.c. in heading 1517, other than edible fats and oils or their fractions of heading 15.16",MARKS2465,Indonesia,India,India,5,2015,2,2015-02,2015-02-17,20150220,20150220,export,1,289437478,8009.41,kg,KG,PT SUMBER TANI AGUNG OILS AND FATS,[in full dataset],Kota Administrasi Jakarta Selatan,,,,N,POSHAK OILS AND FATS LIMITED,[in full dataset],Hyderabad,,,,N,PT SUMBER TANI AGUNG OILS AND FATS,[in full dataset],,14345.4,14345.4,"Tanjung Priok, Jakarta",Tuticorin,Hyderabad,1,1,17.93,MOL TRIUMPH,IMO1815185,PA,V737,540,HLCU,MBL,HLCU820735175,MSCU358969416,FCIU4319787,40GP,DRY,GP,FCL,CY/CFS,Kuehne + Nagel,7008.89
68118100,6003202207000003349530,681181,6,"Cellulose fibre-cement; articles or the like; corrugated sheets, not containing asbestos",MARKS7638,China,India,India,5,2022,7,2022-07,2022-07-05,20220712,20220712,export,1,53546388,9533.67,kg,KG,"Shandong Shengshi Guangxia New Type Building Materials Technology Co., Ltd.",[in full dataset],Weifang,,,,Y,GREENPLY SPECIALITY PANELS PRIVATE LIMITED,[in full dataset],Kolkata,,www.greenply.com,[in full dataset],Y,"Shandong Shengshi Guangxia New Type Building Materials Technology Co., Ltd.",[in full dataset],,18870.1,18870.1,Yingkou,Visakhapatnam,Kolkata,1,1,23.59,APL MEXICO CITY,IMO9911477,PA,V553,930,APLU,SWB,COSU762399057,CMDU822783886,CAIU8510888,45HC,DRY,GP,FCL,CY/CY,Bollore Logistics,8787.64
48045900,6003201812000006174926,480459,8,"Kraft paper and paperboard; uncoated, weight 225g/m2 or more, in rolls or sheets, n.e.c. in item no. 4804.5, other than that of heading no. 4802 or 4803",MARKS3149,China,India,India,7,2018,12,2018-12,2018-12-24,20181206,20181206,export,1,45046234,25144.34,kg,KG,"Shenzhen YUTO Packaging Technology Co., Ltd.",[in full dataset],Shenzhen,,www.szyuto.com,[in full dataset],N,J P TOBACCO PRODUCTS PRIVATE LIMITED,[in full dataset],Damoh,,,,Y,"Shenzhen YUTO Packaging Technology Co., Ltd.",[in full dataset],,5331.6,5331.6,Guangzhou,"Nhava Sheva (JNPT), Mumbai",Damoh,1,1,6.66,CSCL GLOBE,IMO8172456,SG,V742,494,OOLU,MBL,MAEU705460229,COSU178034509,BMOU2637184,40GP,OPEN TOP,RF,FCL,CY/CY,CEVA Logistics,22265.23
,6003202603000001194812,071234,7,"Vegetables; shiitake mushrooms (Lentinus edodes), whole, cut, sliced, broken or in powder but not further prepared, dried",MARKS1336,Canada,India,India,9,2026,3,2026-03,2026-03-19,20260303,20260303,export,1,81233737.75,1188.25,kg,KG,Small Potatoes Urban Delivery Inc,[in full dataset],Vancouver,,www.spud.ca,[in full dataset],N,BALAJI ONIONS PRIVATE LIMITED,[in full dataset],Nagaur,,,,N,Small Potatoes Urban Delivery Inc,[in full dataset],,24721.9,24721.9,"Vancouver, BC",Tuticorin,Nagaur,1,1,30.9,APL MEXICO CITY,IMO2358055,SG,V982,874,YMLU,MBL,ONEY308485242,ONEY965138953,MSCU8136660,40GP,OPEN TOP,GP,FCL,CY/CY,Bollore Logistics,1131.17
,6003201907000006739707,401180,6,"Rubber; new pneumatic tyres, of a kind used on construction, mining or industrial handling vehicles and machines",MARKS4857,Thailand,India,India,7,2019,7,2019-07,2019-07-27,20190728,20190728,export,1,32735569.35,22840.55,kg,KG,SUMITOMO RUBBER (THAILAND) COMPANY LIMITED,[in full dataset],PLUAK DAENG,,www.sumitomorubberthailand.com,[in full dataset],Y,RELIANCE INDUSTRIES LIMITED,[in full dataset],Mumbai,,www.ril.com,[in full dataset],N,SUMITOMO RUBBER (THAILAND) COMPANY LIMITED,[in full dataset],,22725.6,22725.6,Laem Chabang,"Mundra, Gujarat",Mumbai,1,1,28.41,MOL TRIUMPH,IMO1808237,SG,V813,774,EGLV,MBL,CMDU309198694,EGLV323928290,TCLU3152252,20GP,TANK,HC,FCL,CY/CY,DSV,21389.99
40052010,6003201905000006816419,400520,7,"Rubber; unvulcanised, compounded, solutions and dispersions other than those of item no. 4005.10",MARKS3671,Indonesia,India,India,7,2019,5,2019-05,2019-05-09,20190501,20190501,export,1,33835747.03,13516.07,kg,KG,PT CHANDRA ASRI PACIFIC TBK,[in full dataset],Kota Administrasi Jakarta Barat,,www.chandra-asri.com,[in full dataset],Y,RELIANCE INDUSTRIES LIMITED,[in full dataset],Mumbai,,www.ril.com,[in full dataset],Y,PT CHANDRA ASRI PACIFIC TBK,[in full dataset],,17370.7,17370.7,Makassar,"Mundra, Gujarat",Mumbai,1,1,21.71,EVER ACME,IMO9222919,MH,V595,704,CMDU,MBL,COSU938952733,MAEU760146843,FCIU1194460,45HC,FLAT RACK,HC,FCL,CY/CFS,Bollore Logistics,12029.7
40081190,6003201904000002803352,400811,5,"Rubber; vulcanised (other than hard rubber), in plates, sheets and strip of cellular rubber",MARKS1011,United States,India,India,9,2019,4,2019-04,2019-04-01,20190407,20190407,export,1,9463514,26378.45,kg,KG,"Group 1 Automotive, Inc.",[in full dataset],Houston,,www.group1auto.com,[in full dataset],Y,RELIANCE INDUSTRIES LIMITED,[in full dataset],Mumbai,,www.ril.com,[in full dataset],Y,"Group 1 Automotive, Inc.",[in full dataset],,21973.2,21973.2,"New York/Newark, NJ",Chennai,Mumbai,1,1,27.47,MOL TRIUMPH,IMO9897576,SG,V201,60,HMMU,MBL,EGLV768982397,COSU920153195,GESU9955027,40HC,FLAT RACK,GP,LCL,CY/CFS,Nippon Express,23725.98
48062000,6003201808000005471356,480620,5,"Paper; greaseproof papers, in rolls or sheets",MARKS3675,Canada,India,India,6,2018,8,2018-08,2018-08-04,20180816,20180816,export,1,33663550.06,534.83,kg,KG,AV Group NB Inc,[in full dataset],Nackawic,,www.av-group.ca,[in full dataset],N,ITC LIMITED,[in full dataset],Kolkata,,www.itcportal.com,[in full dataset],Y,AV Group NB Inc,[in full dataset],,23217.9,23217.9,"Montreal, QC",Kolkata,Kolkata,1,1,29.02,MOL TRIUMPH,IMO6272371,SG,V292,514,MSCU,MBL,COSU999358095,ONEY929579768,GESU7022421,40GP,OPEN TOP,GP,FCL,CY/CY,Kuehne + Nagel,482.68
44079500,6003201711000004280049,440795,6,"Wood; ash (Fraxinus spp.), sawn or chipped lengthwise, sliced or peeled, whether or not planed, sanded or finger-jointed, thicker than 6mm",MARKS3136,Indonesia,India,India,8,2017,11,2017-11,2017-11-10,20171117,20171117,export,1,13419892.22,603.5,kg,KG,PT NAGAWA INDONESIA INTERNATIONAL,[in full dataset],Kota Administrasi Jakarta Timur,,www.nagawa.co.id,[in full dataset],Y,SHREE LAXMI TIMBER TRADERS & SAW MILLS,[in full dataset],East Singhbhum,,,,Y,PT NAGAWA INDONESIA INTERNATIONAL,[in full dataset],,14491.6,14491.6,Belawan,"Nhava Sheva (JNPT), Mumbai",East Singhbhum,1,1,18.11,COSCO UNIVERSE,IMO9047532,PA,V268,600,HMMU,SWB,EGLV735320536,EGLV169410572,TCLU5275472,45HC,REEFER,RF,FCL,CFS/CFS,CEVA Logistics,533.03
48219010,6003201812000002165933,482190,9,"Paper and paperboard; labels of all kinds, unprinted",MARKS7903,Germany,India,India,9,2018,12,2018-12,2018-12-16,20181211,20181211,export,1,8042417.28,23304.5,kg,KG,Klingele Paper & Packaging SE & Co. KG,[in full dataset],Remshalden,,,,Y,ITC LIMITED,[in full dataset],Kolkata,,www.itcportal.com,[in full dataset],N,Klingele Paper & Packaging SE & Co. KG,[in full dataset],,18681.1,18681.1,Hamburg,Visakhapatnam,Kolkata,1,1,23.35,EVER ACME,IMO4305588,MH,V892,188,HMMU,MBL,CMDU279147650,ONEY494738510,BMOU4009189,20GP,OPEN TOP,RF,FCL,CY/CY,DHL Global Forwarding,21984.28
,6003201503000004403504,150940,8,"Vegetable oils; olive oil and its fractions, virgin olive oils n.e.c. in heading 1509, whether or not refined, but not chemically modified",MARKS6737,Malaysia,India,India,8,2015,3,2015-03,2015-03-22,20150311,20150311,export,1,242261037.63,4559.28,kg,KG,KIM CHUAN OILS & FATS SDN. BHD.,[in full dataset],Pelabuhan Klang,,,,Y,AL HABEEB OILS & FATS,[in full dataset],Hyderabad,,,,Y,KIM CHUAN OILS & FATS SDN. BHD.,[in full dataset],,13854.5,13854.5,Tanjung Pelepas,Tuticorin,Hyderabad,1,1,17.32,MSC GULSUN,IMO8470211,LR,V780,532,OOLU,SWB,MSCU138164748,COSU531025756,BMOU3718360,45HC,TANK,GP,FCL,CY/CFS,DHL Global Forwarding,4282.68
69119010,6003202310000002878277,691190,5,"Household and toilet articles; n.e.c. in heading no. 6911, of porcelain or china",MARKS8296,China,India,India,9,2023,10,2023-10,2023-10-11,20231007,20231007,export,1,50302335,10604.99,kg,KG,"Fujian Quanzhou Xianglong Ceramics Co., Ltd.",[in full dataset],Dehua County,,,,Y,ORIENT BELL LIMITED,[in full dataset],New Delhi,,www.orientbell.com,[in full dataset],Y,"Fujian Quanzhou Xianglong Ceramics Co., Ltd.",[in full dataset],,11146.7,11146.7,Dalian,Chennai,New Delhi,1,1,13.93,ONE APUS,IMO4244388,PA,V331,443,HLCU,MBL,HLCU912143294,MAEU475077942,BMOU2295354,40GP,REEFER,RF,FCL,CY/CFS,DB Schenker,9986.52
15012000,6003201510000004328561,150120,5,"Pig fat; not lard, other than that of heading 0209 or 1503",MARKS8028,Malaysia,India,India,9,2015,10,2015-10,2015-10-17,20151028,20151028,export,1,213644515.15,7743.31,kg,KG,NGO CHEW HONG OILS & FATS (M) SDN. BHD.,[in full dataset],Semenyih,,www.mewahgroup.com,[in full dataset],Y,BHAGWATI FATS AND EDIBLE OILS PRIVATE LIMITED,[in full dataset],Hyderabad,,www.agarwalindia.com,[in full dataset],Y,NGO CHEW HONG OILS & FATS (M) SDN. BHD.,[in full dataset],,13412.9,13412.9,Port Klang,Chennai,Hyderabad,1,1,16.77,HYUNDAI LOYALTY,IMO7113445,PA,V858,86,HMMU,HBL,MAEU240927807,EGLV442200024,TGHU5451747,45HC,FLAT RACK,HC,FCL,CFS/CFS,Sinotrans,7142.36
52094310,6003202509000000530312,520943,9,"Fabrics, woven; containing 85% or more by weight of cotton, of yarns of different colours, 3-thread or 4-thread twill, including cross twill, weighing more than 200g/m2",MARKS8252,Egypt,India,India,9,2025,9,2025-09,2025-09-02,20250910,20250910,export,1,4545943.4,7669.02,kg,KG,EMAIL ABDEL AHAD SEYDAH AND HIS PARTNERS,[in full dataset],Obour,,www.elsham-eg.com,[in full dataset],Y,JAGATJIT COTTON TEXTILE MILLS LIMITED,[in full dataset],Phagwara,,,,Y,EMAIL ABDEL AHAD SEYDAH AND HIS PARTNERS,[in full dataset],,12172.7,12172.7,Port Said,Kandla,Phagwara,1,1,15.22,CSCL GLOBE,IMO6527791,PA,V884,397,ZIMU,SWB,COSU394342530,CMDU564173512,BMOU3948684,40HC,FLAT RACK,RF,FCL,CY/CY,Bollore Logistics,7200.44
,6003202304000003080561,690740,7,Finishing ceramics,MARKS9934,China,India,India,7,2023,4,2023-04,2023-04-07,20230417,20230417,export,1,57668170,23535.42,kg,KG,"Financial Street Property Co., Limited",[in full dataset],Beijing,,www.jrjlife.com,[in full dataset],N,CERAMIC TABLEWARE INDIA PRIVATE LIMITED,[in full dataset],Jaipur,,www.bharatin.com,[in full dataset],Y,"Financial Street Property Co., Limited",[in full dataset],,13184.9,13184.9,Xiamen,Kandla,Jaipur,1,1,16.48,COSCO UNIVERSE,IMO1944228,PA,V282,255,HLCU,SWB,CMDU310427958,HLCU666502146,TCLU8858910,40HC,FLAT RACK,RF,FCL,CY/CY,Sinotrans,20578.77
68079010,6003202206000003505553,680790,9,Asphalt or similar material; articles (e.g. petroleum bitumen or coal tar pitch) other than in rolls,MARKS6523,China,India,India,8,2022,6,2022-06,2022-06-08,20220610,20220610,export,1,62709074,67543.37,kg,KG,"Bright Stone Innovation Technology Group Co.,LTD",[in full dataset],Beijing,,www.chinabrightstone.com,[in full dataset],Y,GREENPLY SPECIALITY PANELS PRIVATE LIMITED,[in full dataset],Kolkata,,www.greenply.com,[in full dataset],Y,"Bright Stone Innovation Technology Group Co.,LTD",[in full dataset],,13397.4,13397.4,Guangzhou,Cochin,Kolkata,1,1,16.75,OOCL HONG KONG,IMO4572464,PA,V923,749,EGLV,HBL,COSU154159008,COSU462544079,CAIU4879612,45HC,DRY,RF,LCL,CY/CFS,Bollore Logistics,62499.29
48204000,6003201801000006033296,482040,7,Paper and paperboard; manifold business forms and interleaved carbon sets,MARKS1187,China,India,India,8,2018,1,2018-01,2018-01-18,20180106,20180106,export,1,42895714,1798.5,kg,KG,"Nantong Dongxin Electronics Co., Ltd.",[in full dataset],Nantong,,,,N,P & J TOBACCO PRODUCTS CO,[in full dataset],Haveri,,,,Y,"Nantong Dongxin Electronics Co., Ltd.",[in full dataset],,19376.6,19376.6,Yingkou,Chennai,Haveri,1,1,24.22,HMM ALGECIRAS,IMO6957623,PA,V525,708,APLU,HBL,HLCU711683434,EGLV456634888,MSCU9996200,20GP,REEFER,RF,FCL,CY/CY,DHL Global Forwarding,1593.12
52122300,6003202506000001516119,521223,5,"Fabrics, woven; of cotton, dyed, weighing more than 200g/m2, n.e.c. in chapter 52",MARKS9876,United States,India,India,5,2025,6,2025-06,2025-06-03,20250621,20250621,export,1,31382861,916.06,kg,KG,"Cotton Restoration, L. P.",[in full dataset],Katy,,www.cottonholdings.com,[in full dataset],N,SULOCHANA COTTON SPINNING MILLS PRIVATE LIMITED,[in full dataset],Tirupur,,www.sulochanamills.in,[in full dataset],Y,"Cotton Restoration, L. P.",[in full dataset],,20801.2,20801.2,"Los Angeles, CA",Cochin,Tirupur,1,1,26,APL MEXICO CITY,IMO7043673,LR,V285,214,HMMU,SWB,CMDU742554484,EGLV355807036,TGHU7591849,20GP,OPEN TOP,RF,FCL,CY/CFS,CEVA Logistics,848.83
15042090,6003201502000004029140,150420,9,"Fats and oils and their fractions; of fish, (excluding liver-oils)",MARKS5994,Malaysia,India,India,5,2015,2,2015-02,2015-02-16,20150226,20150226,export,1,137901237.1,45028.8,kg,KG,PACIFIC OILS & FATS INDUSTRIES SDN. BHD.,[in full dataset],Kulai,,www.pacificofats.com,[in full dataset],Y,HINDUSTAN VEGETABLE OILS CORPORATION LIMITED,[in full dataset],Amritsar,,,,Y,PACIFIC OILS & FATS INDUSTRIES SDN. BHD.,[in full dataset],,16238.5,16238.5,Tanjung Pelepas,Cochin,Amritsar,1,1,20.3,HMM ALGECIRAS,IMO3895777,SG,V969,632,MAEU,MBL,MSCU909615622,YMLU336580339,CAIU4020754,40GP,TANK,HC,FCL,CY/CFS,DSV,40721.62
09109939,6003202007000001416889,091099,8,Spices; n.e.c. in heading no. 0910,MARKS9847,Indonesia,India,India,6,2020,7,2020-07,2020-07-23,20200712,20200712,export,1,11830172.9,3737.3,kg,KG,PT ANEKA COFFEE INDUSTRY,[in full dataset],Kabupaten Sidoarjo,,www.anekacoffee.com,[in full dataset],Y,GINGER COURT,[in full dataset],Hyderabad,,,,Y,PT ANEKA COFFEE INDUSTRY,[in full dataset],,23034.1,23034.1,Belawan,Kandla,Hyderabad,1,1,28.79,MADRID MAERSK,IMO8119854,SG,V914,928,OOLU,SWB,HLCU604316287,MSCU198651948,FCIU7077031,20GP,REEFER,HC,FCL,CFS/CFS,Kuehne + Nagel,3439.46
,6003201705000006942448,440210,9,"Wood; charcoal of bamboo, whether or not agglomerated",MARKS2088,Malaysia,India,India,6,2017,5,2017-05,2017-05-14,20170512,20170512,export,1,28886911.08,2326.63,kg,KG,BAYA VENEER & PLYWOOD INDUSTRIES SDN BHD,[in full dataset],Sibu,,,,Y,CENTURY PLYBOARDS (INDIA) LIMITED,[in full dataset],Kolkata,,www.centuryply.com,[in full dataset],Y,BAYA VENEER & PLYWOOD INDUSTRIES SDN BHD,[in full dataset],,13458.3,13458.3,Tanjung Pelepas,"Mundra, Gujarat",Kolkata,1,1,16.82,EVER GIVEN,IMO6933041,MH,V111,3,APLU,HBL,EGLV960690826,CMDU622199430,BMOU1924895,40GP,DRY,RF,LCL,CY/CFS,DHL Global Forwarding,2034.65
,6003202602000001364695,070953,9,"Vegetables; mushrooms of the genus Cantharellus, fresh or chilled",MARKS8007,Australia,India,India,5,2026,2,2026-02,2026-02-16,20260222,20260222,export,1,138496072.64,4365.17,kg,KG,ADM TRADING AUSTRALIA PTY LTD,[in full dataset],Adelaide,,www.admgrain.com.au,[in full dataset],Y,KRUSHI FRUITS & VEGETABLES PRIVATE LIMITED,[in full dataset],Nashik,,www.taxclick.org,[in full dataset],Y,ADM TRADING AUSTRALIA PTY LTD,[in full dataset],,21180.1,21180.1,Fremantle,Kandla,Nashik,1,1,26.48,MOL TRIUMPH,IMO8543008,LR,V272,329,APLU,HBL,COSU659174026,COSU461650629,MSCU2190378,40GP,DRY,GP,FCL,CY/CFS,Nippon Express,4023.71
40094200,6003201902000003534475,400942,5,"Rubber; vulcanised (other than hard rubber), tubing, piping and hoses, reinforced or otherwise combined with materials other than metal or textiles, with fittings",MARKS7784,Singapore,India,India,7,2019,2,2019-02,2019-02-10,20190206,20190206,export,1,12408533.46,19883.49,kg,KG,WIELAND METALS SINGAPORE (PTE) LTD,[in full dataset],Singapore,,www.wieland.com,[in full dataset],Y,PATHARE TRADING PRIVATE LIMITED,[in full dataset],Mumbai,,,,Y,WIELAND METALS SINGAPORE (PTE) LTD,[in full dataset],,14068.3,14068.3,Singapore (PSA),Tuticorin,Mumbai,1,1,17.59,HMM ALGECIRAS,IMO3864328,SG,V689,975,HLCU,SWB,MSCU873093618,HLCU786881680,TGHU6383236,40HC,REEFER,HC,FCL,CFS/CFS,CEVA Logistics,18718.83
52053110,6003202505000001244305,520531,8,"Cotton yarn; (not sewing thread), multiple or cabled, of uncombed fibres, 85% or more by weight of cotton, 714.29 decitex or more (not exceeding 14 metric number) per single yarn, not for retail sale",MARKS6026,United States,India,India,5,2025,5,2025-05,2025-05-20,20250505,20250505,export,1,19617422,1146.44,kg,KG,COFCO Americas Resources Corp.,[in full dataset],Stamford,,www.cofcoagriamericasresources.com,[in full dataset],N,KALPANA COTTON MILLS,[in full dataset],Madurai,,,,Y,COFCO Americas Resources Corp.,[in full dataset],,8088.4,8088.4,"Los Angeles, CA",Tuticorin,Madurai,1,1,10.11,OOCL HONG KONG,IMO8301214,MH,V497,426,HLCU,HBL,CMDU456913900,MSCU699090475,TGHU3853895,40HC,OPEN TOP,RF,FCL,CY/CY,Bollore Logistics,1064.4
52061200,6003202511000001767124,520612,8,"Cotton yarn; (not sewing thread), single, of uncombed fibres, less than 85% by weight of cotton, less than 714.29 but not less than 232.56 decitex (exceeding 14 but not exceeding 43 metric number), not for retail sale",MARKS3501,Australia,India,India,9,2025,11,2025-11,2025-11-01,20251114,20251114,export,1,46821280.72,6722.45,kg,KG,COTTON ON FINANCE PTY LTD,[in full dataset],NORTH GEELONG,,www.cottonon.com.au,[in full dataset],Y,SURAT COTTON SPINNING & WEAVING MILLS PRIVATE LIMITED,[in full dataset],Mumbai,,,,Y,COTTON ON FINANCE PTY LTD,[in full dataset],,12748,12748,Brisbane,Visakhapatnam,Mumbai,1,1,15.94,MAERSK MOLLER,IMO9580542,PA,V995,560,MAEU,MBL,HLCU113182937,COSU234671328,TGHU6626549,20GP,FLAT RACK,HC,FCL,CY/CFS,DHL Global Forwarding,6280.71
69119090,6003202311000003032971,691190,8,"Household and toilet articles; n.e.c. in heading no. 6911, of porcelain or china",MARKS4933,China,India,India,6,2023,11,2023-11,2023-11-27,20231110,20231110,export,1,55213317,13731.29,kg,KG,"Foshan Dongpeng Ceramics Development Co., Ltd.",[in full dataset],Foshan,,www.dongpengart.cn,[in full dataset],Y,GOLD BRICKS WORKS,[in full dataset],Ayodhya,,,,Y,"Foshan Dongpeng Ceramics Development Co., Ltd.",[in full dataset],,648.7,648.7,Yingkou,Cochin,Ayodhya,1,1,0.81,CSCL GLOBE,IMO8456937,LR,V585,593,APLU,HBL,HLCU966337284,CMDU885911149,GESU9339030,20GP,TANK,RF,FCL,CY/CY,Bollore Logistics,12243.44
70023900,6003202412000005698361,700239,8,"Glass; unworked, in tubes, other than of glass having a linear coefficient of expansion not exceeding 5 x 10 (to the minus 6, (or 0.000005) ) per Kelvin within a temperature range of 0-300 degrees C, not fused quartz or other fused silica",MARKS3797,China,India,India,5,2024,12,2024-12,2024-12-13,20241212,20241212,export,1,156712359,1381.33,kg,KG,"Xinyi Glass Engineering (Dongguan) Co., Ltd.",[in full dataset],Dongguan,,www.xinyiglass.com,[in full dataset],N,PIRAMAL GLASS PRIVATE LIMITED,[in full dataset],Vadodara,,www.pgpfirst.com,[in full dataset],Y,"Xinyi Glass Engineering (Dongguan) Co., Ltd.",[in full dataset],,11871.9,11871.9,Xiamen,Kandla,Vadodara,1,1,14.84,MADRID MAERSK,IMO9737770,MH,V368,510,CMDU,SWB,EGLV868570852,ONEY711786789,MSCU1903526,20GP,OPEN TOP,GP,FCL,CY/CY,CEVA Logistics,1224.68
09103090,6003202010000001604936,091030,8,Spices; turmeric (curcuma),MARKS5791,Indonesia,India,India,6,2020,10,2020-10,2020-10-27,20201028,20201028,export,1,15964325.41,2821.19,kg,KG,CV RAHMAT PUTRA SEJATI,[in full dataset],Kota Medan,,,,Y,MATE INFRA LIMITED,[in full dataset],Jamshedpur,,www.mateinfralimited.com,[in full dataset],Y,CV RAHMAT PUTRA SEJATI,[in full dataset],,22794.8,22794.8,Belawan,Kolkata,Jamshedpur,1,1,28.49,MSC OSCAR,IMO3545165,PA,V516,864,COSU,SWB,ONEY861126931,COSU136335800,FCIU1582019,40GP,FLAT RACK,RF,LCL,CY/CFS,Bollore Logistics,2631.84
08094000,6003201610000003417324,080940,8,"Fruit, edible; plums and sloes, fresh",MARKS8396,China,India,India,8,2016,10,2016-10,2016-10-25,20161008,20161008,export,1,10983084,1085.57,kg,KG,Shenzhen Pagoda Industrial (Group) Corporation Limited,[in full dataset],Shenzhen,,www.pagoda.com.cn,[in full dataset],Y,DIAMOND NUTS,[in full dataset],Kollam,,www.bsnl.in,[in full dataset],Y,Shenzhen Pagoda Industrial (Group) Corporation Limited,[in full dataset],,6161.7,6161.7,Yingkou,Cochin,Kollam,1,1,7.7,EVER GIVEN,IMO2962805,SG,V431,20,CMDU,MBL,CMDU540636016,MSCU233780544,CAIU8901401,40GP,OPEN TOP,HC,FCL,CY/CFS,DB Schenker,1001.11
40093200,6003201908000003778836,400932,7,"Rubber; vulcanised (other than hard rubber), tubing, piping and hoses, reinforced or otherwise combined only with textile materials, with fittings",MARKS1702,United States,India,India,7,2019,8,2019-08,2019-08-22,20190807,20190807,export,1,13556682,6787.76,kg,KG,Rayonier Advanced Materials Inc.,[in full dataset],Jacksonville,,www.ryam.com,[in full dataset],Y,RELIANCE INDUSTRIES LIMITED,[in full dataset],Mumbai,,www.ril.com,[in full dataset],Y,Rayonier Advanced Materials Inc.,[in full dataset],,516.9,516.9,"Charleston, SC","Nhava Sheva (JNPT), Mumbai",Mumbai,1,1,0.65,MADRID MAERSK,IMO7185615,SG,V953,303,CMDU,SWB,YMLU913118416,ONEY309009452,FCIU4692789,45HC,TANK,HC,FCL,CY/CFS,DB Schenker,6262.97
15121940,6003201502000004024385,151219,5,"Vegetable oils; sunflower seed or safflower oil and their fractions, other than crude, whether or not refined, but not chemically modified",MARKS3130,Malaysia,India,India,8,2015,2,2015-02,2015-02-23,20150201,20150201,export,1,137901237.1,2861.93,kg,KG,TOGO PALM OILS & FATS SDN. BHD.,[in full dataset],Pasir Gudang,,,,Y,RADHIKA VEGETABLE OILS PRIVATE LIMITED,[in full dataset],Vizianagaram,,www.radhikagroup.in,[in full dataset],Y,TOGO PALM OILS & FATS SDN. BHD.,[in full dataset],,9344.3,9344.3,Tanjung Pelepas,Tuticorin,Vizianagaram,1,1,11.68,CSCL GLOBE,IMO2218088,PA,V647,616,COSU,MBL,EGLV220096234,EGLV889490060,MSCU4211878,45HC,OPEN TOP,RF,FCL,CY/CY,Expeditors,2713.72
07108010,6003202601000001273250,071080,6,"Vegetables; uncooked or cooked by steaming or boiling in water, n.e.c. in heading no. 0710, frozen",MARKS4797,Australia,India,India,6,2026,1,2026-01,2026-01-08,20260101,20260101,export,1,106461162.68,18085.58,kg,KG,ADM TRADING AUSTRALIA PTY LTD,[in full dataset],Adelaide,,www.admgrain.com.au,[in full dataset],N,AJANTA SOYA LIMITED,[in full dataset],New Delhi,,www.ajantasoya.com,[in full dataset],Y,ADM TRADING AUSTRALIA PTY LTD,[in full dataset],,10862.2,10862.2,Fremantle,"Nhava Sheva (JNPT), Mumbai",New Delhi,1,1,13.58,HMM ALGECIRAS,IMO2618492,SG,V646,468,EGLV,HBL,HLCU681666708,MSCU768769425,FCIU9419177,40HC,OPEN TOP,HC,FCL,CY/CFS,DB Schenker,16010.09
07099100,6003202601000000898537,070991,6,"Vegetables; globe artichokes, fresh or chilled",MARKS6760,Canada,India,India,7,2026,1,2026-01,2026-01-25,20260105,20260105,export,1,38831121.49,5283.55,kg,KG,Parkland Seed Potatoes Ltd,[in full dataset],Edmonton,,www.agricopotatoes.com,[in full dataset],Y,MAHESWARI OIL INDUSTRIES PRIVATE LIMITED,[in full dataset],Wardha,,,,N,Parkland Seed Potatoes Ltd,[in full dataset],,17231.4,17231.4,"Montreal, QC","Nhava Sheva (JNPT), Mumbai",Wardha,1,1,21.54,OOCL HONG KONG,IMO4383155,SG,V285,41,APLU,HBL,MAEU901322880,EGLV926012302,MSCU1177371,40GP,TANK,GP,LCL,CFS/CFS,DB Schenker,4733.53
08105000,6003201605000005219393,081050,8,"Fruit, edible; kiwifruit, fresh",MARKS2537,China,India,India,6,2016,5,2016-05,2016-05-24,20160512,20160512,export,1,19384201,3979.8,kg,KG,"Telling Telecommunication Holding Co.,Ltd.",[in full dataset],Beijing,,www.chinatelling.com,[in full dataset],Y,WOW MOMO FOODS PRIVATE LIMITED,[in full dataset],Kolkata,,www.wowmomo.com,[in full dataset],Y,"Telling Telecommunication Holding Co.,Ltd.",[in full dataset],,14750.6,14750.6,Ningbo-Zhoushan,Chennai,Kolkata,1,1,18.44,CSCL GLOBE,IMO4264866,PA,V799,329,CMDU,HBL,EGLV244819387,COSU889362384,TCLU2304548,40HC,REEFER,HC,FCL,CY/CFS,Bollore Logistics,3567.84
15071000,6003201505000004303519,150710,7,"Vegetable oils; soya-bean oil and its fractions, crude, whether or not degummed, not chemically modified",MARKS1551,Malaysia,India,India,5,2015,5,2015-05,2015-05-17,20150508,20150508,export,1,202842958.65,17669.01,kg,KG,PACIFIC OILS & FATS INDUSTRIES SDN. BHD.,[in full dataset],Kulai,,www.pacificofats.com,[in full dataset],Y,SAGAR FATS & OILS PRIVATE LIMITED,[in full dataset],Patna,,,,Y,PACIFIC OILS & FATS INDUSTRIES SDN. BHD.,[in full dataset],,10562.4,10562.4,Tanjung Pelepas,"Mundra, Gujarat",Patna,1,1,13.2,MOL TRIUMPH,IMO5918159,LR,V551,875,COSU,MBL,CMDU514126170,MSCU233189818,MSCU8550895,20GP,DRY,HC,FCL,CFS/CFS,DHL Global Forwarding,16343.66
08084000,6003201603000007884863,080840,5,"Fruit, edible; quinces, fresh",MARKS6969,United States,India,India,8,2016,3,2016-03,2016-03-17,20160303,20160303,export,1,42559420,44195.49,kg,KG,"Tyson Foods, Inc.",[in full dataset],Springdale,,www.tysonfoods.com,[in full dataset],Y,SRI GRIHITHA GLOBAL EXPORTS AND IMPORTS PRIVATE LIMITED,[in full dataset],East Godavari,,,,Y,"Tyson Foods, Inc.",[in full dataset],,10388,10388,"Los Angeles, CA",Kandla,East Godavari,1,1,12.98,MOL TRIUMPH,IMO4504061,MH,V554,267,ZIMU,SWB,HLCU243670044,COSU384655588,GESU5869577,40GP,OPEN TOP,RF,FCL,CFS/CFS,Expeditors,39322.93
25161100,6003202104000002531456,251611,5,Granite; crude or roughly trimmed,MARKS6566,United States,India,India,6,2021,4,2021-04,2021-04-11,20210428,20210428,export,1,4262235,1612.34,kg,KG,Granite Rock Company,[in full dataset],Watsonville,,www.graniterock.com,[in full dataset],Y,ULTRATECH CEMENT LIMITED,[in full dataset],Mumbai,,www.ultratechcement.com,[in full dataset],N,Granite Rock Company,[in full dataset],,4594.3,4594.3,"Savannah, GA","Nhava Sheva (JNPT), Mumbai",Mumbai,1,1,5.74,OOCL HONG KONG,IMO1927643,MH,V800,711,COSU,SWB,HLCU781939964,ONEY871102056,GESU4537397,20GP,DRY,GP,LCL,CY/CY,Nippon Express,1446.1
15152100,6003201502000004505959,151521,8,"Vegetable oils; maize (corn) oil and its fractions, crude, not chemically modified",MARKS2221,Indonesia,India,India,6,2015,2,2015-02,2015-02-23,20150216,20150216,export,1,289437478,368983.62,kg,KG,PT INNO-WANGSA OILS & FATS,[in full dataset],Kota Medan,,www.inno-wangsa.co.id,[in full dataset],Y,MAHARASHTRA TALLOW & BONE INDUSTRIES,[in full dataset],Mumbai,,,,Y,PT INNO-WANGSA OILS & FATS,[in full dataset],,13105.1,13105.1,Belawan,Chennai,Mumbai,1,1,16.38,EVER GIVEN,IMO3981447,MH,V758,536,APLU,MBL,HLCU135136046,ONEY293893908,MSCU2895077,40HC,FLAT RACK,RF,FCL,CFS/CFS,CEVA Logistics,340483.66
,6003202407000005704139,701973,9,"Glass fibres; chemically bonded fabrics, open fabrics n.e.c. in heading 7019",MARKS8047,China,India,India,8,2024,7,2024-07,2024-07-20,20240714,20240714,export,1,157130314,54557.39,kg,KG,"FUYAO GLASS INDUSTRY GROUP CO., LTD.",[in full dataset],Fuqing,,www.fuyaogroup.com,[in full dataset],Y,PGP GLASS PRIVATE LIMITED,[in full dataset],Mumbai,,www.pgpfirst.com,[in full dataset],Y,"FUYAO GLASS INDUSTRY GROUP CO., LTD.",[in full dataset],,15829.7,15829.7,Dalian,Kolkata,Mumbai,1,1,19.79,HYUNDAI LOYALTY,IMO4155160,PA,V757,45,EGLV,SWB,HLCU430924402,COSU684008670,TCLU6379564,45HC,DRY,GP,FCL,CFS/CFS,DB Schenker,50719.01
69021020,6003202306000002996835,690210,7,"Refractory bricks, blocks, tiles and similar refractory ceramic constructional goods; containing by weight, singly or together, more than 50% of the elements Mg, Ca or Cr, expressed as MgO, CaO or Cr2o3",MARKS4618,China,India,India,8,2023,6,2023-06,2023-06-13,20230607,20230607,export,1,54286794,212.44,kg,KG,"Samite Ceramics Co., Ltd.",[in full dataset],Zhaoqing,,www.cnsummit.cn,[in full dataset],Y,CHARBHUJA BRICKS,[in full dataset],Bhilwara,,,,N,"Samite Ceramics Co., Ltd.",[in full dataset],,22360.1,22360.1,Xiamen,Chennai,Bhilwara,1,1,27.95,EVER ACME,IMO6270511,MH,V217,734,CMDU,SWB,ONEY103958324,HLCU539672904,TCLU3810439,45HC,TANK,RF,FCL,CY/CY,DSV,200
69101000,6003202301000003240873,691010,8,"Ceramic sinks, wash basins, wash basin pedestals, baths, bidets, water closet pans, flushing cisterns, urinals and similar sanitary fixtures; of porcelain or china",MARKS1357,China,India,India,5,2023,1,2023-01,2023-01-19,20230124,20230124,export,1,67415595,32760.99,kg,KG,"Suzhou TFC Optical Communication Co.,Ltd.",[in full dataset],Suzhou,,www.tfcsz.com,[in full dataset],Y,MURUGAPPA MORGAN THERMAL CERAMICS LIMITED,[in full dataset],Chennai,,www.morganthermalceramics.com,[in full dataset],Y,"Suzhou TFC Optical Communication Co.,Ltd.",[in full dataset],,4671.7,4671.7,Yingkou,"Mundra, Gujarat",Chennai,1,1,5.84,MSC OSCAR,IMO1043591,SG,V557,654,COSU,SWB,MAEU907852460,CMDU605134643,TCLU8277932,45HC,OPEN TOP,GP,FCL,CY/CY,DSV,30098.7
70101000,6003202404000005519108,701010,7,"Glass; ampoules, of a kind used for the conveyance or packing of goods",MARKS1453,China,India,India,6,2024,4,2024-04,2024-04-26,20240418,20240418,export,1,141170363,20479.17,kg,KG,"Flat Glass Group Co.,Ltd.",[in full dataset],Jiaxing,,www.flatgroup.com.cn,[in full dataset],N,SERAIKELLA GLASS WORKS LIMITED,[in full dataset],East Singhbhum,,,,Y,"Flat Glass Group Co.,Ltd.",[in full dataset],,15158.1,15158.1,Shanghai,Chennai,East Singhbhum,1,1,18.95,MSC OSCAR,IMO8673470,MH,V274,726,ZIMU,SWB,CMDU458124776,COSU303510072,FCIU4225447,45HC,FLAT RACK,RF,FCL,CY/CY,Nippon Express,18344.62
70102000,6003202405000000319219,701020,8,"Glass; stoppers, lids and other closures",MARKS7693,Turkiye,India,India,5,2024,5,2024-05,2024-05-01,20240514,20240514,export,1,1110349,5554.87,kg,KG,ARDA CAM SANAYI VE TICARET ANONIM SIRKETI,[in full dataset],Istanbul (Europe),,www.ardaglassware.com,[in full dataset],Y,MICRO BIOLOGICAL LABORATORY,[in full dataset],Coimbatore,,www.microlabindia.com,[in full dataset],Y,ARDA CAM SANAYI VE TICARET ANONIM SIRKETI,[in full dataset],,22417.8,22417.8,Main Container Port,Kandla,Coimbatore,1,1,28.02,APL MEXICO CITY,IMO6430662,SG,V771,575,YMLU,SWB,ONEY664620087,YMLU223948061,MSCU8113743,45HC,REEFER,GP,LCL,CFS/CFS,CEVA Logistics,5015.96
40061000,6003201908000006069173,400610,5,"Rubber; unvulcanised, camel-back strips for retreading rubber tyres",MARKS5632,China,India,India,8,2019,8,2019-08,2019-08-08,20190814,20190814,export,1,26834088,67948.63,kg,KG,"Hengli Petrochemical Co.,Ltd.",[in full dataset],Dalian,,www.hengliinc.com,[in full dataset],Y,RELIANCE INDUSTRIES LIMITED,[in full dataset],Mumbai,,www.ril.com,[in full dataset],N,"Hengli Petrochemical Co.,Ltd.",[in full dataset],,11096.1,11096.1,Shenzhen,Kolkata,Mumbai,1,1,13.87,MSC GULSUN,IMO5420896,PA,V564,499,ZIMU,HBL,HLCU514284107,MSCU673225376,BMOU4363473,20GP,TANK,RF,LCL,CY/CY,DB Schenker,60071.98
25261020,6003202102000004812871,252610,7,"Steatite; natural, (not crushed or powdered), whether or not roughly trimmed or merely cut, by sawing or otherwise, into blocks or slabs of a rectangular (including square) shape; talc",MARKS3050,China,India,India,9,2021,2,2021-02,2021-02-12,20210214,20210214,export,1,11636026,1958.06,kg,KG,"Anhui Digang Conch Cement Co., Ltd.",[in full dataset],Wuhu,,www.conch.cn,[in full dataset],Y,LUCKY MINERALS,[in full dataset],Keonjhar,,,,Y,"Anhui Digang Conch Cement Co., Ltd.",[in full dataset],,5872.4,5872.4,Qingdao,Visakhapatnam,Keonjhar,1,1,7.34,CMA CGM JULES VERNE,IMO1243007,PA,V699,491,MSCU,SWB,HLCU844989390,HLCU619274349,MSCU7884844,40HC,FLAT RACK,GP,FCL,CFS/CFS,DHL Global Forwarding,1787.86
68079010,6003202203000003132466,680790,5,Asphalt or similar material; articles (e.g. petroleum bitumen or coal tar pitch) other than in rolls,MARKS5001,China,India,India,9,2022,3,2022-03,2022-03-20,20220311,20220311,export,1,44513694,4742.02,kg,KG,"Ningxia Building Materials Group Co.,Ltd.",[in full dataset],Yinchuan,,www.4008874005.com,[in full dataset],Y,RS INTERNATIONAL,[in full dataset],Gurugram,,,,Y,"Ningxia Building Materials Group Co.,Ltd.",[in full dataset],,3139.1,3139.1,Guangzhou,"Nhava Sheva (JNPT), Mumbai",Gurugram,1,1,3.92,APL MEXICO CITY,IMO5240029,LR,V589,864,COSU,MBL,MAEU377119800,COSU156851236,TCLU6389805,20GP,FLAT RACK,HC,FCL,CY/CFS,DHL Global Forwarding,4199.85
68029100,6003202211000000836528,680291,5,"Marble, travertine and alabaster; articles thereof, (other than simply cut or sawn, with a flat or even surface)",MARKS8116,Japan,India,India,7,2022,11,2022-11,2022-11-08,20221127,20221127,export,1,3764199.44,1100.33,kg,KG,STONE ISLAND JAPAN INC.,[in full dataset],MINATO-KU,,www.stoneisland.com/jp,[in full dataset],Y,DIL KUMAR GURUNG,[in full dataset],Gangtok,,,,Y,STONE ISLAND JAPAN INC.,[in full dataset],,6233.7,6233.7,Yokohama,Kolkata,Gangtok,1,1,7.79,YM WARRANTY,IMO7408842,PA,V657,728,ZIMU,HBL,YMLU206792845,HLCU246960825,BMOU7782523,40HC,OPEN TOP,RF,FCL,CY/CFS,Kuehne + Nagel,1040.29
09081200,6003202012000001729746,090812,6,"Spices; nutmeg, crushed or ground",MARKS1622,Indonesia,India,India,8,2020,12,2020-12,2020-12-13,20201204,20201204,export,1,19342310.17,81266.82,kg,KG,PT JCO DONUT & COFFEE,[in full dataset],Kota Administrasi Jakarta Utara,,www.jcodonuts.com,[in full dataset],Y,TATA COFFEE LIMITED,[in full dataset],Bengaluru,,www.tatacoffee.com,[in full dataset],Y,PT JCO DONUT & COFFEE,[in full dataset],,10992.1,10992.1,Makassar,"Mundra, Gujarat",Bengaluru,1,1,13.74,CSCL GLOBE,IMO7533287,LR,V557,879,COSU,HBL,EGLV234899243,COSU167979916,FCIU7027825,40GP,OPEN TOP,GP,FCL,CY/CY,DHL Global Forwarding,75359.23
48211010,6003201803000004576442,482110,5,"Paper and paperboard; labels or all kinds, printed",MARKS8196,South Korea,India,India,7,2018,3,2018-03,2018-03-04,20180317,20180317,export,1,23760165,22405.92,kg,KG,"Moorim Paper Co., Ltd.",[in full dataset],Jinju,,www.moorim.co.kr,[in full dataset],N,J P TOBACCO PRODUCTS PRIVATE LIMITED,[in full dataset],Damoh,,,,Y,"Moorim Paper Co., Ltd.",[in full dataset],,11612.5,11612.5,Incheon,Kandla,Damoh,1,1,14.52,HMM ALGECIRAS,IMO3468139,LR,V754,906,APLU,HBL,CMDU192485253,MAEU329562381,CAIU5352444,45HC,OPEN TOP,HC,LCL,CY/CY,CEVA Logistics,20336.6
40040000,6003201906000004173700,400400,5,"Rubber; waste, parings and scrap of rubber (other than hard rubber) and powders and granules obtained therefrom",MARKS8877,Singapore,India,India,8,2019,6,2019-06,2019-06-24,20190616,20190616,export,1,15463978.35,50498.45,kg,KG,TYE SOON LIMITED,[in full dataset],Singapore,,www.tyesoon.com,[in full dataset],N,RELIANCE INDUSTRIES LIMITED,[in full dataset],Mumbai,,www.ril.com,[in full dataset],Y,TYE SOON LIMITED,[in full dataset],,16644.5,16644.5,Singapore (PSA),Kandla,Mumbai,1,1,20.81,HYUNDAI LOYALTY,IMO4382630,MH,V512,425,MSCU,SWB,MAEU455028987,ONEY552751373,CAIU8075486,40HC,REEFER,HC,FCL,CY/CY,DHL Global Forwarding,45692.5
70091010,6003202410000005797738,700910,5,Glass; rear-view mirrors for vehicles,MARKS6507,China,India,India,9,2024,10,2024-10,2024-10-05,20241007,20241007,export,1,164928183,6986.16,kg,KG,"Zhangzhou Kibing Glass Co., Ltd.",[in full dataset],Dongshan County,,www.kibing-glass.com,[in full dataset],Y,PGP GLASS PRIVATE LIMITED,[in full dataset],Mumbai,,www.pgpfirst.com,[in full dataset],Y,"Zhangzhou Kibing Glass Co., Ltd.",[in full dataset],,2636.8,2636.8,Ningbo-Zhoushan,Visakhapatnam,Mumbai,1,1,3.3,CSCL GLOBE,IMO1303234,MH,V758,550,MAEU,HBL,CMDU135078601,CMDU920634713,CAIU7209499,40HC,FLAT RACK,RF,FCL,CY/CFS,DB Schenker,6409.27
48204000,6003201801000003912606,482040,8,Paper and paperboard; manifold business forms and interleaved carbon sets,MARKS9311,South Korea,India,India,9,2018,1,2018-01,2018-01-05,20180116,20180116,export,1,18397613,6664,kg,KG,"JS Poly Tech Co., Ltd.",[in full dataset],Hwaseong,,jspolytech.co.kr,[in full dataset],Y,USHODAYA ENTERPRISES PRIVATE LIMITED,[in full dataset],Hyderabad,,www.eenadu.net,[in full dataset],Y,"JS Poly Tech Co., Ltd.",[in full dataset],,11167.2,11167.2,Gwangyang,Cochin,Hyderabad,1,1,13.96,HYUNDAI LOYALTY,IMO7919066,MH,V465,625,HLCU,HBL,CMDU763439129,CMDU332303061,TCLU3036570,40GP,DRY,GP,FCL,CFS/CFS,DB Schenker,5987.57
52083260,6003202507000001927030,520832,8,"Fabrics, woven; containing 85% or more by weight of cotton, dyed, plain weave, weighing more than 100g/m2 but not more than 200g/m2",MARKS7031,Australia,India,India,7,2025,7,2025-07,2025-07-07,20250724,20250724,export,1,63656970.31,3081.69,kg,KG,COG BRANDCO 2 PTY LTD,[in full dataset],GEELONG NORTH,,www.cottonon.com,[in full dataset],Y,JAGATJIT COTTON TEXTILE MILLS LIMITED,[in full dataset],Phagwara,,,,Y,COG BRANDCO 2 PTY LTD,[in full dataset],,24000,24000,Brisbane,Chennai,Phagwara,1,1,30,APL MEXICO CITY,IMO4392570,MH,V935,360,CMDU,SWB,MSCU656819529,MAEU279586242,MSCU7173996,20GP,FLAT RACK,RF,LCL,CFS/CFS,CEVA Logistics,2844.98
52054420,6003202510000002208375,520544,6,"Cotton yarn; (not sewing thread), multiple or cabled, of combed fibres, 85% or more by weight of cotton, 192.30 to 125 decitex (53 to 80 metric number) per single yarn, not for retail sale",MARKS1155,Brazil,India,India,5,2025,10,2025-10,2025-10-17,20251001,20251001,export,1,110986790,10707.77,kg,KG,COTTON STAR INDUSTRIAL LTDA,[in full dataset],BLUMENAU,,,,Y,COTTON CORPORATION OF INDIA LIMITED,[in full dataset],Mumbai,,,,Y,COTTON STAR INDUSTRIAL LTDA,[in full dataset],,13620.6,13620.6,Rio Grande,Chennai,Mumbai,1,1,17.03,EVER ACME,IMO1486941,SG,V791,351,HLCU,MBL,COSU731202742,YMLU957675364,TCLU1690264,40HC,REEFER,GP,FCL,CY/CFS,Bollore Logistics,9392.79
44170000,6003201707000003784912,441700,8,"Wood; tools, tool bodies, tool handles, broom or brush bodies and handles, boot and shoe lasts and trees, of wood",MARKS1820,Indonesia,India,India,5,2017,7,2017-07,2017-07-19,20170708,20170708,export,1,11227949.1,11340.25,kg,KG,PT TUNGGAL AGATHIS INDAH WOOD INDUSTRIES,[in full dataset],Kota Administrasi Jakarta Barat,,,,Y,SELVARAJ FIRE WOOD CHARCOAL,[in full dataset],Tiruchirappalli,,,,Y,PT TUNGGAL AGATHIS INDAH WOOD INDUSTRIES,[in full dataset],,22224.7,22224.7,"Tanjung Perak, Surabaya",Chennai,Tiruchirappalli,1,1,27.78,MSC GULSUN,IMO6041022,PA,V141,529,CMDU,SWB,HLCU174567512,YMLU564807317,MSCU6361718,40HC,TANK,RF,FCL,CY/CY,DHL Global Forwarding,10236.16
48051900,6003201808000005471438,480519,7,"Paper and paperboard; uncoated, fluting paper other than semi-chemical or straw, rolls or sheets",MARKS5436,Canada,India,India,6,2018,8,2018-08,2018-08-12,20180821,20180821,export,1,33663550.06,31500.36,kg,KG,West Fraser Timber Co. Ltd,[in full dataset],Vancouver,,www.westfraser.com,[in full dataset],Y,J P TOBACCO PRODUCTS PRIVATE LIMITED,[in full dataset],Damoh,,,,N,West Fraser Timber Co. Ltd,[in full dataset],,10795.1,10795.1,"Halifax, NS","Nhava Sheva (JNPT), Mumbai",Damoh,1,1,13.49,CMA CGM JULES VERNE,IMO7605697,MH,V845,486,APLU,MBL,HLCU467650306,COSU222177131,CAIU6335113,40GP,TANK,GP,LCL,CY/CY,Kuehne + Nagel,29243.79
08025200,6003201605000008282134,080252,5,"Nuts, edible; pistachios, fresh or dried, shelled",MARKS3806,United States,India,India,5,2016,5,2016-05,2016-05-12,20160524,20160524,export,1,47360925,6422.16,kg,KG,"Tyson Foods, Inc.",[in full dataset],Springdale,,www.tysonfoods.com,[in full dataset],Y,BIKAJI FOODS INTERNATIONAL LIMITED,[in full dataset],Bikaner,,www.bikaji.com.,[in full dataset],Y,"Tyson Foods, Inc.",[in full dataset],,12799.9,12799.9,"Seattle, WA",Visakhapatnam,Bikaner,1,1,16,BARZAN,IMO1742533,SG,V632,274,APLU,SWB,EGLV201593319,MSCU419034100,BMOU5526248,40HC,OPEN TOP,RF,FCL,CFS/CFS,Yusen Logistics,5662.94
40027000,6003201907000008123952,400270,8,"Rubber; synthetic, ethylene-propylene-non-conjugated diene rubber (EPDM), in primary forms or in plates, sheets or strip",MARKS4002,Indonesia,India,India,8,2019,7,2019-07,2019-07-15,20190704,20190704,export,1,49144178.77,26389.71,kg,KG,PT CHANDRA ASRI PACIFIC TBK,[in full dataset],Kota Administrasi Jakarta Barat,,www.chandra-asri.com,[in full dataset],Y,RELIANCE INDUSTRIES LIMITED,[in full dataset],Mumbai,,www.ril.com,[in full dataset],Y,PT CHANDRA ASRI PACIFIC TBK,[in full dataset],,23877.4,23877.4,"Tanjung Priok, Jakarta",Kandla,Mumbai,1,1,29.85,HMM ALGECIRAS,IMO1339429,LR,V888,584,MSCU,SWB,MSCU828024110,EGLV626909182,CAIU6083171,40GP,TANK,GP,FCL,CFS/CFS,CEVA Logistics,23164.85
09061910,6003202008000001445474,090619,5,"Spices; cinnamon and cinnamon-tree flowers, other than cinnamon (Cinnamomum zeylanicum Blume), neither crushed nor ground",MARKS7302,Indonesia,India,India,8,2020,8,2020-08,2020-08-07,20200812,20200812,export,1,12403429.31,7923.42,kg,KG,PT JCO DONUT & COFFEE,[in full dataset],Kota Administrasi Jakarta Utara,,www.jcodonuts.com,[in full dataset],Y,J K SPICES AND FOOD PRODUCTS,[in full dataset],Howrah,,,,Y,PT JCO DONUT & COFFEE,[in full dataset],,14990.1,14990.1,"Tanjung Perak, Surabaya","Nhava Sheva (JNPT), Mumbai",Howrah,1,1,18.74,MSC OSCAR,IMO1543153,LR,V938,701,OOLU,HBL,YMLU581189056,MSCU504722823,MSCU7238902,40GP,DRY,RF,FCL,CY/CY,Bollore Logistics,7444.32
40103290,6003201909000004655782,401032,6,"Rubber; vulcanised, endless transmission belts of trapezoidal cross-section (V-belts), other than V-ribbed, of an outside circumference exceeding 60cm but not exceeding 180 cm",MARKS9198,Japan,India,India,6,2019,9,2019-09,2019-09-02,20190922,20190922,export,1,18033485.76,13965.92,kg,KG,"THE YOKOHAMA RUBBER COMPANY, LIMITED",[in full dataset],HIRATSUKA,,www.y-yokohama.com/,[in full dataset],Y,RELIANCE INDUSTRIES LIMITED,[in full dataset],Mumbai,,www.ril.com,[in full dataset],Y,"THE YOKOHAMA RUBBER COMPANY, LIMITED",[in full dataset],,15850.6,15850.6,Tokyo,Kandla,Mumbai,1,1,19.81,MOL TRIUMPH,IMO1524851,MH,V416,747,CMDU,SWB,COSU875399855,MAEU332770698,MSCU9919965,40HC,TANK,RF,FCL,CY/CY,Kuehne + Nagel,12704.48
25041020,6003202109000005484214,250410,9,"Graphite; natural, in powder or in flakes",MARKS6851,China,India,India,7,2021,9,2021-09,2021-09-11,20210924,20210924,export,1,15275401,5277.83,kg,KG,"Tianshan Material Co., Ltd.",[in full dataset],Shanghai,,www.sinoma-tianshan.cn,[in full dataset],Y,SHREE CEMENT LIMITED,[in full dataset],Kolkata,,www.shreecement.com,[in full dataset],Y,"Tianshan Material Co., Ltd.",[in full dataset],,22024.9,22024.9,Ningbo-Zhoushan,Visakhapatnam,Kolkata,1,1,27.53,COSCO UNIVERSE,IMO5105572,SG,V199,378,YMLU,HBL,COSU353251161,YMLU645100698,BMOU7308206,20GP,DRY,GP,FCL,CY/CFS,Kuehne + Nagel,4695.02
48025720,6003201806000004247291,480257,6,"Uncoated paper and paperboard (not 4801 or 4803); printing, writing or graphic, 10% or less by weight of mechanical or chemi-mechanical processed fibre, weight 40-150g/m2, n.e.c. in item no. 4802.55 or 4802.56",MARKS3827,South Korea,India,India,5,2018,6,2018-06,2018-06-08,20180603,20180603,export,1,21163712,50213.54,kg,KG,"HANKUK PAPER MFG. CO., LTD.",[in full dataset],Ulsan,,www.hankukpaper.com,[in full dataset],Y,HBD PAPER CONVERTORS,[in full dataset],Uttara Kannada,,,,Y,"HANKUK PAPER MFG. CO., LTD.",[in full dataset],,21385.9,21385.9,Gwangyang,Kolkata,Uttara Kannada,1,1,26.73,HMM ALGECIRAS,IMO7085752,LR,V628,808,HMMU,MBL,CMDU506627242,ONEY714838145,GESU7985207,20GP,OPEN TOP,GP,FCL,CY/CFS,DB Schenker,44081.63
25221000,6003202101000000763575,252210,7,Quicklime; excluding calcium oxide and hydroxide of heading no. 2825,MARKS8769,Japan,India,India,6,2021,1,2021-01,2021-01-04,20210115,20210115,export,1,1055342.99,13461.54,kg,KG,"SUMITOMO OSAKA CEMENT CO., LTD.",[in full dataset],MINATO-KU,,www.soc.co.jp/,[in full dataset],Y,ULTRATECH CEMENT LIMITED,[in full dataset],Mumbai,,www.ultratechcement.com,[in full dataset],N,"SUMITOMO OSAKA CEMENT CO., LTD.",[in full dataset],,875.8,875.8,Nagoya,Kandla,Mumbai,1,1,1.09,MSC GULSUN,IMO7522264,MH,V668,859,ONEY,MBL,CMDU966265007,EGLV438622541,BMOU3006990,40GP,FLAT RACK,RF,FCL,CY/CY,Nippon Express,12620.78
15141990,6003201505000004295977,151419,9,"Vegetable oils; low erucic acid rape or colza oil and its fractions, other than crude, but not chemically modified",MARKS6062,Malaysia,India,India,9,2015,5,2015-05,2015-05-07,20150513,20150513,export,1,202842958.65,104599.73,kg,KG,NGO CHEW HONG OILS & FATS (M) SDN. BHD.,[in full dataset],Semenyih,,www.mewahgroup.com,[in full dataset],Y,OTHER ANIMAL FATS AND OIL,[in full dataset],Hathras,,,,Y,NGO CHEW HONG OILS & FATS (M) SDN. BHD.,[in full dataset],,12152.5,12152.5,Tanjung Pelepas,"Nhava Sheva (JNPT), Mumbai",Hathras,1,1,15.19,APL MEXICO CITY,IMO3201776,SG,V906,375,APLU,MBL,COSU645981497,ONEY648032098,BMOU1671947,40GP,TANK,GP,FCL,CY/CFS,DB Schenker,95541.21
70032090,6003202401000006022924,700320,5,"Glass; cast glass and rolled glass, wired sheets, whether or not having an absorbent or reflecting layer but not otherwise worked",MARKS4457,China,India,India,6,2024,1,2024-01,2024-01-15,20240110,20240110,export,1,200977300,2681.62,kg,KG,"Shanghai Labway Clinical Laboratory Co., Ltd.",[in full dataset],Shanghai,,www.labway.cn,[in full dataset],Y,NATIONAL PHYSICAL LABORATORY,[in full dataset],New Delhi,,www.nplindia.org,[in full dataset],Y,"Shanghai Labway Clinical Laboratory Co., Ltd.",[in full dataset],,12166.5,12166.5,Yingkou,Chennai,New Delhi,1,1,15.21,EVER ACME,IMO9767122,SG,V962,524,APLU,MBL,HLCU344630154,ONEY212060535,MSCU2166945,45HC,OPEN TOP,GP,FCL,CY/CFS,DSV,2539.47
09109915,6003202008000000009083,091099,8,Spices; n.e.c. in heading no. 0910,MARKS9235,Netherlands,India,India,5,2020,8,2020-08,2020-08-23,20200817,20200817,export,1,28187.52,31394.78,kg,KG,J.S. Polak Koninklijke Specerijenmaalderij B.V.,[in full dataset],Steenwijk,,www.royalpolakspices.com,[in full dataset],N,ALLANA COFFEE CURING WORKS,[in full dataset],Hassan,,www.allana.com,[in full dataset],N,J.S. Polak Koninklijke Specerijenmaalderij B.V.,[in full dataset],,24904.4,24904.4,Amsterdam,Tuticorin,Hassan,1,1,31.13,COSCO UNIVERSE,IMO1906764,PA,V643,961,HLCU,HBL,ONEY969023868,ONEY751704587,TCLU1400846,40HC,DRY,RF,LCL,CY/CFS,Bollore Logistics,28187.52
,6003202304000003080625,690740,7,Finishing ceramics,MARKS3741,China,India,India,6,2023,4,2023-04,2023-04-13,20230409,20230409,export,1,57668170,17048.66,kg,KG,"Chaozhou Three-Circle(Group) Co.,Ltd",[in full dataset],Chaozhou,,www.cctc.cc,[in full dataset],Y,SHRI KRISHNA BRICKS,[in full dataset],Mohali,,,,Y,"Chaozhou Three-Circle(Group) Co.,Ltd",[in full dataset],,16142.2,16142.2,Shenzhen,Kolkata,Mohali,1,1,20.18,APL MEXICO CITY,IMO2331518,PA,V637,364,HLCU,MBL,MAEU317745492,HLCU847017975,BMOU8686225,45HC,DRY,RF,FCL,CY/CFS,Bollore Logistics,16044.41
52054830,6003202504000001607557,520548,8,"Cotton yarn; (not sewing thread), multiple or cabled, of combed fibres, 85% or more by weight of cotton, less than 83.33 decitex (exceeding 120 metric number) per single yarn, not for retail sale",MARKS5334,United States,India,India,9,2025,4,2025-04,2025-04-14,20250409,20250409,export,1,36282665,1223.34,kg,KG,"Conneaut Industries, Inc.",[in full dataset],West Greenwich,,www.conneaut.com,[in full dataset],Y,JIYAJEERAO COTTON MILLS LIMITED,[in full dataset],Gwalior,,,,N,"Conneaut Industries, Inc.",[in full dataset],,20404.4,20404.4,"Oakland, CA",Chennai,Gwalior,1,1,25.51,COSCO UNIVERSE,IMO2235952,SG,V978,317,ONEY,SWB,EGLV103187148,HLCU485106890,TGHU7429581,45HC,TANK,GP,FCL,CY/CY,DHL Global Forwarding,1112.24
68129100,6003202207000000662017,681291,8,"Asbestos or mixtures with a basis of asbestos (other than crocidolite); clothing, clothing accessories, footwear and headgear, whether or not reinforced, not goods of heading 6811 or 6813",MARKS1885,Turkiye,India,India,9,2022,7,2022-07,2022-07-04,20220712,20220712,export,1,2757677,6015.02,kg,KG,IDEAL STONE MADEN-OTOMOTIV SANAYI VE TICARET LIMITED SIRKETI,[in full dataset],Izmir,,www.idealstone.com.tr,[in full dataset],Y,DHANU ENTERPRISES,[in full dataset],Jalor,,,,Y,IDEAL STONE MADEN-OTOMOTIV SANAYI VE TICARET LIMITED SIRKETI,[in full dataset],,14299.2,14299.2,Main Container Port,Kolkata,Jalor,1,1,17.87,MADRID MAERSK,IMO2542454,LR,V492,638,HLCU,SWB,CMDU185735468,ONEY426999996,MSCU8586071,40GP,TANK,RF,FCL,CFS/CFS,Bollore Logistics,5661.31
69032090,6003202312000001072734,690320,6,"Refractory ceramic goods; containing by weight more than 50% of alumina or of a mixture or compound of alumina and of silica, excluding those of siliceous fossil meals or similar earths",MARKS3670,United States,India,India,6,2023,12,2023-12,2023-12-01,20231208,20231208,export,1,8148399,1431.58,kg,KG,S&P Global Inc.,[in full dataset],New York,,www.spglobal.com,[in full dataset],Y,SUPER BRICKS INDUSTRIES.,[in full dataset],Patan,,,,Y,S&P Global Inc.,[in full dataset],,10846.6,10846.6,"Long Beach, CA",Kolkata,Patan,1,1,13.56,HMM ALGECIRAS,IMO3574355,PA,V845,247,EGLV,SWB,MSCU350612149,MAEU346871848,FCIU6496695,45HC,REEFER,RF,LCL,CY/CFS,Expeditors,1245.33
69141000,6003202304000003081372,691410,6,Ceramic articles n.e.c. in chapter 69; of porcelain or china,MARKS7673,China,India,India,7,2023,4,2023-04,2023-04-04,20230417,20230417,export,1,57668170,7817.89,kg,KG,Chang'an Ceramic Tile Lianyungang Sales Center,[in full dataset],Lianyungang,,,,Y,T P TILES CENTRE,[in full dataset],Wayanad,,www.tptilescentre.webs.com,[in full dataset],Y,Chang'an Ceramic Tile Lianyungang Sales Center,[in full dataset],,7006.9,7006.9,Tianjin,Cochin,Wayanad,1,1,8.76,MOL TRIUMPH,IMO1416749,LR,V492,529,APLU,SWB,CMDU240309596,ONEY428660429,TCLU3585817,40HC,REEFER,RF,FCL,CY/CFS,DSV,6861.38
68118200,6003202210000003202218,681182,5,"Cellulose fibre-cement; articles or the like, sheets, panels, tiles and similar articles (other than corrugated sheets), not containing asbestos",MARKS5193,China,India,India,7,2022,10,2022-10,2022-10-09,20221022,20221022,export,1,47569400,4811.74,kg,KG,"Anhui Donglong New Building Materials Co., Ltd.",[in full dataset],Hefei,,,,Y,BG ADVISORS,[in full dataset],Chandigarh,,,,Y,"Anhui Donglong New Building Materials Co., Ltd.",[in full dataset],,12666.2,12666.2,Dalian,"Nhava Sheva (JNPT), Mumbai",Chandigarh,1,1,15.83,MSC OSCAR,IMO3386203,LR,V782,463,COSU,SWB,MSCU544183475,YMLU312220462,BMOU8342642,40GP,OPEN TOP,RF,FCL,CY/CFS,CEVA Logistics,4310.26
70134200,6003202408000006017730,701342,5,"Glassware of a kind used for table or kitchen purposes (not drinking glasses), of glass having a linear coefficient of expansion not exceeding 5 x 10 (to the minus 6), (or 0.000005) per Kelvin within a temperature range of 0-300 degrees C",MARKS7368,China,India,India,5,2024,8,2024-08,2024-08-26,20240817,20240817,export,1,190766152,4945.9,kg,KG,"Fuyao Glass (Hubei) Co., Ltd.",[in full dataset],Jingmen,,,,Y,FONE O CLOCK,[in full dataset],Dehradun,,,,Y,"Fuyao Glass (Hubei) Co., Ltd.",[in full dataset],,5745.1,5745.1,Shanghai,Chennai,Dehradun,1,1,7.18,MAERSK MOLLER,IMO9756781,SG,V711,487,EGLV,MBL,MAEU710372249,YMLU581924648,CAIU9973257,45HC,FLAT RACK,RF,FCL,CY/CY,CEVA Logistics,4622.97
69041000,6003202308000003011069,690410,8,Ceramic building bricks,MARKS2383,China,India,India,5,2023,8,2023-08,2023-08-13,20230820,20230820,export,1,54632094,32243.57,kg,KG,"Chaozhou Three-Circle(Group) Co.,Ltd",[in full dataset],Chaozhou,,www.cctc.cc,[in full dataset],Y,SRI VINAYAGA BRICKS INDUSTRIES,[in full dataset],Chennai,,,,Y,"Chaozhou Three-Circle(Group) Co.,Ltd",[in full dataset],,15522.2,15522.2,Yingkou,Visakhapatnam,Chennai,1,1,19.4,BARZAN,IMO5411866,MH,V288,997,ONEY,HBL,EGLV953838828,HLCU813906594,TGHU9044241,45HC,DRY,RF,FCL,CY/CY,Expeditors,30638.88
68029200,6003202208000003024900,680292,7,"Stone; calcareous (excluding marble, travertine, alabaster) articles thereof, (other than simply cut or sawn, with a flat or even surface)",MARKS7638,China,India,India,9,2022,8,2022-08,2022-08-13,20220801,20220801,export,1,42257268,38048.58,kg,KG,"Ningxia Building Materials Group Co.,Ltd.",[in full dataset],Yinchuan,,www.4008874005.com,[in full dataset],Y,JP MANPOWER SOLUATION,[in full dataset],Vadodara,,,,Y,"Ningxia Building Materials Group Co.,Ltd.",[in full dataset],,13510.8,13510.8,Dalian,Tuticorin,Vadodara,1,1,16.89,YM WARRANTY,IMO3387134,PA,V392,965,HLCU,MBL,MSCU316541984,ONEY117468705,TCLU5908452,20GP,TANK,GP,FCL,CY/CFS,DB Schenker,35872.54
40025900,6003201905000000967949,400259,9,"Rubber; synthetic, acrylonitrile-butadiene rubber (NBR), (other than latex), in primary forms or in plates, sheets or strip",MARKS4173,Belgium,India,India,8,2019,5,2019-05,2019-05-12,20190502,20190502,export,1,2725737.71,13347.58,kg,KG,Ravago Distribution Center,[in full dataset],Arendonk,,www.ravago.com,[in full dataset],Y,RELIANCE INDUSTRIES LIMITED,[in full dataset],Mumbai,,www.ril.com,[in full dataset],Y,Ravago Distribution Center,[in full dataset],,3945.5,3945.5,Antwerp,Kandla,Mumbai,1,1,4.93,APL MEXICO CITY,IMO9504975,PA,V598,640,HLCU,SWB,MSCU143633995,ONEY830521373,GESU5010404,20GP,DRY,HC,FCL,CY/CY,Nippon Express,12460.37
48030010,6003201802000004591465,480300,6,"Tissue, towel, napkin stock or similar; for household or sanitary use, cellulose, wadding webs of cellulose fibres, in rolls exceeding 36cm in width or rectangular sheets with one side more than 36cm in unfolded state",MARKS4026,South Korea,India,India,8,2018,2,2018-02,2018-02-26,20180214,20180214,export,1,23877707,7298.35,kg,KG,"Sambo Corrugated-Board Co.,Ltd.",[in full dataset],Siheung,,www.isambo.com,[in full dataset],Y,ITC LIMITED,[in full dataset],Kolkata,,www.itcportal.com,[in full dataset],Y,"Sambo Corrugated-Board Co.,Ltd.",[in full dataset],,11484.3,11484.3,Incheon,Visakhapatnam,Kolkata,1,1,14.36,EVER ACME,IMO4326712,MH,V559,209,HLCU,MBL,MSCU537169651,MAEU483109545,TGHU8686033,40GP,FLAT RACK,GP,FCL,CY/CFS,DSV,6805.05
07042000,6003202601000001275852,070420,9,"Vegetables, brassica; brussel sprouts, fresh or chilled",MARKS4552,Australia,India,India,8,2026,1,2026-01,2026-01-08,20260124,20260124,export,1,106461162.68,1394.34,kg,KG,ADM TRADING AUSTRALIA PTY LTD,[in full dataset],Adelaide,,www.admgrain.com.au,[in full dataset],Y,AJANTA SOYA LIMITED,[in full dataset],New Delhi,,www.ajantasoya.com,[in full dataset],Y,ADM TRADING AUSTRALIA PTY LTD,[in full dataset],,1049.1,1049.1,Melbourne,Tuticorin,New Delhi,1,1,1.31,MAERSK MOLLER,IMO4875513,PA,V444,868,CMDU,HBL,ONEY555552893,MSCU305699764,FCIU4088022,45HC,DRY,RF,FCL,CY/CFS,Bollore Logistics,1325.85
09101290,6003202007000001417157,091012,9,"Spices; ginger, crushed or ground",MARKS5911,Indonesia,India,India,9,2020,7,2020-07,2020-07-04,20200717,20200717,export,1,11830172.9,4719.1,kg,KG,CV PRIMATAMA,[in full dataset],Kota Medan,,,,N,KINJAL AGRO SPICES,[in full dataset],Mehsana,,www.kinjalagrospices.com,[in full dataset],Y,CV PRIMATAMA,[in full dataset],,24807.1,24807.1,Belawan,"Mundra, Gujarat",Mehsana,1,1,31.01,HMM ALGECIRAS,IMO1562434,LR,V631,713,HLCU,HBL,MSCU512697450,COSU462421323,BMOU3199674,20GP,REEFER,HC,LCL,CY/CFS,Bollore Logistics,4430.23
40169400,6003201905000006222432,401694,6,"Rubber; vulcanised (other than hard rubber), boat or dock fenders, whether or not inflatable, of non-cellular rubber",MARKS1619,Thailand,India,India,9,2019,5,2019-05,2019-05-07,20190513,20190513,export,1,27991486.84,9126.14,kg,KG,TOYOTA BUZZ COMPANY LIMITED,[in full dataset],KHAN NA YAO,,www.toyotabuzz.com,[in full dataset],Y,RELIANCE INDUSTRIES LIMITED,[in full dataset],Mumbai,,www.ril.com,[in full dataset],Y,TOYOTA BUZZ COMPANY LIMITED,[in full dataset],,3853.4,3853.4,Bangkok,Kolkata,Mumbai,1,1,4.82,MADRID MAERSK,IMO7294463,SG,V980,207,HLCU,HBL,HLCU515424281,YMLU383235445,GESU3807617,40GP,DRY,RF,FCL,CY/CFS,Expeditors,8639.54
09022090,6003202001000001371971,090220,5,"Tea, green; (not fermented), in immediate packings of a content exceeding 3kg",MARKS3169,Indonesia,India,India,6,2020,1,2020-01,2020-01-04,20200113,20200113,export,1,11075862.44,16604.92,kg,KG,PT JCO DONUT & COFFEE,[in full dataset],Kota Administrasi Jakarta Utara,,www.jcodonuts.com,[in full dataset],N,WHITECLIFF INTERNATIONAL SPICES PRIVATE LIMITED,[in full dataset],Nagpur,,,,N,PT JCO DONUT & COFFEE,[in full dataset],,15577.1,15577.1,"Tanjung Perak, Surabaya",Chennai,Nagpur,1,1,19.47,EVER ACME,IMO2109800,LR,V668,414,ONEY,SWB,CMDU631467556,COSU482194549,TCLU6226742,40HC,FLAT RACK,RF,FCL,CY/CY,DSV,15198.05
25301020,6003202101000002843300,253010,8,"Vermiculite, perlite and chlorites; unexpanded",MARKS7372,South Africa,India,India,8,2021,1,2021-01,2021-01-27,20210117,20210117,export,1,4880273.94,2868.48,kg,KG,SENGATANE CEMENT PRODUCTS (PTY) LTD,[in full dataset],POLOKWANE,,,,Y,ULTRATECH CEMENT LIMITED,[in full dataset],Mumbai,,www.ultratechcement.com,[in full dataset],Y,SENGATANE CEMENT PRODUCTS (PTY) LTD,[in full dataset],,13166.6,13166.6,Port Elizabeth,Cochin,Mumbai,1,1,16.46,CMA CGM JULES VERNE,IMO2344402,MH,V570,958,MAEU,SWB,HLCU638882576,COSU233772200,GESU5641678,45HC,OPEN TOP,GP,FCL,CFS/CFS,CEVA Logistics,2652.87
07112000,6003202601000001278175,071120,8,"Vegetables; olives, provisionally preserved but unsuitable in that state for immediate consumption",MARKS1601,Australia,India,India,7,2026,1,2026-01,2026-01-23,20260110,20260110,export,1,106461162.68,8056.48,kg,KG,ADM TRADING AUSTRALIA PTY LTD,[in full dataset],Adelaide,,www.admgrain.com.au,[in full dataset],Y,PARAMESWARI ONIONS,[in full dataset],Srikakulam,,,,Y,ADM TRADING AUSTRALIA PTY LTD,[in full dataset],,6341.2,6341.2,Fremantle,Cochin,Srikakulam,1,1,7.93,CSCL GLOBE,IMO8888732,SG,V222,896,HLCU,MBL,YMLU677378073,ONEY218664788,TCLU5297495,45HC,REEFER,RF,FCL,CFS/CFS,Expeditors,7655.19
52062500,6003202511000002395620,520625,6,"Cotton yarn; (not sewing thread), single, of combed fibres, less than 85% by weight of cotton, measuring less than 125 decitex (exceeding 80 metric number), not for retail sale",MARKS1141,Brazil,India,India,8,2025,11,2025-11,2025-11-12,20251114,20251114,export,1,135626982,4243.72,kg,KG,COTTON STAR INDUSTRIAL LTDA,[in full dataset],BLUMENAU,,,,N,BEST COTTON MILLS PRIVATE LIMITED,[in full dataset],Tirupur,,bestcorp.in,[in full dataset],Y,COTTON STAR INDUSTRIAL LTDA,[in full dataset],,11129.1,11129.1,Paranagua,Kandla,Tirupur,1,1,13.91,HMM ALGECIRAS,IMO7272161,PA,V438,334,HMMU,SWB,ONEY482187177,CMDU702389294,TCLU2110560,40GP,REEFER,GP,LCL,CFS/CFS,Yusen Logistics,3949.69
70022010,6003202407000005703623,700220,8,"Glass; unworked, in rods",MARKS8037,China,India,India,5,2024,7,2024-07,2024-07-02,20240705,20240705,export,1,157130314,16142.67,kg,KG,"Fujian Wanda Automobile Glass Industry Co., Ltd.",[in full dataset],Fuqing,,,,Y,PIRAMAL GLASS PRIVATE LIMITED,[in full dataset],Vadodara,,www.pgpfirst.com,[in full dataset],N,"Fujian Wanda Automobile Glass Industry Co., Ltd.",[in full dataset],,10479.5,10479.5,Tianjin,Tuticorin,Vadodara,1,1,13.1,MOL TRIUMPH,IMO2036820,SG,V627,48,CMDU,MBL,CMDU338572935,HLCU923128977,FCIU3519919,20GP,DRY,RF,LCL,CY/CY,Sinotrans,15298.27
08092100,6003201604000000615592,080921,7,"Fruit, edible; sour cherries (Prunus cerasus), fresh",MARKS9211,Belgium,India,India,5,2016,4,2016-04,2016-04-04,20160420,20160420,export,1,1269969.53,42065.18,kg,KG,Zespri International (Europe),[in full dataset],Antwerpen,,www.zespri.com,[in full dataset],Y,NAINI FOOD PRODUCTS PRIVATE LIMITED,[in full dataset],Haridwar,,,,Y,Zespri International (Europe),[in full dataset],,1411.2,1411.2,Zeebrugge,"Mundra, Gujarat",Haridwar,1,1,1.76,MOL TRIUMPH,IMO3195036,LR,V844,162,MSCU,HBL,YMLU128956513,HLCU852452458,GESU6550292,40GP,FLAT RACK,RF,FCL,CY/CFS,Nippon Express,36834.43
08061000,6003201609000011037834,080610,6,"Fruit, edible; grapes, fresh",MARKS2089,United States,India,India,7,2016,9,2016-09,2016-09-16,20160928,20160928,export,1,102668115,1638.49,kg,KG,"CONTINENTAL MILLS, INC.",[in full dataset],Tukwila,,www.thekrusteazcompany.com,[in full dataset],Y,AIMUN FOOD INDUSTRIES PRIVATE LIMITED,[in full dataset],Budgam,,,,Y,"CONTINENTAL MILLS, INC.",[in full dataset],,11247.3,11247.3,"Charleston, SC",Kolkata,Budgam,1,1,14.06,MADRID MAERSK,IMO3393606,SG,V205,357,COSU,HBL,YMLU114455598,YMLU194686645,MSCU5249365,20GP,FLAT RACK,HC,LCL,CFS/CFS,Sinotrans,1451.43
25162000,6003202103000004674423,251620,5,"Sandstone;. whether or not roughly trimmed, cut, by sawing etc, into blocks or slabs of a rectangular (including square) shape",MARKS4235,Turkiye,India,India,9,2021,3,2021-03,2021-03-11,20210305,20210305,export,1,10995809,3017.11,kg,KG,LOTTE CHEMICAL TURKEY YUZEY TASARIMLARI SANAYI VE TICARET ANONIM SIRKETI,[in full dataset],Manisa,,www.belenco.com,[in full dataset],Y,ULTRATECH CEMENT LIMITED,[in full dataset],Mumbai,,www.ultratechcement.com,[in full dataset],Y,LOTTE CHEMICAL TURKEY YUZEY TASARIMLARI SANAYI VE TICARET ANONIM SIRKETI,[in full dataset],,14879.1,14879.1,Main Container Port,"Mundra, Gujarat",Mumbai,1,1,18.6,COSCO UNIVERSE,IMO4762625,MH,V774,560,COSU,MBL,YMLU840637135,EGLV647754529,BMOU5976273,45HC,DRY,GP,FCL,CY/CY,Nippon Express,2657.6
25059000,6003202109000005239902,250590,6,"Sands; natural, (other than silica and quartz sands), whether or not coloured, (other than metal-bearing sands of chapter 26)",MARKS8854,Turkiye,India,India,5,2021,9,2021-09,2021-09-12,20210912,20210912,export,1,13904722,28225.88,kg,KG,ANAGOLD MADENCILIK SANAYI VE TICARET ANONIM SIRKETI,[in full dataset],Ankara,,www.alacergold.com,[in full dataset],Y,J. K. CEMENT LIMITED,[in full dataset],New Delhi,,www.jkcement.com,[in full dataset],Y,ANAGOLD MADENCILIK SANAYI VE TICARET ANONIM SIRKETI,[in full dataset],,10317.7,10317.7,Main Container Port,Chennai,New Delhi,1,1,12.9,ONE APUS,IMO6071821,PA,V920,489,EGLV,SWB,CMDU360131097,MAEU621655857,GESU5803489,20GP,OPEN TOP,HC,FCL,CY/CY,Bollore Logistics,25179.99
40092100,6003201910000005754762,400921,6,"Rubber; vulcanised (other than hard rubber), tubing, piping and hoses, reinforced or otherwise combined only with metal, without fittings",MARKS4999,Thailand,India,India,5,2019,10,2019-10,2019-10-24,20191026,20191026,export,1,24486005.74,7072.25,kg,KG,VEE TYRE AND RUBBER COMPANY LIMITED,[in full dataset],HUAI KHWANG,,www.veerubber.co.th,[in full dataset],Y,RELIANCE INDUSTRIES LIMITED,[in full dataset],Mumbai,,www.ril.com,[in full dataset],Y,VEE TYRE AND RUBBER COMPANY LIMITED,[in full dataset],,20234.5,20234.5,Bangkok,"Nhava Sheva (JNPT), Mumbai",Mumbai,1,1,25.29,COSCO UNIVERSE,IMO3632384,MH,V370,567,OOLU,HBL,CMDU351768572,MAEU387307080,GESU3248774,40GP,REEFER,GP,FCL,CY/CFS,Expeditors,6216.04
,6003201712000006075607,441193,9,"Fibreboard (other than MDF) of a density exceeding 0.5g/cm3 but not 0.8g/cm3, of wood or other ligneous materials, bonded or not with resins or other organic substances",MARKS5005,Malaysia,India,India,6,2017,12,2017-12,2017-12-13,20171212,20171212,export,1,22744578.34,16176.66,kg,KG,LINSHANHAO PLYWOOD (SARAWAK) SDN. BHD.,[in full dataset],Kuching,,,,Y,OM SHANTI PARTICLE BOARD PRIVATE LIMITED,[in full dataset],Kolhapur,,,,Y,LINSHANHAO PLYWOOD (SARAWAK) SDN. BHD.,[in full dataset],,20122.1,20122.1,Tanjung Pelepas,"Mundra, Gujarat",Kolhapur,1,1,25.15,CMA CGM JULES VERNE,IMO4851845,SG,V292,485,HLCU,SWB,COSU678104144,MAEU720727477,FCIU2832889,20GP,TANK,GP,FCL,CY/CY,Expeditors,14980.27
48044900,6003201810000006199963,480449,6,"Kraft paper and paperboard; uncoated, weight more than 150g/m2 but less than 225g/m2, in rolls or sheets, n.e.c. in item no. 4804.4, other than that of heading no. 4802 or 4803",MARKS9872,China,India,India,8,2018,10,2018-10,2018-10-25,20181008,20181008,export,1,45536895,38034.87,kg,KG,"Beijing Yuanshengtong Supply Chain Management Co., Ltd.",[in full dataset],Beijing,,,,Y,HBD PAPER CONVERTORS,[in full dataset],Uttara Kannada,,,,Y,"Beijing Yuanshengtong Supply Chain Management Co., Ltd.",[in full dataset],,12659.5,12659.5,Shenzhen,"Mundra, Gujarat",Uttara Kannada,1,1,15.82,BARZAN,IMO2238214,PA,V480,468,APLU,MBL,EGLV465096663,CMDU925490035,TGHU5585213,40GP,FLAT RACK,HC,FCL,CY/CFS,DSV,33091.62
,6003202401000006023557,701980,6,Glass fibres; glass wool and articles thereof,MARKS2863,China,India,India,8,2024,1,2024-01,2024-01-17,20240104,20240104,export,1,200977300,4872.13,kg,KG,"FUYAO GLASS INDUSTRY GROUP CO., LTD.",[in full dataset],Fuqing,,www.fuyaogroup.com,[in full dataset],Y,PGP GLASS PRIVATE LIMITED,[in full dataset],Mumbai,,www.pgpfirst.com,[in full dataset],N,"FUYAO GLASS INDUSTRY GROUP CO., LTD.",[in full dataset],,19428.5,19428.5,Guangzhou,"Nhava Sheva (JNPT), Mumbai",Mumbai,1,1,24.29,APL MEXICO CITY,IMO9883655,LR,V870,653,MAEU,HBL,MSCU952683810,HLCU360316565,TGHU4592322,40GP,TANK,RF,FCL,CFS/CFS,Kuehne + Nagel,4575.71
68159910,6003202207000003347591,681599,9,Stone articles and articles of other mineral substances; n.e.c. or included in heading no. 6815,MARKS6543,China,India,India,6,2022,7,2022-07,2022-07-18,20220708,20220708,export,1,53546388,1605.23,kg,KG,Beijing New Building Materials Public Limited Company,[in full dataset],Beijing,,www.bnbm.com.cn,[in full dataset],N,NUVOCO VISTAS CORPORATION LIMITED,[in full dataset],Mumbai,,www.nuvoco.com,[in full dataset],Y,Beijing New Building Materials Public Limited Company,[in full dataset],,4663.4,4663.4,Shanghai,Tuticorin,Mumbai,1,1,5.83,MSC OSCAR,IMO7829765,MH,V393,330,ONEY,MBL,COSU819603142,YMLU284952626,FCIU5905687,40HC,DRY,RF,FCL,CY/CY,Kuehne + Nagel,1430.8
52071000,6003202502000000012645,520710,7,"Cotton yarn; (not sewing thread), containing 85% or more by weight of cotton, put up for retail sale",MARKS1899,Indonesia,India,India,7,2025,2,2025-02,2025-02-06,20250223,20250223,export,1,72705.24,3994.41,kg,KG,PT OCEANIC COTTON MILLS,[in full dataset],Kota Bekasi,,,,N,SURAT COTTON SPINNING & WEAVING MILLS PRIVATE LIMITED,[in full dataset],Mumbai,,,,Y,PT OCEANIC COTTON MILLS,[in full dataset],,18071.3,18071.3,Belawan,Kandla,Mumbai,1,1,22.59,EVER GIVEN,IMO7068300,SG,V273,275,MSCU,HBL,MAEU753966023,YMLU696960936,CAIU5011189,40GP,TANK,HC,FCL,CY/CY,Expeditors,3670.81
09082200,6003202008000001445323,090822,9,"Spices; mace, crushed or ground",MARKS3599,Indonesia,India,India,6,2020,8,2020-08,2020-08-18,20200818,20200818,export,1,12403429.31,31342.74,kg,KG,PT PAGILARAN,[in full dataset],Kota Yogyakarta,,,,Y,ARYAN COFFEE EXPORTS PRIVATE LIMITED,[in full dataset],Kodagu,,,,Y,PT PAGILARAN,[in full dataset],,4049.8,4049.8,"Tanjung Priok, Jakarta","Mundra, Gujarat",Kodagu,1,1,5.06,MSC GULSUN,IMO8926530,PA,V736,207,COSU,SWB,HLCU878392889,EGLV252859933,TCLU9511735,40HC,FLAT RACK,HC,FCL,CY/CFS,Nippon Express,28709.86
52054830,6003202505000001245313,520548,5,"Cotton yarn; (not sewing thread), multiple or cabled, of combed fibres, 85% or more by weight of cotton, less than 83.33 decitex (exceeding 120 metric number) per single yarn, not for retail sale",MARKS6192,United States,India,India,5,2025,5,2025-05,2025-05-23,20250512,20250512,export,1,19617422,10065.49,kg,KG,"Meridian Industries, Inc.",[in full dataset],Milwaukee,,www.meridiancompanies.com,[in full dataset],Y,AXITA COTTON LIMITED,[in full dataset],Ahmedabad,,www.axitacotton.com,[in full dataset],Y,"Meridian Industries, Inc.",[in full dataset],,23184.5,23184.5,"Savannah, GA",Visakhapatnam,Ahmedabad,1,1,28.98,APL MEXICO CITY,IMO1155678,MH,V620,42,YMLU,MBL,MSCU552361418,MSCU108748246,GESU7395921,40HC,DRY,HC,FCL,CY/CFS,DB Schenker,9355.95
09022020,6003202002000001279656,090220,7,"Tea, green; (not fermented), in immediate packings of a content exceeding 3kg",MARKS6940,Indonesia,India,India,6,2020,2,2020-02,2020-02-26,20200227,20200227,export,1,9682760.86,19001.28,kg,KG,PT DELTA MATE MAJALENGKA,[in full dataset],Kabupaten Majalengka,,,,Y,EMPIRE SPICES AND FOODS LIMITED,[in full dataset],Mumbai,,www.esfl.co.in,[in full dataset],Y,PT DELTA MATE MAJALENGKA,[in full dataset],,23835.2,23835.2,"Tanjung Priok, Jakarta",Chennai,Mumbai,1,1,29.79,CSCL GLOBE,IMO2087697,MH,V740,955,CMDU,MBL,EGLV479606277,MSCU544189212,GESU3891664,40HC,OPEN TOP,HC,FCL,CY/CFS,Sinotrans,17107.96
,6003201708000001963086,440312,6,"Wood; non-coniferous species, in the rough, whether or not stripped of bark or sapwood, or roughly squared; treated with paint, stains, creosote or other preservatives",MARKS2554,Thailand,India,India,5,2017,8,2017-08,2017-08-15,20170828,20170828,export,1,4243505.93,1380.61,kg,KG,KRUNGTHON - THAI  PRODUCTS COMPANY LIMITED,[in full dataset],THAWI WATTHANA,,,,Y,MILTON INDUSTRIES LIMITED,[in full dataset],Ahmedabad,,www.miltonindustries.in,[in full dataset],Y,KRUNGTHON - THAI  PRODUCTS COMPANY LIMITED,[in full dataset],,11238.9,11238.9,Laem Chabang,Cochin,Ahmedabad,1,1,14.05,OOCL HONG KONG,IMO4160961,PA,V499,194,ZIMU,SWB,MSCU784740998,ONEY472722048,GESU9786249,45HC,FLAT RACK,GP,FCL,CY/CY,Nippon Express,1231.5
25162000,6003202108000003561930,251620,9,"Sandstone;. whether or not roughly trimmed, cut, by sawing etc, into blocks or slabs of a rectangular (including square) shape",MARKS8903,Egypt,India,India,6,2021,8,2021-08,2021-08-14,20210810,20210810,export,1,6718968.83,1158.54,kg,KG,EGYPTIAN GYPSUM COMPANY SAE,[in full dataset],Giza,,www.saint-gobain-gyproc.com,[in full dataset],Y,JHARNA CEMENT PRIVATE LIMITED,[in full dataset],Raniganj,,,,Y,EGYPTIAN GYPSUM COMPANY SAE,[in full dataset],,21126.3,21126.3,Alexandria,Tuticorin,Raniganj,1,1,26.41,HMM ALGECIRAS,IMO4857057,LR,V377,635,MSCU,HBL,ONEY335880227,ONEY670224635,TGHU6354114,40GP,OPEN TOP,GP,FCL,CFS/CFS,DSV,1082.77
40091200,6003201901000005894121,400912,9,"Rubber; vulcanised (other than hard rubber), tubing, piping and hoses, not reinforced or otherwise combined with other materials, with fittings",MARKS6896,China,India,India,9,2019,1,2019-01,2019-01-19,20190114,20190114,export,1,25463793,4683.01,kg,KG,"Shouguang Peixi Rubber & Plastic Co., Ltd.",[in full dataset],Shouguang,,,,N,RELIANCE INDUSTRIES LIMITED,[in full dataset],Mumbai,,www.ril.com,[in full dataset],Y,"Shouguang Peixi Rubber & Plastic Co., Ltd.",[in full dataset],,3173.6,3173.6,Yingkou,Cochin,Mumbai,1,1,3.97,COSCO UNIVERSE,IMO5386534,MH,V175,524,APLU,SWB,HLCU497269143,ONEY174492143,MSCU1205315,45HC,DRY,RF,LCL,CY/CY,Bollore Logistics,4249.79
25132090,6003202109000005238809,251320,5,"Emery, natural corundum, natural garnet and other natural abrasives, whether or not heat-treated",MARKS4158,Turkiye,India,India,5,2021,9,2021-09,2021-09-27,20210907,20210907,export,1,13904722,4285.18,kg,KG,ANAGOLD MADENCILIK SANAYI VE TICARET ANONIM SIRKETI,[in full dataset],Ankara,,www.alacergold.com,[in full dataset],Y,DALMIA CEMENT (NORTH EAST) LIMITED,[in full dataset],Guwahati,,dalmiacement.com,[in full dataset],N,ANAGOLD MADENCILIK SANAYI VE TICARET ANONIM SIRKETI,[in full dataset],,17394.1,17394.1,Main Container Port,"Mundra, Gujarat",Guwahati,1,1,21.74,EVER ACME,IMO7645207,LR,V540,726,EGLV,HBL,ONEY598681120,MSCU345715624,BMOU1596813,40GP,TANK,RF,FCL,CY/CFS,Kuehne + Nagel,3978.9
,6003201703000005539528,440719,9,"Wood; coniferous species, other than of pine (Pinus spp.) or fir (Abies spp.) or spruce (Picea spp.), sawn or chipped lengthwise, sliced or peeled, whether or not planed, sanded or finger-jointed, of a thickness exceeding 6mm",MARKS6987,China,India,India,9,2017,3,2017-03,2017-03-20,20170318,20170318,export,1,20029582,948.47,kg,KG,Xinqing District Wanfa Wooden Products Factory,[in full dataset],Yichun,,,,Y,GREENPLY INDUSTRIES LIMITED,[in full dataset],Kolkata,,www.greenply.com,[in full dataset],Y,Xinqing District Wanfa Wooden Products Factory,[in full dataset],,1013.1,1013.1,Shanghai,Tuticorin,Kolkata,1,1,1.27,COSCO UNIVERSE,IMO6162404,LR,V594,146,ZIMU,MBL,MSCU166317778,CMDU205091676,GESU2259681,45HC,FLAT RACK,RF,LCL,CY/CY,Kuehne + Nagel,840.16
40113000,6003201905000006814879,401130,6,"Rubber; new pneumatic tyres, of a kind used on aircraft",MARKS1585,Indonesia,India,India,8,2019,5,2019-05,2019-05-26,20190514,20190514,export,1,33835747.03,25029.41,kg,KG,PT CHANDRA ASRI PACIFIC TBK,[in full dataset],Kota Administrasi Jakarta Barat,,www.chandra-asri.com,[in full dataset],Y,RELIANCE INDUSTRIES LIMITED,[in full dataset],Mumbai,,www.ril.com,[in full dataset],Y,PT CHANDRA ASRI PACIFIC TBK,[in full dataset],,21539.5,21539.5,Makassar,Visakhapatnam,Mumbai,1,1,26.92,COSCO UNIVERSE,IMO8999532,MH,V609,523,ZIMU,HBL,EGLV499233556,HLCU883822304,TGHU1198031,20GP,FLAT RACK,GP,FCL,CY/CY,DSV,22262.44
08059000,6003201606000007371864,080590,6,"Fruit, edible; citrus fruit n.e.c. in heading no. 0805, fresh or dried",MARKS6912,United States,India,India,6,2016,6,2016-06,2016-06-19,20160602,20160602,export,1,36607002,2386.4,kg,KG,The Kraft Heinz Company,[in full dataset],Pittsburgh,,www.kraftheinzcompany.com,[in full dataset],Y,WOW MOMO FOODS PRIVATE LIMITED,[in full dataset],Kolkata,,www.wowmomo.com,[in full dataset],Y,The Kraft Heinz Company,[in full dataset],,18873,18873,"Seattle, WA","Nhava Sheva (JNPT), Mumbai",Kolkata,1,1,23.59,EVER ACME,IMO8404561,LR,V156,745,CMDU,MBL,ONEY759344866,CMDU325954940,TGHU8529286,40HC,FLAT RACK,GP,FCL,CY/CFS,DSV,2226.97
07133100,6003202603000000271975,071331,9,"Vegetables, leguminous; beans of the species vigna mungo (l.) hepper or vigna radiata (l.) wilczek, shelled, whether or not skinned or split, dried",MARKS3588,Australia,India,India,9,2026,3,2026-03,2026-03-16,20260314,20260314,export,1,5541314.23,51292.09,kg,KG,ADM TRADING AUSTRALIA PTY LTD,[in full dataset],Adelaide,,www.admgrain.com.au,[in full dataset],Y,LUCKNOW FAST FOOD & BAKERS,[in full dataset],Siddharthnagar,,,,Y,ADM TRADING AUSTRALIA PTY LTD,[in full dataset],,821.1,821.1,Fremantle,"Nhava Sheva (JNPT), Mumbai",Siddharthnagar,1,1,1.03,CSCL GLOBE,IMO9453730,SG,V641,610,HLCU,HBL,MAEU225363197,COSU701684122,BMOU7402590,45HC,OPEN TOP,RF,FCL,CY/CFS,DSV,44691.6
07102200,6003202603000001199970,071022,9,"Vegetables, leguminous; beans (vigna spp., phaseolus spp.), shelled or unshelled, uncooked or cooked by steaming or boiling in water, frozen",MARKS3983,Canada,India,India,7,2026,3,2026-03,2026-03-08,20260326,20260326,export,1,81233737.75,1021.07,kg,KG,G.G. Fruits & Vegetables,[in full dataset],Pierrefonds,,,,Y,SHRI KRISHNA TRADING COMPANY,[in full dataset],Bulandshahar,,,,Y,G.G. Fruits & Vegetables,[in full dataset],,13143.8,13143.8,"Prince Rupert, BC",Kolkata,Bulandshahar,1,1,16.43,MSC OSCAR,IMO5173275,MH,V649,921,EGLV,HBL,ONEY179478479,HLCU365778243,TGHU9895120,40HC,DRY,RF,FCL,CY/CY,CEVA Logistics,956.04
09022040,6003202005000000182490,090220,5,"Tea, green; (not fermented), in immediate packings of a content exceeding 3kg",MARKS3913,China,India,India,6,2020,5,2020-05,2020-05-26,20200515,20200515,export,1,745170,11101.42,kg,KG,"Hubei Starbucks Coffee Co., Ltd.",[in full dataset],Wuhan,,,,Y,ALLANA COFFEE CURING WORKS,[in full dataset],Hassan,,www.allana.com,[in full dataset],Y,"Hubei Starbucks Coffee Co., Ltd.",[in full dataset],,15150.7,15150.7,Tianjin,"Mundra, Gujarat",Hassan,1,1,18.94,MADRID MAERSK,IMO9182349,PA,V467,560,COSU,MBL,HLCU859216773,MSCU198652497,TCLU7501089,45HC,DRY,GP,FCL,CFS/CFS,Kuehne + Nagel,9723.25
68109100,6003202203000000390749,681091,6,"Cement, concrete or artificial stone; prefabricated structural components for building or civil engineering, whether or not reinforced",MARKS9716,Brazil,India,India,6,2022,3,2022-03,2022-03-16,20220327,20220327,export,1,1414788,2560.94,kg,KG,STONE CORPORATE E HOLDING SA,[in full dataset],SAO PAULO,,www.linx.com.br,[in full dataset],Y,ACC LIMITED,[in full dataset],Ahmedabad,,www.acclimited.com,[in full dataset],N,STONE CORPORATE E HOLDING SA,[in full dataset],,10240.5,10240.5,Suape,Kandla,Ahmedabad,1,1,12.8,CMA CGM JULES VERNE,IMO5218274,SG,V305,473,COSU,SWB,ONEY660312739,HLCU950754120,MSCU3299252,40HC,TANK,RF,FCL,CFS/CFS,Yusen Logistics,2375.35
44151000,6003201709000002970434,441510,6,"Wood; cases, boxes, crates, drums, similar packings and cable-drums",MARKS9036,Germany,India,India,9,2017,9,2017-09,2017-09-20,20170909,20170909,export,1,8034622.12,4990.23,kg,KG,HS Timber Productions GmbH,[in full dataset],Kodersdorf,,www.hs.at,[in full dataset],N,NEW GAYATRI CORK INDUSTRIES,[in full dataset],New Delhi,,,,Y,HS Timber Productions GmbH,[in full dataset],,5650,5650,Hamburg,Tuticorin,New Delhi,1,1,7.06,MSC OSCAR,IMO4805396,SG,V398,211,YMLU,HBL,MSCU909217361,YMLU550431071,TCLU4985939,40HC,TANK,HC,LCL,CY/CFS,Sinotrans,4654.63
,6003201906000003702016,401180,8,"Rubber; new pneumatic tyres, of a kind used on construction, mining or industrial handling vehicles and machines",MARKS9990,United States,India,India,5,2019,6,2019-06,2019-06-13,20190607,20190607,export,1,13172741,15872.93,kg,KG,The Goodyear Tire & Rubber Company,[in full dataset],Akron,,www.goodyear.com,[in full dataset],Y,RELIANCE INDUSTRIES LIMITED,[in full dataset],Mumbai,,www.ril.com,[in full dataset],Y,The Goodyear Tire & Rubber Company,[in full dataset],,13371.4,13371.4,"New York/Newark, NJ",Kolkata,Mumbai,1,1,16.71,MAERSK MOLLER,IMO3038146,SG,V561,76,ZIMU,SWB,COSU980806893,CMDU476930872,TGHU9457956,40HC,FLAT RACK,RF,FCL,CY/CFS,Nippon Express,15010.01
25261090,6003202110000005138622,252610,7,"Steatite; natural, (not crushed or powdered), whether or not roughly trimmed or merely cut, by sawing or otherwise, into blocks or slabs of a rectangular (including square) shape; talc",MARKS8980,Turkiye,India,India,7,2021,10,2021-10,2021-10-01,20211008,20211008,export,1,13412329,3367.08,kg,KG,SIRMERSAN MERMER SANAYI ANONIM SIRKETI,[in full dataset],Denizli,,www.sirmersan.com,[in full dataset],N,ULTRATECH CEMENT LIMITED,[in full dataset],Mumbai,,www.ultratechcement.com,[in full dataset],Y,SIRMERSAN MERMER SANAYI ANONIM SIRKETI,[in full dataset],,2802.8,2802.8,Main Container Port,Kandla,Mumbai,1,1,3.5,CMA CGM JULES VERNE,IMO6871520,LR,V387,992,APLU,SWB,MAEU130497661,ONEY359032818,GESU1796505,40HC,OPEN TOP,GP,LCL,CY/CY,CEVA Logistics,3129.44
,6003202402000005410089,701973,5,"Glass fibres; chemically bonded fabrics, open fabrics n.e.c. in heading 7019",MARKS9361,China,India,India,5,2024,2,2024-02,2024-02-07,20240212,20240212,export,1,124562805,23206.33,kg,KG,"China Luoyang Float Glass Group Co., Ltd.",[in full dataset],Luoyang,,,,N,GIA INDIA LABORATORY PRIVATE LIMITED,[in full dataset],Mumbai,,giaindia.in,[in full dataset],Y,"China Luoyang Float Glass Group Co., Ltd.",[in full dataset],,17565.5,17565.5,Ningbo-Zhoushan,"Mundra, Gujarat",Mumbai,1,1,21.96,MOL TRIUMPH,IMO2542830,MH,V500,513,OOLU,SWB,YMLU843495088,ONEY518113901,TGHU2201280,40GP,OPEN TOP,GP,FCL,CY/CFS,Yusen Logistics,20477.4
07115100,6003202603000001194725,071151,5,"Vegetables; mushrooms of the genus Agaricus, provisionally preserved but unsuitable in that state for immediate consumption",MARKS5092,Canada,India,India,5,2026,3,2026-03,2026-03-20,20260303,20260303,export,1,81233737.75,678.89,kg,KG,Bunch Of Carrots,[in full dataset],Vancouver,,,,Y,SMD ONIONS,[in full dataset],Madurai,,,,Y,Bunch Of Carrots,[in full dataset],,19561.1,19561.1,"Halifax, NS",Tuticorin,Madurai,1,1,24.45,HYUNDAI LOYALTY,IMO6695845,SG,V939,186,OOLU,MBL,YMLU830132803,COSU466007758,TCLU3404974,20GP,FLAT RACK,RF,FCL,CY/CY,CEVA Logistics,606.56
,6003201703000003554825,441899,9,"Wood; builders' joinery and carpentry of wood n.e.c. in heading no. 4418, other than of bamboo or cellular wood panels",MARKS8225,Indonesia,India,India,8,2017,3,2017-03,2017-03-18,20170319,20170319,export,1,10349541.86,52323.07,kg,KG,PT TUNGGAL YUDI SAWMILL PLYWOOD,[in full dataset],Kota Administrasi Jakarta Barat,,,,Y,GREENPLY INDUSTRIES LIMITED,[in full dataset],Kolkata,,www.greenply.com,[in full dataset],Y,PT TUNGGAL YUDI SAWMILL PLYWOOD,[in full dataset],,18337.3,18337.3,"Tanjung Perak, Surabaya",Cochin,Kolkata,1,1,22.92,APL MEXICO CITY,IMO6605153,LR,V732,889,YMLU,SWB,MSCU366499768,ONEY734015612,TGHU4257220,45HC,REEFER,RF,LCL,CY/CY,Yusen Logistics,45982.44
15122100,6003201509000004518006,151221,7,"Vegetable oils; cotton-seed oil and its fractions; crude, whether or not gossypol has been removed, not chemically modified",MARKS4263,Indonesia,India,India,9,2015,9,2015-09,2015-09-04,20150909,20150909,export,1,292584194,956.55,kg,KG,PT INNO-WANGSA OILS & FATS,[in full dataset],Kota Medan,,www.inno-wangsa.co.id,[in full dataset],Y,FESTIVE FRESH OILS AND FATS LLP,[in full dataset],Belagavi,,,,Y,PT INNO-WANGSA OILS & FATS,[in full dataset],,24729.8,24729.8,Belawan,"Nhava Sheva (JNPT), Mumbai",Belagavi,1,1,30.91,ONE APUS,IMO8583421,SG,V412,568,YMLU,SWB,EGLV902185440,MAEU876811439,BMOU3576928,40HC,DRY,HC,FCL,CY/CY,Bollore Logistics,867.79
08025100,6003201601000006167864,080251,5,"Nuts, edible; pistachios, fresh or dried, in shell",MARKS8661,United States,India,India,5,2016,1,2016-01,2016-01-08,20160105,20160105,export,1,25760448,8108.81,kg,KG,"Tyson Foods, Inc.",[in full dataset],Springdale,,www.tysonfoods.com,[in full dataset],Y,BLUEJAY NUTS PRIVATE LIMITED,[in full dataset],Chennai,,www.bluejaynuts.com,[in full dataset],Y,"Tyson Foods, Inc.",[in full dataset],,4508.6,4508.6,"Oakland, CA",Chennai,Chennai,1,1,5.64,YM WARRANTY,IMO7089068,LR,V945,398,OOLU,SWB,HLCU326680787,EGLV601175823,BMOU1285633,40HC,DRY,RF,LCL,CY/CFS,Nippon Express,7178.27
48236100,6003201811000004484992,482361,7,"Paper and paperboard; trays, dishes, plates, cups and the like, of bamboo paper or paperboard",MARKS2027,Indonesia,India,India,7,2018,11,2018-11,2018-11-24,20181113,20181113,export,1,23010421.94,6828.93,kg,KG,PT EKADHARMA INTERNATIONAL TBK,[in full dataset],Kabupaten Sidoarjo,,www.ekadharma.com,[in full dataset],Y,J P TOBACCO PRODUCTS PRIVATE LIMITED,[in full dataset],Damoh,,,,N,PT EKADHARMA INTERNATIONAL TBK,[in full dataset],,7184.1,7184.1,Belawan,"Nhava Sheva (JNPT), Mumbai",Damoh,1,1,8.98,MSC GULSUN,IMO1527884,LR,V305,791,YMLU,MBL,MAEU328656564,ONEY896836516,TCLU7833388,45HC,DRY,HC,FCL,CY/CY,Sinotrans,6482.18
68052030,6003202205000000675286,680520,6,"Abrasive powder or grain; natural or artificial, on a base of paper or paperboard only, whether or not cut to shape or sewn or otherwise made up",MARKS6018,Japan,India,India,7,2022,5,2022-05,2022-05-06,20220527,20220527,export,1,2813279.03,820.52,kg,KG,"KEN KEN CO., LTD.",[in full dataset],CHUO-KU,,www.kenken-pc.com/,[in full dataset],Y,ADVANCE PANELS AND SWITCHGEARS PRIVATE LIMITED,[in full dataset],New Delhi,,www.advancepanels.com,[in full dataset],Y,"KEN KEN CO., LTD.",[in full dataset],,10319.9,10319.9,Yokohama,Chennai,New Delhi,1,1,12.9,EVER GIVEN,IMO9900491,SG,V160,952,EGLV,HBL,COSU723169050,COSU641793385,BMOU2261053,40GP,OPEN TOP,RF,FCL,CY/CY,CEVA Logistics,761
40082110,6003201905000006815765,400821,8,"Rubber; vulcanised (other than hard rubber), in plates, sheets and strip, of non-cellular rubber",MARKS6917,Indonesia,India,India,8,2019,5,2019-05,2019-05-05,20190504,20190504,export,1,33835747.03,4424.43,kg,KG,PT CHANDRA ASRI PACIFIC TBK,[in full dataset],Kota Administrasi Jakarta Barat,,www.chandra-asri.com,[in full dataset],Y,SUPREME PETROCHEM LIMITED,[in full dataset],Mumbai,,www.supremepetrochem.com,[in full dataset],Y,PT CHANDRA ASRI PACIFIC TBK,[in full dataset],,19323.5,19323.5,Belawan,Kandla,Mumbai,1,1,24.15,CMA CGM JULES VERNE,IMO6090080,LR,V615,516,ONEY,SWB,HLCU802497200,MSCU798543869,GESU4662611,40HC,OPEN TOP,GP,FCL,CY/CY,Bollore Logistics,3936.21
07051900,6003202602000001085084,070519,5,"Vegetables; lettuce (lactuca sativa), (other than cabbage lettuce), fresh or chilled",MARKS8661,Canada,India,India,6,2026,2,2026-02,2026-02-11,20260205,20260205,export,1,57120881.8,744.8,kg,KG,Kingsmens Jacket Potatoes,[in full dataset],Maple Ridge,,www.kingsmenjacketpotatos.ca,[in full dataset],Y,MATHABHANGA FOOD PRODUCTS PRIVATE LIMITED,[in full dataset],Cooch Behar,,,,N,Kingsmens Jacket Potatoes,[in full dataset],,1596.9,1596.9,"Montreal, QC",Chennai,Cooch Behar,1,1,2,ONE APUS,IMO4234291,SG,V118,289,HLCU,HBL,EGLV669611062,YMLU250167144,TGHU6769850,45HC,REEFER,HC,FCL,CY/CFS,CEVA Logistics,660.97
25199010,6003202102000002702225,251990,5,"Magnesia, fused or dead-burned (sintered); whether or not containing small quantities of other oxides added before sintering, other magnesium oxide, whether or not pure, (not natural magnesium carbonate)",MARKS5589,United States,India,India,5,2021,2,2021-02,2021-02-03,20210206,20210206,export,1,4608010,941.26,kg,KG,American Fidelity Assurance Company,[in full dataset],Oklahoma City,,www.americanfidelity.com,[in full dataset],Y,ULTRATECH CEMENT LIMITED,[in full dataset],Mumbai,,www.ultratechcement.com,[in full dataset],Y,American Fidelity Assurance Company,[in full dataset],,12202.6,12202.6,"Seattle, WA",Tuticorin,Mumbai,1,1,15.25,EVER GIVEN,IMO5552684,MH,V276,258,CMDU,MBL,COSU423211331,ONEY184765142,TCLU6873893,45HC,REEFER,HC,FCL,CY/CY,Expeditors,874.35
48119016,6003201806000004868546,481190,8,"Paper, paperboard, cellulose wadding and webs of soft cellulose fibres; coated, impregnated, covered, surface-decorated or surface-coloured, n.e.c. in heading no. 4811, in rolls or sheets",MARKS2241,Canada,India,India,7,2018,6,2018-06,2018-06-27,20180620,20180620,export,1,26599067.01,2655.27,kg,KG,FD Alpha Canada Acquisition Inc,[in full dataset],Laval,,www.fortdearborn.com,[in full dataset],Y,A. K. TRADING (PAPER) PRIVATE LIMITED,[in full dataset],Kolkata,,www.aktradingpaper.in,[in full dataset],Y,FD Alpha Canada Acquisition Inc,[in full dataset],,4432,4432,"Halifax, NS",Tuticorin,Kolkata,1,1,5.54,MSC GULSUN,IMO1235084,SG,V811,7,HLCU,MBL,COSU522002532,ONEY873347649,FCIU7090389,40HC,DRY,GP,LCL,CFS/CFS,DHL Global Forwarding,2353.26
70172000,6003202403000005318804,701720,7,"Glassware; laboratory, hygienic or pharmaceutical, whether or not graduated or calibrated, having a linear co-efficient of expansion not over 5 x 10 (to the minus 6), (or 0.000005)) per Kelvin with a temperature of 0-300 degrees C",MARKS1579,China,India,India,7,2024,3,2024-03,2024-03-22,20240308,20240308,export,1,104063081,5237.82,kg,KG,"Qinhuangdao Xuanduo Glass Product Co., Ltd.",[in full dataset],Qinhuangdao,,,,Y,HINDUSTAN NATIONAL GLASS COMPANY LIMITED,[in full dataset],Nashik,,,,Y,"Qinhuangdao Xuanduo Glass Product Co., Ltd.",[in full dataset],,9393.2,9393.2,Yingkou,Kolkata,Nashik,1,1,11.74,MADRID MAERSK,IMO6943944,PA,V976,147,MSCU,MBL,COSU370598233,HLCU128660466,CAIU2291446,20GP,DRY,HC,FCL,CFS/CFS,DHL Global Forwarding,4721.2
07051100,6003202602000001371989,070511,7,"Vegetables; cabbage (head) lettuce (lactuca sativa), fresh or chilled",MARKS8688,Australia,India,India,9,2026,2,2026-02,2026-02-19,20260206,20260206,export,1,138496072.64,61433.62,kg,KG,ADM TRADING AUSTRALIA PTY LTD,[in full dataset],Adelaide,,www.admgrain.com.au,[in full dataset],Y,BALGOPAL FOOD PRODUCTS PRIVATE LIMITED,[in full dataset],Bargarh,,www.balgopalfood.com,[in full dataset],Y,ADM TRADING AUSTRALIA PTY LTD,[in full dataset],,4910.4,4910.4,Sydney,Visakhapatnam,Bargarh,1,1,6.14,APL MEXICO CITY,IMO8095267,MH,V120,697,HLCU,SWB,YMLU847175205,COSU888047546,MSCU1384550,40GP,REEFER,RF,LCL,CY/CFS,CEVA Logistics,53641.07
69091100,6003202302000000532844,690911,7,"Ceramic wares; for laboratory, chemical or other technical uses, of porcelain or china",MARKS5884,Germany,India,India,9,2023,2,2023-02,2023-02-27,20230222,20230222,export,1,3076964.19,5238.6,kg,KG,Visable GmbH,[in full dataset],Hamburg,,www.visable.com,[in full dataset],Y,KAJARIA CERAMICS LIMITED,[in full dataset],Gurugram,,www.kajariaceramics.com,[in full dataset],Y,Visable GmbH,[in full dataset],,16693.2,16693.2,Bremerhaven,Visakhapatnam,Gurugram,1,1,20.87,MAERSK MOLLER,IMO5243029,LR,V987,675,MSCU,HBL,CMDU541700420,EGLV206779037,GESU5217398,40HC,DRY,GP,LCL,CFS/CFS,Kuehne + Nagel,4725.03
,6003201611000001199503,080529,8,"Fruit, edible; tangelos, wilkings and similar citrus hybrid, fresh or dried",MARKS8065,Italy,India,India,8,2016,11,2016-11,2016-11-21,20161116,20161116,export,1,2733752.81,1534.2,kg,KG,DUE ERRE IMPORT EXPORT SRL,[in full dataset],FRATTA POLESINE,,www.due-erre.com,[in full dataset],Y,DENSCON TL GLOBAL PRIVATE LIMITED,[in full dataset],Kolkata,,,,Y,DUE ERRE IMPORT EXPORT SRL,[in full dataset],,7539.8,7539.8,Trieste,"Nhava Sheva (JNPT), Mumbai",Kolkata,1,1,9.42,MADRID MAERSK,IMO8521410,SG,V171,503,EGLV,SWB,CMDU192955163,COSU297771574,FCIU3193227,20GP,FLAT RACK,RF,FCL,CY/CY,CEVA Logistics,1378.39
44121000,6003201704000003907122,441210,7,"Plywood, veneered panels and similar laminated wood; of bamboo",MARKS5785,Indonesia,India,India,5,2017,4,2017-04,2017-04-22,20170418,20170418,export,1,11668744.04,3867.15,kg,KG,PT TUNGGAL AGATHIS INDAH WOOD INDUSTRIES,[in full dataset],Kota Administrasi Jakarta Barat,,,,Y,GREENPLY INDUSTRIES LIMITED,[in full dataset],Kolkata,,www.greenply.com,[in full dataset],Y,PT TUNGGAL AGATHIS INDAH WOOD INDUSTRIES,[in full dataset],,23245.7,23245.7,"Tanjung Perak, Surabaya",Tuticorin,Kolkata,1,1,29.06,OOCL HONG KONG,IMO2943990,PA,V336,702,APLU,SWB,HLCU243013066,EGLV541261357,FCIU3553539,40GP,DRY,GP,FCL,CY/CY,Expeditors,3465.66
48119094,6003201808000002994135,481190,7,"Paper, paperboard, cellulose wadding and webs of soft cellulose fibres; coated, impregnated, covered, surface-decorated or surface-coloured, n.e.c. in heading no. 4811, in rolls or sheets",MARKS8793,Germany,India,India,8,2018,8,2018-08,2018-08-13,20180828,20180828,export,1,11923635.98,18833.01,kg,KG,Felix Schoeller Holding GmbH & Co. KG,[in full dataset],Osnabrück,,www.felix-schoeller.com,[in full dataset],Y,ITC LIMITED,[in full dataset],Kolkata,,www.itcportal.com,[in full dataset],N,Felix Schoeller Holding GmbH & Co. KG,[in full dataset],,14064.2,14064.2,Wilhelmshaven,Kandla,Kolkata,1,1,17.58,APL MEXICO CITY,IMO9948508,MH,V372,786,ZIMU,HBL,MAEU556974750,HLCU107737182,TCLU3443560,40GP,REEFER,RF,FCL,CY/CY,CEVA Logistics,17779.56
40011010,6003201904000002803706,400110,7,"Rubber; natural rubber latex, whether or not pre-vulcanised, in primary forms or in plates, sheets or strip",MARKS9040,United States,India,India,8,2019,4,2019-04,2019-04-27,20190414,20190414,export,1,9463514,8294.13,kg,KG,"Lithia Motors, Inc.",[in full dataset],Medford,,www.lithia.com,[in full dataset],Y,RELIANCE INDUSTRIES LIMITED,[in full dataset],Mumbai,,www.ril.com,[in full dataset],Y,"Lithia Motors, Inc.",[in full dataset],,14666.7,14666.7,"Los Angeles, CA",Visakhapatnam,Mumbai,1,1,18.33,MADRID MAERSK,IMO1850755,PA,V265,291,MSCU,HBL,YMLU682587877,HLCU709448658,CAIU6579298,20GP,DRY,GP,FCL,CFS/CFS,CEVA Logistics,7658.72
52041130,6003202510000002331346,520411,9,"Cotton; sewing thread, containing 85% or more by weight of cotton, not put up for retail sale",MARKS7635,Australia,India,India,9,2025,10,2025-10,2025-10-10,20251019,20251019,export,1,125654453.03,329.4,kg,KG,COTTON ON FINANCE PTY LTD,[in full dataset],NORTH GEELONG,,www.cottonon.com.au,[in full dataset],Y,COTTON BLOSSOM INDIAPRIVATE LIMITED,[in full dataset],Tirupur,,www.cotonblossom.org,[in full dataset],Y,COTTON ON FINANCE PTY LTD,[in full dataset],,1168.5,1168.5,Fremantle,"Nhava Sheva (JNPT), Mumbai",Tirupur,1,1,1.46,MSC GULSUN,IMO8688041,SG,V814,454,ZIMU,MBL,EGLV194073578,COSU530196618,BMOU5127968,45HC,FLAT RACK,HC,FCL,CFS/CFS,Kuehne + Nagel,288.04
25291020,6003202104000004455354,252910,5,Feldspar,MARKS3425,Turkiye,India,India,9,2021,4,2021-04,2021-04-08,20210419,20210419,export,1,9868483,5976.86,kg,KG,QUA GRANITE HAYAL YAPI VE URUNLERI SANAYI TICARET ANONIM SIRKETI,[in full dataset],Aydin,,www.qua.com.tr,[in full dataset],Y,SHREE CEMENT LIMITED,[in full dataset],Kolkata,,www.shreecement.com,[in full dataset],Y,QUA GRANITE HAYAL YAPI VE URUNLERI SANAYI TICARET ANONIM SIRKETI,[in full dataset],,20087.7,20087.7,Main Container Port,Tuticorin,Kolkata,1,1,25.11,EVER ACME,IMO6610435,MH,V406,613,APLU,MBL,HLCU576836149,MSCU252115298,CAIU9466388,40HC,REEFER,HC,LCL,CFS/CFS,Expeditors,5395.96
08129090,6003201605000008282664,081290,6,"Fruit, edible; fruit and nuts n.e.c. in heading no. 0812, provisionally preserved, but unsuitable in that state for immediate consumption",MARKS1284,United States,India,India,7,2016,5,2016-05,2016-05-06,20160521,20160521,export,1,47360925,32004.73,kg,KG,"Tyson Foods, Inc.",[in full dataset],Springdale,,www.tysonfoods.com,[in full dataset],N,MALAS FOOD PRODUCTS PRIVATE LIMITED,[in full dataset],Satara,,,,Y,"Tyson Foods, Inc.",[in full dataset],,9748.5,9748.5,"Seattle, WA","Mundra, Gujarat",Satara,1,1,12.19,HMM ALGECIRAS,IMO5900207,MH,V263,16,MAEU,SWB,COSU142425542,CMDU648523549,TGHU1814611,45HC,TANK,RF,FCL,CFS/CFS,Kuehne + Nagel,28682.1
08026100,6003201605000003059594,080261,6,"Nuts, edible; macadamia, fresh or dried, in shell",MARKS7239,Egypt,India,India,7,2016,5,2016-05,2016-05-16,20160527,20160527,export,1,9317272.56,17857.72,kg,KG,EL SHAMADAN INDUSTRIAL FOOD COMPANY SAE,[in full dataset],Alexandria,,,,Y,S K AGRI EXPORTS PRIVATE LIMITED,[in full dataset],Ahmedabad,,,,Y,EL SHAMADAN INDUSTRIAL FOOD COMPANY SAE,[in full dataset],,7912.4,7912.4,Damietta,Cochin,Ahmedabad,1,1,9.89,MOL TRIUMPH,IMO9583849,MH,V125,980,MAEU,HBL,ONEY188403532,EGLV999895475,TGHU6409872,45HC,DRY,HC,FCL,CFS/CFS,Bollore Logistics,16314.21
,6003202602000001082506,070953,6,"Vegetables; mushrooms of the genus Cantharellus, fresh or chilled",MARKS7311,Canada,India,India,6,2026,2,2026-02,2026-02-04,20260224,20260224,export,1,57120881.8,25534.15,kg,KG,"Village Farms International, Inc",[in full dataset],Delta,,www.villagefarms.com,[in full dataset],N,AJANTA SOYA LIMITED,[in full dataset],New Delhi,,www.ajantasoya.com,[in full dataset],Y,"Village Farms International, Inc",[in full dataset],,8428.5,8428.5,"Halifax, NS",Cochin,New Delhi,1,1,10.54,EVER ACME,IMO8606347,PA,V138,618,YMLU,MBL,YMLU682173689,ONEY368143492,TGHU8809259,45HC,REEFER,GP,FCL,CY/CY,Kuehne + Nagel,24227.31
08134020,6003201612000006485574,081340,5,"Fruit, edible; fruit n.e.c. in heading no. 0812, dried",MARKS5776,United States,India,India,8,2016,12,2016-12,2016-12-06,20161217,20161217,export,1,28275201,2591.59,kg,KG,The Kraft Heinz Company,[in full dataset],Pittsburgh,,www.kraftheinzcompany.com,[in full dataset],Y,WOW MOMO FOODS PRIVATE LIMITED,[in full dataset],Kolkata,,www.wowmomo.com,[in full dataset],Y,The Kraft Heinz Company,[in full dataset],,3665.8,3665.8,"Charleston, SC",Tuticorin,Kolkata,1,1,4.58,EVER ACME,IMO6664888,PA,V300,229,APLU,HBL,EGLV560021786,MAEU574626185,TGHU1644487,45HC,TANK,GP,LCL,CY/CY,DSV,2372.91
15121120,6003201504000004659018,151211,9,"Vegetable oils; sunflower seed or safflower oil and their fractions, crude, not chemically modified",MARKS7272,Indonesia,India,India,5,2015,4,2015-04,2015-04-18,20150422,20150422,export,1,411095037,14995.82,kg,KG,PT SUMBER TANI AGUNG OILS AND FATS,[in full dataset],Kota Administrasi Jakarta Selatan,,,,Y,TALLOW CHEM INDUSTRIES,[in full dataset],Mumbai,,,,Y,PT SUMBER TANI AGUNG OILS AND FATS,[in full dataset],,18913.2,18913.2,Makassar,"Nhava Sheva (JNPT), Mumbai",Mumbai,1,1,23.64,MSC OSCAR,IMO3680789,PA,V809,644,MSCU,SWB,MAEU806892505,YMLU997185576,TGHU4440020,45HC,FLAT RACK,HC,LCL,CY/CY,DSV,13058.63
08023200,6003201602000000907944,080232,5,"Nuts, edible; walnuts, fresh or dried, shelled",MARKS2334,South Africa,India,India,5,2016,2,2016-02,2016-02-23,20160201,20160201,export,1,1959737.48,3488.85,kg,KG,DJS FRUIT AND VEG CC,[in full dataset],JOHANNESBURG,,,,Y,PEEL-WORKS PRIVATE LIMITED,[in full dataset],Bengaluru,,www.peel-works.com,[in full dataset],Y,DJS FRUIT AND VEG CC,[in full dataset],,18914,18914,Durban,Kandla,Bengaluru,1,1,23.64,YM WARRANTY,IMO2749023,LR,V235,662,ONEY,SWB,EGLV726084642,CMDU426550359,TGHU2700885,20GP,TANK,RF,FCL,CY/CFS,Expeditors,3061.51
40161000,6003201909000005512760,401610,5,"Rubber; vulcanised (other than hard rubber), moulded rubber mats and mats of non-rectangular shape made by cutting from the piece, of cellular rubber",MARKS2196,Thailand,India,India,8,2019,9,2019-09,2019-09-01,20190914,20190914,export,1,22869419.66,3780.65,kg,KG,SOUTHLAND RUBBER COMPANY LIMITED,[in full dataset],HAT YAI,,www.southlandholding.com,[in full dataset],Y,RELIANCE INDUSTRIES LIMITED,[in full dataset],Mumbai,,www.ril.com,[in full dataset],N,SOUTHLAND RUBBER COMPANY LIMITED,[in full dataset],,6226.7,6226.7,Laem Chabang,"Nhava Sheva (JNPT), Mumbai",Mumbai,1,1,7.78,HYUNDAI LOYALTY,IMO1307718,MH,V314,672,MSCU,MBL,ONEY186800748,EGLV956796556,MSCU5840067,45HC,FLAT RACK,GP,FCL,CFS/CFS,DB Schenker,3495.62
40051000,6003201907000002936684,400510,8,"Rubber; unvulcanised, compounded with carbon black or silica, in primary forms or in plates, sheets or strip",MARKS6514,Malaysia,India,India,7,2019,7,2019-07,2019-07-26,20190712,20190712,export,1,9985244.33,5305.94,kg,KG,KIT LOONG COMMERCIAL TYRE SDN. BHD.,[in full dataset],Shah Alam,,www.kitloongtyre.com,[in full dataset],N,SUMIRIKO IMPERIAL RUBBER INDIA PRIVATE LIMITED,[in full dataset],Palwal,,www.impauto.com,[in full dataset],Y,KIT LOONG COMMERCIAL TYRE SDN. BHD.,[in full dataset],,15104.1,15104.1,Tanjung Pelepas,Tuticorin,Palwal,1,1,18.88,OOCL HONG KONG,IMO4054950,SG,V194,852,HLCU,SWB,MSCU148532302,YMLU699056888,TCLU6501502,20GP,DRY,HC,FCL,CFS/CFS,Expeditors,4708.76
40012930,6003201910000005267125,400129,5,"Rubber; natural (excluding latex, technically specified natural rubber and smoked sheets), in primary forms or in plates, sheets or strip",MARKS8468,China,India,India,9,2019,10,2019-10,2019-10-11,20191024,20191024,export,1,21415657,2472.51,kg,KG,"Suzhou Longjie Special Fiber Co., Ltd.",[in full dataset],Suzhou,,www.jslongjie.com,[in full dataset],N,RELIANCE INDUSTRIES LIMITED,[in full dataset],Mumbai,,www.ril.com,[in full dataset],Y,"Suzhou Longjie Special Fiber Co., Ltd.",[in full dataset],,2532.7,2532.7,Dalian,Cochin,Mumbai,1,1,3.17,YM WARRANTY,IMO7194190,SG,V842,680,MAEU,HBL,COSU130907369,HLCU484717778,MSCU5324817,20GP,REEFER,HC,LCL,CY/CFS,CEVA Logistics,2190.09
70182000,6003202409000005930041,701820,5,Glass microspheres; not exceeding 1mm in diameter,MARKS8659,China,India,India,5,2024,9,2024-09,2024-09-14,20240908,20240908,export,1,179414730,5552.5,kg,KG,"Hebei Kaifa Glassware Co., Ltd.",[in full dataset],Cangzhou,,,,N,GOLD PLUS GLASS INDUSTRY LIMITED,[in full dataset],New Delhi,,www.goldplusgroup.com,[in full dataset],Y,"Hebei Kaifa Glassware Co., Ltd.",[in full dataset],,9053.5,9053.5,Dalian,Visakhapatnam,New Delhi,1,1,11.32,EVER ACME,IMO7776847,MH,V282,972,HLCU,HBL,YMLU727933967,MAEU521727338,TGHU6154961,40GP,TANK,HC,FCL,CFS/CFS,Bollore Logistics,5077.88
25181000,6003202110000005138728,251810,9,"Dolomite, not calcined or sintered; including dolomite roughly trimmed, or merely cut by sawing or otherwise into blocks or slabs of rectangular (including square) shape",MARKS3763,Turkiye,India,India,9,2021,10,2021-10,2021-10-16,20211018,20211018,export,1,13412329,9582.32,kg,KG,SIRMERSAN MERMER SANAYI ANONIM SIRKETI,[in full dataset],Denizli,,www.sirmersan.com,[in full dataset],Y,PENNA CEMENT INDUSTRIES LIMITED,[in full dataset],Hyderabad,,www.pennacement.com,[in full dataset],Y,SIRMERSAN MERMER SANAYI ANONIM SIRKETI,[in full dataset],,23729,23729,Main Container Port,"Nhava Sheva (JNPT), Mumbai",Hyderabad,1,1,29.66,HMM ALGECIRAS,IMO4174317,LR,V244,434,ZIMU,SWB,CMDU757349663,MAEU830798611,BMOU2096724,20GP,FLAT RACK,RF,LCL,CY/CY,Kuehne + Nagel,8932.54
48026110,6003201806000006428678,480261,7,"Uncoated paper and paperboard (not 4801 or 4803); over 10% by weight of mechanical or chemi-mechanical processed fibre, in rolls",MARKS3200,China,India,India,9,2018,6,2018-06,2018-06-14,20180626,20180626,export,1,49993908,7267.7,kg,KG,"Chengdu Wenjiang District Hongqi Franchise Co., Ltd.",[in full dataset],Chengdu,,,,Y,D.B. CORP LIMITED,[in full dataset],Bhopal,,www.dbcorpltd.com,[in full dataset],Y,"Chengdu Wenjiang District Hongqi Franchise Co., Ltd.",[in full dataset],,8215.3,8215.3,Xiamen,Kandla,Bhopal,1,1,10.27,MSC GULSUN,IMO2481950,PA,V888,494,ONEY,SWB,YMLU607219682,HLCU759852982,TCLU4107442,40HC,REEFER,RF,FCL,CY/CY,Expeditors,6485.69
,6003202002000001279892,090520,7,"Spices; vanilla, crushed or ground",MARKS6740,Indonesia,India,India,9,2020,2,2020-02,2020-02-13,20200228,20200228,export,1,9682760.86,26012,kg,KG,PT JCO DONUT & COFFEE,[in full dataset],Kota Administrasi Jakarta Utara,,www.jcodonuts.com,[in full dataset],Y,AACHI SPICES AND FOODS PRIVATE LIMITED,[in full dataset],Chennai,,www.aachigroup.com,[in full dataset],Y,PT JCO DONUT & COFFEE,[in full dataset],,15315.7,15315.7,"Tanjung Perak, Surabaya",Visakhapatnam,Chennai,1,1,19.14,ONE APUS,IMO2007175,SG,V170,19,OOLU,MBL,ONEY588775939,MAEU435027680,TCLU2083029,40HC,FLAT RACK,HC,FCL,CY/CFS,DSV,23671.4
,6003201706000002002920,441291,8,"Plywood; n.e.c. in heading 4412, with at least one outer ply of tropical wood",MARKS6340,Brazil,India,India,5,2017,6,2017-06,2017-06-02,20170606,20170606,export,1,4382402,801.44,kg,KG,FIBRAPLAC PAINEIS DE MADEIRA LTDA EM RECUPERACAO JUDICIAL,[in full dataset],PORTO ALEGRE,,,,Y,JYOTHI TIMBER & PLYWOOD,[in full dataset],Bengaluru,,,,Y,FIBRAPLAC PAINEIS DE MADEIRA LTDA EM RECUPERACAO JUDICIAL,[in full dataset],,19924.6,19924.6,Itajai,Visakhapatnam,Bengaluru,1,1,24.91,MSC OSCAR,IMO8142134,SG,V363,989,YMLU,MBL,COSU773698842,CMDU880279961,GESU7107549,20GP,TANK,RF,FCL,CFS/CFS,DSV,697.09
07082000,6003202602000001370124,070820,5,"Vegetables, leguminous; beans (vigna spp., phaseolus spp.), shelled or unshelled, fresh or chilled",MARKS3249,Australia,India,India,8,2026,2,2026-02,2026-02-01,20260217,20260217,export,1,138496072.64,581.26,kg,KG,ADM TRADING AUSTRALIA PTY LTD,[in full dataset],Adelaide,,www.admgrain.com.au,[in full dataset],Y,BLUE TOMATOES MUSIC AND ENTERTAINMENT,[in full dataset],Ludhiana,,,,Y,ADM TRADING AUSTRALIA PTY LTD,[in full dataset],,1087.2,1087.2,Melbourne,Tuticorin,Ludhiana,1,1,1.36,MADRID MAERSK,IMO4115275,SG,V760,268,OOLU,HBL,HLCU312119674,ONEY782521735,CAIU8202121,40HC,FLAT RACK,HC,FCL,CFS/CFS,Kuehne + Nagel,508.32
68159100,6003202203000003131679,681591,8,"Stone articles and articles of other mineral substances; containing magnesite, magnesia in the form of periclase, dolomite including in the form of dolime, or chromite",MARKS9076,China,India,India,5,2022,3,2022-03,2022-03-16,20220308,20220308,export,1,44513694,7338.65,kg,KG,"Shenzhen Kangli Stone Co., Ltd.",[in full dataset],Shenzhen,,www.kanglistone.com,[in full dataset],Y,SIDHI VINAYAK SECURITIES AND LABOUR SUPPLIERS,[in full dataset],Jodhpur,,,,Y,"Shenzhen Kangli Stone Co., Ltd.",[in full dataset],,20814.7,20814.7,Tianjin,Visakhapatnam,Jodhpur,1,1,26.02,CMA CGM JULES VERNE,IMO6211497,MH,V217,518,COSU,SWB,CMDU409770018,MAEU334469598,CAIU3959967,45HC,OPEN TOP,HC,LCL,CY/CY,DSV,6862.02
52113220,6003202511000002389024,521132,5,"Fabrics, woven; containing less than 85% by weight of cotton, mixed mainly or solely with man-made fibres, weighing more than 200g/m2, dyed, 3-thread or 4-thread twill, including cross twill",MARKS2091,Brazil,India,India,9,2025,11,2025-11,2025-11-26,20251128,20251128,export,1,135626982,8854.65,kg,KG,COTTON STAR INDUSTRIAL LTDA,[in full dataset],BLUMENAU,,,,Y,INDIRA COTTON MILLS LIMITED,[in full dataset],Chennai,,,,Y,COTTON STAR INDUSTRIAL LTDA,[in full dataset],,8983.6,8983.6,Rio Grande,Visakhapatnam,Chennai,1,1,11.23,MSC GULSUN,IMO8182185,MH,V109,208,COSU,HBL,HLCU343396476,EGLV662877505,GESU6812965,20GP,TANK,RF,FCL,CFS/CFS,Yusen Logistics,8217.88
40103610,6003201910000000499149,401036,6,"Rubber; vulcanised, endless synchronous belts, of an outside circumference exceeding 150 cm but not exceeding 198 cm",MARKS1013,Saudi Arabia,India,India,8,2019,10,2019-10,2019-10-22,20191023,20191023,export,1,1368924.77,35545.5,kg,KG,AL KAWTHER,[in full dataset],Saihat 32471,,www.alkawther-ksa.com/,[in full dataset],Y,RELIANCE INDUSTRIES LIMITED,[in full dataset],Mumbai,,www.ril.com,[in full dataset],Y,AL KAWTHER,[in full dataset],,9050.8,9050.8,Jeddah,Cochin,Mumbai,1,1,11.31,APL MEXICO CITY,IMO1128264,SG,V327,338,MAEU,SWB,CMDU647154590,YMLU607670410,MSCU1108103,40HC,REEFER,GP,FCL,CFS/CFS,DSV,32359.86
07052900,6003202602000001081052,070529,7,"Vegetables; chicory (cichorium spp.), (other than witloof chicory), fresh or chilled",MARKS6198,Canada,India,India,8,2026,2,2026-02,2026-02-24,20260205,20260205,export,1,57120881.8,225.33,kg,KG,Xiamen Shuang Fa Stone Products Manufacturing,[in full dataset],Burnaby,,,,N,SAMIKSHA GROCERY AND VEGETABLES,[in full dataset],Guntur,,,,N,Xiamen Shuang Fa Stone Products Manufacturing,[in full dataset],,2232.2,2232.2,"Halifax, NS","Mundra, Gujarat",Guntur,1,1,2.79,MSC GULSUN,IMO1295949,MH,V484,387,MSCU,HBL,MSCU756737441,YMLU383427650,FCIU9506052,40HC,OPEN TOP,HC,LCL,CY/CY,Yusen Logistics,200
,6003201605000003059500,080521,8,"Fruit, edible; mandarins (including tangerines and satsumas), fresh or dried",MARKS9448,Egypt,India,India,9,2016,5,2016-05,2016-05-20,20160506,20160506,export,1,9317272.56,1685.88,kg,KG,LEHAA COMPANY FOR TRADING AND AGRICULTURE INVESTMENT,[in full dataset],Giza,,www.lehaa.net,[in full dataset],Y,KIRANAKART WHOLESALE PRIVATE LIMITED,[in full dataset],Mumbai,,,,N,LEHAA COMPANY FOR TRADING AND AGRICULTURE INVESTMENT,[in full dataset],,988.9,988.9,Damietta,"Mundra, Gujarat",Mumbai,1,1,1.24,MSC OSCAR,IMO4393454,LR,V621,728,HLCU,MBL,CMDU789198282,MAEU493111964,CAIU7267951,45HC,OPEN TOP,RF,FCL,CFS/CFS,DHL Global Forwarding,1565.79
07133990,6003202603000000311218,071339,5,"Vegetables, leguminous; n.e.c. in item no. 0713.3, shelled, whether or not skinned or split, dried",MARKS5357,Brazil,India,India,8,2026,3,2026-03,2026-03-06,20260319,20260319,export,1,6887946,36364.77,kg,KG,CARGILL AGRICOLA S A,[in full dataset],SAO PAULO,,www.cargill.com.br,[in full dataset],Y,PARAYIL FOOD PRODUCTS PRIVATE LIMITED,[in full dataset],Alappuzha,,www.parayilgroup.com,[in full dataset],Y,CARGILL AGRICOLA S A,[in full dataset],,20033.3,20033.3,Itajai,"Nhava Sheva (JNPT), Mumbai",Alappuzha,1,1,25.04,EVER GIVEN,IMO1340358,LR,V836,612,MSCU,MBL,MSCU587348762,MSCU662298157,FCIU6452598,40HC,FLAT RACK,RF,FCL,CY/CFS,Yusen Logistics,33452.47
52122500,6003202503000000166231,521225,6,"Fabrics, woven; of cotton, printed, weighing more than 200g/m2, n.e.c. in chapter 52",MARKS3166,Mexico,India,India,9,2025,3,2025-03,2025-03-20,20250323,20250323,export,1,993431,18495.05,kg,KG,"American Cotton, S.A. de C.V.",[in full dataset],México,,www.americancotton.com.mx,[in full dataset],N,KAS CARPET YARN DYERS,[in full dataset],Jaunpur,,,,Y,"American Cotton, S.A. de C.V.",[in full dataset],,3803.5,3803.5,Manzanillo,Visakhapatnam,Jaunpur,1,1,4.75,MSC GULSUN,IMO4688580,SG,V258,881,APLU,SWB,ONEY308737439,CMDU713142969,MSCU1297567,20GP,DRY,GP,LCL,CY/CY,Expeditors,17012.13
52051420,6003202510000002207607,520514,7,"Cotton yarn; (not sewing thread), single, of uncombed fibres, 85% or more by weight of cotton, less than 192.31 but not less than 125 decitex (exceeding 52 but not exceeding 80 metric number), not for retail sale",MARKS9070,Brazil,India,India,6,2025,10,2025-10,2025-10-21,20251014,20251014,export,1,110986790,2395.71,kg,KG,COTTON STAR INDUSTRIAL LTDA,[in full dataset],BLUMENAU,,,,Y,BOWRESH COTTON MILLS COMPANY LIMITED,[in full dataset],Kolkata,,,,Y,COTTON STAR INDUSTRIAL LTDA,[in full dataset],,20339.9,20339.9,Rio Grande,"Nhava Sheva (JNPT), Mumbai",Kolkata,1,1,25.42,COSCO UNIVERSE,IMO7673926,LR,V354,963,COSU,MBL,COSU142779100,COSU949418118,BMOU2151999,20GP,REEFER,RF,FCL,CY/CFS,Kuehne + Nagel,2176.01
15141120,6003201510000004623325,151411,6,"Vegetable oils; low erucic acid rape or colza oil and its fractions, crude",MARKS6514,Indonesia,India,India,7,2015,10,2015-10,2015-10-18,20151020,20151020,export,1,350486499,13133,kg,KG,PT INNO - WANGSA OILS & FATS,[in full dataset],Kota Medan,,,,N,RADHIKA VEGETABLE OILS PRIVATE LIMITED,[in full dataset],Vizianagaram,,www.radhikagroup.in,[in full dataset],Y,PT INNO - WANGSA OILS & FATS,[in full dataset],,2704.7,2704.7,Makassar,Kandla,Vizianagaram,1,1,3.38,MADRID MAERSK,IMO3039632,PA,V418,660,EGLV,MBL,CMDU377878107,EGLV397128334,MSCU4911953,40HC,DRY,HC,FCL,CY/CY,Expeditors,12119.46
69032090,6003202312000000471268,690320,7,"Refractory ceramic goods; containing by weight more than 50% of alumina or of a mixture or compound of alumina and of silica, excluding those of siliceous fossil meals or similar earths",MARKS4541,Indonesia,India,India,7,2023,12,2023-12,2023-12-17,20231202,20231202,export,1,2648889.82,1541.11,kg,KG,PT KOTAMAS MAKMUR NATIONAL AGENCY,[in full dataset],Kota Administrasi Jakarta Pusat,,www.ptkotamas.com,[in full dataset],Y,MODERN TILES AND MARBLES,[in full dataset],New Delhi,,,,Y,PT KOTAMAS MAKMUR NATIONAL AGENCY,[in full dataset],,5115.7,5115.7,"Tanjung Priok, Jakarta","Nhava Sheva (JNPT), Mumbai",New Delhi,1,1,6.39,CMA CGM JULES VERNE,IMO5754273,LR,V771,693,MAEU,HBL,CMDU725575083,MSCU358703340,MSCU4639158,40HC,REEFER,GP,LCL,CFS/CFS,DB Schenker,1457.32
48234000,6003201802000004591318,482340,8,"Paper and paperboard; rolls, sheets and dials, printed for self-recording apparatus",MARKS4496,South Korea,India,India,6,2018,2,2018-02,2018-02-25,20180208,20180208,export,1,23877707,9298.66,kg,KG,"Kuk-Il Paper Mfg Co., Ltd.",[in full dataset],Yongin,,www.kukilpaper.co.kr,[in full dataset],Y,WEST COAST PAPER MILLS LIMITED,[in full dataset],Kolkata,,www.westcoastpaper.com,[in full dataset],Y,"Kuk-Il Paper Mfg Co., Ltd.",[in full dataset],,4748.3,4748.3,Busan,Kandla,Kolkata,1,1,5.94,YM WARRANTY,IMO5423458,SG,V985,616,APLU,MBL,MAEU997372908,COSU976199698,TGHU6688520,40HC,FLAT RACK,HC,LCL,CY/CY,Bollore Logistics,8630.72
68109100,6003202212000003029658,681091,8,"Cement, concrete or artificial stone; prefabricated structural components for building or civil engineering, whether or not reinforced",MARKS2714,China,India,India,7,2022,12,2022-12,2022-12-27,20221219,20221219,export,1,42343621,3586.24,kg,KG,"Shanxi Feilong Building Materials Co., Ltd.",[in full dataset],Yuncheng,,,,Y,BLUESTONE JEWELLERY AND LIFESTYLE LIMITED,[in full dataset],Bengaluru,,www.bluestone.com/,[in full dataset],Y,"Shanxi Feilong Building Materials Co., Ltd.",[in full dataset],,8438.7,8438.7,Dalian,Visakhapatnam,Bengaluru,1,1,10.55,MADRID MAERSK,IMO8270183,SG,V755,528,MAEU,MBL,YMLU854376957,CMDU443230898,FCIU1127140,40HC,TANK,RF,LCL,CFS/CFS,Kuehne + Nagel,3396.86
15132920,6003201510000004616104,151329,9,"Vegetable oils; palm kernel or babassu oil and their fractions, other than crude, whether or not refined, but not chemically modified",MARKS5121,Indonesia,India,India,6,2015,10,2015-10,2015-10-06,20151022,20151022,export,1,350486499,3166.96,kg,KG,PT INNO-WANGSA OILS & FATS,[in full dataset],Kota Medan,,www.inno-wangsa.co.id,[in full dataset],Y,POSHAK OILS AND FATS LIMITED,[in full dataset],Hyderabad,,,,Y,PT INNO-WANGSA OILS & FATS,[in full dataset],,2154.3,2154.3,"Tanjung Priok, Jakarta",Kandla,Hyderabad,1,1,2.69,ONE APUS,IMO2726046,PA,V265,571,ZIMU,HBL,MAEU531010767,YMLU866691445,CAIU1322336,45HC,TANK,GP,FCL,CFS/CFS,DHL Global Forwarding,2934.39
68101910,6003202212000003029943,681019,8,"Cement, concrete or artificial stone; tiles, flagstones and similar, (excluding building blocks and bricks) whether or not reinforced",MARKS4352,China,India,India,7,2022,12,2022-12,2022-12-09,20221215,20221215,export,1,42343621,15066.17,kg,KG,"Anhui Construction Engineering Modern Commerce And Trade Logistics Group Co., Ltd.",[in full dataset],Hefei,,,,N,RED STONE CONSULTING,[in full dataset],Noida,,,,Y,"Anhui Construction Engineering Modern Commerce And Trade Logistics Group Co., Ltd.",[in full dataset],,9310.4,9310.4,Ningbo-Zhoushan,Visakhapatnam,Noida,1,1,11.64,HYUNDAI LOYALTY,IMO8584907,PA,V302,458,CMDU,MBL,CMDU676177534,MSCU978049577,MSCU4759957,40GP,REEFER,RF,LCL,CY/CY,Kuehne + Nagel,14063.62
25162000,6003202107000005701123,251620,5,"Sandstone;. whether or not roughly trimmed, cut, by sawing etc, into blocks or slabs of a rectangular (including square) shape",MARKS5775,China,India,India,6,2021,7,2021-07,2021-07-10,20210706,20210706,export,1,16727325,676.39,kg,KG,"Dujiangyan Lafarge Cement Co., Ltd.",[in full dataset],Dujiangyan,,,,Y,DALMIA CEMENT (BHARAT) LIMITED,[in full dataset],Tiruchirappalli,,www.dalmiacement.com,[in full dataset],Y,"Dujiangyan Lafarge Cement Co., Ltd.",[in full dataset],,16970.1,16970.1,Ningbo-Zhoushan,Chennai,Tiruchirappalli,1,1,21.21,MAERSK MOLLER,IMO3370322,PA,V934,76,HLCU,SWB,CMDU568877728,CMDU581462864,TGHU2598459,45HC,FLAT RACK,HC,LCL,CY/CY,DB Schenker,633.18
69041000,6003202305000003145633,690410,8,Ceramic building bricks,MARKS6012,China,India,India,5,2023,5,2023-05,2023-05-25,20230522,20230522,export,1,60571265,3763.16,kg,KG,"Suzhou TFC Optical Communication Co.,Ltd.",[in full dataset],Suzhou,,www.tfcsz.com,[in full dataset],Y,MAITHAN CERAMIC LIMITED,[in full dataset],Kolkata,,www.maithanceramic.in,[in full dataset],Y,"Suzhou TFC Optical Communication Co.,Ltd.",[in full dataset],,12165.6,12165.6,Shenzhen,"Mundra, Gujarat",Kolkata,1,1,15.21,BARZAN,IMO4143599,SG,V289,134,YMLU,MBL,MAEU581215940,ONEY207086633,TGHU7861620,40GP,FLAT RACK,RF,FCL,CY/CFS,Yusen Logistics,3477.64
,6003201512000004324311,151630,5,"Microbial fats and oils and their fractions; partly or wholly hydrogenated, inter-esterified, re-esterified or elaidinised, whether or not refined, but not further prepared",MARKS9402,Indonesia,India,India,5,2015,12,2015-12,2015-12-01,20151210,20151210,export,1,205883341.69,2933.8,kg,KG,PT INNO - WANGSA OILS & FATS,[in full dataset],Kota Medan,,,,Y,POSHAK OILS AND FATS LIMITED,[in full dataset],Hyderabad,,,,Y,PT INNO - WANGSA OILS & FATS,[in full dataset],,16674.1,16674.1,"Tanjung Priok, Jakarta",Tuticorin,Hyderabad,1,1,20.84,HMM ALGECIRAS,IMO1804065,SG,V626,677,COSU,MBL,COSU506450070,EGLV282226009,MSCU4191605,40HC,DRY,HC,FCL,CFS/CFS,DSV,2760.94
07109000,6003202602000001081046,071090,5,"Vegetable mixtures; uncooked or cooked by steaming or boiling in water, frozen",MARKS2532,Canada,India,India,9,2026,2,2026-02,2026-02-26,20260219,20260219,export,1,57120881.8,3203.24,kg,KG,Small Potatoes Urban Delivery Inc,[in full dataset],Vancouver,,www.spud.ca,[in full dataset],Y,POONA DAL AND OIL INDUSTRIES LIMITED,[in full dataset],Pune,,www.pdoil.co.in,[in full dataset],Y,Small Potatoes Urban Delivery Inc,[in full dataset],,7671.8,7671.8,"Vancouver, BC",Tuticorin,Pune,1,1,9.59,YM WARRANTY,IMO9726603,SG,V636,665,EGLV,SWB,CMDU586168409,MAEU757904253,GESU5222971,45HC,FLAT RACK,HC,LCL,CY/CFS,DHL Global Forwarding,3029.08
69051000,6003202305000000462357,690510,5,Ceramic roofing tiles,MARKS3534,Italy,India,India,7,2023,5,2023-05,2023-05-11,20230503,20230503,export,1,2593453.89,112890.78,kg,KG,FLORIM CERAMICHE SPA SOCIETA' BENEFIT,[in full dataset],FIORANO MODENESE,,www.florim.com,[in full dataset],N,SOMANY CERAMICS LIMITED,[in full dataset],Jhajjar,,www.somanyceramics.com,[in full dataset],Y,FLORIM CERAMICHE SPA SOCIETA' BENEFIT,[in full dataset],,23471.5,23471.5,Genoa,Kolkata,Jhajjar,1,1,29.34,EVER ACME,IMO6293489,MH,V253,742,MAEU,SWB,EGLV989964898,ONEY611846057,CAIU5739517,45HC,OPEN TOP,GP,FCL,CY/CFS,Nippon Express,102173.51
70072190,6003202409000005925869,700721,8,"Glass; safety glass, laminated, of size and shape suitable for incorporation in vehicles, aircraft, spacecraft or vessels",MARKS8491,China,India,India,8,2024,9,2024-09,2024-09-06,20240925,20240925,export,1,179414730,8198.59,kg,KG,"Flat Glass Group Co.,Ltd.",[in full dataset],Jiaxing,,www.flatgroup.com.cn,[in full dataset],Y,HINDUSTAN NATIONAL GLASS COMPANY LIMITED,[in full dataset],Nashik,,,,Y,"Flat Glass Group Co.,Ltd.",[in full dataset],,14403.3,14403.3,Xiamen,Kolkata,Nashik,1,1,18,EVER ACME,IMO6148708,SG,V259,814,MSCU,SWB,COSU146493794,EGLV941360469,TGHU2426894,45HC,OPEN TOP,RF,LCL,CY/CY,Bollore Logistics,7715.69
08027000,6003201603000006010544,080270,9,"Nuts, edible; kola nuts (Cola spp.), fresh or dried, whether or not shelled or peeled",MARKS4514,China,India,India,6,2016,3,2016-03,2016-03-10,20160312,20160312,export,1,24748656,12574.5,kg,KG,"Telling Telecommunication Holding Co.,Ltd.",[in full dataset],Beijing,,www.chinatelling.com,[in full dataset],Y,WOW MOMO FOODS PRIVATE LIMITED,[in full dataset],Kolkata,,www.wowmomo.com,[in full dataset],N,"Telling Telecommunication Holding Co.,Ltd.",[in full dataset],,9542.5,9542.5,Xiamen,Kolkata,Kolkata,1,1,11.93,HMM ALGECIRAS,IMO9619280,MH,V415,835,EGLV,HBL,CMDU585608614,ONEY205460083,TCLU2911357,40HC,FLAT RACK,GP,LCL,CY/CY,DB Schenker,11523.27
52092110,6003202504000000815649,520921,7,"Fabrics, woven; containing 85% or more by weight of cotton, bleached, plain weave, weighing more than 200g/m2",MARKS9347,Brazil,India,India,9,2025,4,2025-04,2025-04-26,20250406,20250406,export,1,9089962,13425.79,kg,KG,COTTON STAR INDUSTRIAL LTDA,[in full dataset],BLUMENAU,,,,Y,SURAT COTTON SPINNING & WEAVING MILLS PRIVATE LIMITED,[in full dataset],Mumbai,,,,N,COTTON STAR INDUSTRIAL LTDA,[in full dataset],,10840.5,10840.5,Itajai,"Mundra, Gujarat",Mumbai,1,1,13.55,CSCL GLOBE,IMO2949445,SG,V593,365,HLCU,SWB,COSU244183685,CMDU229090424,FCIU3640005,40HC,FLAT RACK,GP,FCL,CY/CFS,Sinotrans,12771.17
15149990,6003201505000004301885,151499,8,"Vegetable oils; excluding low erucic acid rape or colza oil and its fractions, other than crude, but not chemically modified",MARKS8268,Malaysia,India,India,8,2015,5,2015-05,2015-05-18,20150520,20150520,export,1,202842958.65,41735.78,kg,KG,EVERBEST SOYA BEAN PRODUCTS SDN. BHD.,[in full dataset],Kulim,,www.everbest.my,[in full dataset],Y,ADISHWAR OILS & FATS LIMITED,[in full dataset],Mumbai,,,,N,EVERBEST SOYA BEAN PRODUCTS SDN. BHD.,[in full dataset],,11788.9,11788.9,Port Klang,Visakhapatnam,Mumbai,1,1,14.74,COSCO UNIVERSE,IMO1263081,PA,V856,174,HMMU,MBL,MSCU583163326,EGLV766394118,TCLU6450120,40HC,DRY,RF,LCL,CY/CFS,Kuehne + Nagel,39014.96
,6003202305000000462399,690721,8,"Ceramic tiles; flags and paving, hearth or wall tiles other than those of subheadings 6907.30 and 6907.40, of a water absorption coefficient by weight not over 0.5%",MARKS8279,Italy,India,India,9,2023,5,2023-05,2023-05-08,20230524,20230524,export,1,2593453.89,15779.43,kg,KG,FLORIM CERAMICHE SPA SOCIETA' BENEFIT,[in full dataset],FIORANO MODENESE,,www.florim.com,[in full dataset],Y,ARAVIND CERAMICS PRIVATE LIMITED,[in full dataset],Chennai,,www.anujtiles.com,[in full dataset],N,FLORIM CERAMICHE SPA SOCIETA' BENEFIT,[in full dataset],,11223.1,11223.1,Trieste,"Nhava Sheva (JNPT), Mumbai",Chennai,1,1,14.03,COSCO UNIVERSE,IMO8362899,SG,V420,241,MSCU,HBL,HLCU816570647,EGLV909639727,MSCU5041801,45HC,FLAT RACK,RF,FCL,CY/CFS,Yusen Logistics,14940.07
09023020,6003202010000001605125,090230,7,"Tea, black; (fermented) and partly fermented tea, in immediate packings of a content not exceeding 3kg",MARKS5920,Indonesia,India,India,7,2020,10,2020-10,2020-10-12,20201006,20201006,export,1,15964325.41,3139.89,kg,KG,PT DELTA MATE MAJALENGKA,[in full dataset],Kabupaten Majalengka,,,,Y,SRI HANUMAN COFFEE WORKS,[in full dataset],Bengaluru,,,,Y,PT DELTA MATE MAJALENGKA,[in full dataset],,13557,13557,Belawan,"Nhava Sheva (JNPT), Mumbai",Bengaluru,1,1,16.95,EVER GIVEN,IMO4773753,SG,V151,627,HMMU,MBL,CMDU605655356,MAEU220715214,CAIU6254013,20GP,DRY,RF,FCL,CFS/CFS,Nippon Express,2783.44
25201010,6003202102000004811345,252010,9,Gypsum; anhydrite,MARKS6450,China,India,India,7,2021,2,2021-02,2021-02-01,20210206,20210206,export,1,11636026,7182.29,kg,KG,Anhui Conch Cement Company Limited,[in full dataset],Wuhu,,www.conch.cn,[in full dataset],Y,LUCKY MINERALS,[in full dataset],Keonjhar,,,,Y,Anhui Conch Cement Company Limited,[in full dataset],,13420.8,13420.8,Dalian,Kolkata,Keonjhar,1,1,16.78,EVER ACME,IMO1522078,PA,V396,688,HLCU,MBL,CMDU441368935,ONEY270889796,TCLU4949402,45HC,REEFER,GP,LCL,CY/CY,Expeditors,6666.12
48025590,6003201810000006200354,480255,9,"Uncoated paper and paperboard (not 4801 or 4803); printing, writing or graphic, 10% or less by weight of mechanical or chemi-mechanical processed fibre, weighing 40g/m2 to 150g/m2, in rolls",MARKS4412,China,India,India,8,2018,10,2018-10,2018-10-05,20181015,20181015,export,1,45536895,1036.56,kg,KG,"Zhengzhou Huaying Packaging Co., Ltd.",[in full dataset],Zhengzhou,,www.zzhybz.com,[in full dataset],Y,J P TOBACCO PRODUCTS PRIVATE LIMITED,[in full dataset],Damoh,,,,Y,"Zhengzhou Huaying Packaging Co., Ltd.",[in full dataset],,18375.4,18375.4,Qingdao,Visakhapatnam,Damoh,1,1,22.97,EVER ACME,IMO7151655,MH,V267,912,MAEU,SWB,COSU959676629,YMLU845699017,CAIU6287503,40GP,DRY,GP,FCL,CY/CY,CEVA Logistics,947.61
25174900,6003202112000005483773,251749,7,"Stones; of heading no. 2515 or 2516 (excluding marble), in granules, chippings and powder, whether or not heat-treated",MARKS8675,Turkiye,India,India,8,2021,12,2021-12,2021-12-13,20211227,20211227,export,1,15222639,4887.29,kg,KG,MAGNESIA YAPI INSAAT SANAYI VE TICARET LIMITED SIRKETI,[in full dataset],Ankara,,www.magnesiayapi.com.tr,[in full dataset],Y,ULTRATECH CEMENT LIMITED,[in full dataset],Mumbai,,www.ultratechcement.com,[in full dataset],N,MAGNESIA YAPI INSAAT SANAYI VE TICARET LIMITED SIRKETI,[in full dataset],,9931.8,9931.8,Main Container Port,Chennai,Mumbai,1,1,12.41,MADRID MAERSK,IMO1924394,PA,V200,935,OOLU,HBL,ONEY318886487,HLCU563333297,TCLU4545245,40HC,REEFER,HC,FCL,CY/CY,CEVA Logistics,4637.22
52029900,6003202508000001728576,520299,9,Cotton; waste other than garnetted stock and yarn (including thread) waste,MARKS3078,Australia,India,India,6,2025,8,2025-08,2025-08-27,20250813,20250813,export,1,44941584.08,2140.76,kg,KG,NAMOI COTTON PTY LTD,[in full dataset],Toowoomba,,www.namoicotton.com.au,[in full dataset],Y,COTTON BLOSSOM INDIAPRIVATE LIMITED,[in full dataset],Tirupur,,www.cotonblossom.org,[in full dataset],Y,NAMOI COTTON PTY LTD,[in full dataset],,20466.4,20466.4,Fremantle,"Mundra, Gujarat",Tirupur,1,1,25.58,MADRID MAERSK,IMO6226211,MH,V889,415,COSU,MBL,HLCU410478609,HLCU736311264,TGHU6696846,20GP,OPEN TOP,HC,FCL,CFS/CFS,DHL Global Forwarding,1987.63
40052090,6003201901000006459003,400520,7,"Rubber; unvulcanised, compounded, solutions and dispersions other than those of item no. 4005.10",MARKS4478,Thailand,India,India,5,2019,1,2019-01,2019-01-17,20190116,20190116,export,1,30205554.81,1010.78,kg,KG,YONMING AUTO MARKETING (THAILAND) COMPANY LIMITED,[in full dataset],KHLONG LUANG,,,,Y,RELIANCE INDUSTRIES LIMITED,[in full dataset],Mumbai,,www.ril.com,[in full dataset],Y,YONMING AUTO MARKETING (THAILAND) COMPANY LIMITED,[in full dataset],,4339.6,4339.6,Laem Chabang,Chennai,Mumbai,1,1,5.42,HMM ALGECIRAS,IMO9468049,LR,V723,522,HMMU,HBL,COSU113582532,YMLU150878095,GESU1390925,20GP,REEFER,HC,FCL,CFS/CFS,Kuehne + Nagel,914.28
08071900,6003201603000007882952,080719,5,"Fruit, edible; melons, other than watermelons, fresh",MARKS2251,United States,India,India,5,2016,3,2016-03,2016-03-26,20160326,20160326,export,1,42559420,11029.33,kg,KG,"Tyson Foods, Inc.",[in full dataset],Springdale,,www.tysonfoods.com,[in full dataset],Y,MUMBAI KAMGAR MADHYAWARTI GRAHAK SAHAKARI MANDAL LIMITED,[in full dataset],Mumbai,,www.apnabazar.co.in,[in full dataset],Y,"Tyson Foods, Inc.",[in full dataset],,13861.7,13861.7,"Charleston, SC",Cochin,Mumbai,1,1,17.33,EVER GIVEN,IMO8539168,LR,V185,374,APLU,HBL,CMDU977401664,YMLU339835033,BMOU4063567,45HC,DRY,GP,LCL,CY/CFS,Nippon Express,9824.24
40091200,6003201908000006070378,400912,7,"Rubber; vulcanised (other than hard rubber), tubing, piping and hoses, not reinforced or otherwise combined with other materials, with fittings",MARKS6645,China,India,India,5,2019,8,2019-08,2019-08-16,20190804,20190804,export,1,26834088,51913.69,kg,KG,"China Hainan Rubber Industry Group Co.,Ltd.",[in full dataset],Haikou,,www.hirub.cn,[in full dataset],Y,RELIANCE INDUSTRIES LIMITED,[in full dataset],Mumbai,,www.ril.com,[in full dataset],N,"China Hainan Rubber Industry Group Co.,Ltd.",[in full dataset],,7306.4,7306.4,Dalian,Tuticorin,Mumbai,1,1,9.13,MADRID MAERSK,IMO6621964,PA,V814,545,CMDU,HBL,CMDU952262169,MSCU621891809,FCIU2301011,40HC,REEFER,RF,FCL,CY/CFS,Bollore Logistics,45298.93
70023900,6003202405000005581856,700239,9,"Glass; unworked, in tubes, other than of glass having a linear coefficient of expansion not exceeding 5 x 10 (to the minus 6, (or 0.000005) ) per Kelvin within a temperature range of 0-300 degrees C, not fused quartz or other fused silica",MARKS9678,China,India,India,6,2024,5,2024-05,2024-05-20,20240506,20240506,export,1,143905744,2124.79,kg,KG,"Hengchang Photoelectric Glass Co., Ltd.",[in full dataset],Anqing,,,,Y,PIRAMAL GLASS PRIVATE LIMITED,[in full dataset],Vadodara,,www.pgpfirst.com,[in full dataset],N,"Hengchang Photoelectric Glass Co., Ltd.",[in full dataset],,19022.4,19022.4,Tianjin,Visakhapatnam,Vadodara,1,1,23.78,YM WARRANTY,IMO5061024,MH,V128,276,MAEU,SWB,EGLV456524629,EGLV433022701,TCLU7999205,20GP,FLAT RACK,HC,LCL,CY/CY,DB Schenker,1888.08
52061500,6003202506000000248448,520615,5,"Cotton yarn; (not sewing thread), single, of uncombed fibres, less than 85% by weight of cotton, measuring less than 125 decitex (exceeding 80 metric number), not for retail sale",MARKS6066,Turkiye,India,India,6,2025,6,2025-06,2025-06-07,20250618,20250618,export,1,1573877,12948.37,kg,KG,CMC CONSUMER MEDICAL CARE PAMUK AMBALAJ SANAYI VE TICARET LIMITED SIRKETI,[in full dataset],Mersin,,www.cmc-group.info,[in full dataset],Y,COTTON BLOSSOM INDIAPRIVATE LIMITED,[in full dataset],Tirupur,,www.cotonblossom.org,[in full dataset],N,CMC CONSUMER MEDICAL CARE PAMUK AMBALAJ SANAYI VE TICARET LIMITED SIRKETI,[in full dataset],,1204.6,1204.6,Main Container Port,"Mundra, Gujarat",Tirupur,1,1,1.51,EVER ACME,IMO5354028,MH,V294,725,MSCU,HBL,YMLU253792679,COSU799437276,MSCU4059726,45HC,DRY,RF,LCL,CFS/CFS,Expeditors,12197.75
70091010,6003202404000005520243,700910,9,Glass; rear-view mirrors for vehicles,MARKS9861,China,India,India,5,2024,4,2024-04,2024-04-11,20240412,20240412,export,1,141170363,6363.45,kg,KG,"Sichuan Nanbo Energy Saving Glass Co.,ltd.",[in full dataset],Chengdu,,,,Y,MAHARASHTRA SAFETY GLASS WORKS LIMITED,[in full dataset],Pune,,,,Y,"Sichuan Nanbo Energy Saving Glass Co.,ltd.",[in full dataset],,7831.3,7831.3,Shanghai,Tuticorin,Pune,1,1,9.79,MAERSK MOLLER,IMO8851437,PA,V407,298,MAEU,SWB,ONEY146119318,ONEY199420903,TCLU6567351,20GP,TANK,HC,FCL,CFS/CFS,DSV,5618.83
25171020,6003202103000004116093,251710,7,"Pebbles, gravel, broken or crushed stone; of a kind commonly used for concrete aggregates, for road metalling or for railway or other ballast, shingle and flint, whether or not heat-treated",MARKS3628,China,India,India,9,2021,3,2021-03,2021-03-19,20210317,20210317,export,1,8551000,6810.69,kg,KG,Anhui Conch Cement Company Limited,[in full dataset],Wuhu,,www.conch.cn,[in full dataset],Y,STAR CEMENT LIMITED,[in full dataset],Kolkata,,www.starcement.co.in,[in full dataset],Y,Anhui Conch Cement Company Limited,[in full dataset],,11460.2,11460.2,Shanghai,Kolkata,Kolkata,1,1,14.33,MAERSK MOLLER,IMO7768260,SG,V759,509,HLCU,MBL,MSCU499014724,ONEY316009674,MSCU2849242,45HC,FLAT RACK,RF,FCL,CFS/CFS,DB Schenker,6434.16
09103090,6003202011000001684641,091030,6,Spices; turmeric (curcuma),MARKS1168,Indonesia,India,India,7,2020,11,2020-11,2020-11-05,20201107,20201107,export,1,18219637.66,6231.66,kg,KG,PT PAGILARAN,[in full dataset],Kota Yogyakarta,,,,Y,CRG COFFEE AND SPICES,[in full dataset],Kodagu,,,,Y,PT PAGILARAN,[in full dataset],,23327.1,23327.1,Makassar,Cochin,Kodagu,1,1,29.16,ONE APUS,IMO8649579,PA,V306,650,COSU,HBL,CMDU158387879,EGLV857892390,CAIU5236319,45HC,OPEN TOP,HC,LCL,CY/CY,Yusen Logistics,5756.29
07099300,6003202601000001279874,070993,5,"Vegetables; pumpkins, squash and gourds (Cucurbita spp.), fresh or chilled",MARKS9330,Australia,India,India,5,2026,1,2026-01,2026-01-16,20260105,20260105,export,1,106461162.68,611.73,kg,KG,FARMWELL TOMATOES PTY. LTD.,[in full dataset],Harston,,www.cpapackers.com.au,[in full dataset],Y,FLYING TOMATOES,[in full dataset],Kolkata,,,,Y,FARMWELL TOMATOES PTY. LTD.,[in full dataset],,22779.5,22779.5,Fremantle,"Nhava Sheva (JNPT), Mumbai",Kolkata,1,1,28.47,HYUNDAI LOYALTY,IMO7280545,SG,V225,183,APLU,SWB,COSU477854888,CMDU607842893,TGHU7007178,45HC,TANK,GP,LCL,CFS/CFS,DHL Global Forwarding,567.32
68080000,6003202210000000898783,680800,8,"Panels, boards, tiles, blocks and the like; of vegetable fibre, of straw, shavings, chips, particles, sawdust or other waste, of wood, agglomerated with cement, plaster or other mineral binders",MARKS4991,Turkiye,India,India,5,2022,10,2022-10,2022-10-12,20221001,20221001,export,1,4202213,134610.29,kg,KG,ISTON ISTANBUL BETON ELEMANLARI VE HAZIR BETON FABRIKALARI SANAYI VE TICARET AS,[in full dataset],Istanbul (Europe),,www.iston.com.tr,[in full dataset],Y,ARYANS ENTERPRISES,[in full dataset],Gurugram,,,,N,ISTON ISTANBUL BETON ELEMANLARI VE HAZIR BETON FABRIKALARI SANAYI VE TICARET AS,[in full dataset],,14278.8,14278.8,Main Container Port,"Mundra, Gujarat",Gurugram,1,1,17.85,ONE APUS,IMO9751969,SG,V177,754,MSCU,HBL,COSU207537964,EGLV287205845,GESU1558894,45HC,TANK,RF,LCL,CFS/CFS,DB Schenker,123141.11
40081910,6003201911000005564640,400819,9,"Rubber; vulcanised (other than hard rubber), cellular rubber, (other than in plates, sheets or strip)",MARKS1519,China,India,India,6,2019,11,2019-11,2019-11-22,20191105,20191105,export,1,23334933,40404.96,kg,KG,"Hengli Petrochemical Co.,Ltd.",[in full dataset],Dalian,,www.hengliinc.com,[in full dataset],Y,I G PETROCHEMICALS LIMITED,[in full dataset],Mumbai,,www.igpetro.com,[in full dataset],Y,"Hengli Petrochemical Co.,Ltd.",[in full dataset],,16829.4,16829.4,Ningbo-Zhoushan,Tuticorin,Mumbai,1,1,21.04,MAERSK MOLLER,IMO4608860,PA,V660,51,MSCU,SWB,HLCU127156279,MAEU288515758,BMOU6992664,40GP,DRY,GP,FCL,CFS/CFS,Yusen Logistics,35672.98
69149000,6003202310000002876035,691490,7,Ceramic articles n.e.c. in chapter 69; other than of porcelain or china,MARKS2461,China,India,India,9,2023,10,2023-10,2023-10-22,20231026,20231026,export,1,50302335,40142.22,kg,KG,"Wenzhou Hongli Machinery Co., Ltd.",[in full dataset],Wenzhou,,www.chinatianchi.com,[in full dataset],Y,KAJARIA CERAMICS LIMITED,[in full dataset],Gurugram,,www.kajariaceramics.com,[in full dataset],Y,"Wenzhou Hongli Machinery Co., Ltd.",[in full dataset],,18823.4,18823.4,Shanghai,"Nhava Sheva (JNPT), Mumbai",Gurugram,1,1,23.53,YM WARRANTY,IMO2588315,LR,V332,678,HMMU,MBL,MAEU813831300,COSU267385327,MSCU5105720,45HC,DRY,GP,FCL,CY/CFS,DHL Global Forwarding,36370.02
48102200,6003201812000003176464,481022,9,"Paper and paperboard; coated with kaolin or other inorganic substances only, having more than 10% of mechanical or chemi-mechanical processed fibres, for writing, printing or other graphic purposes, light-weight coated paper, in rolls or sheets",MARKS4973,Singapore,India,India,7,2018,12,2018-12,2018-12-26,20181215,20181215,export,1,13054213.6,1346.95,kg,KG,JK TRUDATA SOLUTIONS PTE. LTD.,[in full dataset],Singapore,,,,Y,ITC LIMITED,[in full dataset],Kolkata,,www.itcportal.com,[in full dataset],Y,JK TRUDATA SOLUTIONS PTE. LTD.,[in full dataset],,1689,1689,Singapore (PSA),Kolkata,Kolkata,1,1,2.11,EVER ACME,IMO5644954,PA,V138,79,MAEU,HBL,CMDU999215400,EGLV244414672,MSCU7626723,20GP,FLAT RACK,HC,LCL,CY/CFS,Expeditors,1262.27
40026000,6003201909000005512656,400260,8,"Rubber; synthetic, isoprene rubber (IR), in primary forms or in plates, sheets or strip",MARKS7693,Thailand,India,India,8,2019,9,2019-09,2019-09-24,20190926,20190926,export,1,22869419.66,15715.43,kg,KG,SUMITOMO RUBBER (THAILAND) COMPANY LIMITED,[in full dataset],PLUAK DAENG,,www.sumitomorubberthailand.com,[in full dataset],Y,I G PETROCHEMICALS LIMITED,[in full dataset],Mumbai,,www.igpetro.com,[in full dataset],Y,SUMITOMO RUBBER (THAILAND) COMPANY LIMITED,[in full dataset],,14725.8,14725.8,Laem Chabang,Cochin,Mumbai,1,1,18.41,HYUNDAI LOYALTY,IMO4561993,LR,V954,360,HMMU,MBL,YMLU798750492,EGLV478227119,TGHU8082570,45HC,OPEN TOP,GP,FCL,CFS/CFS,DSV,14648.69
09101290,6003202007000001416952,091012,6,"Spices; ginger, crushed or ground",MARKS4410,Indonesia,India,India,7,2020,7,2020-07,2020-07-26,20200708,20200708,export,1,11830172.9,10180.35,kg,KG,PT DELTA MATE MAJALENGKA,[in full dataset],Kabupaten Majalengka,,,,Y,HARIPRASADAM HEALTHY FOOD PRIVATE LIMITED,[in full dataset],Vadodara,,,,Y,PT DELTA MATE MAJALENGKA,[in full dataset],,17349.8,17349.8,Belawan,"Mundra, Gujarat",Vadodara,1,1,21.69,MADRID MAERSK,IMO5514279,MH,V533,658,OOLU,SWB,CMDU448578256,ONEY260036709,CAIU4561502,40GP,DRY,HC,FCL,CY/CFS,DSV,9409.74
,6003202603000001198494,070955,8,"Vegetables; matsutake mushrooms (Tricholoma matsutake, Tricholoma magnivelare, Tricholoma anatolicum, Tricholoma dulciolens, Tricholoma caligatum), fresh or chilled",MARKS5243,Canada,India,India,7,2026,3,2026-03,2026-03-19,20260312,20260312,export,1,81233737.75,7911.25,kg,KG,Small Potatoes Urban Delivery Inc,[in full dataset],Vancouver,,www.spud.ca,[in full dataset],Y,PAV PROJECTS PRIVATE LIMITED,[in full dataset],Kanpur,,,,Y,Small Potatoes Urban Delivery Inc,[in full dataset],,18587.7,18587.7,"Vancouver, BC",Cochin,Kanpur,1,1,23.23,MADRID MAERSK,IMO2113770,PA,V511,509,CMDU,HBL,CMDU566603915,MAEU939329138,BMOU2827319,45HC,DRY,HC,FCL,CFS/CFS,CEVA Logistics,7329.29
40051000,6003201902000005035731,400510,5,"Rubber; unvulcanised, compounded with carbon black or silica, in primary forms or in plates, sheets or strip",MARKS1922,Japan,India,India,5,2019,2,2019-02,2019-02-22,20190208,20190208,export,1,20127565.37,6463.91,kg,KG,"NIPPON SHOKUBAI CO., LTD.",[in full dataset],OSAKA,,www.shokubai.co.jp/,[in full dataset],Y,MERINO INDUSTRIES LIMITED,[in full dataset],Kolkata,,www.merinoindia.com,[in full dataset],Y,"NIPPON SHOKUBAI CO., LTD.",[in full dataset],,8276,8276,Nagoya,Kolkata,Kolkata,1,1,10.34,CMA CGM JULES VERNE,IMO3009381,SG,V935,837,ZIMU,HBL,HLCU417855467,YMLU399113004,MSCU6504866,40GP,OPEN TOP,GP,FCL,CY/CY,Kuehne + Nagel,5959.83
,6003202401000006021336,701964,6,"Glass fibres; closed woven fabrics, plain weave, of yarns, coated or laminated, (other than rovings)",MARKS1722,China,India,India,6,2024,1,2024-01,2024-01-04,20240103,20240103,export,1,200977300,1449.43,kg,KG,"Fuyao Glass (Suzhou) Co., Ltd.",[in full dataset],Suzhou,,,,N,PIRAMAL GLASS PRIVATE LIMITED,[in full dataset],Vadodara,,www.pgpfirst.com,[in full dataset],Y,"Fuyao Glass (Suzhou) Co., Ltd.",[in full dataset],,4519.7,4519.7,Qingdao,"Nhava Sheva (JNPT), Mumbai",Vadodara,1,1,5.65,HYUNDAI LOYALTY,IMO5140917,PA,V427,287,HMMU,SWB,CMDU751746950,YMLU694152703,BMOU1720589,20GP,FLAT RACK,GP,FCL,CY/CY,Nippon Express,1333.73
08013220,6003201603000007885469,080132,9,"Nuts, edible; cashew nuts, fresh or dried, shelled",MARKS8657,United States,India,India,6,2016,3,2016-03,2016-03-18,20160309,20160309,export,1,42559420,2262.54,kg,KG,The Campbell's Company,[in full dataset],Camden,,www.campbellsoupcompany.com,[in full dataset],Y,KRISHNA CASHEW INDUSTRIES,[in full dataset],Thiruvananthapuram,,,,N,The Campbell's Company,[in full dataset],,22792.1,22792.1,"Los Angeles, CA","Mundra, Gujarat",Thiruvananthapuram,1,1,28.49,OOCL HONG KONG,IMO1818429,SG,V692,515,EGLV,SWB,MAEU996051169,CMDU474058836,TCLU4343285,45HC,FLAT RACK,GP,FCL,CFS/CFS,Bollore Logistics,2065.81
,6003201501000004212614,150930,8,"Vegetable oils; olive oil and its fractions, virgin olive oil, whether or not refined, but not chemically modified",MARKS9209,Indonesia,India,India,6,2015,1,2015-01,2015-01-17,20150126,20150126,export,1,190010469,15518.78,kg,KG,PT PALMA OILS & FATS,[in full dataset],Kota Administrasi Jakarta Selatan,,,,Y,GUJRAT WAXES,[in full dataset],Ahmedabad,,www.faithind.com,[in full dataset],Y,PT PALMA OILS & FATS,[in full dataset],,23949.4,23949.4,"Tanjung Perak, Surabaya",Kandla,Ahmedabad,1,1,29.94,MSC GULSUN,IMO5173113,PA,V700,676,OOLU,HBL,MSCU738555522,ONEY685833571,MSCU8335854,45HC,REEFER,HC,LCL,CY/CFS,Kuehne + Nagel,14277.14
25292200,6003202105000002558481,252922,7,Fluorspar; containing by weight more than 97% of calcium fluoride,MARKS9434,United States,India,India,9,2021,5,2021-05,2021-05-05,20210505,20210505,export,1,4317611,1171.6,kg,KG,"Paragon Industries, Inc.",[in full dataset],Fresno,,www.bedrosians.com,[in full dataset],N,GRANITE PRODUCT CORPORATION,[in full dataset],Salem,,,,Y,"Paragon Industries, Inc.",[in full dataset],,13760.7,13760.7,"Norfolk, VA",Cochin,Salem,1,1,17.2,YM WARRANTY,IMO1677343,PA,V541,207,MSCU,SWB,MAEU844840896,COSU634072678,FCIU8774648,40GP,REEFER,HC,FCL,CY/CFS,DB Schenker,1050.21
69010090,6003202301000003239766,690100,7,"Bricks, blocks, tiles and other ceramic goods of siliceous fossil meals (e.g. kieselguhr, tripolite or diatomite) or of similar siliceous earths",MARKS4024,China,India,India,7,2023,1,2023-01,2023-01-03,20230118,20230118,export,1,67415595,10237.4,kg,KG,"Tangshan Monopy Ceramic Co., Ltd.",[in full dataset],Tangshan,,www.monopy.com,[in full dataset],Y,GOLF CERAMICS PRIVATE LIMITED,[in full dataset],Mehsana,,www.golfceramics.in,[in full dataset],Y,"Tangshan Monopy Ceramic Co., Ltd.",[in full dataset],,21708.1,21708.1,Tianjin,"Nhava Sheva (JNPT), Mumbai",Mehsana,1,1,27.14,CMA CGM JULES VERNE,IMO3857235,PA,V607,980,CMDU,SWB,MAEU643185564,MAEU183960612,GESU9816515,40GP,OPEN TOP,HC,FCL,CY/CY,Yusen Logistics,9115.99
52091270,6003202510000002334674,520912,5,"Fabrics, woven; containing 85% or more by weight of cotton, unbleached, 3-thread or 4-thread twill, including cross twill, weighing more than 200g/m2",MARKS3987,Australia,India,India,5,2025,10,2025-10,2025-10-07,20251025,20251025,export,1,125654453.03,21589.15,kg,KG,COTTON ON FINANCE PTY LTD,[in full dataset],NORTH GEELONG,,www.cottonon.com.au,[in full dataset],Y,H.P.COTTON CASUALS PRIVATE LIMITED,[in full dataset],Kolkata,,www.hpcotton.in,[in full dataset],Y,COTTON ON FINANCE PTY LTD,[in full dataset],,22574.5,22574.5,Sydney,Cochin,Kolkata,1,1,28.22,APL MEXICO CITY,IMO4107872,LR,V397,135,ONEY,SWB,COSU255995970,EGLV601084142,TCLU9357410,40HC,FLAT RACK,HC,LCL,CY/CFS,Bollore Logistics,19891.21
52084910,6003202510000002339887,520849,8,"Fabrics, woven; containing 85% or more by weight of cotton, of yarns of different colours, of weaves n.e.c. in item no. 5208.4, weighing not more than 200g/m2",MARKS9994,Australia,India,India,9,2025,10,2025-10,2025-10-14,20251022,20251022,export,1,125654453.03,4692.95,kg,KG,COTTON ON INTERNATIONAL PTY LTD,[in full dataset],North Geelong,,www.cottonon.com.au,[in full dataset],Y,SURYA LAKSHMI COTTON MILLS LIMITED,[in full dataset],Secunderabad,,www.suryalakshmi.com,[in full dataset],Y,COTTON ON INTERNATIONAL PTY LTD,[in full dataset],,6957.6,6957.6,Melbourne,"Nhava Sheva (JNPT), Mumbai",Secunderabad,1,1,8.7,YM WARRANTY,IMO7832364,SG,V521,408,HMMU,MBL,MSCU762270358,CMDU429891958,BMOU5559405,45HC,OPEN TOP,GP,FCL,CFS/CFS,CEVA Logistics,4145.59
69141000,6003202312000001072557,691410,6,Ceramic articles n.e.c. in chapter 69; of porcelain or china,MARKS4434,United States,India,India,6,2023,12,2023-12,2023-12-12,20231210,20231210,export,1,8148399,4024.17,kg,KG,S&P Global Inc.,[in full dataset],New York,,www.spglobal.com,[in full dataset],Y,KAJARIA CERAMICS LIMITED,[in full dataset],Gurugram,,www.kajariaceramics.com,[in full dataset],Y,S&P Global Inc.,[in full dataset],,13818.4,13818.4,"Seattle, WA",Visakhapatnam,Gurugram,1,1,17.27,MOL TRIUMPH,IMO7689728,SG,V167,22,ONEY,HBL,COSU829593643,MSCU386403307,CAIU4827478,40HC,DRY,GP,LCL,CY/CY,DHL Global Forwarding,3825.56
40139020,6003201905000002919528,401390,8,"Rubber; inner tubes, n.e.c. in heading no. 4013",MARKS1671,Germany,India,India,8,2019,5,2019-05,2019-05-12,20190516,20190516,export,1,9882477.79,7000.57,kg,KG,Dunlop Tyre Europe GmbH,[in full dataset],Offenbach am Main,,www.falkentyre.com,[in full dataset],N,KV PAPER PLATES,[in full dataset],Coimbatore,,,,N,Dunlop Tyre Europe GmbH,[in full dataset],,13554.6,13554.6,Bremerhaven,Tuticorin,Coimbatore,1,1,16.94,HMM ALGECIRAS,IMO4029765,LR,V574,985,COSU,MBL,CMDU107830946,HLCU602293256,TGHU7864828,20GP,TANK,HC,LCL,CFS/CFS,Yusen Logistics,6092.99
08028010,6003201605000008282030,080280,7,"Nuts, edible; areca nuts, fresh or dried, whether or not shelled or peeled",MARKS8704,United States,India,India,6,2016,5,2016-05,2016-05-24,20160516,20160516,export,1,47360925,958.85,kg,KG,"WM. Bolthouse Farms, Inc.",[in full dataset],Bakersfield,,www.bolthouse.com,[in full dataset],Y,DIAMOND NUTS,[in full dataset],Kollam,,www.bsnl.in,[in full dataset],Y,"WM. Bolthouse Farms, Inc.",[in full dataset],,14233.5,14233.5,"New York/Newark, NJ","Nhava Sheva (JNPT), Mumbai",Kollam,1,1,17.79,HYUNDAI LOYALTY,IMO7266580,LR,V329,238,EGLV,MBL,MAEU263087700,CMDU870649476,GESU2336292,45HC,DRY,HC,FCL,CFS/CFS,DHL Global Forwarding,852.66
69059000,6003202306000000442637,690590,9,"Ceramic chimney-pots, cowls, chimney liners, architectural ornaments and other constructional goods (excluding roofing tiles)",MARKS1317,Japan,India,India,9,2023,6,2023-06,2023-06-04,20230618,20230618,export,1,2451965.35,17365.33,kg,KG,"OGACHI CERAMICS CO.,LTD.",[in full dataset],YUZAWA,,www.ock.co.jp/,[in full dataset],Y,TEEKON CERAMIC,[in full dataset],Morbi,,,,Y,"OGACHI CERAMICS CO.,LTD.",[in full dataset],,11479.6,11479.6,Nagoya,Kandla,Morbi,1,1,14.35,APL MEXICO CITY,IMO8186523,MH,V851,46,CMDU,HBL,MSCU659743957,MSCU554515032,TGHU2207709,40GP,TANK,HC,FCL,CY/CFS,CEVA Logistics,16387.98
09092200,6003202012000001730720,090922,9,"Spices; coriander seeds, crushed or ground",MARKS6737,Indonesia,India,India,7,2020,12,2020-12,2020-12-22,20201210,20201210,export,1,19342310.17,9355.75,kg,KG,PT TRIJASA PRIMA INTERNATIONAL,[in full dataset],Kota Administrasi Jakarta Pusat,,,,Y,Y V S SPICES CO,[in full dataset],Chennai,,,,N,PT TRIJASA PRIMA INTERNATIONAL,[in full dataset],,23610,23610,Belawan,"Nhava Sheva (JNPT), Mumbai",Chennai,1,1,29.51,CMA CGM JULES VERNE,IMO6792866,MH,V463,905,HMMU,SWB,EGLV612380382,HLCU197264030,GESU3056084,45HC,OPEN TOP,HC,FCL,CFS/CFS,Kuehne + Nagel,8711
,6003202602000001366740,070954,9,"Vegetables; shiitake mushrooms (Lentinus edodes), fresh or chilled",MARKS3248,Australia,India,India,5,2026,2,2026-02,2026-02-01,20260215,20260215,export,1,138496072.64,15393.7,kg,KG,ADM TRADING AUSTRALIA PTY LTD,[in full dataset],Adelaide,,www.admgrain.com.au,[in full dataset],Y,POTATOES TRADING,[in full dataset],Agra,,,,Y,ADM TRADING AUSTRALIA PTY LTD,[in full dataset],,1408.5,1408.5,Fremantle,Tuticorin,Agra,1,1,1.76,CSCL GLOBE,IMO3930659,SG,V454,403,CMDU,MBL,HLCU355288947,COSU923490035,TGHU4411953,40HC,REEFER,GP,FCL,CY/CY,Yusen Logistics,14313.19
25252050,6003202111000003133685,252520,5,Mica; powder,MARKS2869,Egypt,India,India,8,2021,11,2021-11,2021-11-20,20211108,20211108,export,1,5597491.68,8802.54,kg,KG,EGYPTIAN GYPSUM COMPANY SAE,[in full dataset],Giza,,www.saint-gobain-gyproc.com,[in full dataset],Y,ULTRATECH CEMENT LIMITED,[in full dataset],Mumbai,,www.ultratechcement.com,[in full dataset],Y,EGYPTIAN GYPSUM COMPANY SAE,[in full dataset],,20274.9,20274.9,Alexandria,Kandla,Mumbai,1,1,25.34,YM WARRANTY,IMO2597466,LR,V269,979,MSCU,SWB,MAEU278785812,HLCU131263716,MSCU5573094,40HC,REEFER,GP,FCL,CY/CFS,Yusen Logistics,8327.7
07133300,6003202601000001277233,071333,7,"Vegetables, leguminous; kidney beans, including white pea beans (phaseolus vulgaris), shelled, whether or not skinned or split, dried",MARKS2341,Australia,India,India,5,2026,1,2026-01,2026-01-27,20260107,20260107,export,1,106461162.68,8059.74,kg,KG,ADM TRADING AUSTRALIA PTY LTD,[in full dataset],Adelaide,,www.admgrain.com.au,[in full dataset],Y,KRISHNA VALLEY FOOD AND OIL AGRO INDUSTRIES,[in full dataset],Sangli,,,,Y,ADM TRADING AUSTRALIA PTY LTD,[in full dataset],,8995.1,8995.1,Melbourne,"Nhava Sheva (JNPT), Mumbai",Sangli,1,1,11.24,ONE APUS,IMO5154474,PA,V506,712,APLU,HBL,HLCU375325728,COSU993705856,TGHU8458248,40GP,FLAT RACK,HC,FCL,CFS/CFS,Expeditors,7254.97
44083130,6003201711000005805312,440831,9,"Wood, tropical; as specified in Subheading Note 2 to this Chapter, dark red meranti, light red meranti, meranti bakau, sheets for veneer, plywood or other wood, sawn lengthwise, sliced or peeled, planed or not, sanded or end-jointed, not thicker than 6mm",MARKS8290,China,India,India,7,2017,11,2017-11,2017-11-10,20171121,20171121,export,1,21198485,8050.78,kg,KG,"Jiangshan Oupai Door Industry Co., Ltd",[in full dataset],Quzhou,,www.oupaigroup.com,[in full dataset],Y,SHREE NANAK WOOD WOOL INDS,[in full dataset],Ambala,,,,Y,"Jiangshan Oupai Door Industry Co., Ltd",[in full dataset],,10192.5,10192.5,Tianjin,Chennai,Ambala,1,1,12.74,HYUNDAI LOYALTY,IMO1474021,PA,V438,377,HMMU,MBL,MAEU919786963,YMLU755114419,MSCU6572033,20GP,DRY,RF,FCL,CY/CY,Expeditors,7063.56
40051000,6003201901000005893231,400510,9,"Rubber; unvulcanised, compounded with carbon black or silica, in primary forms or in plates, sheets or strip",MARKS8099,China,India,India,6,2019,1,2019-01,2019-01-03,20190113,20190113,export,1,25463793,30527.25,kg,KG,"Hengli Petrochemical Co.,Ltd.",[in full dataset],Dalian,,www.hengliinc.com,[in full dataset],Y,PMC RUBBER CHEMICALS INDIA PRIVATE LIMITED,[in full dataset],Hooghly,,pmc-group.com,[in full dataset],Y,"Hengli Petrochemical Co.,Ltd.",[in full dataset],,4652,4652,Guangzhou,Visakhapatnam,Hooghly,1,1,5.82,HYUNDAI LOYALTY,IMO3407732,SG,V717,133,ONEY,SWB,COSU539137315,ONEY304055204,MSCU6689350,45HC,OPEN TOP,HC,LCL,CFS/CFS,Kuehne + Nagel,27068.16
08134020,6003201606000007368401,081340,6,"Fruit, edible; fruit n.e.c. in heading no. 0812, dried",MARKS1341,United States,India,India,7,2016,6,2016-06,2016-06-04,20160618,20160618,export,1,36607002,210.91,kg,KG,"G.A. Food Services of Pinellas County, LLC",[in full dataset],Saint Petersburg,,www.gafoods.com,[in full dataset],Y,WOW MOMO FOODS PRIVATE LIMITED,[in full dataset],Kolkata,,www.wowmomo.com,[in full dataset],Y,"G.A. Food Services of Pinellas County, LLC",[in full dataset],,22821.7,22821.7,"Miami, FL",Chennai,Kolkata,1,1,28.53,MAERSK MOLLER,IMO2619805,PA,V713,752,MSCU,HBL,YMLU426816974,ONEY435224927,GESU6518455,20GP,OPEN TOP,GP,FCL,CY/CY,DHL Global Forwarding,200
40023100,6003201907000008122972,400231,5,"Rubber; synthetic, isobutene-isoprene (butyl) rubber (IIR), in primary forms or in plates, sheets or strip",MARKS8278,Indonesia,India,India,9,2019,7,2019-07,2019-07-03,20190714,20190714,export,1,49144178.77,11494.54,kg,KG,PT ASKENDO INTERNASIOL,[in full dataset],Kota Bogor,,,,Y,RELIANCE INDUSTRIES LIMITED,[in full dataset],Mumbai,,www.ril.com,[in full dataset],Y,PT ASKENDO INTERNASIOL,[in full dataset],,6830.8,6830.8,"Tanjung Perak, Surabaya","Nhava Sheva (JNPT), Mumbai",Mumbai,1,1,8.54,BARZAN,IMO8727504,MH,V857,184,HMMU,HBL,YMLU974571676,HLCU693582363,MSCU4671809,20GP,OPEN TOP,HC,FCL,CY/CY,DSV,10193.61
08121000,6003201612000006484506,081210,5,"Fruit, edible; cherries, provisionally preserved, but unsuitable in that state for immediate consumption",MARKS7512,United States,India,India,9,2016,12,2016-12,2016-12-01,20161215,20161215,export,1,28275201,5464.37,kg,KG,"Tyson Foods, Inc.",[in full dataset],Springdale,,www.tysonfoods.com,[in full dataset],Y,WOW MOMO FOODS PRIVATE LIMITED,[in full dataset],Kolkata,,www.wowmomo.com,[in full dataset],Y,"Tyson Foods, Inc.",[in full dataset],,5812.8,5812.8,"Miami, FL",Kolkata,Kolkata,1,1,7.27,MOL TRIUMPH,IMO2220336,SG,V111,292,ZIMU,HBL,YMLU169526739,YMLU300014784,TCLU9065471,45HC,FLAT RACK,RF,FCL,CY/CY,CEVA Logistics,5037.68
09083110,6003202004000000248496,090831,7,"Spices; cardamoms, neither crushed nor ground",MARKS3525,Brazil,India,India,6,2020,4,2020-04,2020-04-26,20200402,20200402,export,1,1080419,25421.67,kg,KG,IMPERIO CAFE SA,[in full dataset],COLATINA,,www.imperiocafe.com.br,[in full dataset],Y,PARAS SPICES PRIVATE LIMITED,[in full dataset],Moga,,www.parasspices.com,[in full dataset],Y,IMPERIO CAFE SA,[in full dataset],,12759.3,12759.3,Itajai,Visakhapatnam,Moga,1,1,15.95,MSC OSCAR,IMO3493415,LR,V964,793,ONEY,SWB,ONEY481409785,EGLV677219768,BMOU4991043,45HC,OPEN TOP,RF,FCL,CY/CY,DB Schenker,23275.06
68109990,6003202211000000835367,681099,9,"Cement, concrete or artificial stone; articles (other than prefabricated structural components for building or civil engineering), whether or not reinforced, n.e.c. in heading no. 6810",MARKS7562,Italy,India,India,6,2022,11,2022-11,2022-11-15,20221103,20221103,export,1,3757991.76,3143.01,kg,KG,C.M.B. SOCIETA' COOPERATIVA MURATORI E BRACCIANTI DI CARPI,[in full dataset],CARPI,,www.cmbcarpi.com,[in full dataset],Y,STONE SHIPPERS LIMITED,[in full dataset],Mumbai,,www.stoneshippers.com,[in full dataset],Y,C.M.B. SOCIETA' COOPERATIVA MURATORI E BRACCIANTI DI CARPI,[in full dataset],,18108.5,18108.5,Gioia Tauro,Kandla,Mumbai,1,1,22.64,MSC GULSUN,IMO8284645,PA,V544,960,APLU,SWB,YMLU231209180,EGLV190076335,TCLU6463136,20GP,OPEN TOP,RF,LCL,CY/CFS,CEVA Logistics,2744.39
48044100,6003201810000001187597,480441,7,"Kraft paper and paperboard; uncoated, unbleached, weight more than 150g/m2 but less than 225g/m2, in rolls or sheets, other than that of heading no. 4802 or 4803",MARKS8852,Hong Kong,India,India,9,2018,10,2018-10,2018-10-01,20181013,20181013,export,1,3750023.21,2243.04,kg,KG,LEE & MAN PAPER MANUFACTURING LIMITED,[in full dataset],North Point,,www.leemanpaper.com,[in full dataset],Y,KHANNA PAPER MILLS LIMITED,[in full dataset],Amritsar,,www.khannapaper.com,[in full dataset],Y,LEE & MAN PAPER MANUFACTURING LIMITED,[in full dataset],,15194.8,15194.8,Hong Kong (Kwai Tsing),Chennai,Amritsar,1,1,18.99,CSCL GLOBE,IMO6042690,LR,V311,897,COSU,MBL,YMLU694270472,MSCU680705498,TCLU7567791,40GP,DRY,HC,FCL,CY/CY,DB Schenker,2118.92
40069090,6003201907000005705830,400690,5,"Rubber; unvulcanised, other than camel back strips for retreading rubber tyres",MARKS9258,South Korea,India,India,9,2019,7,2019-07,2019-07-06,20190727,20190727,export,1,24126485,646.4,kg,KG,Hyosung TNC Corporation,[in full dataset],Seoul,,www.hyosungtnc.com/kr,[in full dataset],Y,RELIANCE INDUSTRIES LIMITED,[in full dataset],Mumbai,,www.ril.com,[in full dataset],Y,Hyosung TNC Corporation,[in full dataset],,1930.2,1930.2,Busan,"Mundra, Gujarat",Mumbai,1,1,2.41,HYUNDAI LOYALTY,IMO1039910,LR,V808,616,ONEY,HBL,MSCU917475221,ONEY127956855,BMOU2967386,45HC,TANK,HC,FCL,CY/CY,DB Schenker,567.5
52082990,6003202507000001595469,520829,5,"Fabrics, woven; containing 85% or more by weight of cotton, bleached, of weaves n.e.c. in item no. 5208.2, weighing not more than 200g/m2",MARKS9596,United States,India,India,9,2025,7,2025-07,2025-07-07,20250718,20250718,export,1,36090882,3457.66,kg,KG,"Meridian Industries, Inc.",[in full dataset],Milwaukee,,www.meridiancompanies.com,[in full dataset],Y,THE RAJLAKSHMI COTTON MILLS PRIVATE LIMITED,[in full dataset],Kolkata,,www.rcm-organic.com,[in full dataset],N,"Meridian Industries, Inc.",[in full dataset],,8427.5,8427.5,"Los Angeles, CA",Visakhapatnam,Kolkata,1,1,10.53,MADRID MAERSK,IMO8115130,SG,V415,889,ZIMU,MBL,ONEY912710181,HLCU766059098,FCIU9932926,45HC,DRY,GP,FCL,CY/CFS,Nippon Express,3136.06
08135010,6003201611000007218459,081350,7,"Nuts, edible; mixtures of nuts or dried fruits of chapter 08",MARKS3033,United States,India,India,8,2016,11,2016-11,2016-11-14,20161126,20161126,export,1,34762567,6361.61,kg,KG,"Tyson Foods, Inc.",[in full dataset],Springdale,,www.tysonfoods.com,[in full dataset],Y,WOW MOMO FOODS PRIVATE LIMITED,[in full dataset],Kolkata,,www.wowmomo.com,[in full dataset],Y,"Tyson Foods, Inc.",[in full dataset],,7510.7,7510.7,"Charleston, SC",Chennai,Kolkata,1,1,9.39,CMA CGM JULES VERNE,IMO1953761,MH,V618,958,OOLU,HBL,CMDU455651910,COSU419011669,BMOU6805439,20GP,REEFER,GP,FCL,CY/CY,DHL Global Forwarding,5964.48
08102000,6003201605000008278001,081020,9,"Fruit, edible; raspberries, blackberries, mulberries, and loganberries, fresh",MARKS4979,United States,India,India,7,2016,5,2016-05,2016-05-16,20160509,20160509,export,1,47360925,31701.34,kg,KG,The Campbell's Company,[in full dataset],Camden,,www.campbellsoupcompany.com,[in full dataset],N,BNAZRUM AGRO EXPORTS PRIVATE LIMITED,[in full dataset],Dindigul,,www.bnazrum.com,[in full dataset],Y,The Campbell's Company,[in full dataset],,23274.8,23274.8,"Savannah, GA",Chennai,Dindigul,1,1,29.09,OOCL HONG KONG,IMO4252884,LR,V258,226,CMDU,SWB,YMLU180207568,MSCU485670557,BMOU5921462,40GP,REEFER,HC,FCL,CY/CY,DB Schenker,27948.33
15220020,6003201507000004414213,152200,6,Degras; residues resulting from the treatment of fatty substances or animal or vegetable waxes,MARKS1225,Malaysia,India,India,8,2015,7,2015-07,2015-07-17,20150716,20150716,export,1,242548747.75,41576.57,kg,KG,MUSIM MASTIKA OILS & FATS (MALAYSIA) SDN. BHD.,[in full dataset],Pasir Gudang,,www.musimmas.com,[in full dataset],Y,THAPAR OILS AND FATS LIMITED,[in full dataset],New Delhi,,,,Y,MUSIM MASTIKA OILS & FATS (MALAYSIA) SDN. BHD.,[in full dataset],,2132.7,2132.7,Tanjung Pelepas,Visakhapatnam,New Delhi,1,1,2.67,MAERSK MOLLER,IMO2266428,PA,V484,323,YMLU,MBL,YMLU932372228,MSCU690776450,FCIU3576852,45HC,TANK,GP,FCL,CY/CY,DHL Global Forwarding,37821.66
52094160,6003202507000001927488,520941,8,"Fabrics, woven; containing 85% or more by weight of cotton, of yarns of different colours, plain weave, weighing more than 200g/m2",MARKS7477,Australia,India,India,5,2025,7,2025-07,2025-07-03,20250728,20250728,export,1,63656970.31,10224.84,kg,KG,COTTON ON INTERNATIONAL PTY LTD,[in full dataset],North Geelong,,www.cottonon.com.au,[in full dataset],Y,COTTON WORLD,[in full dataset],Bengaluru,,,,N,COTTON ON INTERNATIONAL PTY LTD,[in full dataset],,6048.4,6048.4,Fremantle,Cochin,Bengaluru,1,1,7.56,EVER GIVEN,IMO7132893,SG,V914,950,ZIMU,HBL,MAEU238118878,YMLU265751689,TGHU1620472,40HC,TANK,GP,FCL,CY/CFS,Nippon Express,9264.33
25083010,6003202104000002592586,250830,5,"Clays (excluding expanded clays of heading no. 6806); fireclay, whether or not calcined",MARKS3267,South Africa,India,India,7,2021,4,2021-04,2021-04-19,20210428,20210428,export,1,4375895,1080.92,kg,KG,SCLM2000 CEMENT MATERIALS N BLOCK SUPPLIER (PTY) LTD,[in full dataset],LADYSMITH,,,,Y,LUCKY MINERALS,[in full dataset],Keonjhar,,,,Y,SCLM2000 CEMENT MATERIALS N BLOCK SUPPLIER (PTY) LTD,[in full dataset],,24919.4,24919.4,Port Elizabeth,Visakhapatnam,Keonjhar,1,1,31.15,CSCL GLOBE,IMO4811457,MH,V506,460,MSCU,HBL,MAEU215867068,HLCU602697373,CAIU9352895,20GP,DRY,GP,FCL,CY/CFS,DB Schenker,1022.9
69131000,6003202309000003113116,691310,8,"Ceramic statuettes and other ornamental ceramic articles, of porcelain or china",MARKS4562,China,India,India,8,2023,9,2023-09,2023-09-10,20230917,20230917,export,1,58942506,2265.24,kg,KG,"Languang Electronic Industry Co., Ltd.",[in full dataset],Wenzhou,,www.nisiwz.cn,[in full dataset],Y,VIDRES INDIA CERAMICS PRIVATE LIMITED,[in full dataset],Ahmedabad,,www.vidres.com,[in full dataset],Y,"Languang Electronic Industry Co., Ltd.",[in full dataset],,6650.3,6650.3,Ningbo-Zhoushan,"Nhava Sheva (JNPT), Mumbai",Ahmedabad,1,1,8.31,CMA CGM JULES VERNE,IMO6905271,SG,V236,660,MSCU,HBL,CMDU625726550,YMLU154814388,MSCU7644838,40HC,TANK,GP,FCL,CY/CFS,DSV,2086.44
48236100,6003201810000005181801,482361,9,"Paper and paperboard; trays, dishes, plates, cups and the like, of bamboo paper or paperboard",MARKS7342,Canada,India,India,7,2018,10,2018-10,2018-10-18,20181010,20181010,export,1,30007229.69,49747.49,kg,KG,Mercer International Inc,[in full dataset],Vancouver,,www.mercerint.com,[in full dataset],N,TAMILNADU NEWSPRINT & PAPERS LIMITED,[in full dataset],Karur,,www.tnpl.com,[in full dataset],Y,Mercer International Inc,[in full dataset],,9711.2,9711.2,"Halifax, NS",Kolkata,Karur,1,1,12.14,EVER GIVEN,IMO1020503,SG,V338,583,OOLU,MBL,COSU765613021,EGLV135581676,CAIU3624484,40GP,REEFER,HC,FCL,CY/CFS,DB Schenker,44335.79
69031090,6003202303000000041082,690310,6,"Refractory ceramic goods; containing, by weight, more than 50% of free carbon, excluding those of siliceous fossil meals or similar earths",MARKS8285,Singapore,India,India,7,2023,3,2023-03,2023-03-12,20230307,20230307,export,1,207008.28,5002.98,kg,KG,GIN CHIA CO PTE LTD,[in full dataset],Singapore,,,,Y,KHAN BRICKS UDYOG,[in full dataset],Jhunjhunu,,,,Y,GIN CHIA CO PTE LTD,[in full dataset],,6967.2,6967.2,Singapore (PSA),Cochin,Jhunjhunu,1,1,8.71,HYUNDAI LOYALTY,IMO9239692,LR,V284,761,APLU,SWB,COSU901705361,ONEY761115761,GESU3483224,20GP,OPEN TOP,RF,LCL,CFS/CFS,Bollore Logistics,4529.66
09042110,6003202010000001605029,090421,5,"Spices; fruits of the genus Capsicum or Pimenta, dried, neither crushed nor ground",MARKS7003,Indonesia,India,India,5,2020,10,2020-10,2020-10-07,20201027,20201027,export,1,15964325.41,29222.5,kg,KG,CV DUA BURUNG,[in full dataset],Kota Tegal,,,,Y,S.L.N. COFFEE PRIVATE LIMITED,[in full dataset],Kodagu,,www.slncoffee.com,[in full dataset],Y,CV DUA BURUNG,[in full dataset],,7539.9,7539.9,Belawan,Cochin,Kodagu,1,1,9.42,HMM ALGECIRAS,IMO3217435,MH,V620,289,COSU,SWB,CMDU144090704,CMDU942645781,TGHU5882057,45HC,FLAT RACK,GP,FCL,CFS/CFS,Nippon Express,25645.58
48025740,6003201805000006793719,480257,8,"Uncoated paper and paperboard (not 4801 or 4803); printing, writing or graphic, 10% or less by weight of mechanical or chemi-mechanical processed fibre, weight 40-150g/m2, n.e.c. in item no. 4802.55 or 4802.56",MARKS5312,China,India,India,5,2018,5,2018-05,2018-05-24,20180504,20180504,export,1,57528595,15953.21,kg,KG,"Zhejiang Jingxing Paper Joint Stock Co.,Ltd.",[in full dataset],Jiaxing,,www.jxpaper.com.cn,[in full dataset],Y,THE SOUTH INDIA PAPER MILLS LIMITED,[in full dataset],Bengaluru,,www.sipaper.com,[in full dataset],Y,"Zhejiang Jingxing Paper Joint Stock Co.,Ltd.",[in full dataset],,13559.1,13559.1,Shenzhen,Tuticorin,Bengaluru,1,1,16.95,CSCL GLOBE,IMO8136052,PA,V943,815,HLCU,MBL,EGLV640967992,HLCU884372164,MSCU9374109,40HC,TANK,RF,FCL,CFS/CFS,DHL Global Forwarding,14110.78
,6003201712000006287265,440796,5,"Wood; of birch (Betula spp.), sawn or chipped lengthwise, sliced or peeled, of a thickness exceeding 6mm, whether or not planed, sanded or finger-jointed",MARKS8778,China,India,India,9,2017,12,2017-12,2017-12-22,20171210,20171210,export,1,24170905,1365.85,kg,KG,"Qingdao Kfd Packaging Co., Ltd.",[in full dataset],Qingdao,,,,Y,CENTURY PLYBOARDS (INDIA) LIMITED,[in full dataset],Kolkata,,www.centuryply.com,[in full dataset],Y,"Qingdao Kfd Packaging Co., Ltd.",[in full dataset],,18449.2,18449.2,Ningbo-Zhoushan,Kandla,Kolkata,1,1,23.06,OOCL HONG KONG,IMO1491744,MH,V341,773,MSCU,MBL,CMDU483969754,CMDU861865485,BMOU5800119,45HC,DRY,HC,FCL,CY/CFS,Kuehne + Nagel,1268.75
,6003201710000007195097,440132,5,"Wood; for fuel, sawdust and wood waste and scrap, agglomerated in wood briquettes",MARKS4327,Malaysia,India,India,8,2017,10,2017-10,2017-10-11,20171023,20171023,export,1,30714956.27,1317.47,kg,KG,WJ SAWMILL SDN. BHD.,[in full dataset],Sandakan,,,,N,M P VENEER & PLYWOOD PRIVATE LIMITED,[in full dataset],Indore,,,,Y,WJ SAWMILL SDN. BHD.,[in full dataset],,13573.3,13573.3,Tanjung Pelepas,Cochin,Indore,1,1,16.97,COSCO UNIVERSE,IMO1415641,SG,V967,626,OOLU,SWB,HLCU398839781,YMLU196668091,BMOU8343655,45HC,OPEN TOP,RF,FCL,CY/CY,CEVA Logistics,1165.77
25309020,6003202107000005700421,253090,5,Mineral substances; n.e.c. in chapter 25,MARKS4578,China,India,India,6,2021,7,2021-07,2021-07-14,20210727,20210727,export,1,16727325,6150.49,kg,KG,"Tianshan Material Co., Ltd.",[in full dataset],Shanghai,,www.sinoma-tianshan.cn,[in full dataset],Y,CLASSIC MARBLE COMPANY PRIVATE LIMITED,[in full dataset],Mumbai,,www.classicmarble.com,[in full dataset],Y,"Tianshan Material Co., Ltd.",[in full dataset],,18463.2,18463.2,Shenzhen,Kolkata,Mumbai,1,1,23.08,MOL TRIUMPH,IMO6032827,LR,V488,15,OOLU,HBL,MSCU163720100,YMLU118808206,GESU4536032,20GP,OPEN TOP,HC,LCL,CY/CFS,Yusen Logistics,5378.15
48189000,6003201804000004641152,481890,8,"Paper articles; articles of paper, cellulose wadding or fibres, n.e.c. in heading no. 4818",MARKS6569,Canada,India,India,8,2018,4,2018-04,2018-04-22,20180410,20180410,export,1,24356747.86,8841.21,kg,KG,Canfor Corporation,[in full dataset],Vancouver,,www.canfor.com,[in full dataset],Y,ITC LIMITED,[in full dataset],Kolkata,,www.itcportal.com,[in full dataset],N,Canfor Corporation,[in full dataset],,23201.4,23201.4,"Vancouver, BC",Kolkata,Kolkata,1,1,29,MOL TRIUMPH,IMO4633145,PA,V788,395,EGLV,MBL,CMDU712384299,HLCU139233790,CAIU6392799,40GP,OPEN TOP,GP,LCL,CFS/CFS,CEVA Logistics,7873.73
68042210,6003202204000003041018,680422,5,"Millstones, grindstones, grinding wheels and the like; of other agglomerated abrasives or of ceramics",MARKS1156,China,India,India,8,2022,4,2022-04,2022-04-20,20220403,20220403,export,1,42580277,904.87,kg,KG,"Pu'er Ruiqitong Building Materials Technology Co., Ltd",[in full dataset],Pu'er,,,,Y,RS INTERNATIONAL,[in full dataset],Gurugram,,,,Y,"Pu'er Ruiqitong Building Materials Technology Co., Ltd",[in full dataset],,1705.6,1705.6,Guangzhou,"Nhava Sheva (JNPT), Mumbai",Gurugram,1,1,2.13,CMA CGM JULES VERNE,IMO3197166,SG,V459,379,ZIMU,HBL,EGLV428502309,ONEY711503212,BMOU5495915,40GP,DRY,RF,FCL,CFS/CFS,DSV,852.76
70109000,6003202410000001539769,701090,9,"Glass; carboys, bottles, flasks, jars, pots, phials and other containers of glass, (not ampoules), used for the conveyance or packing of goods",MARKS6649,Malaysia,India,India,9,2024,10,2024-10,2024-10-03,20241020,20241020,export,1,8798441.04,16992.65,kg,KG,SUBANG SAFETY GLASS (SOUTHERN) SDN. BHD.,[in full dataset],Kuala Lumpur,,,,Y,PIRAMAL GLASS PRIVATE LIMITED,[in full dataset],Vadodara,,www.pgpfirst.com,[in full dataset],Y,SUBANG SAFETY GLASS (SOUTHERN) SDN. BHD.,[in full dataset],,15163.5,15163.5,Penang,Kolkata,Vadodara,1,1,18.95,HMM ALGECIRAS,IMO1220546,SG,V814,481,ONEY,HBL,HLCU116378751,MSCU444265266,FCIU9396461,20GP,TANK,GP,FCL,CY/CFS,Yusen Logistics,14926.82
,6003201712000001525662,440323,7,"Wood; coniferous species, of fir (Abies spp.) and spruce (Picea spp.), in the rough, whether or not stripped of bark or sapwood, or roughly squared, untreated, of which the smallest cross-sectional dimension is 15 cm or more",MARKS1567,South Africa,India,India,6,2017,12,2017-12,2017-12-07,20171224,20171224,export,1,3141572.63,7302.26,kg,KG,THE WOODEN GHEKO (PTY) LTD,[in full dataset],JOHANNESBURG,,,,N,GREENPLY INDUSTRIES LIMITED,[in full dataset],Kolkata,,www.greenply.com,[in full dataset],N,THE WOODEN GHEKO (PTY) LTD,[in full dataset],,10227.3,10227.3,Cape Town,Tuticorin,Kolkata,1,1,12.78,MSC GULSUN,IMO5614934,MH,V552,208,OOLU,HBL,ONEY113489385,CMDU241314336,BMOU5278134,40GP,OPEN TOP,HC,FCL,CY/CFS,Yusen Logistics,6520.67
44079300,6003201702000004858762,440793,5,"Wood; maple (Acer spp.), sawn or chipped lengthwise, sliced or peeled, whether or not planed, sanded or finger-jointed, thicker than 6mm",MARKS8034,Malaysia,India,India,7,2017,2,2017-02,2017-02-08,20170208,20170208,export,1,16533755.69,17756.04,kg,KG,SUBUR TIASA HOLDINGS BERHAD,[in full dataset],Sibu,,suburtiasa.com.my,[in full dataset],Y,EXPERT PARTICLE BOARD,[in full dataset],Morbi,,,,Y,SUBUR TIASA HOLDINGS BERHAD,[in full dataset],,12201.2,12201.2,Port Klang,"Nhava Sheva (JNPT), Mumbai",Morbi,1,1,15.25,HYUNDAI LOYALTY,IMO8965846,MH,V885,108,COSU,SWB,COSU852821332,EGLV273729330,GESU7595738,20GP,TANK,GP,LCL,CY/CY,DHL Global Forwarding,15705.18
68091900,6003202211000001006836,680919,5,"Plaster, or plaster compositions; boards, sheets, panels, tiles and similar articles, (other than faced or reinforced with paper or paperboard only), not ornamented",MARKS5129,United States,India,India,9,2022,11,2022-11,2022-11-03,20221117,20221117,export,1,4988635,402.86,kg,KG,Boxley Materials Company,[in full dataset],Blue Ridge,,www.boxley.com,[in full dataset],Y,SHRI BALAJI ENTERPRISES,[in full dataset],Gurugram,,,,Y,Boxley Materials Company,[in full dataset],,20066.8,20066.8,"New York/Newark, NJ","Nhava Sheva (JNPT), Mumbai",Gurugram,1,1,25.08,HMM ALGECIRAS,IMO2058489,PA,V194,677,ZIMU,HBL,MAEU194928861,COSU344857739,TGHU1644871,40GP,TANK,RF,FCL,CY/CY,Sinotrans,362.17
48045100,6003201812000000646832,480451,9,"Kraft paper and paperboard; uncoated, unbleached, weight 225g/m2 or more, in rolls or sheets, other than that of heading no. 4802 or 4803",MARKS6773,Netherlands,India,India,5,2018,12,2018-12,2018-12-11,20181205,20181205,export,1,1878935.4,7090.52,kg,KG,DS Smith Packaging Netherlands B.V.,[in full dataset],Eerbeek,,www.dssmith.com,[in full dataset],Y,TAMILNADU NEWSPRINT & PAPERS LIMITED,[in full dataset],Karur,,www.tnpl.com,[in full dataset],Y,DS Smith Packaging Netherlands B.V.,[in full dataset],,6688.2,6688.2,Amsterdam,Tuticorin,Karur,1,1,8.36,CSCL GLOBE,IMO2637672,PA,V615,559,HLCU,HBL,MSCU470063845,CMDU988959322,CAIU1799842,20GP,TANK,GP,FCL,CY/CFS,Yusen Logistics,6728.55
52029100,6003202510000002330858,520291,6,Cotton; garnetted stock waste,MARKS7973,Australia,India,India,5,2025,10,2025-10,2025-10-06,20251018,20251018,export,1,125654453.03,17899.62,kg,KG,COTTON ON FINANCE PTY LTD,[in full dataset],NORTH GEELONG,,www.cottonon.com.au,[in full dataset],Y,VENKATESH YARN,[in full dataset],Thane,,,,Y,COTTON ON FINANCE PTY LTD,[in full dataset],,4441.9,4441.9,Fremantle,Kandla,Thane,1,1,5.55,COSCO UNIVERSE,IMO4470454,PA,V679,883,OOLU,HBL,COSU643116069,YMLU287821419,TCLU9859161,20GP,TANK,GP,FCL,CY/CFS,Yusen Logistics,16229.31
09092200,6003202001000000361873,090922,9,"Spices; coriander seeds, crushed or ground",MARKS4271,Italy,India,India,6,2020,1,2020-01,2020-01-02,20200128,20200128,export,1,1745619.3,873.25,kg,KG,VI.ENERGIA SRL,[in full dataset],VICENZA,,www.vienergia.it,[in full dataset],Y,EMPIRE SPICES AND FOODS LIMITED,[in full dataset],Mumbai,,www.esfl.co.in,[in full dataset],N,VI.ENERGIA SRL,[in full dataset],,19550.5,19550.5,Gioia Tauro,Kolkata,Mumbai,1,1,24.44,HYUNDAI LOYALTY,IMO7041645,SG,V276,856,OOLU,SWB,EGLV904561170,ONEY124689927,FCIU1333559,40HC,REEFER,RF,LCL,CY/CFS,DSV,830.32
68029200,6003202212000000816532,680292,6,"Stone; calcareous (excluding marble, travertine, alabaster) articles thereof, (other than simply cut or sawn, with a flat or even surface)",MARKS6806,Italy,India,India,5,2022,12,2022-12,2022-12-19,20221201,20221201,export,1,3656872.89,4409.89,kg,KG,BUZZI UNICEM SRL,[in full dataset],CASALE MONFERRATO,,www.buzziunicem.it,[in full dataset],N,ANNU ENTERPRISES,[in full dataset],Rewari,,,,Y,BUZZI UNICEM SRL,[in full dataset],,15244,15244,Gioia Tauro,"Nhava Sheva (JNPT), Mumbai",Rewari,1,1,19.06,HMM ALGECIRAS,IMO4755191,LR,V600,316,APLU,MBL,ONEY150473941,HLCU213594279,TGHU8601699,40HC,FLAT RACK,GP,FCL,CY/CFS,Bollore Logistics,3904.13
69051000,6003202312000003329069,690510,5,Ceramic roofing tiles,MARKS6199,China,India,India,9,2023,12,2023-12,2023-12-20,20231215,20231215,export,1,73041148,1894.64,kg,KG,"Guangdong Qianghui Ceramic Co., Ltd.",[in full dataset],Foshan,,,,Y,HIND BRICKS FIELD PATHED,[in full dataset],Saharanpur,,,,Y,"Guangdong Qianghui Ceramic Co., Ltd.",[in full dataset],,20091.8,20091.8,Xiamen,"Mundra, Gujarat",Saharanpur,1,1,25.11,BARZAN,IMO1830025,PA,V900,647,YMLU,SWB,ONEY414860972,HLCU886658680,CAIU6885169,40GP,TANK,GP,FCL,CFS/CFS,Bollore Logistics,1782.79
68091100,6003202210000003202636,680911,8,"Plaster, or plaster compositions; boards, sheets, panels, tiles and similar articles, faced or reinforced with paper or paperboard only, not ornamented",MARKS2647,China,India,India,6,2022,10,2022-10,2022-10-02,20221018,20221018,export,1,47569400,2473.41,kg,KG,"Ningxia Building Materials Group Co.,Ltd.",[in full dataset],Yinchuan,,www.4008874005.com,[in full dataset],Y,SONA ENTERPRISES,[in full dataset],Alappuzha,,,,Y,"Ningxia Building Materials Group Co.,Ltd.",[in full dataset],,13456.5,13456.5,Qingdao,Cochin,Alappuzha,1,1,16.82,HYUNDAI LOYALTY,IMO1448126,PA,V976,350,MAEU,SWB,HLCU742627526,HLCU968443772,TGHU6254304,20GP,DRY,RF,LCL,CY/CY,DSV,2177.61
70181090,6003202406000005884019,701810,7,"Glass; beads, imitation pearls, imitation precious or semi-precious stones and similar glass smallwares",MARKS1567,China,India,India,9,2024,6,2024-06,2024-06-20,20240607,20240607,export,1,173931888,11356.34,kg,KG,"Luzhou Wine Industry Glass Co., Ltd.",[in full dataset],Luzhou,,,,Y,UNIPATH SPECIALTY LABORATORY LIMITED,[in full dataset],Ahmedabad,,www.unipath.in,[in full dataset],Y,"Luzhou Wine Industry Glass Co., Ltd.",[in full dataset],,15472.4,15472.4,Yingkou,"Mundra, Gujarat",Ahmedabad,1,1,19.34,APL MEXICO CITY,IMO2544043,PA,V545,382,HMMU,MBL,MAEU155265187,HLCU243705258,MSCU1398293,40HC,DRY,HC,FCL,CY/CFS,DSV,10474.61
09092190,6003202001000001371708,090921,6,"Spices; coriander seeds, neither crushed nor ground",MARKS1240,Indonesia,India,India,8,2020,1,2020-01,2020-01-12,20200126,20200126,export,1,11075862.44,29055.95,kg,KG,PT DELTA MATE MAJALENGKA,[in full dataset],Kabupaten Majalengka,,,,N,COTHAS COFFEE CO,[in full dataset],Bengaluru Rural,,www.cothas.com,[in full dataset],Y,PT DELTA MATE MAJALENGKA,[in full dataset],,16315.2,16315.2,Belawan,Kandla,Bengaluru Rural,1,1,20.39,OOCL HONG KONG,IMO7480799,MH,V462,613,HLCU,HBL,HLCU682382871,MSCU684235503,FCIU8820019,45HC,DRY,HC,FCL,CY/CFS,Nippon Express,27586.18
08011290,6003201611000007221223,080112,8,"Nuts, edible; coconuts, in the inner shell (endocarp)",MARKS3126,United States,India,India,8,2016,11,2016-11,2016-11-06,20161111,20161111,export,1,34762567,13821.83,kg,KG,"Tyson Foods, Inc.",[in full dataset],Springdale,,www.tysonfoods.com,[in full dataset],Y,BLUEJAY NUTS PRIVATE LIMITED,[in full dataset],Chennai,,www.bluejaynuts.com,[in full dataset],N,"Tyson Foods, Inc.",[in full dataset],,9439.5,9439.5,"Long Beach, CA","Mundra, Gujarat",Chennai,1,1,11.8,HYUNDAI LOYALTY,IMO9907594,MH,V301,205,OOLU,MBL,ONEY531280543,EGLV870669872,TCLU3003363,45HC,TANK,HC,FCL,CY/CY,Bollore Logistics,12548.07
,6003201608000010921260,080521,7,"Fruit, edible; mandarins (including tangerines and satsumas), fresh or dried",MARKS8996,United States,India,India,5,2016,8,2016-08,2016-08-03,20160822,20160822,export,1,99381205,1431.33,kg,KG,The Kraft Heinz Company,[in full dataset],Pittsburgh,,www.kraftheinzcompany.com,[in full dataset],Y,DIAMOND NUTS,[in full dataset],Kollam,,www.bsnl.in,[in full dataset],Y,The Kraft Heinz Company,[in full dataset],,10412,10412,"Houston, TX",Kandla,Kollam,1,1,13.02,MSC OSCAR,IMO8296343,SG,V435,331,ZIMU,MBL,COSU188207390,MAEU488589139,GESU8931019,20GP,DRY,GP,FCL,CFS/CFS,Kuehne + Nagel,1258.74
08106000,6003201608000001647907,081060,6,"Fruit, edible; durians, fresh",MARKS5205,China,India,India,8,2016,8,2016-08,2016-08-15,20160808,20160808,export,1,4106516,9835.27,kg,KG,"Telling Telecommunication Holding Co.,Ltd.",[in full dataset],Beijing,,www.chinatelling.com,[in full dataset],Y,BIKAJI FOODS INTERNATIONAL LIMITED,[in full dataset],Bikaner,,www.bikaji.com.,[in full dataset],Y,"Telling Telecommunication Holding Co.,Ltd.",[in full dataset],,6372.5,6372.5,Xiamen,"Mundra, Gujarat",Bikaner,1,1,7.97,MAERSK MOLLER,IMO3358504,LR,V482,643,ONEY,MBL,MAEU685970668,COSU851588529,MSCU4764509,40HC,DRY,HC,FCL,CFS/CFS,Yusen Logistics,8690.06
44079500,6003201708000006157826,440795,7,"Wood; ash (Fraxinus spp.), sawn or chipped lengthwise, sliced or peeled, whether or not planed, sanded or finger-jointed, thicker than 6mm",MARKS6309,China,India,India,6,2017,8,2017-08,2017-08-27,20170826,20170826,export,1,23266218,20330.73,kg,KG,Jilin Xinyu Special Carpenter Machinery Equipment Factory,[in full dataset],Jilin,,,,Y,RADHA KRISHNA FURNITURE & HOME NEEDS,[in full dataset],East Godavari,,,,Y,Jilin Xinyu Special Carpenter Machinery Equipment Factory,[in full dataset],,16595.7,16595.7,Guangzhou,Kolkata,East Godavari,1,1,20.74,MSC OSCAR,IMO2468923,SG,V210,398,YMLU,HBL,MAEU725529537,ONEY928805826,BMOU7420632,40GP,OPEN TOP,HC,LCL,CY/CY,Bollore Logistics,18874.44
09011200,6003202008000001445336,090112,5,"Coffee; decaffeinated, not roasted",MARKS5176,Indonesia,India,India,6,2020,8,2020-08,2020-08-12,20200802,20200802,export,1,12403429.31,12726.72,kg,KG,PT JCO DONUT & COFFEE,[in full dataset],Kota Administrasi Jakarta Utara,,www.jcodonuts.com,[in full dataset],Y,TATA COFFEE LIMITED,[in full dataset],Bengaluru,,www.tatacoffee.com,[in full dataset],N,PT JCO DONUT & COFFEE,[in full dataset],,24717.3,24717.3,Makassar,Tuticorin,Bengaluru,1,1,30.9,APL MEXICO CITY,IMO8588390,SG,V315,747,OOLU,HBL,CMDU721228803,MAEU996621686,BMOU2233525,20GP,OPEN TOP,HC,FCL,CFS/CFS,Expeditors,12092.53
44079300,6003201708000007251549,440793,9,"Wood; maple (Acer spp.), sawn or chipped lengthwise, sliced or peeled, whether or not planed, sanded or finger-jointed, thicker than 6mm",MARKS3281,Malaysia,India,India,8,2017,8,2017-08,2017-08-06,20170822,20170822,export,1,31009113.59,21376.47,kg,KG,DOMINANT ENTERPRISE BERHAD,[in full dataset],Sekudai,,www.dominant.com.my,[in full dataset],Y,VILSONS PARTICLE BOARD INDUSTRIES LIMITED,[in full dataset],Kolhapur,,,,Y,DOMINANT ENTERPRISE BERHAD,[in full dataset],,7172.4,7172.4,Penang,"Mundra, Gujarat",Kolhapur,1,1,8.97,CSCL GLOBE,IMO3359233,LR,V769,465,EGLV,HBL,CMDU590222465,YMLU248753077,CAIU8583465,40GP,TANK,HC,FCL,CY/CY,DB Schenker,19124.3
48193000,6003201806000006430078,481930,5,"Paper and paperboard; sacks and bags of paper, paperboard, cellulose wadding or fibres, having a base of a width of 40cm or more",MARKS1917,China,India,India,8,2018,6,2018-06,2018-06-10,20180625,20180625,export,1,49993908,3316.7,kg,KG,"Dongguan Nine Dragons Paper Industries Co.,Ltd.",[in full dataset],Dongguan,,www.ndpaper.com,[in full dataset],Y,ITC LIMITED,[in full dataset],Kolkata,,www.itcportal.com,[in full dataset],Y,"Dongguan Nine Dragons Paper Industries Co.,Ltd.",[in full dataset],,17354.7,17354.7,Shenzhen,Kolkata,Kolkata,1,1,21.69,HYUNDAI LOYALTY,IMO7591602,PA,V944,755,MAEU,HBL,CMDU241039384,HLCU833817493,BMOU2550728,45HC,OPEN TOP,HC,FCL,CY/CFS,DSV,3155.7
68029300,6003202212000001045653,680293,6,"Granite; articles thereof, (other than simply cut or sawn, with a flat or even surface)",MARKS8489,South Korea,India,India,6,2022,12,2022-12,2022-12-01,20221202,20221202,export,1,5298257,243854.3,kg,KG,"IL SHIN STONE CO., LTD.",[in full dataset],Seoul,,www.ilshinstone.co.kr,[in full dataset],N,MAHALAXMI LABOUR SUPPLIERS,[in full dataset],Pune,,,,N,"IL SHIN STONE CO., LTD.",[in full dataset],,8320,8320,Gwangyang,Cochin,Pune,1,1,10.4,APL MEXICO CITY,IMO7926934,MH,V140,658,HLCU,SWB,MAEU168987068,HLCU295106394,TCLU2595225,40GP,TANK,HC,LCL,CY/CFS,Kuehne + Nagel,225147.54
70179020,6003202404000005522009,701790,5,"Glassware; laboratory, hygienic or pharmaceutical, whether or not graduated or calibrated, of glass n.e.c. in heading no. 7017",MARKS6848,China,India,India,5,2024,4,2024-04,2024-04-15,20240409,20240409,export,1,141170363,97390.88,kg,KG,"FUYAO GLASS INDUSTRY GROUP CO., LTD.",[in full dataset],Fuqing,,www.fuyaogroup.com,[in full dataset],Y,PGP GLASS PRIVATE LIMITED,[in full dataset],Mumbai,,www.pgpfirst.com,[in full dataset],Y,"FUYAO GLASS INDUSTRY GROUP CO., LTD.",[in full dataset],,17557,17557,Shanghai,"Mundra, Gujarat",Mumbai,1,1,21.95,EVER ACME,IMO7739652,PA,V704,403,APLU,SWB,CMDU428413801,YMLU521448033,TGHU7618513,40HC,FLAT RACK,HC,FCL,CFS/CFS,Expeditors,90808.15
69022010,6003202310000000546223,690220,9,"Refractory bricks, blocks, tiles and similar refractory ceramic constructional goods; containing by weight more than 50% of alumina (Al2o3), of silica (SiO2) or of a mixture or compound of these",MARKS1764,Germany,India,India,9,2023,10,2023-10,2023-10-18,20231028,20231028,export,1,3173762.87,17916.93,kg,KG,Lapp Insulators GmbH,[in full dataset],Wunsiedel,,www.lappinsulators.com,[in full dataset],Y,MARATHWADA CERAMIC COMPLEX LIMITED,[in full dataset],Aurangabad,,,,Y,Lapp Insulators GmbH,[in full dataset],,10788,10788,Hamburg,Cochin,Aurangabad,1,1,13.48,OOCL HONG KONG,IMO8056759,LR,V175,359,COSU,HBL,COSU148474596,YMLU681334764,TGHU8952311,20GP,REEFER,RF,FCL,CY/CY,Yusen Logistics,15901.47
07129020,6003202601000001273926,071290,6,"Vegetables; mixtures of vegetables n.e.c. in heading no. 0712, whole, cut, sliced, broken or in powder but not further prepared, dried",MARKS4220,Australia,India,India,6,2026,1,2026-01,2026-01-20,20260108,20260108,export,1,106461162.68,5898.65,kg,KG,ADM TRADING AUSTRALIA PTY LTD,[in full dataset],Adelaide,,www.admgrain.com.au,[in full dataset],Y,DHAKA TRADING COMPANY,[in full dataset],Churu,,,,N,ADM TRADING AUSTRALIA PTY LTD,[in full dataset],,14171.5,14171.5,Sydney,Tuticorin,Churu,1,1,17.71,ONE APUS,IMO5362517,MH,V212,825,MAEU,MBL,YMLU507946706,YMLU140357031,CAIU7441712,40HC,REEFER,HC,LCL,CY/CY,Sinotrans,5557.67
52054120,6003202509000001624960,520541,5,"Cotton yarn; (not sewing thread), multiple or cabled, of combed fibres, 85% or more by weight of cotton, 714.29 decitex or more (not exceeding 14 metric number) per single yarn, not for retail sale",MARKS5060,Brazil,India,India,7,2025,9,2025-09,2025-09-17,20250906,20250906,export,1,37469371,24076.77,kg,KG,COTTON STAR INDUSTRIAL LTDA,[in full dataset],BLUMENAU,,,,Y,THE RAJLAKSHMI COTTON MILLS PRIVATE LIMITED,[in full dataset],Kolkata,,www.rcm-organic.com,[in full dataset],Y,COTTON STAR INDUSTRIAL LTDA,[in full dataset],,17506.9,17506.9,Rio Grande,Cochin,Kolkata,1,1,21.88,COSCO UNIVERSE,IMO8821468,PA,V756,71,YMLU,MBL,YMLU661863963,CMDU929645121,CAIU9787691,40HC,OPEN TOP,RF,FCL,CFS/CFS,DSV,22904.62
52092130,6003202506000001693100,520921,8,"Fabrics, woven; containing 85% or more by weight of cotton, bleached, plain weave, weighing more than 200g/m2",MARKS5654,Australia,India,India,8,2025,6,2025-06,2025-06-09,20250606,20250606,export,1,41833717.34,33123.69,kg,KG,COTTON ON FINANCE PTY LTD,[in full dataset],NORTH GEELONG,,www.cottonon.com.au,[in full dataset],Y,JIYAJEERAO COTTON MILLS LIMITED,[in full dataset],Gwalior,,,,Y,COTTON ON FINANCE PTY LTD,[in full dataset],,10071.7,10071.7,Brisbane,Chennai,Gwalior,1,1,12.59,EVER ACME,IMO2488140,SG,V474,26,CMDU,MBL,COSU675327812,YMLU395073351,GESU4635001,40HC,TANK,HC,FCL,CY/CFS,Bollore Logistics,29368.83
70112000,6003202412000005700528,701120,8,"Glass envelopes (including bulbs and tubes); open, and glass parts thereof, without fittings, for cathode-ray tubes",MARKS5980,China,India,India,9,2024,12,2024-12,2024-12-25,20241217,20241217,export,1,156712359,6827.26,kg,KG,"Hainan Development Holdings Nanhai Co., Ltd.",[in full dataset],Shenzhen,,www.sanxinglass.com,[in full dataset],N,GIA INDIA LABORATORY PRIVATE LIMITED,[in full dataset],Mumbai,,giaindia.in,[in full dataset],Y,"Hainan Development Holdings Nanhai Co., Ltd.",[in full dataset],,10635.8,10635.8,Dalian,Cochin,Mumbai,1,1,13.29,ONE APUS,IMO5208768,LR,V572,890,APLU,MBL,MAEU581521162,HLCU479748476,CAIU3677724,40HC,TANK,GP,FCL,CFS/CFS,DSV,6292.27
52111190,6003202502000000955190,521111,6,"Fabrics, woven; containing less than 85% by weight of cotton, mixed mainly or solely with man-made fibres, unbleached, plain weave, weighing more than 200g/m2",MARKS5245,Brazil,India,India,8,2025,2,2025-02,2025-02-04,20250218,20250218,export,1,11841520,2034.22,kg,KG,COTTON STAR INDUSTRIAL LTDA,[in full dataset],BLUMENAU,,,,Y,COTTON BLOSSOM INDIAPRIVATE LIMITED,[in full dataset],Tirupur,,www.cotonblossom.org,[in full dataset],Y,COTTON STAR INDUSTRIAL LTDA,[in full dataset],,899.4,899.4,Suape,Kolkata,Tirupur,1,1,1.12,CMA CGM JULES VERNE,IMO9330958,SG,V865,638,ONEY,HBL,CMDU414603996,EGLV408950877,GESU4170824,40HC,FLAT RACK,GP,FCL,CY/CY,Bollore Logistics,1833.54
15043000,6003201505000004552189,150430,5,Fats and oils and their fractions; of marine mammals,MARKS4826,Indonesia,India,India,5,2015,5,2015-05,2015-05-26,20150514,20150514,export,1,305794621,7227.18,kg,KG,PT INNO-WANGSA OILS & FATS,[in full dataset],Kota Medan,,www.inno-wangsa.co.id,[in full dataset],Y,HINDUSTAN VEGETABLE OILS CORPORATION LIMITED,[in full dataset],Bengaluru,,,,Y,PT INNO-WANGSA OILS & FATS,[in full dataset],,16004.5,16004.5,"Tanjung Priok, Jakarta",Kolkata,Bengaluru,1,1,20.01,COSCO UNIVERSE,IMO2524374,LR,V921,490,OOLU,HBL,MSCU166352425,ONEY314288224,CAIU8064467,40HC,TANK,GP,LCL,CY/CY,CEVA Logistics,6591.29
25262000,6003202110000005139259,252620,6,"Steatite; natural, crushed, powdered, whether or not roughly trimmed or merely cut, by sawing or otherwise, into blocks or slabs of a rectangular (including square) shape; talc",MARKS4365,Turkiye,India,India,7,2021,10,2021-10,2021-10-23,20211009,20211009,export,1,13412329,6551.07,kg,KG,ANAGOLD MADENCILIK SANAYI VE TICARET ANONIM SIRKETI,[in full dataset],Ankara,,www.alacergold.com,[in full dataset],N,ULTRATECH CEMENT LIMITED,[in full dataset],Mumbai,,www.ultratechcement.com,[in full dataset],Y,ANAGOLD MADENCILIK SANAYI VE TICARET ANONIM SIRKETI,[in full dataset],,2254.8,2254.8,Main Container Port,"Nhava Sheva (JNPT), Mumbai",Mumbai,1,1,2.82,OOCL HONG KONG,IMO5058394,LR,V567,413,MAEU,SWB,COSU622775003,CMDU789926800,FCIU7938770,40GP,DRY,HC,FCL,CY/CY,DSV,5700.53
15200000,6003201502000004497608,152000,8,"Glycerol, crude; glycerol waters and glycerol lyes",MARKS6449,Indonesia,India,India,6,2015,2,2015-02,2015-02-16,20150222,20150222,export,1,289437478,71759.96,kg,KG,PT INNO-WANGSA OILS & FATS,[in full dataset],Kota Medan,,www.inno-wangsa.co.id,[in full dataset],Y,SRI SARDA VEGETABLE OILS PRIVATE LIMITED,[in full dataset],Ballari,,,,Y,PT INNO-WANGSA OILS & FATS,[in full dataset],,12259.6,12259.6,"Tanjung Perak, Surabaya",Kandla,Ballari,1,1,15.32,ONE APUS,IMO8658225,LR,V644,442,COSU,MBL,CMDU530587266,EGLV718007434,MSCU4267523,20GP,FLAT RACK,RF,FCL,CY/CY,Yusen Logistics,64151.4
52054610,6003202503000001612299,520546,5,"Cotton yarn; (not sewing thread), multiple or cabled, of combed fibres, 85% or more by weight of cotton, 124 to 106.38 decitex (81 to 94 metric number) per single yarn, not for retail sale",MARKS2074,United States,India,India,7,2025,3,2025-03,2025-03-16,20250301,20250301,export,1,36296339,16363.99,kg,KG,"Meridian Industries, Inc.",[in full dataset],Milwaukee,,www.meridiancompanies.com,[in full dataset],N,COTTON BLOSSOM INDIAPRIVATE LIMITED,[in full dataset],Tirupur,,www.cotonblossom.org,[in full dataset],N,"Meridian Industries, Inc.",[in full dataset],,10496.6,10496.6,"Miami, FL",Chennai,Tirupur,1,1,13.12,ONE APUS,IMO1460073,LR,V816,308,MSCU,HBL,EGLV278974968,YMLU168571363,MSCU4163751,20GP,OPEN TOP,HC,FCL,CY/CFS,Sinotrans,15289.32
68109910,6003202211000000140899,681099,9,"Cement, concrete or artificial stone; articles (other than prefabricated structural components for building or civil engineering), whether or not reinforced, n.e.c. in heading no. 6810",MARKS1672,Brazil,India,India,6,2022,11,2022-11,2022-11-18,20221109,20221109,export,1,469942,11955.93,kg,KG,STONE CORPORATE E HOLDING SA,[in full dataset],SAO PAULO,,www.linx.com.br,[in full dataset],Y,R G STONE UROLOGICAL RESEARCH INSTITUTE,[in full dataset],New Delhi,,www.rghospitals.com,[in full dataset],Y,STONE CORPORATE E HOLDING SA,[in full dataset],,9851.2,9851.2,Paranagua,Chennai,New Delhi,1,1,12.31,HMM ALGECIRAS,IMO1418569,LR,V313,641,APLU,MBL,HLCU271828894,HLCU132024519,TCLU1657968,40GP,REEFER,GP,FCL,CY/CFS,Bollore Logistics,11023.51
08027000,6003201609000011046540,080270,8,"Nuts, edible; kola nuts (Cola spp.), fresh or dried, whether or not shelled or peeled",MARKS2977,United States,India,India,6,2016,9,2016-09,2016-09-20,20160906,20160906,export,1,102668115,5241.42,kg,KG,The Campbell's Company,[in full dataset],Camden,,www.campbellsoupcompany.com,[in full dataset],Y,WOW MOMO FOODS PRIVATE LIMITED,[in full dataset],Kolkata,,www.wowmomo.com,[in full dataset],Y,The Campbell's Company,[in full dataset],,15565.1,15565.1,"Oakland, CA",Kolkata,Kolkata,1,1,19.46,EVER ACME,IMO7465665,LR,V686,452,ZIMU,HBL,ONEY933627076,YMLU168570454,CAIU8501068,20GP,DRY,HC,LCL,CY/CY,Bollore Logistics,4955.31
52084150,6003202509000001631264,520841,9,"Fabrics, woven; containing 85% or more by weight of cotton, of yarns of different colours, plain weave, weighing not more than 100g/m2",MARKS7498,United States,India,India,9,2025,9,2025-09,2025-09-12,20250925,20250925,export,1,37839961,27346.98,kg,KG,"Meridian Industries, Inc.",[in full dataset],Milwaukee,,www.meridiancompanies.com,[in full dataset],Y,H.P.COTTON CASUALS PRIVATE LIMITED,[in full dataset],Kolkata,,www.hpcotton.in,[in full dataset],Y,"Meridian Industries, Inc.",[in full dataset],,1182.8,1182.8,"Miami, FL",Visakhapatnam,Kolkata,1,1,1.48,BARZAN,IMO2207307,LR,V217,866,COSU,MBL,HLCU643002319,MAEU494895621,GESU8786769,45HC,REEFER,HC,FCL,CFS/CFS,Expeditors,25729.4
44041000,6003201701000006258207,440410,9,"Wood; coniferous, split poles, piles, pickets, stakes, pointed but not sawn lengthwise; sticks for umbrellas, tool handles etc, roughly trimmed but not turned or bent; chipwood etc, hoopwood",MARKS6006,China,India,India,5,2017,1,2017-01,2017-01-06,20170122,20170122,export,1,24040460,2636.77,kg,KG,"Jiangshan Oupai Door Industry Co., Ltd",[in full dataset],Quzhou,,www.oupaigroup.com,[in full dataset],Y,MAMTA HARDWARE & PLYWOOD,[in full dataset],Hyderabad,,,,Y,"Jiangshan Oupai Door Industry Co., Ltd",[in full dataset],,24725.5,24725.5,Tianjin,Chennai,Hyderabad,1,1,30.91,APL MEXICO CITY,IMO2008101,SG,V810,255,EGLV,MBL,COSU715930766,ONEY887237964,TCLU8973916,20GP,OPEN TOP,GP,FCL,CFS/CFS,CEVA Logistics,2415.89
69049000,6003202305000003144603,690490,6,"Ceramic flooring blocks, supports or filler tiles and the like (excluding building bricks)",MARKS4687,China,India,India,8,2023,5,2023-05,2023-05-12,20230520,20230520,export,1,60571265,4981.94,kg,KG,Jiangxi Jingdezhen Ceramic Kilns Factory,[in full dataset],Jingdezhen,,,,Y,GUJARAT GOLDCOIN CERAMICS LIMITED,[in full dataset],Rajkot,,www.goldcointiles.com,[in full dataset],Y,Jiangxi Jingdezhen Ceramic Kilns Factory,[in full dataset],,16837.2,16837.2,Xiamen,"Nhava Sheva (JNPT), Mumbai",Rajkot,1,1,21.05,OOCL HONG KONG,IMO3179789,MH,V495,638,HLCU,MBL,ONEY806468288,ONEY790622940,TCLU1421830,45HC,DRY,GP,LCL,CY/CFS,DHL Global Forwarding,4722.87
07102100,6003202602000001373859,071021,5,"Vegetables, leguminous; peas (pisum sativum), shelled or unshelled, uncooked or cooked by steaming or boiling in water, frozen",MARKS7517,Australia,India,India,9,2026,2,2026-02,2026-02-21,20260218,20260218,export,1,138496072.64,11235.79,kg,KG,ADM TRADING AUSTRALIA PTY LTD,[in full dataset],Adelaide,,www.admgrain.com.au,[in full dataset],Y,NEW WORLD TRADING (INDIA) PRIVATE LIMITED,[in full dataset],New Delhi,,,,Y,ADM TRADING AUSTRALIA PTY LTD,[in full dataset],,17179.2,17179.2,Melbourne,Cochin,New Delhi,1,1,21.47,EVER GIVEN,IMO2377027,PA,V538,705,COSU,MBL,YMLU150166242,COSU652837813,TCLU4826293,40HC,DRY,HC,LCL,CY/CY,Expeditors,9838.38
52064400,6003202503000000610101,520644,5,"Cotton yarn; (not sewing thread), multiple or cabled, of combed fibres, less than 85% by weight of cotton, 192.30 to 125 decitex (53 to 80 metric number) per single yarn, not for retail sale",MARKS8453,Brazil,India,India,7,2025,3,2025-03,2025-03-03,20250315,20250315,export,1,5485974,10440.99,kg,KG,COTTON STAR INDUSTRIAL LTDA,[in full dataset],BLUMENAU,,,,Y,KAS CARPET YARN DYERS,[in full dataset],Jaunpur,,,,Y,COTTON STAR INDUSTRIAL LTDA,[in full dataset],,22851.2,22851.2,Suape,"Mundra, Gujarat",Jaunpur,1,1,28.56,YM WARRANTY,IMO3563755,SG,V275,616,APLU,HBL,ONEY349170189,YMLU250580810,MSCU6773556,20GP,OPEN TOP,HC,FCL,CY/CY,Expeditors,9262.39
,6003202303000003109470,690723,6,"Ceramic tiles; flags and paving, hearth or wall tiles other than those of subheadings 6907.30 and 6907.40, of a water absorption coefficient by weight over 10%",MARKS6328,China,India,India,8,2023,3,2023-03,2023-03-20,20230322,20230322,export,1,58788652,592.54,kg,KG,"Guangdong Sanfi Ceramics Group Co., Ltd.",[in full dataset],Foshan,,www.sanfi.cc,[in full dataset],Y,SHRI KRISHNA BRICKS,[in full dataset],Mohali,,,,Y,"Guangdong Sanfi Ceramics Group Co., Ltd.",[in full dataset],,24439.4,24439.4,Ningbo-Zhoushan,Visakhapatnam,Mohali,1,1,30.55,MSC GULSUN,IMO8610482,MH,V218,604,EGLV,HBL,CMDU104306131,MSCU169158073,TGHU1302907,40GP,REEFER,RF,LCL,CY/CFS,DB Schenker,558.3
69099000,6003202306000000674107,690990,7,"Ceramic wares; pots, jars and similar articles of a kind used for the conveyance or packing of goods and ceramic troughs, tubs and similar receptacles used in agriculture",MARKS9248,Poland,India,India,7,2023,6,2023-06,2023-06-14,20230613,20230613,export,1,4140183,62141.51,kg,KG,NGK CERAMICS POLSKA SP Z O O,[in full dataset],Gliwice,,www.ngk.com.pl,[in full dataset],N,R.A.K.CERAMICS INDIA PRIVATE LIMITED,[in full dataset],Hyderabad,,www.rakceramics.com,[in full dataset],Y,NGK CERAMICS POLSKA SP Z O O,[in full dataset],,21493.7,21493.7,Gdansk,"Nhava Sheva (JNPT), Mumbai",Hyderabad,1,1,26.87,MSC GULSUN,IMO6696183,LR,V220,819,MSCU,MBL,CMDU812210502,EGLV797949438,FCIU2538992,40GP,DRY,RF,LCL,CY/CFS,Expeditors,58772.5
08051000,6003201603000006010616,080510,7,"Fruit, edible; oranges, fresh or dried",MARKS9462,China,India,India,5,2016,3,2016-03,2016-03-03,20160315,20160315,export,1,24748656,78733.56,kg,KG,"Telling Telecommunication Holding Co.,Ltd.",[in full dataset],Beijing,,www.chinatelling.com,[in full dataset],Y,WOW MOMO FOODS PRIVATE LIMITED,[in full dataset],Kolkata,,www.wowmomo.com,[in full dataset],Y,"Telling Telecommunication Holding Co.,Ltd.",[in full dataset],,19028.3,19028.3,Ningbo-Zhoushan,"Nhava Sheva (JNPT), Mumbai",Kolkata,1,1,23.79,MOL TRIUMPH,IMO4479875,LR,V371,505,ONEY,SWB,MAEU712877561,MAEU604220029,TCLU2938787,20GP,OPEN TOP,RF,LCL,CY/CY,Bollore Logistics,70656.83
48026110,6003201812000003176476,480261,6,"Uncoated paper and paperboard (not 4801 or 4803); over 10% by weight of mechanical or chemi-mechanical processed fibre, in rolls",MARKS5431,Singapore,India,India,8,2018,12,2018-12,2018-12-16,20181214,20181214,export,1,13054213.6,17189.65,kg,KG,PEARSON EDUCATION SOUTH ASIA PTE. LTD.,[in full dataset],Singapore,,www.pearsonedasia.com,[in full dataset],Y,J P TOBACCO PRODUCTS PRIVATE LIMITED,[in full dataset],Damoh,,,,N,PEARSON EDUCATION SOUTH ASIA PTE. LTD.,[in full dataset],,18434,18434,Singapore (PSA),Tuticorin,Damoh,1,1,23.04,EVER ACME,IMO6543283,PA,V855,736,MAEU,MBL,MSCU784659351,EGLV829293101,TGHU2434281,20GP,FLAT RACK,RF,LCL,CY/CFS,Nippon Express,15541.34
69139000,6003202301000003238946,691390,8,Ceramic statuettes and other ornamental ceramic articles; other than of porcelain or china,MARKS1071,China,India,India,6,2023,1,2023-01,2023-01-22,20230128,20230128,export,1,67415595,6846.24,kg,KG,"Lixian Xinpeng Ceramics Co., Ltd.",[in full dataset],Changde,,www.dongpengart.cn,[in full dataset],Y,CERAMIC TABLEWARE INDIA PRIVATE LIMITED,[in full dataset],Jaipur,,www.bharatin.com,[in full dataset],Y,"Lixian Xinpeng Ceramics Co., Ltd.",[in full dataset],,8669.7,8669.7,Shenzhen,Visakhapatnam,Jaipur,1,1,10.84,MSC GULSUN,IMO1657044,PA,V459,843,MSCU,SWB,EGLV528625717,EGLV999618957,GESU9118240,40GP,FLAT RACK,GP,FCL,CY/CY,CEVA Logistics,6403.55
40121200,6003201903000004078375,401212,9,Retreaded tyres; of a kind used on motor buses or lorries,MARKS7874,United States,India,India,6,2019,3,2019-03,2019-03-25,20190324,20190324,export,1,14952726,10838.89,kg,KG,RPM International Inc.,[in full dataset],Medina,,www.rpminc.com,[in full dataset],Y,RELIANCE INDUSTRIES LIMITED,[in full dataset],Mumbai,,www.ril.com,[in full dataset],Y,RPM International Inc.,[in full dataset],,13704.3,13704.3,"Los Angeles, CA",Visakhapatnam,Mumbai,1,1,17.13,MSC OSCAR,IMO4680238,MH,V736,398,APLU,HBL,MSCU283718340,EGLV535638484,MSCU2466635,20GP,OPEN TOP,HC,FCL,CY/CY,DB Schenker,10026.56
07101000,6003202602000001372859,071010,6,"Vegetables; potatoes, uncooked or cooked by steaming or boiling in water, frozen",MARKS9109,Australia,India,India,9,2026,2,2026-02,2026-02-11,20260228,20260228,export,1,138496072.64,7695.82,kg,KG,ADM TRADING AUSTRALIA PTY LTD,[in full dataset],Adelaide,,www.admgrain.com.au,[in full dataset],Y,KRISHNA INDUSTRIES,[in full dataset],Bhavnagar,,,,N,ADM TRADING AUSTRALIA PTY LTD,[in full dataset],,11434.6,11434.6,Brisbane,Kandla,Bhavnagar,1,1,14.29,EVER GIVEN,IMO4770540,LR,V196,444,CMDU,MBL,HLCU872304397,MSCU588523930,GESU6363384,20GP,OPEN TOP,RF,LCL,CY/CY,DB Schenker,6794.35
15041091,6003201511000004205833,150410,9,"Oils of fish; fish-liver oils and their fractions, whether or not refined, but not chemically modified",MARKS6781,Malaysia,India,India,6,2015,11,2015-11,2015-11-11,20151113,20151113,export,1,179569503.37,8075.49,kg,KG,NGO CHEW HONG OILS & FATS (M) SDN. BHD.,[in full dataset],Semenyih,,www.mewahgroup.com,[in full dataset],Y,GANESH OILS AND FATS,[in full dataset],Moga,,,,Y,NGO CHEW HONG OILS & FATS (M) SDN. BHD.,[in full dataset],,11665.3,11665.3,Tanjung Pelepas,"Nhava Sheva (JNPT), Mumbai",Moga,1,1,14.58,CMA CGM JULES VERNE,IMO3276373,SG,V348,286,ONEY,SWB,MAEU209760530,COSU838921309,CAIU8382240,40GP,REEFER,HC,FCL,CY/CFS,Sinotrans,7098.81
69109000,6003202308000003011431,691090,8,"Ceramic sinks, wash basins, wash basin pedestals, baths, bidets, water closet pans, flushing cisterns, urinals and similar sanitary fixtures; of other than porcelain or china",MARKS2123,China,India,India,9,2023,8,2023-08,2023-08-19,20230802,20230802,export,1,54632094,4750.89,kg,KG,"Dezhou Lehua Ceramics Sanitary Fixtures Co., Ltd.",[in full dataset],Dezhou,,www.arrow-home.cn,[in full dataset],Y,CERAMIC TABLEWARE INDIA PRIVATE LIMITED,[in full dataset],Jaipur,,www.bharatin.com,[in full dataset],N,"Dezhou Lehua Ceramics Sanitary Fixtures Co., Ltd.",[in full dataset],,21766.6,21766.6,Yingkou,Kandla,Jaipur,1,1,27.21,MAERSK MOLLER,IMO4755463,SG,V285,843,CMDU,MBL,HLCU154505228,YMLU889067694,GESU6208780,40GP,REEFER,HC,FCL,CY/CFS,DB Schenker,4161.59
,6003201903000003549087,401180,5,"Rubber; new pneumatic tyres, of a kind used on construction, mining or industrial handling vehicles and machines",MARKS9534,Malaysia,India,India,8,2019,3,2019-03,2019-03-09,20190321,20190321,export,1,12483123.03,3900.94,kg,KG,TIONG HUAT RUBBER FACTORY SDN BHD,[in full dataset],Sungai Petani,,www.tionghuatrubber.com,[in full dataset],Y,MRF LIMITED,[in full dataset],Chennai,,www.mrftyres.com,[in full dataset],Y,TIONG HUAT RUBBER FACTORY SDN BHD,[in full dataset],,14123,14123,Penang,Tuticorin,Chennai,1,1,17.65,HYUNDAI LOYALTY,IMO4890450,SG,V676,428,ONEY,HBL,ONEY531652512,ONEY188243652,CAIU1970807,40GP,REEFER,RF,FCL,CY/CFS,DHL Global Forwarding,3597.69
,6003201510000004329447,150940,8,"Vegetable oils; olive oil and its fractions, virgin olive oils n.e.c. in heading 1509, whether or not refined, but not chemically modified",MARKS7364,Malaysia,India,India,6,2015,10,2015-10,2015-10-16,20151004,20151004,export,1,213644515.15,15175.52,kg,KG,PACIFIC OILS & FATS INDUSTRIES SDN. BHD.,[in full dataset],Kulai,,www.pacificofats.com,[in full dataset],Y,JENNY OILS AND FATS PRIVATE LIMITED,[in full dataset],Jaipur,,jennyoils.com,[in full dataset],N,PACIFIC OILS & FATS INDUSTRIES SDN. BHD.,[in full dataset],,20131.2,20131.2,Port Klang,"Mundra, Gujarat",Jaipur,1,1,25.16,CMA CGM JULES VERNE,IMO6410255,MH,V489,795,MSCU,MBL,MAEU305061388,CMDU790256103,TCLU5432647,20GP,TANK,GP,FCL,CY/CFS,Nippon Express,13461.58
07032000,6003202601000001277198,070320,8,"Vegetables, alliaceous; garlic, fresh or chilled",MARKS9319,Australia,India,India,9,2026,1,2026-01,2026-01-15,20260102,20260102,export,1,106461162.68,306.89,kg,KG,ADM TRADING AUSTRALIA PTY LTD,[in full dataset],Adelaide,,www.admgrain.com.au,[in full dataset],Y,PARAYIL FOOD PRODUCTS PRIVATE LIMITED,[in full dataset],Alappuzha,,www.parayilgroup.com,[in full dataset],Y,ADM TRADING AUSTRALIA PTY LTD,[in full dataset],,24292.6,24292.6,Melbourne,Tuticorin,Alappuzha,1,1,30.37,OOCL HONG KONG,IMO8791381,MH,V374,931,COSU,HBL,MAEU914994199,MAEU429788291,CAIU1465520,45HC,DRY,RF,FCL,CFS/CFS,CEVA Logistics,285.62
68029300,6003202209000003336140,680293,6,"Granite; articles thereof, (other than simply cut or sawn, with a flat or even surface)",MARKS4061,China,India,India,8,2022,9,2022-09,2022-09-06,20220911,20220911,export,1,53060559,10558.2,kg,KG,"Huaxin Building Materials Group Co.,Ltd.",[in full dataset],Wuhan,,www.huaxincem.com,[in full dataset],N,R G STONE UROLOGICAL RESEARCH INSTITUTE,[in full dataset],New Delhi,,www.rghospitals.com,[in full dataset],Y,"Huaxin Building Materials Group Co.,Ltd.",[in full dataset],,23138.4,23138.4,Qingdao,Visakhapatnam,New Delhi,1,1,28.92,EVER GIVEN,IMO6431050,PA,V153,840,HMMU,HBL,MAEU569285271,MSCU528513087,GESU4984472,45HC,FLAT RACK,HC,FCL,CFS/CFS,Nippon Express,9636.52
44012100,6003201709000004229597,440121,6,"Wood; for fuel, in chips or particles, coniferous, whether or not agglomerated",MARKS4743,Indonesia,India,India,7,2017,9,2017-09,2017-09-12,20170906,20170906,export,1,13089637.31,2304.21,kg,KG,PT KORINTIGA HUTANI,[in full dataset],Kota Administrasi Jakarta Selatan,,www.kth.co.id/,[in full dataset],Y,SHREE LAXMI TIMBER TRADERS & SAW MILLS,[in full dataset],East Singhbhum,,,,Y,PT KORINTIGA HUTANI,[in full dataset],,23243.6,23243.6,Makassar,Kandla,East Singhbhum,1,1,29.05,CMA CGM JULES VERNE,IMO4273804,SG,V721,65,YMLU,MBL,CMDU685989931,ONEY198265546,GESU3791999,20GP,OPEN TOP,RF,FCL,CY/CFS,Bollore Logistics,2183.26
69060000,6003202305000000626334,690600,5,"Ceramic pipes, conduits, guttering and pipe fittings",MARKS3045,United States,India,India,7,2023,5,2023-05,2023-05-01,20230513,20230513,export,1,3745585,19071.18,kg,KG,S&P Global Inc.,[in full dataset],New York,,www.spglobal.com,[in full dataset],Y,CERAMIC TABLEWARE INDIA PRIVATE LIMITED,[in full dataset],Jaipur,,www.bharatin.com,[in full dataset],Y,S&P Global Inc.,[in full dataset],,20643,20643,"Seattle, WA",Kolkata,Jaipur,1,1,25.8,CMA CGM JULES VERNE,IMO4930333,SG,V557,441,ONEY,HBL,EGLV177355760,MSCU167307576,FCIU1024898,40HC,OPEN TOP,RF,FCL,CY/CY,DHL Global Forwarding,18065.33
09061120,6003202005000000182519,090611,8,"Spices; cinnamon (Cinnamomum zeylanicum Blume), neither crushed nor ground",MARKS9765,China,India,India,9,2020,5,2020-05,2020-05-02,20200518,20200518,export,1,745170,52439.41,kg,KG,"Chengdu Starbucks Coffee Co., Ltd.",[in full dataset],Chengdu,,www.lkfchengdu.com,[in full dataset],Y,BELAPURKAR SPICES AND DEHYDRATED PRODUCTS PRIVATE LIMITED,[in full dataset],Ahilyanagar,,,,N,"Chengdu Starbucks Coffee Co., Ltd.",[in full dataset],,13603.7,13603.7,Xiamen,Tuticorin,Ahilyanagar,1,1,17,OOCL HONG KONG,IMO9975882,PA,V299,162,CMDU,SWB,YMLU671932903,COSU110914711,FCIU3438743,20GP,DRY,HC,FCL,CFS/CFS,Bollore Logistics,46166.69
09096131,6003202010000001605261,090961,6,"Spices; seeds of anise, badian, caraway or fennel; juniper berries, neither crushed nor ground",MARKS7657,Indonesia,India,India,8,2020,10,2020-10,2020-10-23,20201008,20201008,export,1,15964325.41,12621.55,kg,KG,PT PAGILARAN,[in full dataset],Kota Yogyakarta,,,,Y,ROOTS CORPORATION LIMITED,[in full dataset],Mumbai,,www.gingerhotels.com,[in full dataset],Y,PT PAGILARAN,[in full dataset],,16816.6,16816.6,"Tanjung Priok, Jakarta",Tuticorin,Mumbai,1,1,21.02,EVER GIVEN,IMO1216085,LR,V347,395,EGLV,MBL,EGLV181747244,CMDU368139978,BMOU9668644,40GP,REEFER,RF,LCL,CFS/CFS,Nippon Express,11476.19
68138900,6003202205000003271849,681389,6,"Friction material and articles thereof (e.g. sheets, rolls, strips, segments, discs, washers, pads) not mounted; for clutches or the like (not brake linings and pads), with a basis of mineral substances or cellulose (other than asbestos)",MARKS9233,China,India,India,7,2022,5,2022-05,2022-05-05,20220504,20220504,export,1,51024546,6549.47,kg,KG,"Shanxi Xinheyuan Building Materials Co., Ltd.",[in full dataset],Yuncheng,,,,Y,JG OUTSOURCING SERVICES,[in full dataset],Rangareddy,,,,Y,"Shanxi Xinheyuan Building Materials Co., Ltd.",[in full dataset],,17964.5,17964.5,Shanghai,Cochin,Rangareddy,1,1,22.46,MAERSK MOLLER,IMO9547833,PA,V831,982,APLU,HBL,COSU559781105,COSU217327251,GESU6064705,45HC,FLAT RACK,RF,LCL,CFS/CFS,Kuehne + Nagel,5926.13
48045100,6003201812000002166031,480451,8,"Kraft paper and paperboard; uncoated, unbleached, weight 225g/m2 or more, in rolls or sheets, other than that of heading no. 4802 or 4803",MARKS4522,Germany,India,India,8,2018,12,2018-12,2018-12-15,20181222,20181222,export,1,8042417.28,29435.28,kg,KG,Sutton Verlag GmbH,[in full dataset],München,,www.verlagshaus24.com,[in full dataset],Y,TAMILNADU NEWSPRINT & PAPERS LIMITED,[in full dataset],Chennai,,www.tnpl.com,[in full dataset],Y,Sutton Verlag GmbH,[in full dataset],,2403.7,2403.7,Bremerhaven,Chennai,Chennai,1,1,3,BARZAN,IMO8811863,MH,V525,317,ONEY,SWB,EGLV591805059,ONEY229237984,TCLU8024499,40HC,REEFER,HC,FCL,CFS/CFS,DB Schenker,26626.83
15162099,6003201501000004216625,151620,9,"Vegetable fats and oils and their fractions; partly or wholly hydrogenated, inter-esterified, re-esterified or elaidinised, whether or not refined, but not further prepared",MARKS2416,Indonesia,India,India,7,2015,1,2015-01,2015-01-03,20150124,20150124,export,1,190010469,54625.59,kg,KG,PT INNO-WANGSA OILS & FATS,[in full dataset],Kota Medan,,www.inno-wangsa.co.id,[in full dataset],N,SHREE BALAJI OILS & FATS,[in full dataset],Patiala,,,,Y,PT INNO-WANGSA OILS & FATS,[in full dataset],,11430.2,11430.2,Belawan,"Nhava Sheva (JNPT), Mumbai",Patiala,1,1,14.29,EVER ACME,IMO8902764,SG,V183,863,CMDU,SWB,ONEY875974000,COSU909227913,BMOU9657755,40GP,FLAT RACK,GP,LCL,CFS/CFS,DB Schenker,50344.39
69059000,6003202307000003178238,690590,9,"Ceramic chimney-pots, cowls, chimney liners, architectural ornaments and other constructional goods (excluding roofing tiles)",MARKS3640,China,India,India,9,2023,7,2023-07,2023-07-25,20230711,20230711,export,1,62972638,17830.91,kg,KG,"Wenzhou Hongli Machinery Co., Ltd.",[in full dataset],Wenzhou,,www.chinatianchi.com,[in full dataset],Y,SAINI BRICKS UDYOG,[in full dataset],Hanumangarh,,,,Y,"Wenzhou Hongli Machinery Co., Ltd.",[in full dataset],,13367.6,13367.6,Shanghai,Chennai,Hanumangarh,1,1,16.71,HYUNDAI LOYALTY,IMO1196166,LR,V281,278,HLCU,MBL,ONEY543662387,YMLU562477868,MSCU2341535,20GP,TANK,RF,FCL,CY/CY,DSV,16942.03
,6003201612000000180726,080291,7,"Nuts, edible; pine nuts, fresh or dried, in shell",MARKS4910,Egypt,India,India,9,2016,12,2016-12,2016-12-02,20161226,20161226,export,1,380842.55,1954.92,kg,KG,UNITED HORUS FOR AGRICULTURAL CROPS,[in full dataset],Alexandria,,,,Y,MMK EXPORTS,[in full dataset],Kollam,,,,Y,UNITED HORUS FOR AGRICULTURAL CROPS,[in full dataset],,22271.7,22271.7,Damietta,Kandla,Kollam,1,1,27.84,APL MEXICO CITY,IMO8668335,MH,V282,49,CMDU,MBL,MSCU622294042,YMLU799803749,TCLU7372194,40GP,FLAT RACK,HC,FCL,CY/CY,DHL Global Forwarding,1800.86
15081000,6003201509000004516419,150810,9,"Vegetable oils; ground-nut oil and its fractions, crude, not chemically modified",MARKS8114,Indonesia,India,India,7,2015,9,2015-09,2015-09-21,20150918,20150918,export,1,292584194,21580.62,kg,KG,PT INNO-WANGSA OILS & FATS,[in full dataset],Kota Medan,,www.inno-wangsa.co.id,[in full dataset],Y,TALLOW TEMPTATIONS LLP,[in full dataset],Mumbai,,,,Y,PT INNO-WANGSA OILS & FATS,[in full dataset],,16017.6,16017.6,Makassar,Cochin,Mumbai,1,1,20.02,EVER ACME,IMO8266816,PA,V875,320,APLU,MBL,YMLU326302209,MSCU987861378,FCIU1303214,40HC,TANK,GP,FCL,CFS/CFS,CEVA Logistics,19900.03
,6003201707000005634940,441875,8,"Wood; assembled flooring panels, not of bamboo or with at least the top layer (wear layer) of bamboo, multilayer",MARKS5580,China,India,India,9,2017,7,2017-07,2017-07-26,20170715,20170715,export,1,20447223,2283.16,kg,KG,Tonglu County Baijiang Town Xingchun Wooden Article Factory,[in full dataset],Hangzhou,,,,Y,SWARNA PARTICLE BOARD & LAMINATES,[in full dataset],Sitapur,,,,N,Tonglu County Baijiang Town Xingchun Wooden Article Factory,[in full dataset],,10007.4,10007.4,Qingdao,"Nhava Sheva (JNPT), Mumbai",Sitapur,1,1,12.51,MADRID MAERSK,IMO5290279,MH,V231,663,COSU,MBL,MSCU315094523,CMDU345756626,MSCU3366974,45HC,REEFER,GP,FCL,CFS/CFS,Bollore Logistics,2134.04
25132010,6003202108000005143354,251320,5,"Emery, natural corundum, natural garnet and other natural abrasives, whether or not heat-treated",MARKS1896,China,India,India,8,2021,8,2021-08,2021-08-18,20210815,20210815,export,1,13461711,400.07,kg,KG,Anhui Conch Cement Company Limited,[in full dataset],Wuhu,,www.conch.cn,[in full dataset],Y,ULTRATECH CEMENT LIMITED,[in full dataset],Mumbai,,www.ultratechcement.com,[in full dataset],N,Anhui Conch Cement Company Limited,[in full dataset],,12451,12451,Shenzhen,Cochin,Mumbai,1,1,15.56,CMA CGM JULES VERNE,IMO4921048,PA,V680,637,OOLU,HBL,MSCU270907499,CMDU873370869,MSCU2918094,40GP,TANK,HC,LCL,CY/CY,Yusen Logistics,360.14
70080020,6003202405000005577778,700800,5,Glass; multiple-walled insulating units of glass,MARKS5223,China,India,India,9,2024,5,2024-05,2024-05-04,20240501,20240501,export,1,143905744,1686.94,kg,KG,"Taishan Fiberglass Zoucheng Co., Ltd",[in full dataset],Zoucheng,,,,Y,PGP GLASS PRIVATE LIMITED,[in full dataset],Mumbai,,www.pgpfirst.com,[in full dataset],Y,"Taishan Fiberglass Zoucheng Co., Ltd",[in full dataset],,21151.8,21151.8,Xiamen,Chennai,Mumbai,1,1,26.44,CMA CGM JULES VERNE,IMO3352283,LR,V691,453,APLU,MBL,HLCU637337904,EGLV170627893,MSCU3058490,45HC,REEFER,HC,LCL,CFS/CFS,DB Schenker,1535.76
08092100,6003201608000010921568,080921,7,"Fruit, edible; sour cherries (Prunus cerasus), fresh",MARKS1615,United States,India,India,6,2016,8,2016-08,2016-08-23,20160827,20160827,export,1,99381205,4746.19,kg,KG,"Tyson Foods, Inc.",[in full dataset],Springdale,,www.tysonfoods.com,[in full dataset],Y,WOW MOMO FOODS PRIVATE LIMITED,[in full dataset],Kolkata,,www.wowmomo.com,[in full dataset],Y,"Tyson Foods, Inc.",[in full dataset],,15760.7,15760.7,"Seattle, WA","Mundra, Gujarat",Kolkata,1,1,19.7,EVER GIVEN,IMO5545344,LR,V330,195,APLU,SWB,CMDU707754298,MSCU378103648,BMOU9014651,20GP,DRY,RF,FCL,CY/CFS,Kuehne + Nagel,4278.51
25252010,6003202111000001435383,252520,6,Mica; powder,MARKS8953,Saudi Arabia,India,India,5,2021,11,2021-11,2021-11-23,20211101,20211101,export,1,2158375.15,7301.12,kg,KG,YANBU CEMENT COMPANY,[in full dataset],Jeddah,,www.yanbucement.com,[in full dataset],Y,SWASTIK ASBESTOS PRODUCTS LIMITED,[in full dataset],Pune,,,,Y,YANBU CEMENT COMPANY,[in full dataset],,3640.3,3640.3,Jeddah,Kandla,Pune,1,1,4.55,MADRID MAERSK,IMO9176892,SG,V431,215,ZIMU,MBL,CMDU780422427,ONEY762566335,CAIU1967798,40GP,OPEN TOP,RF,LCL,CY/CFS,Bollore Logistics,6447.19
07133500,6003202603000001195149,071335,8,"Vegetables, leguminous; cow peas (Vigna unguiculata), shelled, whether or not skinned or split, dried",MARKS8072,Canada,India,India,8,2026,3,2026-03,2026-03-23,20260327,20260327,export,1,81233737.75,7703.68,kg,KG,Carrots And Cake - Balanced Nutrition Consulting,[in full dataset],Winnipeg,,,,Y,AJANTA SOYA LIMITED,[in full dataset],New Delhi,,www.ajantasoya.com,[in full dataset],Y,Carrots And Cake - Balanced Nutrition Consulting,[in full dataset],,21971,21971,"Montreal, QC",Chennai,New Delhi,1,1,27.46,CSCL GLOBE,IMO7451638,PA,V739,899,MSCU,HBL,EGLV840729466,MAEU772674994,BMOU4024188,20GP,TANK,HC,FCL,CY/CFS,DB Schenker,6788.53
25262000,6003202104000004454350,252620,6,"Steatite; natural, crushed, powdered, whether or not roughly trimmed or merely cut, by sawing or otherwise, into blocks or slabs of a rectangular (including square) shape; talc",MARKS1565,Turkiye,India,India,8,2021,4,2021-04,2021-04-14,20210426,20210426,export,1,9868483,2190.44,kg,KG,SIRMERSAN MERMER SANAYI ANONIM SIRKETI,[in full dataset],Denizli,,www.sirmersan.com,[in full dataset],Y,LUCKY MINERALS,[in full dataset],Keonjhar,,,,Y,SIRMERSAN MERMER SANAYI ANONIM SIRKETI,[in full dataset],,22312.4,22312.4,Main Container Port,Chennai,Keonjhar,1,1,27.89,MSC OSCAR,IMO5353176,SG,V587,359,OOLU,MBL,MAEU615465685,COSU664711234,MSCU6445932,40GP,REEFER,GP,FCL,CY/CFS,DB Schenker,1972.91
09041180,6003202008000001445707,090411,9,"Spices; pepper (of the genus piper), neither crushed nor ground",MARKS6616,Indonesia,India,India,9,2020,8,2020-08,2020-08-09,20200803,20200803,export,1,12403429.31,55541.75,kg,KG,PT DELTA MATE MAJALENGKA,[in full dataset],Kabupaten Majalengka,,,,Y,BARISTS COFFEE COMPANY LIMITED,[in full dataset],New Delhi,,,,Y,PT DELTA MATE MAJALENGKA,[in full dataset],,19561,19561,Belawan,Tuticorin,New Delhi,1,1,24.45,BARZAN,IMO9292781,PA,V871,983,HLCU,MBL,COSU823532932,HLCU210943504,TGHU3167333,45HC,OPEN TOP,HC,LCL,CFS/CFS,Sinotrans,50963.09
15041099,6003201509000004519834,150410,9,"Oils of fish; fish-liver oils and their fractions, whether or not refined, but not chemically modified",MARKS8539,Indonesia,India,India,9,2015,9,2015-09,2015-09-12,20150902,20150902,export,1,292584194,5622.05,kg,KG,PT SUMBER TANI AGUNG OILS AND FATS,[in full dataset],Kota Administrasi Jakarta Selatan,,,,Y,FIVE STAR WAXES,[in full dataset],Thane,,,,Y,PT SUMBER TANI AGUNG OILS AND FATS,[in full dataset],,5295.8,5295.8,"Tanjung Perak, Surabaya","Nhava Sheva (JNPT), Mumbai",Thane,1,1,6.62,EVER ACME,IMO6129369,PA,V603,824,COSU,SWB,COSU253832490,CMDU620912671,FCIU7705524,20GP,TANK,GP,LCL,CY/CY,Kuehne + Nagel,5091.33
25182000,6003202110000002768623,251820,8,"Dolomite, calcined or sintered; including dolomite roughly trimmed, or merely cut by sawing or otherwise into blocks or slabs of rectangular (including square) shape",MARKS4365,United States,India,India,6,2021,10,2021-10,2021-10-21,20211011,20211011,export,1,4730752,4239.74,kg,KG,Las Vegas Sands Corp.,[in full dataset],Las Vegas,,www.sands.com,[in full dataset],Y,ULTRATECH CEMENT LIMITED,[in full dataset],Mumbai,,www.ultratechcement.com,[in full dataset],Y,Las Vegas Sands Corp.,[in full dataset],,19644.3,19644.3,"Houston, TX",Tuticorin,Mumbai,1,1,24.56,MSC OSCAR,IMO3463128,PA,V944,916,CMDU,HBL,COSU670004323,COSU828152822,CAIU8954512,45HC,REEFER,HC,FCL,CY/CY,DHL Global Forwarding,3905.29
08084000,6003201603000007883416,080840,7,"Fruit, edible; quinces, fresh",MARKS1663,United States,India,India,9,2016,3,2016-03,2016-03-24,20160319,20160319,export,1,42559420,1216.62,kg,KG,The Kraft Heinz Company,[in full dataset],Pittsburgh,,www.kraftheinzcompany.com,[in full dataset],Y,KAMCO CHEW FOOD PRIVATE LIMITED,[in full dataset],Indore,,,,Y,The Kraft Heinz Company,[in full dataset],,11987.5,11987.5,"Long Beach, CA",Visakhapatnam,Indore,1,1,14.98,APL MEXICO CITY,IMO2885212,MH,V233,491,YMLU,HBL,MAEU881704599,YMLU739747675,BMOU7445118,45HC,DRY,HC,LCL,CY/CFS,Nippon Express,1071.89
08043000,6003201608000010923481,080430,5,"Fruit, edible; pineapples, fresh or dried",MARKS5077,United States,India,India,6,2016,8,2016-08,2016-08-04,20160801,20160801,export,1,99381205,12280.4,kg,KG,The Kraft Heinz Company,[in full dataset],Pittsburgh,,www.kraftheinzcompany.com,[in full dataset],N,KBB NUTS PRIVATE LIMITED,[in full dataset],Amritsar,,www.kbbnuts.com,[in full dataset],N,The Kraft Heinz Company,[in full dataset],,4646.9,4646.9,"New York/Newark, NJ",Visakhapatnam,Amritsar,1,1,5.81,MAERSK MOLLER,IMO5949326,SG,V722,616,ONEY,SWB,EGLV421570631,MAEU826821128,MSCU7653383,40HC,DRY,RF,FCL,CY/CFS,DB Schenker,10683.93
48063000,6003201803000000700744,480630,6,"Paper; tracing papers, in rolls or sheets",MARKS2656,Malaysia,India,India,6,2018,3,2018-03,2018-03-09,20180322,20180322,export,1,2062259.66,35026.66,kg,KG,BOX-PAK (MALAYSIA) BHD.,[in full dataset],Batu Caves,,www.boxpak.com.my,[in full dataset],Y,BILT GRAPHIC PAPER PRODUCTS LIMITED,[in full dataset],Gurugram,,www.bgppl.com,[in full dataset],Y,BOX-PAK (MALAYSIA) BHD.,[in full dataset],,9761.5,9761.5,Port Klang,Chennai,Gurugram,1,1,12.2,ONE APUS,IMO5787658,LR,V828,624,YMLU,HBL,YMLU674004490,EGLV974370976,FCIU1161893,40GP,FLAT RACK,GP,FCL,CY/CY,Yusen Logistics,32558.45
,6003201707000006337267,440713,7,"Wood; coniferous species, of S-P-F (spruce (Picea spp.), pine (Pinus spp.) and fir (Abies spp.)), sawn or chipped lengthwise, sliced or peeled, whether or not planed, sanded or finger-jointed, of a thickness exceeding 6mm",MARKS4011,Malaysia,India,India,5,2017,7,2017-07,2017-07-26,20170715,20170715,export,1,24608620.22,3388.23,kg,KG,KIN YIP WOOD INDUSTRIES SDN. BHD.,[in full dataset],Tawau,,,,Y,SHREE LAXMI TIMBER TRADERS & SAW MILLS,[in full dataset],East Singhbhum,,,,N,KIN YIP WOOD INDUSTRIES SDN. BHD.,[in full dataset],,21353.4,21353.4,Port Klang,Cochin,East Singhbhum,1,1,26.69,MAERSK MOLLER,IMO9720857,MH,V354,117,CMDU,HBL,ONEY579091358,EGLV556425255,BMOU3174993,45HC,FLAT RACK,GP,FCL,CFS/CFS,Expeditors,3045.04
15179040,6003201509000004171052,151790,6,"Edible mixtures or preparations of animal, vegetable or microbial fats or oils or of fractions of different fats or oils of this Chapter, n.e.c. in heading 1517, other than edible fats and oils or their fractions of heading 15.16",MARKS9850,Malaysia,India,India,5,2015,9,2015-09,2015-09-21,20150907,20150907,export,1,171717360.4,3160.4,kg,KG,MEDILUX OILS & FATS SDN. BHD.,[in full dataset],Pelabuhan Klang,,www.mediluxoil.com,[in full dataset],N,RADHIKA VEGETABLE OILS PRIVATE LIMITED,[in full dataset],Visakhapatnam,,www.radhikagroup.in,[in full dataset],Y,MEDILUX OILS & FATS SDN. BHD.,[in full dataset],,12943.1,12943.1,Port Klang,Cochin,Visakhapatnam,1,1,16.18,EVER ACME,IMO2714316,SG,V598,795,MSCU,MBL,EGLV110068399,YMLU409634504,FCIU7675011,40HC,TANK,RF,LCL,CFS/CFS,DB Schenker,2840.11
48026930,6003201807000002132146,480269,9,"Uncoated paper and paperboard (not 4801 or 4803); over 10% by weight of mechanical or chemi-mechanical processed fibre, other than rolls, other than sheets 435mm or less by 297mm or less (unfolded)",MARKS5118,United States,India,India,6,2018,7,2018-07,2018-07-02,20180722,20180722,export,1,7903517,12248.56,kg,KG,International Paper Company,[in full dataset],Memphis,,www.internationalpaper.com,[in full dataset],Y,TAMILNADU NEWSPRINT & PAPERS LIMITED,[in full dataset],Chennai,,www.tnpl.com,[in full dataset],Y,International Paper Company,[in full dataset],,11545.5,11545.5,"Norfolk, VA",Visakhapatnam,Chennai,1,1,14.43,MSC GULSUN,IMO6390712,MH,V445,522,ONEY,HBL,EGLV813189803,MAEU387882451,TCLU2229794,45HC,REEFER,HC,LCL,CY/CY,CEVA Logistics,11595.83
69119010,6003202306000000674106,691190,8,"Household and toilet articles; n.e.c. in heading no. 6911, of porcelain or china",MARKS8154,Poland,India,India,6,2023,6,2023-06,2023-06-04,20230620,20230620,export,1,4140183,14544.48,kg,KG,NGK CERAMICS POLSKA SP Z O O,[in full dataset],Gliwice,,www.ngk.com.pl,[in full dataset],Y,ASIM BRICKS,[in full dataset],Varanasi,,,,Y,NGK CERAMICS POLSKA SP Z O O,[in full dataset],,11037.1,11037.1,Gdynia,Kandla,Varanasi,1,1,13.8,BARZAN,IMO7348044,MH,V606,564,OOLU,SWB,CMDU352807313,COSU606614282,TGHU5668561,40HC,FLAT RACK,GP,FCL,CFS/CFS,Yusen Logistics,13304.76
15021090,6003201511000002906345,150210,8,Tallow; other than those of heading 1503,MARKS2777,Brazil,India,India,6,2015,11,2015-11,2015-11-19,20151108,20151108,export,1,58768817,3509.8,kg,KG,J. N. M. O. NUKINI,[in full dataset],MANCIO LIMA,,,,Y,BLOSSOMS OILS AND FATS LIMITED,[in full dataset],Hyderabad,,www.blossomsoils.com,[in full dataset],N,J. N. M. O. NUKINI,[in full dataset],,21088.2,21088.2,Paranagua,Kandla,Hyderabad,1,1,26.36,HYUNDAI LOYALTY,IMO7589772,LR,V173,726,HLCU,MBL,HLCU216832151,CMDU829790828,MSCU3318309,20GP,OPEN TOP,RF,FCL,CY/CY,Expeditors,3080.76
07102900,6003202602000001362570,071029,6,"Vegetables, leguminous; (other than peas or beans), shelled or unshelled, uncooked or cooked by steaming or boiling in water, frozen",MARKS6765,Australia,India,India,5,2026,2,2026-02,2026-02-07,20260213,20260213,export,1,138496072.64,13191.09,kg,KG,ADM TRADING AUSTRALIA PTY LTD,[in full dataset],Adelaide,,www.admgrain.com.au,[in full dataset],Y,SAKTHI ONIONS,[in full dataset],Erode,,,,Y,ADM TRADING AUSTRALIA PTY LTD,[in full dataset],,17137.5,17137.5,Fremantle,Cochin,Erode,1,1,21.42,COSCO UNIVERSE,IMO8184710,PA,V568,612,YMLU,SWB,HLCU836979303,CMDU781941263,TCLU3812551,40HC,TANK,GP,FCL,CY/CFS,DB Schenker,11949.06
,6003201711000002664257,440324,9,"Wood; coniferous species, of fir (Abies spp.) and spruce (Picea spp.), in the rough, whether or not stripped of bark or sapwood, or roughly squared, untreated, of which any cross-sectional dimension is less than 15 cm",MARKS6813,Germany,India,India,5,2017,11,2017-11,2017-11-11,20171116,20171116,export,1,6852532.89,5268.99,kg,KG,MAX-Holz Systemtechnik GmbH,[in full dataset],Marienwerder,,www.max-holzbau.com,[in full dataset],Y,M P VENEER & PLYWOOD PRIVATE LIMITED,[in full dataset],Indore,,,,Y,MAX-Holz Systemtechnik GmbH,[in full dataset],,13004.6,13004.6,Bremerhaven,Chennai,Indore,1,1,16.26,YM WARRANTY,IMO6889764,LR,V623,941,MAEU,SWB,CMDU702051846,YMLU709493346,GESU4393223,40GP,REEFER,GP,FCL,CFS/CFS,Sinotrans,4800.89
48181000,6003201809000002468663,481810,6,Paper articles; toilet paper,MARKS9827,Japan,India,India,5,2018,9,2018-09,2018-09-12,20180905,20180905,export,1,9376480.57,100217.2,kg,KG,JAPAN PULP AND PAPER COMPANY LIMITED,[in full dataset],CHUO-KU,,www.kamipa.co.jp/,[in full dataset],N,G V G PAPER MILLS PRIVATE LIMITED,[in full dataset],Udumalpet,,,,Y,JAPAN PULP AND PAPER COMPANY LIMITED,[in full dataset],,19438.9,19438.9,Tokyo,Chennai,Udumalpet,1,1,24.3,HMM ALGECIRAS,IMO4350837,SG,V930,124,ONEY,SWB,EGLV301000014,EGLV672297385,MSCU4364685,40HC,OPEN TOP,GP,LCL,CY/CFS,Nippon Express,94756.75
70199090,6003202412000005701184,701990,9,Glass fibres; n.e.c. in heading no. 7019,MARKS5849,China,India,India,7,2024,12,2024-12,2024-12-01,20241224,20241224,export,1,156712359,92353.92,kg,KG,"FUYAO GLASS INDUSTRY GROUP CO., LTD.",[in full dataset],Fuqing,,www.fuyaogroup.com,[in full dataset],Y,SISECAM FLAT GLASS INDIA PRIVATE LIMITED,[in full dataset],Panchmahal,,sisecam.com.tr,[in full dataset],N,"FUYAO GLASS INDUSTRY GROUP CO., LTD.",[in full dataset],,755.7,755.7,Dalian,Kandla,Panchmahal,1,1,0.94,MOL TRIUMPH,IMO2455881,PA,V820,83,MSCU,SWB,MSCU753084811,HLCU232962256,TGHU7014007,40HC,DRY,RF,LCL,CY/CFS,CEVA Logistics,84692.57
15152990,6003201510000004620463,151529,8,"Vegetable oils; maize (corn) oil and its fractions, other than crude, whether or not refined, but not chemically modified",MARKS8541,Indonesia,India,India,7,2015,10,2015-10,2015-10-16,20151028,20151028,export,1,350486499,10857.24,kg,KG,PT INNO-WANGSA OILS & FATS,[in full dataset],Kota Medan,,www.inno-wangsa.co.id,[in full dataset],N,RADHIKA VEGETABLE OILS PRIVATE LIMITED,[in full dataset],Visakhapatnam,,www.radhikagroup.in,[in full dataset],Y,PT INNO-WANGSA OILS & FATS,[in full dataset],,3102,3102,"Tanjung Perak, Surabaya",Cochin,Visakhapatnam,1,1,3.88,COSCO UNIVERSE,IMO9101463,LR,V406,568,CMDU,MBL,HLCU984474595,EGLV327984993,TCLU4133739,20GP,FLAT RACK,HC,FCL,CY/CFS,Yusen Logistics,9483.02
07095100,6003202603000001198944,070951,7,"Vegetables; mushrooms of the genus Agaricus, fresh or chilled",MARKS9187,Canada,India,India,5,2026,3,2026-03,2026-03-03,20260312,20260312,export,1,81233737.75,2179.58,kg,KG,Grade A Fruits And Vegetables Ltd,[in full dataset],Laval,,,,Y,GI LASALGAON ONIONS FARMER PRODUCER COMPANY LIMITED,[in full dataset],Nashik,,,,Y,Grade A Fruits And Vegetables Ltd,[in full dataset],,17050.4,17050.4,"Prince Rupert, BC",Tuticorin,Nashik,1,1,21.31,CSCL GLOBE,IMO6192056,MH,V658,242,APLU,HBL,ONEY428217193,HLCU309460803,CAIU1096188,40HC,DRY,RF,FCL,CY/CY,Yusen Logistics,1915.32
07011000,6003202601000001276232,070110,6,"Vegetables; seed potatoes, fresh or chilled",MARKS8857,Australia,India,India,7,2026,1,2026-01,2026-01-01,20260114,20260114,export,1,106461162.68,13326.81,kg,KG,ADM TRADING AUSTRALIA PTY LTD,[in full dataset],Adelaide,,www.admgrain.com.au,[in full dataset],Y,POTATOES TRADING,[in full dataset],Agra,,,,Y,ADM TRADING AUSTRALIA PTY LTD,[in full dataset],,21477.2,21477.2,Sydney,Chennai,Agra,1,1,26.85,CSCL GLOBE,IMO5949171,SG,V406,816,HMMU,HBL,MSCU553324927,EGLV731994882,TGHU3822483,40GP,DRY,GP,FCL,CY/CY,Sinotrans,12332.42
68042210,6003202206000003507058,680422,5,"Millstones, grindstones, grinding wheels and the like; of other agglomerated abrasives or of ceramics",MARKS7555,China,India,India,5,2022,6,2022-06,2022-06-17,20220605,20220605,export,1,62709074,1574.93,kg,KG,"Nongfa Puhui Energy Technology (tianjin) Group Co., Ltd.",[in full dataset],Tianjin,,,,N,MAARATHAN ENTERPRISES,[in full dataset],Kancheepuram,,,,Y,"Nongfa Puhui Energy Technology (tianjin) Group Co., Ltd.",[in full dataset],,8396.2,8396.2,Dalian,Visakhapatnam,Kancheepuram,1,1,10.5,HMM ALGECIRAS,IMO6987023,MH,V700,901,YMLU,HBL,HLCU438043568,EGLV908835139,GESU9251760,20GP,DRY,RF,FCL,CFS/CFS,Sinotrans,1421.71
25010020,6003202105000003329909,250100,7,Salt (including table salt and denatured salt); pure sodium chloride whether or not in aqueous solution; sea water,MARKS5745,Egypt,India,India,9,2021,5,2021-05,2021-05-25,20210522,20210522,export,1,6098475.71,535.23,kg,KG,EGYPTIAN GYPSUM COMPANY SAE,[in full dataset],Giza,,www.saint-gobain-gyproc.com,[in full dataset],N,MY HOME INDUSTRIES PRIVATE LIMITED,[in full dataset],Hyderabad,,myhomeindustries.in,[in full dataset],Y,EGYPTIAN GYPSUM COMPANY SAE,[in full dataset],,14056.9,14056.9,Damietta,Kolkata,Hyderabad,1,1,17.57,ONE APUS,IMO8501474,LR,V958,569,HLCU,MBL,CMDU493585139,MAEU842548573,BMOU2994454,45HC,REEFER,RF,FCL,CFS/CFS,Bollore Logistics,503.75
09092110,6003202002000001280146,090921,9,"Spices; coriander seeds, neither crushed nor ground",MARKS9790,Indonesia,India,India,9,2020,2,2020-02,2020-02-06,20200211,20200211,export,1,9682760.86,3014.84,kg,KG,CV KREASI KOPI JAYA,[in full dataset],Kota Surabaya,,,,Y,ROOTS CORPORATION LIMITED,[in full dataset],Mumbai,,www.gingerhotels.com,[in full dataset],Y,CV KREASI KOPI JAYA,[in full dataset],,8791.4,8791.4,Makassar,Visakhapatnam,Mumbai,1,1,10.99,COSCO UNIVERSE,IMO6343508,SG,V407,431,ZIMU,MBL,ONEY338810727,CMDU655938097,GESU1098646,20GP,OPEN TOP,RF,FCL,CFS/CFS,Nippon Express,2681.23
25083020,6003202107000004383089,250830,9,"Clays (excluding expanded clays of heading no. 6806); fireclay, whether or not calcined",MARKS1779,Turkiye,India,India,6,2021,7,2021-07,2021-07-07,20210722,20210722,export,1,9579833,16220.96,kg,KG,SIRMERSAN MERMER SANAYI ANONIM SIRKETI,[in full dataset],Denizli,,www.sirmersan.com,[in full dataset],Y,SWASTIK ASBESTOS PRODUCTS LIMITED,[in full dataset],Pune,,,,Y,SIRMERSAN MERMER SANAYI ANONIM SIRKETI,[in full dataset],,16130.9,16130.9,Main Container Port,"Nhava Sheva (JNPT), Mumbai",Pune,1,1,20.16,YM WARRANTY,IMO4561281,SG,V985,298,MSCU,HBL,CMDU266302270,COSU630127270,TGHU5411623,40HC,FLAT RACK,GP,LCL,CY/CFS,DHL Global Forwarding,14558.76
70111020,6003202412000005699902,701110,9,"Glass envelopes (including bulbs and tubes); open, and glass parts thereof, without fittings, for electric lighting",MARKS4961,China,India,India,8,2024,12,2024-12,2024-12-17,20241212,20241212,export,1,156712359,2244.77,kg,KG,"XINYI GLASS (TIANJIN) CO.,LTD.",[in full dataset],Tianjin,,www.xinyiglass.com,[in full dataset],Y,PGP GLASS PRIVATE LIMITED,[in full dataset],Mumbai,,www.pgpfirst.com,[in full dataset],Y,"XINYI GLASS (TIANJIN) CO.,LTD.",[in full dataset],,8962.7,8962.7,Dalian,Visakhapatnam,Mumbai,1,1,11.2,MAERSK MOLLER,IMO1607033,MH,V558,738,APLU,MBL,CMDU627192501,COSU835583849,BMOU6908379,20GP,OPEN TOP,GP,FCL,CY/CFS,Bollore Logistics,2073.24
15019000,6003201501000004219333,150190,5,Poultry fat; other than that of heading 0209 or 1503,MARKS1662,Indonesia,India,India,9,2015,1,2015-01,2015-01-12,20150101,20150101,export,1,190010469,20600.45,kg,KG,PT SUMBER TANI AGUNG OILS AND FATS,[in full dataset],Kota Administrasi Jakarta Selatan,,,,Y,BR OILS AND FATS PRIVATE LIMITED,[in full dataset],Bilaspur,,,,Y,PT SUMBER TANI AGUNG OILS AND FATS,[in full dataset],,1301,1301,Belawan,"Nhava Sheva (JNPT), Mumbai",Bilaspur,1,1,1.63,APL MEXICO CITY,IMO9117893,PA,V786,116,CMDU,MBL,MAEU628428083,MSCU832391641,BMOU8195435,45HC,OPEN TOP,HC,LCL,CFS/CFS,Sinotrans,18327.76
40103919,6003201901000006459108,401039,5,"Rubber; vulcanised, conveyor or transmission belts or belting, n.e.c. in heading no. 4010",MARKS8731,Thailand,India,India,9,2019,1,2019-01,2019-01-21,20190122,20190122,export,1,30205554.81,7489.15,kg,KG,ZENITH INFANT PRODUCTS COMPANY LIMITED,[in full dataset],PHRA NAKHON,,www.zenithinfant.com,[in full dataset],N,RELIANCE INDUSTRIES LIMITED,[in full dataset],Mumbai,,www.ril.com,[in full dataset],Y,ZENITH INFANT PRODUCTS COMPANY LIMITED,[in full dataset],,21335.2,21335.2,Laem Chabang,Kolkata,Mumbai,1,1,26.67,MSC GULSUN,IMO5619422,LR,V904,247,HLCU,HBL,YMLU206219034,CMDU113583474,BMOU2171061,40GP,TANK,RF,LCL,CY/CFS,Sinotrans,7116.49
40012100,6003201906000004174168,400121,6,"Rubber; natural (excluding latex), in smoked sheets",MARKS9969,Singapore,India,India,9,2019,6,2019-06,2019-06-22,20190608,20190608,export,1,15463978.35,21638.92,kg,KG,TPSC ASIA PTE. LTD.,[in full dataset],Singapore,,www.tpsc-asia.com,[in full dataset],Y,SHRINIVAS PLATES AND STRUCTURALS COMPANY PRIVATE LIMITED,[in full dataset],New Delhi,,,,Y,TPSC ASIA PTE. LTD.,[in full dataset],,13913.4,13913.4,Singapore (PSA),Kandla,New Delhi,1,1,17.39,MAERSK MOLLER,IMO6841441,PA,V381,357,OOLU,HBL,MAEU473098856,EGLV833864094,MSCU2794627,20GP,TANK,RF,FCL,CY/CY,DSV,19946.87
48149000,6003201812000003861174,481490,5,Wallpaper and similar wall coverings and window transparencies of paper; n.e.c. in heading 4814,MARKS1045,South Korea,India,India,5,2018,12,2018-12,2018-12-17,20181223,20181223,export,1,17854482,232.99,kg,KG,"Kwang Jin Co., Ltd.",[in full dataset],Geumsan,,www.kjipaper.co.kr,[in full dataset],Y,ITC LIMITED,[in full dataset],Kolkata,,www.itcportal.com,[in full dataset],Y,"Kwang Jin Co., Ltd.",[in full dataset],,22325,22325,Incheon,"Nhava Sheva (JNPT), Mumbai",Kolkata,1,1,27.91,COSCO UNIVERSE,IMO1866986,SG,V680,951,APLU,MBL,MAEU535023366,CMDU302741888,CAIU5383822,45HC,FLAT RACK,RF,LCL,CY/CY,Sinotrans,213.44
48209090,6003201808000002994147,482090,9,Paper or paperboard; stationery n.e.c. in heading no. 4820,MARKS9128,Germany,India,India,7,2018,8,2018-08,2018-08-22,20180801,20180801,export,1,11923635.98,5822.75,kg,KG,Koehler Holding SE & Co. KG,[in full dataset],Oberkirch,,www.koehler.com,[in full dataset],Y,J P TOBACCO PRODUCTS PRIVATE LIMITED,[in full dataset],Damoh,,,,Y,Koehler Holding SE & Co. KG,[in full dataset],,7809.5,7809.5,Hamburg,"Mundra, Gujarat",Damoh,1,1,9.76,COSCO UNIVERSE,IMO6217516,MH,V331,801,COSU,HBL,CMDU890129141,MAEU374983433,GESU6120344,40HC,TANK,GP,LCL,CFS/CFS,CEVA Logistics,5510.36
70139100,6003202407000005711148,701391,6,"Glassware; n.e.c. in heading no. 7013, of lead crystal",MARKS4020,China,India,India,9,2024,7,2024-07,2024-07-26,20240720,20240720,export,1,157130314,20204.22,kg,KG,"CSG Holding Co., Ltd.",[in full dataset],Shenzhen,,www.csgholding.com,[in full dataset],Y,ASAHI INDIA GLASS LIMITED,[in full dataset],New Delhi,,www.aisglass.com,[in full dataset],Y,"CSG Holding Co., Ltd.",[in full dataset],,24321.1,24321.1,Xiamen,Cochin,New Delhi,1,1,30.4,CSCL GLOBE,IMO7204362,LR,V240,394,COSU,HBL,YMLU950808277,YMLU279119041,MSCU5769737,40GP,REEFER,HC,FCL,CFS/CFS,Bollore Logistics,17939.27
09062000,6003202006000001060460,090620,7,"Spices; cinnamon and cinnamon-tree flowers, crushed or ground",MARKS7692,Indonesia,India,India,8,2020,6,2020-06,2020-06-04,20200626,20200626,export,1,7424285.38,3738.53,kg,KG,PT SENTRAL SUMATERA KOPI,[in full dataset],Kota Medan,,www.kopifabriekindonesia.com/centralsumateracoffee,[in full dataset],Y,BENEDICA FOODS AND SPICES PRIVATE LIMITED,[in full dataset],Hoshangabad,,,,Y,PT SENTRAL SUMATERA KOPI,[in full dataset],,20052.3,20052.3,Makassar,Kolkata,Hoshangabad,1,1,25.07,YM WARRANTY,IMO7763548,PA,V210,217,COSU,SWB,EGLV281154849,EGLV413835266,TGHU4955224,45HC,OPEN TOP,GP,FCL,CY/CFS,Nippon Express,3270.07
07143000,6003202602000000465584,071430,5,"Vegetable roots and tubers; yams (Dioscorea spp.) with high starch or inulin content, fresh, chilled, frozen or dried, whether or not sliced or in the form of pellets",MARKS8902,Brazil,India,India,5,2026,2,2026-02,2026-02-25,20260228,20260228,export,1,11723896,12607.59,kg,KG,CARGILL AGRICOLA S A,[in full dataset],SAO PAULO,,www.cargill.com.br,[in full dataset],N,BALAJI ONIONS PRIVATE LIMITED,[in full dataset],Nagaur,,,,Y,CARGILL AGRICOLA S A,[in full dataset],,9046.6,9046.6,Paranagua,Cochin,Nagaur,1,1,11.31,HYUNDAI LOYALTY,IMO3392385,MH,V827,220,ONEY,HBL,EGLV405012282,CMDU590066621,CAIU5065649,40GP,TANK,RF,LCL,CFS/CFS,Nippon Express,11040.71
44034100,6003201708000007253346,440341,9,"Wood, tropical; as specified in Subheading Note 2 to this Chapter, dark red meranti, light red meranti and meranti bakau, in the rough, whether or not stripped of bark or sapwood, or roughly squared, untreated",MARKS3132,Malaysia,India,India,9,2017,8,2017-08,2017-08-12,20170808,20170808,export,1,31009113.59,3343.93,kg,KG,DOMINANT ENTERPRISE BERHAD,[in full dataset],Sekudai,,www.dominant.com.my,[in full dataset],N,N T T PLYWOOD INDUSTRIES PRIVATE LIMITED,[in full dataset],New Delhi,,,,Y,DOMINANT ENTERPRISE BERHAD,[in full dataset],,6266.3,6266.3,Penang,Cochin,New Delhi,1,1,7.83,YM WARRANTY,IMO4147487,PA,V571,227,YMLU,MBL,HLCU734718480,CMDU190747566,BMOU2888741,40GP,DRY,GP,FCL,CY/CFS,DHL Global Forwarding,2956.18
68159100,6003202210000003200856,681591,6,"Stone articles and articles of other mineral substances; containing magnesite, magnesia in the form of periclase, dolomite including in the form of dolime, or chromite",MARKS5917,China,India,India,7,2022,10,2022-10,2022-10-14,20221012,20221012,export,1,47569400,12458.95,kg,KG,"Bright Stone Innovation Technology Group Co.,LTD",[in full dataset],Beijing,,www.chinabrightstone.com,[in full dataset],N,SAI STONE CRUSHER,[in full dataset],Pune,,,,Y,"Bright Stone Innovation Technology Group Co.,LTD",[in full dataset],,16025.8,16025.8,Dalian,"Nhava Sheva (JNPT), Mumbai",Pune,1,1,20.03,BARZAN,IMO9978181,PA,V654,869,ZIMU,MBL,MSCU599372181,EGLV963058772,FCIU5451824,40GP,OPEN TOP,GP,FCL,CY/CFS,Bollore Logistics,11598.86
,6003202411000005753925,701915,5,"Glass fibres; (including glass wool), chemically bonded mats",MARKS5524,China,India,India,6,2024,11,2024-11,2024-11-01,20241102,20241102,export,1,160400563,17851.55,kg,KG,"Fujian Wanda Automobile Glass Industry Co., Ltd.",[in full dataset],Fuqing,,,,Y,NATIONAL PHYSICAL LABORATORY,[in full dataset],New Delhi,,www.nplindia.org,[in full dataset],Y,"Fujian Wanda Automobile Glass Industry Co., Ltd.",[in full dataset],,23582.6,23582.6,Qingdao,Tuticorin,New Delhi,1,1,29.48,EVER ACME,IMO4840811,PA,V965,634,MSCU,HBL,HLCU560855484,MAEU924016383,TGHU6808755,40HC,TANK,HC,FCL,CY/CFS,DSV,15594.77
25131000,6003202101000004400039,251310,9,"Pumice stone, whether or not heat treated",MARKS5037,Turkiye,India,India,6,2021,1,2021-01,2021-01-02,20210114,20210114,export,1,9702267,698.25,kg,KG,SIRMERSAN MERMER SANAYI ANONIM SIRKETI,[in full dataset],Denizli,,www.sirmersan.com,[in full dataset],Y,BIRLA CORPORATION LIMITED,[in full dataset],Kolkata,,www.birlacorporation.com,[in full dataset],Y,SIRMERSAN MERMER SANAYI ANONIM SIRKETI,[in full dataset],,22853.9,22853.9,Main Container Port,Chennai,Kolkata,1,1,28.57,BARZAN,IMO9124119,PA,V944,643,HMMU,MBL,EGLV964379899,YMLU306761296,MSCU2835282,40GP,FLAT RACK,GP,FCL,CFS/CFS,Kuehne + Nagel,617.89
09061910,6003202011000001684476,090619,5,"Spices; cinnamon and cinnamon-tree flowers, other than cinnamon (Cinnamomum zeylanicum Blume), neither crushed nor ground",MARKS4326,Indonesia,India,India,6,2020,11,2020-11,2020-11-21,20201103,20201103,export,1,18219637.66,2738.01,kg,KG,PT KULTUR KOPI INDONESIA,[in full dataset],Kota Administrasi Jakarta Utara,,www.firstcrackcoffee.id,[in full dataset],Y,CCL PRODUCTS (INDIA) LIMITED,[in full dataset],Hyderabad,,www.cclproducts.com,[in full dataset],N,PT KULTUR KOPI INDONESIA,[in full dataset],,7782.2,7782.2,"Tanjung Perak, Surabaya","Nhava Sheva (JNPT), Mumbai",Hyderabad,1,1,9.73,HYUNDAI LOYALTY,IMO4540092,LR,V779,856,COSU,HBL,MSCU208479738,EGLV733568811,TGHU3755100,40HC,DRY,GP,FCL,CY/CY,DB Schenker,2406.48
40092200,6003201904000005330080,400922,5,"Rubber; vulcanised (other than hard rubber), tubing, piping and hoses, reinforced or otherwise combined only with metal, with fittings",MARKS2247,Japan,India,India,5,2019,4,2019-04,2019-04-05,20190420,20190420,export,1,21813944.82,27508.54,kg,KG,"AUTOBACS SEVEN CO., LTD.",[in full dataset],KOTO-KU,,www.autobacs.co.jp/,[in full dataset],Y,RELIANCE INDUSTRIES LIMITED,[in full dataset],Mumbai,,www.ril.com,[in full dataset],Y,"AUTOBACS SEVEN CO., LTD.",[in full dataset],,15539.9,15539.9,Osaka,Kandla,Mumbai,1,1,19.42,BARZAN,IMO9898428,MH,V406,257,OOLU,HBL,YMLU530511129,YMLU259328405,TGHU5726023,40GP,DRY,RF,FCL,CY/CY,Kuehne + Nagel,25001.69
07143000,6003202601000000898448,071430,8,"Vegetable roots and tubers; yams (Dioscorea spp.) with high starch or inulin content, fresh, chilled, frozen or dried, whether or not sliced or in the form of pellets",MARKS8844,Canada,India,India,8,2026,1,2026-01,2026-01-22,20260107,20260107,export,1,38831121.49,11019.04,kg,KG,Cultures Gen V Inc.,[in full dataset],Sainte-Clotilde-De-Châteauguay,,,,Y,VINAY INDUSTRIES LIMITED,[in full dataset],Mehsana,,www.vinaygroups.com,[in full dataset],N,Cultures Gen V Inc.,[in full dataset],,15401.9,15401.9,"Montreal, QC","Mundra, Gujarat",Mehsana,1,1,19.25,YM WARRANTY,IMO4099514,LR,V955,581,MAEU,MBL,MSCU683996718,ONEY655543682,FCIU5224393,20GP,TANK,HC,FCL,CFS/CFS,DB Schenker,9876.89
48236900,6003201808000005258529,482369,5,"Paper and paperboard; trays, dishes, plates, cups and the like, of paper or paperboard other than of bamboo",MARKS3256,South Korea,India,India,8,2018,8,2018-08,2018-08-26,20180801,20180801,export,1,31060464,12261.25,kg,KG,"Moorim P&P Co., Ltd.",[in full dataset],Ulsan,,www.moorim.co.kr,[in full dataset],Y,N.R.AGARWAL INDUSTRIES LIMITED,[in full dataset],Mumbai,,www.nrail.com,[in full dataset],Y,"Moorim P&P Co., Ltd.",[in full dataset],,19867,19867,Incheon,Cochin,Mumbai,1,1,24.83,MOL TRIUMPH,IMO8217163,PA,V917,942,APLU,SWB,CMDU633971603,COSU418318366,BMOU8206763,40HC,TANK,RF,LCL,CY/CFS,Kuehne + Nagel,11664.1
40061000,6003201903000003548976,400610,9,"Rubber; unvulcanised, camel-back strips for retreading rubber tyres",MARKS5329,Malaysia,India,India,5,2019,3,2019-03,2019-03-07,20190320,20190320,export,1,12483123.03,17177.03,kg,KG,IOI CORPORATION BERHAD,[in full dataset],Putrajaya,,www.ioigroup.com,[in full dataset],N,RELIANCE INDUSTRIES LIMITED,[in full dataset],Mumbai,,www.ril.com,[in full dataset],Y,IOI CORPORATION BERHAD,[in full dataset],,13992.5,13992.5,Port Klang,Chennai,Mumbai,1,1,17.49,YM WARRANTY,IMO9463896,MH,V449,63,CMDU,MBL,CMDU518441296,ONEY345840465,FCIU1679402,40HC,OPEN TOP,RF,FCL,CFS/CFS,Yusen Logistics,15081.25
68152000,6003202206000003506304,681520,6,Peat; articles of peat n.e.c. or included,MARKS4317,China,India,India,5,2022,6,2022-06,2022-06-09,20220626,20220626,export,1,62709074,19180.64,kg,KG,"Huaxin Building Materials Group Co.,Ltd.",[in full dataset],Wuhan,,www.huaxincem.com,[in full dataset],Y,TEAMLEASE SERVICES LIMITED,[in full dataset],Bengaluru,,group.teamlease.com/,[in full dataset],Y,"Huaxin Building Materials Group Co.,Ltd.",[in full dataset],,11482.4,11482.4,Guangzhou,Chennai,Bengaluru,1,1,14.35,CSCL GLOBE,IMO3066050,MH,V908,674,COSU,HBL,ONEY666905335,YMLU972488821,GESU9756078,20GP,REEFER,GP,LCL,CY/CY,CEVA Logistics,17920.2
,6003201704000006139505,440220,8,"Wood; charcoal of nut or shell, whether or not agglomerated",MARKS7040,Malaysia,India,India,5,2017,4,2017-04,2017-04-26,20170424,20170424,export,1,23173109.57,14668.5,kg,KG,PERMINT PLYWOOD SDN BHD,[in full dataset],Al Muktafi Billah Shah,,,,Y,CENTURY PLYBOARDS (INDIA) LIMITED,[in full dataset],Kolkata,,www.centuryply.com,[in full dataset],Y,PERMINT PLYWOOD SDN BHD,[in full dataset],,11099.4,11099.4,Penang,Cochin,Kolkata,1,1,13.87,BARZAN,IMO3442616,MH,V120,809,EGLV,SWB,HLCU223371737,MSCU738602861,CAIU6599958,45HC,REEFER,RF,FCL,CFS/CFS,DB Schenker,13057.94
07132000,6003202602000001366788,071320,5,"Vegetables, leguminous; chickpeas (garbanzos), shelled, whether or not skinned or split, dried",MARKS5976,Australia,India,India,5,2026,2,2026-02,2026-02-12,20260226,20260226,export,1,138496072.64,6206.76,kg,KG,ADM TRADING AUSTRALIA PTY LTD,[in full dataset],Adelaide,,www.admgrain.com.au,[in full dataset],N,VARSHA FOOD STUFFS PRIVATE LIMITED,[in full dataset],Kolkata,,,,Y,ADM TRADING AUSTRALIA PTY LTD,[in full dataset],,5075,5075,Fremantle,Tuticorin,Kolkata,1,1,6.34,COSCO UNIVERSE,IMO5772899,PA,V491,587,HLCU,MBL,COSU324360313,EGLV322339067,FCIU5700345,40HC,DRY,RF,FCL,CY/CY,Expeditors,5650.75
48022010,6003201801000003912574,480220,6,"Uncoated paper and paperboard (not 4801 or 4803); of a kind used as a base for photo-sensitive, heat-sensitive or electro-sensitive paper or paperboard, in rolls or sheets",MARKS2496,South Korea,India,India,8,2018,1,2018-01,2018-01-11,20180117,20180117,export,1,18397613,553.3,kg,KG,Sonjak Hand Made,[in full dataset],Cheongju,,smartstore.naver.com/sonjac,[in full dataset],Y,VASANTHA INDUSTRIES PRIVATE LIMITED,[in full dataset],Hyderabad,,www.vasanthaindustries.com,[in full dataset],Y,Sonjak Hand Made,[in full dataset],,20360.5,20360.5,Incheon,"Mundra, Gujarat",Hyderabad,1,1,25.45,HYUNDAI LOYALTY,IMO2497391,SG,V580,493,YMLU,MBL,MAEU996857463,CMDU835945994,GESU7366581,40HC,DRY,GP,FCL,CY/CFS,DB Schenker,486.58
15200000,6003201510000004621431,152000,9,"Glycerol, crude; glycerol waters and glycerol lyes",MARKS2355,Indonesia,India,India,8,2015,10,2015-10,2015-10-13,20151002,20151002,export,1,350486499,23784.48,kg,KG,PT SUMBER TANI AGUNG OILS AND FATS,[in full dataset],Kota Administrasi Jakarta Selatan,,,,Y,HINDUSTAN VEGETABLE OILS CORPORATION LIMITED,[in full dataset],Chennai,,,,Y,PT SUMBER TANI AGUNG OILS AND FATS,[in full dataset],,5796.4,5796.4,Makassar,Chennai,Chennai,1,1,7.25,MAERSK MOLLER,IMO7629786,MH,V210,847,MAEU,HBL,MAEU375516143,EGLV839269114,GESU5936618,40GP,REEFER,HC,FCL,CY/CFS,DHL Global Forwarding,21254.04
69111019,6003202312000000506954,691110,8,Tableware and kitchenware; of porcelain or china,MARKS8179,Thailand,India,India,9,2023,12,2023-12,2023-12-12,20231213,20231213,export,1,2895509.42,4866.45,kg,KG,THAI ROOFING TILES COMPANY LIMITED,[in full dataset],WIHAN DAENG,,,,Y,SHEROAN BRICKS UDHYOG,[in full dataset],Jhunjhunu,,,,Y,THAI ROOFING TILES COMPANY LIMITED,[in full dataset],,20289.9,20289.9,Laem Chabang,Cochin,Jhunjhunu,1,1,25.36,MAERSK MOLLER,IMO5059995,SG,V765,691,OOLU,SWB,YMLU207817304,MAEU748533834,TGHU3541894,20GP,OPEN TOP,GP,FCL,CY/CY,Yusen Logistics,4370.13
70191100,6003202407000005703569,701911,5,"Glass fibres; (including glass wool), chopped strands, of a length of not more than 50mm",MARKS9026,China,India,India,9,2024,7,2024-07,2024-07-04,20240718,20240718,export,1,157130314,637.2,kg,KG,Shandong Fiberglass Group Corp.,[in full dataset],Linyi,,www.glasstex.cn,[in full dataset],Y,MAHARASHTRA SAFETY GLASS WORKS LIMITED,[in full dataset],Pune,,,,Y,Shandong Fiberglass Group Corp.,[in full dataset],,22435.9,22435.9,Dalian,Chennai,Pune,1,1,28.04,MSC GULSUN,IMO1946983,LR,V918,784,CMDU,HBL,CMDU105652815,EGLV400492502,FCIU4326144,45HC,DRY,HC,FCL,CFS/CFS,Bollore Logistics,558.78
40151900,6003201912000006239367,401519,9,"Rubber; vulcanised (other than hard rubber), gloves, mittens and mitts other than surgical gloves",MARKS3264,China,India,India,8,2019,12,2019-12,2019-12-09,20191220,20191220,export,1,28186368,4573.82,kg,KG,"Yangzhou Huaguang New Material Co., LTD",[in full dataset],Yangzhou,,www.hgauto.com.cn,[in full dataset],Y,RELIANCE INDUSTRIES LIMITED,[in full dataset],Mumbai,,www.ril.com,[in full dataset],Y,"Yangzhou Huaguang New Material Co., LTD",[in full dataset],,1974.7,1974.7,Shanghai,Cochin,Mumbai,1,1,2.47,ONE APUS,IMO7627458,LR,V243,379,YMLU,HBL,ONEY307027769,CMDU907063240,TGHU2773034,40GP,TANK,GP,LCL,CFS/CFS,Yusen Logistics,4334.76
48172000,6003201812000006175099,481720,5,"Paper and paperboard; letter cards, plain postcards and correspondence cards",MARKS4376,China,India,India,7,2018,12,2018-12,2018-12-02,20181212,20181212,export,1,45046234,7782.99,kg,KG,"Shanying International Holdings Co., Ltd.",[in full dataset],Maanshan,,www.shanyingintl.com,[in full dataset],Y,ITC LIMITED,[in full dataset],Kolkata,,www.itcportal.com,[in full dataset],Y,"Shanying International Holdings Co., Ltd.",[in full dataset],,3963.7,3963.7,Shenzhen,Chennai,Kolkata,1,1,4.95,MOL TRIUMPH,IMO3274986,MH,V463,990,CMDU,SWB,HLCU554720058,HLCU326563599,GESU7891510,45HC,OPEN TOP,HC,FCL,CY/CFS,CEVA Logistics,6919.44
,6003202404000001650267,701961,9,Glass fibres; mechanically bonded fabrics and closed woven fabrics of rovings,MARKS7939,Malaysia,India,India,5,2024,4,2024-04,2024-04-16,20240410,20240410,export,1,9693739.75,11204.64,kg,KG,NIPPON ELECTRIC GLASS (MALAYSIA) SDN. BHD.,[in full dataset],Shah Alam,,www.neg.co.jp,[in full dataset],Y,UNIPATH SPECIALTY LABORATORY LIMITED,[in full dataset],Ahmedabad,,www.unipath.in,[in full dataset],N,NIPPON ELECTRIC GLASS (MALAYSIA) SDN. BHD.,[in full dataset],,6826.9,6826.9,Port Klang,Kolkata,Ahmedabad,1,1,8.53,HMM ALGECIRAS,IMO4802834,MH,V327,252,COSU,SWB,EGLV823080431,ONEY107971370,BMOU5925446,40HC,TANK,HC,FCL,CY/CY,Bollore Logistics,9993.23
,6003201703000003555158,441882,7,"Wood; engineered structural timber products, cross-laminated timber (CLT or X-lam)",MARKS3805,Indonesia,India,India,5,2017,3,2017-03,2017-03-26,20170310,20170310,export,1,10349541.86,4743.86,kg,KG,PT NANSARI PRIMA PLYWOOD,[in full dataset],Kota Jambi,,,,Y,MEERUT FURNITURE,[in full dataset],Meerut,,,,Y,PT NANSARI PRIMA PLYWOOD,[in full dataset],,12626.5,12626.5,"Tanjung Perak, Surabaya",Tuticorin,Meerut,1,1,15.78,CMA CGM JULES VERNE,IMO9769260,PA,V393,668,ONEY,MBL,MAEU179345346,CMDU568221470,TCLU6239409,45HC,TANK,HC,FCL,CY/CFS,DSV,4506.42
09071020,6003202006000000241453,090710,8,"Spices; cloves (whole fruit, cloves and stems), neither crushed nor ground",MARKS3419,China,India,India,8,2020,6,2020-06,2020-06-20,20200619,20200619,export,1,1045994,12501.27,kg,KG,"Guangdong Huaxin Spices Co., Ltd.",[in full dataset],Shantou,,www.hxst.com.cn,[in full dataset],Y,AACHI SPICES AND FOODS PRIVATE LIMITED,[in full dataset],Chennai,,www.aachigroup.com,[in full dataset],Y,"Guangdong Huaxin Spices Co., Ltd.",[in full dataset],,10381.3,10381.3,Qingdao,"Mundra, Gujarat",Chennai,1,1,12.98,BARZAN,IMO4485403,PA,V798,51,OOLU,HBL,MAEU576192122,HLCU621720794,GESU8089858,45HC,DRY,RF,FCL,CY/CFS,DB Schenker,11367.92
08031090,6003201601000006167847,080310,6,"Fruit, edible; plantains, fresh or dried",MARKS4846,United States,India,India,7,2016,1,2016-01,2016-01-04,20160128,20160128,export,1,25760448,227.81,kg,KG,Hanover Foods,[in full dataset],Hanover,,www.hanoverfoods.com,[in full dataset],Y,PRATAAP SNACKS LIMITED,[in full dataset],New Delhi,,www.yellowdiamond.in,[in full dataset],Y,Hanover Foods,[in full dataset],,4560.6,4560.6,"Long Beach, CA",Tuticorin,New Delhi,1,1,5.7,HMM ALGECIRAS,IMO9550510,SG,V519,581,EGLV,HBL,ONEY169377400,CMDU810493977,BMOU2811326,40HC,FLAT RACK,HC,LCL,CY/CY,Yusen Logistics,200
09021090,6003202006000001060750,090210,6,"Tea, green; (not fermented), in immediate packings of a content not exceeding 3kg",MARKS9400,Indonesia,India,India,6,2020,6,2020-06,2020-06-16,20200618,20200618,export,1,7424285.38,17553.68,kg,KG,PT JCO DONUT & COFFEE,[in full dataset],Kota Administrasi Jakarta Utara,,www.jcodonuts.com,[in full dataset],Y,THE INDIAN COFFEE WORKERS CO-OPERATIVE SOCIETY LIMITED,[in full dataset],Mumbai,,,,Y,PT JCO DONUT & COFFEE,[in full dataset],,12352.4,12352.4,Belawan,Visakhapatnam,Mumbai,1,1,15.44,BARZAN,IMO5174155,MH,V638,114,CMDU,HBL,EGLV553519891,COSU362920091,CAIU2584093,40HC,OPEN TOP,GP,FCL,CFS/CFS,DSV,16166.16
52101190,6003202503000000609800,521011,5,"Fabrics, woven; containing less than 85% by weight of cotton, mixed mainly or solely with man-made fibres, unbleached, plain weave, weighing 200g/m2 or less",MARKS4321,Brazil,India,India,6,2025,3,2025-03,2025-03-26,20250309,20250309,export,1,5485974,779.92,kg,KG,COTTON STAR INDUSTRIAL LTDA,[in full dataset],BLUMENAU,,,,Y,THE COTTON CORPORATION OF INDIA LIMITED,[in full dataset],Navi Mumbai,,www.cotcorp.org.in,[in full dataset],Y,COTTON STAR INDUSTRIAL LTDA,[in full dataset],,679.4,679.4,Itajai,"Mundra, Gujarat",Navi Mumbai,1,1,0.85,MAERSK MOLLER,IMO9807279,LR,V198,455,HLCU,SWB,CMDU770651458,HLCU420868096,TGHU6201820,40GP,REEFER,RF,LCL,CY/CY,Nippon Express,732.31
68010000,6003202202000000999207,680100,9,"Stone; setts, curbstones and flagstones, of natural stone (except slate)",MARKS1590,Japan,India,India,9,2022,2,2022-02,2022-02-19,20220214,20220214,export,1,4946131.95,12050.28,kg,KG,"MITANI SEKISAN CO.,LTD.",[in full dataset],FUKUI,,www.m-sekisan.co.jp/,[in full dataset],Y,ACC LIMITED,[in full dataset],Ahmedabad,,www.acclimited.com,[in full dataset],Y,"MITANI SEKISAN CO.,LTD.",[in full dataset],,20643.3,20643.3,Yokohama,"Nhava Sheva (JNPT), Mumbai",Ahmedabad,1,1,25.8,MSC GULSUN,IMO4715471,SG,V291,397,HLCU,SWB,COSU702754882,CMDU988928644,BMOU3356300,20GP,FLAT RACK,GP,FCL,CFS/CFS,Sinotrans,11283.07
,6003202202000000081777,681511,5,Stone or other mineral substances not elsewhere specified or included; carbon fibres for non-electrical uses,MARKS8306,Spain,India,India,7,2022,2,2022-02,2022-02-21,20220219,20220219,export,1,265904.41,11072.23,kg,KG,I & E FOREST PANELS SL,[in full dataset],SANTIAGO DE COMPOSTELA,,www.forestpanels.com,[in full dataset],Y,NAVEEN ENTERPRISES,[in full dataset],Alwar,,,,N,I & E FOREST PANELS SL,[in full dataset],,5294.6,5294.6,Valencia,"Nhava Sheva (JNPT), Mumbai",Alwar,1,1,6.62,EVER ACME,IMO2337392,MH,V739,571,YMLU,HBL,EGLV138854313,COSU817280393,GESU2090683,40GP,DRY,HC,LCL,CY/CFS,Yusen Logistics,10535.94
68052010,6003202201000003663572,680520,9,"Abrasive powder or grain; natural or artificial, on a base of paper or paperboard only, whether or not cut to shape or sewn or otherwise made up",MARKS1325,China,India,India,9,2022,1,2022-01,2022-01-03,20220117,20220117,export,1,76112667,41402.83,kg,KG,"Huaxin Building Materials Group Co.,Ltd.",[in full dataset],Wuhan,,www.huaxincem.com,[in full dataset],N,ACC LIMITED,[in full dataset],Ahmedabad,,www.acclimited.com,[in full dataset],Y,"Huaxin Building Materials Group Co.,Ltd.",[in full dataset],,13980.1,13980.1,Ningbo-Zhoushan,Visakhapatnam,Ahmedabad,1,1,17.48,OOCL HONG KONG,IMO3669444,LR,V930,583,MSCU,HBL,HLCU946816747,MSCU461756403,TCLU4988208,40HC,FLAT RACK,RF,FCL,CY/CY,Sinotrans,36308.02
,6003202411000005756456,701962,8,Glass fibres; non-woven mechanically bonded fabrics and closed fabrics of rovings,MARKS6691,China,India,India,5,2024,11,2024-11,2024-11-24,20241109,20241109,export,1,160400563,49800.79,kg,KG,"Sichuan Yibin Global Glass Glassmaking Co., Ltd.",[in full dataset],Yibin,,,,Y,PGP GLASS PRIVATE LIMITED,[in full dataset],Mumbai,,www.pgpfirst.com,[in full dataset],Y,"Sichuan Yibin Global Glass Glassmaking Co., Ltd.",[in full dataset],,21010,21010,Yingkou,Visakhapatnam,Mumbai,1,1,26.26,MADRID MAERSK,IMO1803896,PA,V749,867,MAEU,HBL,ONEY147394686,CMDU280044667,TCLU7126402,40GP,TANK,HC,FCL,CY/CY,Nippon Express,47141.68
25291010,6003202103000003382908,252910,9,Feldspar,MARKS7059,South Africa,India,India,6,2021,3,2021-03,2021-03-02,20210323,20210323,export,1,6274524.75,4978.91,kg,KG,TANTANANA BRICKS SAND AND CEMENT CC,[in full dataset],TANTANANA VILLAGE,,,,Y,ULTRATECH CEMENT LIMITED,[in full dataset],Mumbai,,www.ultratechcement.com,[in full dataset],Y,TANTANANA BRICKS SAND AND CEMENT CC,[in full dataset],,4545.4,4545.4,Port Elizabeth,Visakhapatnam,Mumbai,1,1,5.68,APL MEXICO CITY,IMO8653171,MH,V671,444,MSCU,HBL,HLCU194989224,YMLU306214737,TCLU3871947,20GP,DRY,GP,FCL,CFS/CFS,Kuehne + Nagel,4568.52
,6003201710000007194260,441490,6,"Wooden frames; for paintings, photographs, mirrors or similar objects; not of tropical wood",MARKS7688,Malaysia,India,India,8,2017,10,2017-10,2017-10-24,20171008,20171008,export,1,30714956.27,4357.46,kg,KG,JAFUONG PLYWOOD CORPORATION SDN BHD,[in full dataset],Sibu,,,,Y,SITOMIC WUD N PLY PRIVATE LIMITED,[in full dataset],Bengaluru,,,,N,JAFUONG PLYWOOD CORPORATION SDN BHD,[in full dataset],,13745.3,13745.3,Tanjung Pelepas,Tuticorin,Bengaluru,1,1,17.18,BARZAN,IMO1863698,SG,V332,343,YMLU,MBL,EGLV494132565,MAEU136219367,GESU5942752,45HC,REEFER,GP,FCL,CY/CFS,DHL Global Forwarding,3799.35
07041000,6003202601000001275050,070410,6,"Vegetables, brassica; cauliflowers and broccoli, fresh or chilled",MARKS8625,Australia,India,India,7,2026,1,2026-01,2026-01-03,20260106,20260106,export,1,106461162.68,630.24,kg,KG,The trustee for THE KARTAL FAMILY TRUST,[in full dataset],CAPALABA,,,,Y,PBS OIL INDUSTRIES PRIVATE LIMITED,[in full dataset],Dhamtari,,www.pbsoil.com,[in full dataset],Y,The trustee for THE KARTAL FAMILY TRUST,[in full dataset],,12954.2,12954.2,Fremantle,"Nhava Sheva (JNPT), Mumbai",Dhamtari,1,1,16.19,MOL TRIUMPH,IMO4632465,MH,V693,369,CMDU,SWB,ONEY129265110,ONEY246022833,CAIU9520836,40HC,REEFER,RF,FCL,CY/CFS,CEVA Logistics,574.69
52051130,6003202509000001899047,520511,9,"Cotton yarn; (not sewing thread), single, of uncombed fibres, 85% or more by weight of cotton, measuring 714.29 decitex or more, (not exceeding 14 metric number), not for retail sale",MARKS2327,Australia,India,India,5,2025,9,2025-09,2025-09-22,20250908,20250908,export,1,60682112.87,296.4,kg,KG,LOUIS DREYFUS COMMODITIES MELBOURNE JVP PTY. LTD. & NAMCOTT MARKETING PTY LTD,[in full dataset],East Toowoomba,,www.namoicotton.com.au,[in full dataset],N,COTTON BLOSSOM INDIAPRIVATE LIMITED,[in full dataset],Tirupur,,www.cotonblossom.org,[in full dataset],Y,LOUIS DREYFUS COMMODITIES MELBOURNE JVP PTY. LTD. & NAMCOTT MARKETING PTY LTD,[in full dataset],,7546.3,7546.3,Fremantle,Chennai,Tirupur,1,1,9.43,MOL TRIUMPH,IMO2624428,SG,V952,824,ZIMU,HBL,YMLU278293258,MSCU865798068,TCLU1443342,40GP,DRY,HC,LCL,CFS/CFS,Nippon Express,261.54
07132000,6003202601000001275393,071320,7,"Vegetables, leguminous; chickpeas (garbanzos), shelled, whether or not skinned or split, dried",MARKS1111,Australia,India,India,9,2026,1,2026-01,2026-01-09,20260105,20260105,export,1,106461162.68,2297.54,kg,KG,ADM TRADING AUSTRALIA PTY LTD,[in full dataset],Adelaide,,www.admgrain.com.au,[in full dataset],Y,CARROTS INNOVATIONS LLP,[in full dataset],Kochi,,,,Y,ADM TRADING AUSTRALIA PTY LTD,[in full dataset],,1250.1,1250.1,Fremantle,Cochin,Kochi,1,1,1.56,EVER GIVEN,IMO4586086,PA,V539,110,APLU,HBL,HLCU302512042,ONEY605083879,BMOU9499655,40GP,FLAT RACK,GP,FCL,CFS/CFS,DB Schenker,2112.98
07081000,6003202601000000512002,070810,9,"Vegetables, leguminous; peas (pisum sativum), shelled or unshelled, fresh or chilled",MARKS6942,Brazil,India,India,7,2026,1,2026-01,2026-01-27,20260128,20260128,export,1,13989252,6454.28,kg,KG,CARGILL AGRICOLA S A,[in full dataset],SAO PAULO,,www.cargill.com.br,[in full dataset],Y,KRUSHI FRUITS & VEGETABLES PRIVATE LIMITED,[in full dataset],Nashik,,www.taxclick.org,[in full dataset],Y,CARGILL AGRICOLA S A,[in full dataset],,1589.7,1589.7,Suape,Tuticorin,Nashik,1,1,1.99,MOL TRIUMPH,IMO3611479,LR,V854,940,EGLV,SWB,YMLU655584928,MAEU350503232,MSCU3254953,45HC,TANK,RF,FCL,CY/CFS,Expeditors,6055.3
09041190,6003202003000000748841,090411,7,"Spices; pepper (of the genus piper), neither crushed nor ground",MARKS2935,Indonesia,India,India,5,2020,3,2020-03,2020-03-12,20200301,20200301,export,1,4667925.43,1950.04,kg,KG,PT DELTA MATE MAJALENGKA,[in full dataset],Kabupaten Majalengka,,,,N,ROOTS CORPORATION LIMITED,[in full dataset],Mumbai,,www.gingerhotels.com,[in full dataset],Y,PT DELTA MATE MAJALENGKA,[in full dataset],,5544.6,5544.6,Makassar,"Nhava Sheva (JNPT), Mumbai",Mumbai,1,1,6.93,MOL TRIUMPH,IMO8019706,SG,V481,325,MAEU,SWB,COSU235221056,CMDU613996692,GESU4530237,45HC,FLAT RACK,GP,LCL,CY/CY,Yusen Logistics,1787.77
52105190,6003202504000001607528,521051,8,"Fabrics, woven; containing less than 85% by weight of cotton, mixed mainly or solely with man-made fibres, weighing 200g/m2 or less, printed, plain weave",MARKS1341,United States,India,India,9,2025,4,2025-04,2025-04-23,20250404,20250404,export,1,36282665,40823.52,kg,KG,"Port of Corpus Christi Authority of Nueces County, Texas",[in full dataset],Corpus Christi,,www.portofcc.com,[in full dataset],Y,JIYAJEERAO COTTON MILLS LIMITED,[in full dataset],Gwalior,,,,Y,"Port of Corpus Christi Authority of Nueces County, Texas",[in full dataset],,9088.7,9088.7,"Charleston, SC",Kolkata,Gwalior,1,1,11.36,CSCL GLOBE,IMO6381421,PA,V686,202,OOLU,SWB,COSU644012729,MSCU951987023,TGHU2700570,40GP,TANK,HC,FCL,CY/CY,CEVA Logistics,35956.7
44123940,6003201708000007251941,441239,6,"Plywood; consisting only of sheets of wood (not bamboo), each ply 6mm or thinner, with both outer plies of coniferous wood",MARKS3066,Malaysia,India,India,9,2017,8,2017-08,2017-08-14,20170801,20170801,export,1,31009113.59,5305.15,kg,KG,DOMINANT ENTERPRISE BERHAD,[in full dataset],Sekudai,,www.dominant.com.my,[in full dataset],Y,SHIV SHAKTI ENTERPRISES,[in full dataset],Udham Singh Nagar,,,,Y,DOMINANT ENTERPRISE BERHAD,[in full dataset],,19952.1,19952.1,Port Klang,Cochin,Udham Singh Nagar,1,1,24.94,EVER ACME,IMO4639329,SG,V794,761,OOLU,HBL,CMDU646778986,MAEU552222852,BMOU1923984,45HC,OPEN TOP,RF,FCL,CY/CFS,Bollore Logistics,4817.85
40101910,6003201912000005879406,401019,6,"Rubber; vulcanised, conveyor belts or belting, (reinforced with other than metal only or textile materials only)",MARKS4210,Thailand,India,India,7,2019,12,2019-12,2019-12-05,20191218,20191218,export,1,25281195.42,2628.11,kg,KG,WORLD PIGMENT INDUSTRIES COMPANY LIMITED,[in full dataset],BANG KHAE,,www.worldpigment.com,[in full dataset],Y,DCM SHRIRAM LIMITED,[in full dataset],Gurugram,,www.dcmshriram.com,[in full dataset],Y,WORLD PIGMENT INDUSTRIES COMPANY LIMITED,[in full dataset],,5925.3,5925.3,Laem Chabang,Chennai,Gurugram,1,1,7.41,APL MEXICO CITY,IMO8047730,MH,V866,708,MSCU,HBL,COSU366566621,ONEY259951983,TCLU8454963,40HC,OPEN TOP,HC,LCL,CY/CY,Kuehne + Nagel,2382.09
,6003202303000003110879,690721,5,"Ceramic tiles; flags and paving, hearth or wall tiles other than those of subheadings 6907.30 and 6907.40, of a water absorption coefficient by weight not over 0.5%",MARKS7619,China,India,India,9,2023,3,2023-03,2023-03-26,20230314,20230314,export,1,58788652,10056.21,kg,KG,"Xupu County Kangtai Ceramic Industry Co., Ltd.",[in full dataset],Xupu County,,,,Y,R.A.K.CERAMICS INDIA PRIVATE LIMITED,[in full dataset],Hyderabad,,www.rakceramics.com,[in full dataset],Y,"Xupu County Kangtai Ceramic Industry Co., Ltd.",[in full dataset],,9222.2,9222.2,Xiamen,Visakhapatnam,Hyderabad,1,1,11.53,HYUNDAI LOYALTY,IMO5343937,SG,V497,407,MAEU,MBL,MSCU914738786,MAEU146083628,TGHU3372787,20GP,REEFER,HC,FCL,CY/CY,Nippon Express,8998.45
25232100,6003202101000000763546,252321,8,"Cement; portland, white, whether or not artificially coloured",MARKS5304,Japan,India,India,5,2021,1,2021-01,2021-01-14,20210119,20210119,export,1,1055342.99,1146.47,kg,KG,MARBLE CORP.,[in full dataset],CHUO-KU,,www.marble-corp.co.jp/,[in full dataset],Y,J. K. CEMENT LIMITED,[in full dataset],New Delhi,,www.jkcement.com,[in full dataset],Y,MARBLE CORP.,[in full dataset],,3147.4,3147.4,Nagoya,"Nhava Sheva (JNPT), Mumbai",New Delhi,1,1,3.93,ONE APUS,IMO6060409,MH,V427,410,MAEU,MBL,CMDU309149077,YMLU812367049,TCLU1152409,45HC,TANK,GP,FCL,CY/CY,DSV,1062.6
48209090,6003201812000003861616,482090,9,Paper or paperboard; stationery n.e.c. in heading no. 4820,MARKS8852,South Korea,India,India,7,2018,12,2018-12,2018-12-01,20181210,20181210,export,1,17854482,2116.43,kg,KG,"Sambo Corrugated-Board Co.,Ltd.",[in full dataset],Siheung,,www.isambo.com,[in full dataset],Y,J P TOBACCO PRODUCTS PRIVATE LIMITED,[in full dataset],Damoh,,,,Y,"Sambo Corrugated-Board Co.,Ltd.",[in full dataset],,11193.6,11193.6,Busan,"Nhava Sheva (JNPT), Mumbai",Damoh,1,1,13.99,HMM ALGECIRAS,IMO7560772,SG,V506,381,CMDU,SWB,COSU269750126,ONEY523667793,MSCU3466103,40GP,TANK,GP,LCL,CY/CY,DSV,1985.31
,6003201706000005733640,440713,7,"Wood; coniferous species, of S-P-F (spruce (Picea spp.), pine (Pinus spp.) and fir (Abies spp.)), sawn or chipped lengthwise, sliced or peeled, whether or not planed, sanded or finger-jointed, of a thickness exceeding 6mm",MARKS7734,Malaysia,India,India,7,2017,6,2017-06,2017-06-03,20170619,20170619,export,1,20851061.21,2638.18,kg,KG,TIMBERWELL PLYWOOD SDN BHD,[in full dataset],Sandakan,,,,Y,GREENPANEL INDUSTRIES LIMITED,[in full dataset],Kolkata,,www.greenpanel.com,[in full dataset],Y,TIMBERWELL PLYWOOD SDN BHD,[in full dataset],,8563.7,8563.7,Tanjung Pelepas,Kolkata,Kolkata,1,1,10.7,CMA CGM JULES VERNE,IMO5069058,PA,V333,442,COSU,SWB,EGLV926376798,MAEU764344328,FCIU3711272,45HC,OPEN TOP,GP,LCL,CFS/CFS,DSV,2363.03
07139090,6003202601000001273851,071390,9,"Vegetables, leguminous; n.e.c. in heading no. 0713, shelled, whether or not skinned or split, dried",MARKS5023,Australia,India,India,8,2026,1,2026-01,2026-01-21,20260112,20260112,export,1,106461162.68,1500.46,kg,KG,ONIONS SUPERFUND,[in full dataset],BILOELA,,,,Y,ZAP KIDS WEAR,[in full dataset],Chittoor,,,,Y,ONIONS SUPERFUND,[in full dataset],,9204,9204,Fremantle,Kolkata,Chittoor,1,1,11.5,HYUNDAI LOYALTY,IMO5667420,PA,V776,507,EGLV,SWB,ONEY657132882,CMDU757730340,TGHU5591479,40HC,FLAT RACK,HC,LCL,CFS/CFS,DSV,1352.62
07039000,6003202602000001082062,070390,9,"Vegetables, alliaceous; leeks and other kinds n.e.c. in heading no. 0703, fresh or chilled",MARKS1500,Canada,India,India,6,2026,2,2026-02,2026-02-12,20260211,20260211,export,1,57120881.8,1273.5,kg,KG,Two Carrots Studi,[in full dataset],Edmonton,,www.twocarrotsstudio.com,[in full dataset],Y,PBS OIL INDUSTRIES PRIVATE LIMITED,[in full dataset],Dhamtari,,www.pbsoil.com,[in full dataset],Y,Two Carrots Studi,[in full dataset],,10461.9,10461.9,"Prince Rupert, BC",Tuticorin,Dhamtari,1,1,13.08,EVER GIVEN,IMO4818728,MH,V635,455,YMLU,SWB,CMDU457928404,COSU177387626,TGHU4494684,40HC,TANK,RF,FCL,CY/CFS,Sinotrans,1111.15
70109000,6003202404000000963252,701090,8,"Glass; carboys, bottles, flasks, jars, pots, phials and other containers of glass, (not ampoules), used for the conveyance or packing of goods",MARKS4959,United States,India,India,7,2024,4,2024-04,2024-04-11,20240423,20240423,export,1,4474609,7525.86,kg,KG,"Appalachian Regional Healthcare, Inc.",[in full dataset],Lexington,,www.arh.org,[in full dataset],Y,PGP GLASS PRIVATE LIMITED,[in full dataset],Mumbai,,www.pgpfirst.com,[in full dataset],Y,"Appalachian Regional Healthcare, Inc.",[in full dataset],,9141.4,9141.4,"Los Angeles, CA","Nhava Sheva (JNPT), Mumbai",Mumbai,1,1,11.43,CMA CGM JULES VERNE,IMO9521693,MH,V649,313,YMLU,MBL,EGLV120970224,HLCU710437178,GESU8252491,40HC,TANK,HC,FCL,CFS/CFS,CEVA Logistics,7167.38
68118910,6003202203000003130761,681189,6,"Cellulose fibre-cement; articles or the like, other than corrugated sheets and other sheets, panels, tiles and similar articles, not containing asbestos",MARKS5530,China,India,India,8,2022,3,2022-03,2022-03-20,20220311,20220311,export,1,44513694,783.95,kg,KG,"Zhuhai Glory Friction Material Co., Ltd.",[in full dataset],Zhuhai,,www.zhglory.com,[in full dataset],Y,ADVANCE PANELS AND SWITCHGEARS PRIVATE LIMITED,[in full dataset],New Delhi,,www.advancepanels.com,[in full dataset],Y,"Zhuhai Glory Friction Material Co., Ltd.",[in full dataset],,24534,24534,Xiamen,Kolkata,New Delhi,1,1,30.67,HYUNDAI LOYALTY,IMO6900923,SG,V355,366,ONEY,MBL,MAEU451670695,MAEU263791207,TCLU1918001,20GP,REEFER,HC,FCL,CY/CFS,Sinotrans,736.44
25083010,6003202105000003829533,250830,9,"Clays (excluding expanded clays of heading no. 6806); fireclay, whether or not calcined",MARKS7936,Turkiye,India,India,7,2021,5,2021-05,2021-05-19,20210507,20210507,export,1,7557547,4898.06,kg,KG,SIRMERSAN MERMER SANAYI ANONIM SIRKETI,[in full dataset],Denizli,,www.sirmersan.com,[in full dataset],Y,PENNA CEMENT INDUSTRIES LIMITED,[in full dataset],Hyderabad,,www.pennacement.com,[in full dataset],Y,SIRMERSAN MERMER SANAYI ANONIM SIRKETI,[in full dataset],,12326.2,12326.2,Main Container Port,Kandla,Hyderabad,1,1,15.41,BARZAN,IMO5605749,LR,V861,42,COSU,MBL,YMLU264163276,CMDU524854503,TGHU8030288,20GP,TANK,RF,FCL,CFS/CFS,DHL Global Forwarding,4494.26
25191000,6003202104000002441440,251910,6,Magnesium carbonate (magnesite); natural,MARKS9038,Italy,India,India,7,2021,4,2021-04,2021-04-09,20210420,20210420,export,1,4089053.81,1779.86,kg,KG,DOLOMITE COLOMBO SPA,[in full dataset],LECCO,,,,Y,ULTRATECH CEMENT LIMITED,[in full dataset],Mumbai,,www.ultratechcement.com,[in full dataset],Y,DOLOMITE COLOMBO SPA,[in full dataset],,9921.3,9921.3,Trieste,Kolkata,Mumbai,1,1,12.4,MSC OSCAR,IMO5358891,MH,V594,703,OOLU,MBL,EGLV820768195,HLCU454908515,BMOU2663525,40GP,OPEN TOP,GP,FCL,CY/CFS,Expeditors,1548.35
52121400,6003202504000001607538,521214,5,"Fabrics, woven; of cotton, of yarns of different colours, weighing not more than 200g/m2, n.e.c. in chapter 52",MARKS9980,United States,India,India,7,2025,4,2025-04,2025-04-17,20250402,20250402,export,1,36282665,10454.48,kg,KG,Winn Management Company LLC,[in full dataset],Boston,,www.winncompanies.com,[in full dataset],Y,COTTON BLOSSOM INDIAPRIVATE LIMITED,[in full dataset],Tirupur,,www.cotonblossom.org,[in full dataset],Y,Winn Management Company LLC,[in full dataset],,2195.3,2195.3,"Miami, FL",Tuticorin,Tirupur,1,1,2.74,MAERSK MOLLER,IMO1217208,MH,V876,691,MAEU,MBL,ONEY214883342,COSU988827881,TCLU7996947,40GP,DRY,RF,LCL,CY/CY,Yusen Logistics,9729.04
09012190,6003202009000001660700,090121,8,"Coffee; roasted, not decaffeinated",MARKS8108,Indonesia,India,India,6,2020,9,2020-09,2020-09-20,20200920,20200920,export,1,17486531.83,31235.91,kg,KG,PT PTPN IX KEBUN SEMUGIH MOGA PEMALANG (PERSERO),[in full dataset],Kabupaten Pemalang,,,,Y,INDIAN RAILWAY CATERING AND TOURISM CORPORATION LIMITED,[in full dataset],New Delhi,,www.irctc.com/,[in full dataset],Y,PT PTPN IX KEBUN SEMUGIH MOGA PEMALANG (PERSERO),[in full dataset],,14223.3,14223.3,Belawan,Kolkata,New Delhi,1,1,17.78,APL MEXICO CITY,IMO9226211,PA,V598,949,EGLV,SWB,ONEY857040662,COSU819659461,FCIU8997136,45HC,OPEN TOP,GP,FCL,CFS/CFS,Kuehne + Nagel,27813.43
48236900,6003201812000006173903,482369,7,"Paper and paperboard; trays, dishes, plates, cups and the like, of paper or paperboard other than of bamboo",MARKS1453,China,India,India,5,2018,12,2018-12,2018-12-03,20181215,20181215,export,1,45046234,19881.33,kg,KG,"Liansheng Paper Industry (longhai) Co., Ltd",[in full dataset],Zhangzhou,,www.fjlszy.com,[in full dataset],N,N R AGARWAL INDUSTRIES LIMITED,[in full dataset],Mumbai,,www.nrail.com,[in full dataset],Y,"Liansheng Paper Industry (longhai) Co., Ltd",[in full dataset],,24226.7,24226.7,Dalian,Kolkata,Mumbai,1,1,30.28,MOL TRIUMPH,IMO2843384,MH,V438,920,MAEU,SWB,MSCU524884209,HLCU741492767,FCIU7755235,40HC,DRY,HC,FCL,CY/CY,Kuehne + Nagel,17552.08
52053330,6003202508000001727195,520533,6,"Cotton yarn; (not sewing thread), multiple or cabled, of uncombed fibres, 85% or more by weight of cotton, 232.55 to 192.31 decitex (44 to 52 metric number) per single yarn, not for retail sale",MARKS3171,Australia,India,India,9,2025,8,2025-08,2025-08-22,20250810,20250810,export,1,44941584.08,7325.13,kg,KG,COTTON ON FINANCE PTY LTD,[in full dataset],NORTH GEELONG,,www.cottonon.com.au,[in full dataset],Y,THE RAJLAKSHMI COTTON MILLS PRIVATE LIMITED,[in full dataset],Kolkata,,www.rcm-organic.com,[in full dataset],Y,COTTON ON FINANCE PTY LTD,[in full dataset],,16209.2,16209.2,Sydney,Chennai,Kolkata,1,1,20.26,MOL TRIUMPH,IMO6965418,PA,V142,586,COSU,MBL,HLCU953781617,HLCU492112665,MSCU1854559,40HC,OPEN TOP,HC,FCL,CFS/CFS,Kuehne + Nagel,6903.26
68030000,6003202207000003347798,680300,7,"Slate, worked; and articles of slate or of agglomerated slate",MARKS1311,China,India,India,5,2022,7,2022-07,2022-07-17,20220708,20220708,export,1,53546388,965.59,kg,KG,"Shaanxi Tailing Building Materials Co., Ltd.",[in full dataset],Tongchuan,,www.sxtlsj.com,[in full dataset],Y,SHREE SIDDHIVINAYAK ENTERPRISES,[in full dataset],Valsad,,,,Y,"Shaanxi Tailing Building Materials Co., Ltd.",[in full dataset],,17247.5,17247.5,Qingdao,Kandla,Valsad,1,1,21.56,EVER GIVEN,IMO2520196,LR,V623,54,OOLU,MBL,CMDU809775940,EGLV840167419,TGHU4848187,20GP,FLAT RACK,RF,FCL,CY/CFS,Kuehne + Nagel,873.37
15030000,6003201510000004616176,150300,5,"Lard stearin, lard oil, oleostearin, oleo-oil and tallow oil; not emulsified or mixed or otherwise prepared",MARKS7675,Indonesia,India,India,7,2015,10,2015-10,2015-10-13,20151023,20151023,export,1,350486499,33318.42,kg,KG,PT INNO-WANGSA OILS & FATS,[in full dataset],Kota Medan,,www.inno-wangsa.co.id,[in full dataset],Y,PUNYAH OILS AND FATS PRIVATE LIMITED,[in full dataset],Siliguri,,,,Y,PT INNO-WANGSA OILS & FATS,[in full dataset],,16212.1,16212.1,Makassar,Kandla,Siliguri,1,1,20.27,ONE APUS,IMO7517863,LR,V258,847,CMDU,SWB,COSU416730647,ONEY846759724,TGHU7364656,45HC,TANK,RF,FCL,CFS/CFS,Expeditors,29582.45
08106000,6003201612000006484622,081060,5,"Fruit, edible; durians, fresh",MARKS2436,United States,India,India,9,2016,12,2016-12,2016-12-20,20161216,20161216,export,1,28275201,5128.74,kg,KG,"Conagra Brands, Inc.",[in full dataset],Chicago,,www.conagrabrands.com,[in full dataset],Y,KIRANAKART WHOLESALE PRIVATE LIMITED,[in full dataset],Mumbai,,,,Y,"Conagra Brands, Inc.",[in full dataset],,17376.2,17376.2,"Oakland, CA",Tuticorin,Mumbai,1,1,21.72,HMM ALGECIRAS,IMO6932089,MH,V522,988,CMDU,HBL,YMLU545912467,MSCU777738358,TCLU3576075,40GP,TANK,RF,LCL,CY/CFS,DB Schenker,4884.16
40028020,6003201903000005641060,400280,7,"Rubber; mixtures of natural and synthetic rubbers of heading no. 4001 and 4002, in primary forms or in plates, sheets or strip",MARKS9005,Indonesia,India,India,5,2019,3,2019-03,2019-03-10,20190301,20190301,export,1,23760182.58,829.01,kg,KG,PT BANK MANDIRI TASPEN,[in full dataset],Kota Administrasi Jakarta Pusat,,www.bankmandiritaspen.co.id,[in full dataset],Y,D C W LIMITED,[in full dataset],Mumbai,,www.dcwltd.com,[in full dataset],Y,PT BANK MANDIRI TASPEN,[in full dataset],,24020.7,24020.7,Makassar,Chennai,Mumbai,1,1,30.03,EVER ACME,IMO9855264,SG,V733,41,ZIMU,HBL,CMDU146854779,YMLU498427844,CAIU3374074,40GP,REEFER,HC,LCL,CFS/CFS,Sinotrans,774.24
52122200,6003202508000001728283,521222,7,"Fabrics, woven; of cotton, bleached, weighing more than 200g/m2, n.e.c. in chapter 52",MARKS7934,Australia,India,India,7,2025,8,2025-08,2025-08-08,20250819,20250819,export,1,44941584.08,4797.53,kg,KG,COTTON ON CLOTHING PTY. LTD.,[in full dataset],North Geelong,,www.cottonongroup.com.au,[in full dataset],Y,THE RAMARAJU SURGICAL COTTON MILLS LIMITED,[in full dataset],Rajapalayam,,www.ramarajusurgical.com,[in full dataset],Y,COTTON ON CLOTHING PTY. LTD.,[in full dataset],,12153.8,12153.8,Melbourne,Chennai,Rajapalayam,1,1,15.19,COSCO UNIVERSE,IMO8929703,SG,V531,710,ZIMU,SWB,CMDU274950667,MSCU818711376,CAIU3202911,40GP,REEFER,GP,FCL,CY/CY,Sinotrans,4244.08
07141000,6003202602000001082256,071410,5,"Vegetable roots and tubers; manioc (cassava), with high starch or inulin content, fresh, chilled, frozen or dried, whether or not sliced or in the form of pellets",MARKS1975,Canada,India,India,7,2026,2,2026-02,2026-02-11,20260213,20260213,export,1,57120881.8,6952.49,kg,KG,"Village Farms International, Inc",[in full dataset],Delta,,www.villagefarms.com,[in full dataset],Y,OOTY VEGETABLES & FRUITS,[in full dataset],Chennai,,,,Y,"Village Farms International, Inc",[in full dataset],,14276.2,14276.2,"Vancouver, BC",Kandla,Chennai,1,1,17.85,COSCO UNIVERSE,IMO5285754,SG,V189,857,MAEU,SWB,EGLV764896829,MAEU490874087,GESU3707344,40GP,OPEN TOP,RF,FCL,CY/CFS,Nippon Express,6272.47
25222000,6003202103000003383018,252220,9,Slaked lime; excluding calcium oxide and hydroxide of heading no. 2825,MARKS3590,South Africa,India,India,5,2021,3,2021-03,2021-03-20,20210321,20210321,export,1,6274524.75,11278,kg,KG,RATSOMA CEMENT DISTRIBUTION (PTY) LTD,[in full dataset],POLOKWANE,,,,Y,ULTRATECH CEMENT LIMITED,[in full dataset],Mumbai,,www.ultratechcement.com,[in full dataset],Y,RATSOMA CEMENT DISTRIBUTION (PTY) LTD,[in full dataset],,18723.5,18723.5,Port Elizabeth,"Nhava Sheva (JNPT), Mumbai",Mumbai,1,1,23.4,BARZAN,IMO9886014,MH,V424,823,ZIMU,SWB,MAEU553082547,ONEY968101309,TGHU5957166,20GP,FLAT RACK,GP,FCL,CY/CY,Kuehne + Nagel,10304.26
08031010,6003201605000004762509,080310,6,"Fruit, edible; plantains, fresh or dried",MARKS6693,Australia,India,India,5,2016,5,2016-05,2016-05-24,20160515,20160515,export,1,16876072.09,797.77,kg,KG,GARDEN FRESH PRODUCE PTY. LTD.,[in full dataset],Pooraka,,www.powerup.com.au,[in full dataset],N,UMA EXPORTS LIMITED,[in full dataset],Kolkata,,www.umaexports.net,[in full dataset],Y,GARDEN FRESH PRODUCE PTY. LTD.,[in full dataset],,15709.9,15709.9,Melbourne,Visakhapatnam,Kolkata,1,1,19.64,HMM ALGECIRAS,IMO1704855,SG,V193,302,ZIMU,SWB,EGLV134654366,YMLU926858412,FCIU3940439,45HC,REEFER,RF,FCL,CFS/CFS,CEVA Logistics,735.03
48109900,6003201804000002390337,481099,7,"Paper and paperboard; coated with inorganic substances only, whether or not surface-coloured, surface-decorated or printed, n.e.c. in heading no. 4810, in rolls or sheets",MARKS5553,Japan,India,India,5,2018,4,2018-04,2018-04-11,20180415,20180415,export,1,9021344.29,38777.39,kg,KG,"RENGO CO.,LTD.",[in full dataset],OSAKA,,www.rengo.co.jp/,[in full dataset],Y,JAGRAN PRAKASHAN LIMITED,[in full dataset],Kanpur,,www.jplcorp.in,[in full dataset],Y,"RENGO CO.,LTD.",[in full dataset],,17392.2,17392.2,Osaka,"Nhava Sheva (JNPT), Mumbai",Kanpur,1,1,21.74,HYUNDAI LOYALTY,IMO1320677,LR,V686,765,ONEY,SWB,COSU125258912,MAEU361615812,CAIU5675459,40GP,REEFER,GP,LCL,CY/CY,CEVA Logistics,35300.93
68129100,6003202209000003334915,681291,5,"Asbestos or mixtures with a basis of asbestos (other than crocidolite); clothing, clothing accessories, footwear and headgear, whether or not reinforced, not goods of heading 6811 or 6813",MARKS1706,China,India,India,5,2022,9,2022-09,2022-09-11,20220919,20220919,export,1,53060559,3004.94,kg,KG,"Linhai Weixing New Type Building Materials Co., Ltd.",[in full dataset],Linhai,,,,Y,MAA ARBUDA STONE CUTTING,[in full dataset],Barmer,,,,Y,"Linhai Weixing New Type Building Materials Co., Ltd.",[in full dataset],,10500.8,10500.8,Yingkou,"Mundra, Gujarat",Barmer,1,1,13.13,EVER GIVEN,IMO7660929,PA,V180,677,MSCU,SWB,YMLU194455202,ONEY499309329,CAIU1790238,45HC,FLAT RACK,GP,FCL,CY/CY,Nippon Express,2753.09
44072100,6003201701000007872694,440721,8,"Wood, tropical; as specified in Subheading Note 2 to this Chapter, mahogany (Swietenia spp.), sawn or chipped lengthwise, sliced or peeled, whether or not planed, sanded or finger-jointed, thicker than 6mm",MARKS8180,Malaysia,India,India,8,2017,1,2017-01,2017-01-15,20170103,20170103,export,1,35731838.55,1725.32,kg,KG,UNITED PLYWOOD & SAWMILLS SDN BHD,[in full dataset],Kuala Lumpur,,,,Y,MAHESH INDUSTRIES PRIVATE LIMITED,[in full dataset],Karnal,,,,Y,UNITED PLYWOOD & SAWMILLS SDN BHD,[in full dataset],,3542.8,3542.8,Tanjung Pelepas,Chennai,Karnal,1,1,4.43,ONE APUS,IMO5980615,LR,V201,71,COSU,HBL,EGLV344764776,CMDU105435804,TGHU2858592,40HC,OPEN TOP,GP,FCL,CFS/CFS,Bollore Logistics,1584.61
09022030,6003202004000000248500,090220,6,"Tea, green; (not fermented), in immediate packings of a content exceeding 3kg",MARKS7083,Brazil,India,India,8,2020,4,2020-04,2020-04-02,20200403,20200403,export,1,1080419,42644.12,kg,KG,ED&F MAN VOLCAFE BRASIL LTDA,[in full dataset],SAO PAULO,,,,Y,INDIAN RAILWAY CATERING AND TOURISM CORPORATION LIMITED,[in full dataset],New Delhi,,www.irctc.com/,[in full dataset],Y,ED&F MAN VOLCAFE BRASIL LTDA,[in full dataset],,17395.6,17395.6,Rio Grande,Chennai,New Delhi,1,1,21.74,HMM ALGECIRAS,IMO5013237,PA,V704,457,MAEU,HBL,MAEU913366352,EGLV938117583,GESU6809934,20GP,REEFER,GP,LCL,CY/CY,DB Schenker,39608.09
70191100,6003202410000005803355,701911,9,"Glass fibres; (including glass wool), chopped strands, of a length of not more than 50mm",MARKS9085,China,India,India,9,2024,10,2024-10,2024-10-16,20241007,20241007,export,1,164928183,10975.89,kg,KG,"Hubei Yijun Yaoneng New Material Co., Ltd.",[in full dataset],Jingzhou,,www.yijunglass.com,[in full dataset],N,NATIONAL PHYSICAL LABORATORY,[in full dataset],New Delhi,,www.nplindia.org,[in full dataset],Y,"Hubei Yijun Yaoneng New Material Co., Ltd.",[in full dataset],,10143.9,10143.9,Yingkou,Kolkata,New Delhi,1,1,12.68,CMA CGM JULES VERNE,IMO4500455,PA,V106,80,COSU,MBL,CMDU847307641,YMLU746826650,TGHU3223960,20GP,REEFER,GP,FCL,CFS/CFS,Bollore Logistics,9608.2
52115910,6003202509000001900419,521159,8,"Fabrics, woven; containing less than 85% by weight of cotton, mixed mainly or solely with man-made fibres, weighing more than 200g/m2, printed, of weaves n.e.c. in item no. 5211.5",MARKS1338,Australia,India,India,8,2025,9,2025-09,2025-09-19,20250904,20250904,export,1,60682112.87,2343.2,kg,KG,COTTON ON INTERNATIONAL PTY LTD,[in full dataset],North Geelong,,www.cottonon.com.au,[in full dataset],Y,JIYAJEERAO COTTON MILLS LIMITED,[in full dataset],Gwalior,,,,N,COTTON ON INTERNATIONAL PTY LTD,[in full dataset],,17188.2,17188.2,Melbourne,Tuticorin,Gwalior,1,1,21.49,MADRID MAERSK,IMO4778335,LR,V109,657,HLCU,HBL,YMLU612664366,MAEU290307287,BMOU7879884,40GP,TANK,RF,FCL,CFS/CFS,Bollore Logistics,2130.44
70132800,6003202411000005754380,701328,9,"Stemware drinking glasses, other than of lead crystal or glass-ceramics",MARKS1639,China,India,India,9,2024,11,2024-11,2024-11-22,20241102,20241102,export,1,160400563,8614.46,kg,KG,"Hangzhou Dian Medical Laboratory Co., Ltd.",[in full dataset],Hangzhou,,www.daforensic.com,[in full dataset],Y,GOLD PLUS GLASS INDUSTRY LIMITED,[in full dataset],New Delhi,,www.goldplusgroup.com,[in full dataset],Y,"Hangzhou Dian Medical Laboratory Co., Ltd.",[in full dataset],,21826.7,21826.7,Shanghai,Cochin,New Delhi,1,1,27.28,MOL TRIUMPH,IMO7770004,SG,V573,196,ZIMU,HBL,MSCU775357704,COSU174862201,GESU6533462,40GP,REEFER,GP,FCL,CY/CY,Yusen Logistics,7705.06
68152000,6003202202000002667399,681520,8,Peat; articles of peat n.e.c. or included,MARKS5792,China,India,India,8,2022,2,2022-02,2022-02-24,20220221,20220221,export,1,32389172,213.15,kg,KG,"Jingyuan (Dehua) Building Materials Co.,Ltd.",[in full dataset],Quanzhou,,,,Y,AI SHREE KHODIYAR PACKAGING LABOUR CONTRECTOR,[in full dataset],Ahmedabad,,,,Y,"Jingyuan (Dehua) Building Materials Co.,Ltd.",[in full dataset],,6261.4,6261.4,Tianjin,"Mundra, Gujarat",Ahmedabad,1,1,7.83,ONE APUS,IMO1627426,LR,V849,315,CMDU,HBL,CMDU117866482,MAEU626761924,FCIU9544871,45HC,OPEN TOP,GP,LCL,CY/CY,DHL Global Forwarding,200
,6003201703000007460518,440712,8,"Wood; coniferous species, of fir (Abies spp.) and spruce (Picea spp.), sawn or chipped lengthwise, sliced or peeled, whether or not planed, sanded or finger-jointed, of a thickness exceeding 6mm",MARKS3427,Malaysia,India,India,6,2017,3,2017-03,2017-03-14,20170307,20170307,export,1,32738703.43,3260.32,kg,KG,DOMINANT ENTERPRISE BERHAD,[in full dataset],Sekudai,,www.dominant.com.my,[in full dataset],Y,STAR WOODEN FRAMES,[in full dataset],Kutch,,,,N,DOMINANT ENTERPRISE BERHAD,[in full dataset],,22950.3,22950.3,Tanjung Pelepas,Visakhapatnam,Kutch,1,1,28.69,MAERSK MOLLER,IMO5600883,MH,V390,435,HMMU,HBL,COSU761639813,MSCU921059789,TCLU5289457,45HC,TANK,RF,LCL,CFS/CFS,DB Schenker,2843.58
,6003202401000006021723,701964,9,"Glass fibres; closed woven fabrics, plain weave, of yarns, coated or laminated, (other than rovings)",MARKS7253,China,India,India,5,2024,1,2024-01,2024-01-05,20240125,20240125,export,1,200977300,18318.9,kg,KG,"Sichuan Yibin Global Glass Glassmaking Co., Ltd.",[in full dataset],Yibin,,,,Y,GIA INDIA LABORATORY PRIVATE LIMITED,[in full dataset],Mumbai,,giaindia.in,[in full dataset],Y,"Sichuan Yibin Global Glass Glassmaking Co., Ltd.",[in full dataset],,1141.8,1141.8,Tianjin,Kolkata,Mumbai,1,1,1.43,MAERSK MOLLER,IMO8266621,PA,V475,116,YMLU,HBL,MSCU767817235,COSU836748500,TCLU3660515,20GP,TANK,RF,FCL,CFS/CFS,Bollore Logistics,16946.75
25210090,6003202103000002919418,252100,5,"Limestone flux; limestone and other calcareous stone, of a kind used for the manufacture of lime or cement",MARKS5923,United States,India,India,6,2021,3,2021-03,2021-03-26,20210309,20210309,export,1,5050645,29165.3,kg,KG,Las Vegas Sands Corp.,[in full dataset],Las Vegas,,www.sands.com,[in full dataset],Y,BIRLA CORPORATION LIMITED,[in full dataset],Kolkata,,www.birlacorporation.com,[in full dataset],Y,Las Vegas Sands Corp.,[in full dataset],,6360.4,6360.4,"New York/Newark, NJ","Nhava Sheva (JNPT), Mumbai",Kolkata,1,1,7.95,MADRID MAERSK,IMO5824328,PA,V611,624,CMDU,SWB,YMLU478747094,YMLU129189560,MSCU4982656,40GP,DRY,GP,FCL,CY/CFS,DHL Global Forwarding,26168.67
69120010,6003202302000002217921,691200,6,"Ceramic tableware, kitchenware, other household articles and toilet articles; other than of porcelain or china",MARKS9562,China,India,India,9,2023,2,2023-02,2023-02-16,20230212,20230212,export,1,28843108,16297.7,kg,KG,"Languang Electronic Industry Co., Ltd.",[in full dataset],Wenzhou,,www.nisiwz.cn,[in full dataset],N,GOLF CERAMICS PRIVATE LIMITED,[in full dataset],Mehsana,,www.golfceramics.in,[in full dataset],N,"Languang Electronic Industry Co., Ltd.",[in full dataset],,18853.8,18853.8,Ningbo-Zhoushan,Chennai,Mehsana,1,1,23.57,ONE APUS,IMO7671055,LR,V993,739,EGLV,HBL,YMLU439572679,COSU721647351,FCIU1409174,40HC,REEFER,RF,FCL,CFS/CFS,Expeditors,15060.05
09011200,6003202004000000577578,090112,7,"Coffee; decaffeinated, not roasted",MARKS1923,Indonesia,India,India,7,2020,4,2020-04,2020-04-24,20200426,20200426,export,1,3219697.42,17524.95,kg,KG,CV DUA BURUNG,[in full dataset],Kota Tegal,,,,Y,TATA COFFEE LIMITED,[in full dataset],Bengaluru,,www.tatacoffee.com,[in full dataset],Y,CV DUA BURUNG,[in full dataset],,14783.2,14783.2,Belawan,"Mundra, Gujarat",Bengaluru,1,1,18.48,EVER ACME,IMO8003024,PA,V675,146,CMDU,SWB,CMDU710939814,MAEU520032826,MSCU8506056,40GP,FLAT RACK,GP,LCL,CFS/CFS,Yusen Logistics,16592.59
,6003201608000010930214,080522,6,"Fruit, edible; clementines, fresh or dried",MARKS9377,United States,India,India,9,2016,8,2016-08,2016-08-26,20160813,20160813,export,1,99381205,32087.43,kg,KG,"Tyson Foods, Inc.",[in full dataset],Springdale,,www.tysonfoods.com,[in full dataset],N,AARNA CASHEW NUTS AND RAISINS PRIVATE LIMITED,[in full dataset],Saharsa,,,,Y,"Tyson Foods, Inc.",[in full dataset],,13916.2,13916.2,"New York/Newark, NJ",Tuticorin,Saharsa,1,1,17.4,MSC GULSUN,IMO1765349,PA,V823,739,OOLU,HBL,CMDU248153310,YMLU985707534,TGHU7827861,40HC,FLAT RACK,GP,FCL,CY/CFS,Yusen Logistics,29879.19
70051010,6003202412000001483568,700510,8,"Glass; float glass and surface ground or polished glass, in sheets, non-wired, having an absorbent reflecting or non-reflecting layer",MARKS7640,Thailand,India,India,7,2024,12,2024-12,2024-12-06,20241207,20241207,export,1,8246560.13,607.73,kg,KG,ROYAL GLASS COMPANY LIMITED,[in full dataset],BANG KHAE,,,,Y,EMERGE GLASS INDIA PRIVATE LIMITED,[in full dataset],Delhi,,www.emergeglass.in,[in full dataset],Y,ROYAL GLASS COMPANY LIMITED,[in full dataset],,4354.6,4354.6,Laem Chabang,"Nhava Sheva (JNPT), Mumbai",Delhi,1,1,5.44,YM WARRANTY,IMO7633179,MH,V299,10,MAEU,SWB,MSCU752813960,ONEY965047680,GESU8927127,20GP,DRY,RF,LCL,CY/CFS,CEVA Logistics,551.35
07052100,6003202602000001080505,070521,5,"Vegetables; witloff chicory (cichorium intybus var. foliosum), fresh or chilled",MARKS5001,Canada,India,India,9,2026,2,2026-02,2026-02-04,20260220,20260220,export,1,57120881.8,36679.79,kg,KG,"Village Farms International, Inc",[in full dataset],Delta,,www.villagefarms.com,[in full dataset],Y,ADRIKA HEALTH FOOD PRIVATE LIMITED,[in full dataset],Kolkata,,,,Y,"Village Farms International, Inc",[in full dataset],,19229.6,19229.6,"Halifax, NS",Cochin,Kolkata,1,1,24.04,MAERSK MOLLER,IMO7104478,PA,V805,786,HLCU,SWB,MAEU619340543,YMLU489056674,FCIU2445586,20GP,DRY,HC,FCL,CFS/CFS,Expeditors,33264.78
48043900,6003201802000004590791,480439,8,"Kraft paper and paperboard; uncoated, bleached, weight 150g/m2 or less, in rolls or sheets, other than that of heading no. 4802 or 4803",MARKS3245,South Korea,India,India,5,2018,2,2018-02,2018-02-25,20180209,20180209,export,1,23877707,11901.04,kg,KG,"Daehan Paper Co., Ltd.",[in full dataset],Cheongju,,www.daehanpaper.com,[in full dataset],Y,ITC LIMITED,[in full dataset],Kolkata,,www.itcportal.com,[in full dataset],N,"Daehan Paper Co., Ltd.",[in full dataset],,15080.6,15080.6,Gwangyang,Kandla,Kolkata,1,1,18.85,OOCL HONG KONG,IMO7216869,LR,V577,54,OOLU,MBL,MSCU548939325,MSCU886005859,GESU6040175,40GP,DRY,GP,FCL,CFS/CFS,DSV,11313.13
52114990,6003202508000001510105,521149,5,"Fabrics, woven; containing less than 85% by weight of cotton, mixed mainly or solely with man-made fibres, weighing more than 200g/m2, of yarns of different colours, of weaves n.e.c. in item no. 5211.4",MARKS7689,United States,India,India,9,2025,8,2025-08,2025-08-27,20250802,20250802,export,1,31323458,17145.54,kg,KG,"Meridian Industries, Inc.",[in full dataset],Milwaukee,,www.meridiancompanies.com,[in full dataset],Y,SURAT COTTON SPINNING & WEAVING MILLS PRIVATE LIMITED,[in full dataset],Mumbai,,,,N,"Meridian Industries, Inc.",[in full dataset],,9668.6,9668.6,"Oakland, CA",Tuticorin,Mumbai,1,1,12.09,YM WARRANTY,IMO1520433,SG,V918,609,APLU,SWB,COSU358040528,HLCU765380222,TCLU9324753,40GP,REEFER,HC,FCL,CY/CFS,Bollore Logistics,15657.67
09092110,6003202007000001417005,090921,6,"Spices; coriander seeds, neither crushed nor ground",MARKS1068,Indonesia,India,India,8,2020,7,2020-07,2020-07-04,20200724,20200724,export,1,11830172.9,11204.97,kg,KG,PT DELTA MATE MAJALENGKA,[in full dataset],Kabupaten Majalengka,,,,Y,SRI NARASUS COFFEE COMPANY PRIVATE LIMITED,[in full dataset],Salem,,www.narasuscoffee.in,[in full dataset],Y,PT DELTA MATE MAJALENGKA,[in full dataset],,14260,14260,Makassar,"Nhava Sheva (JNPT), Mumbai",Salem,1,1,17.82,BARZAN,IMO1289935,LR,V105,752,EGLV,SWB,ONEY992743321,MAEU580373260,TGHU8188394,40GP,REEFER,HC,FCL,CFS/CFS,Yusen Logistics,10252.49
25253090,6003202109000002025462,252530,6,Mica; waste,MARKS7761,Italy,India,India,9,2021,9,2021-09,2021-09-04,20210916,20210916,export,1,3235784.56,12111.84,kg,KG,QUARTZ LIFE SPA,[in full dataset],PARMA,,,,Y,AMBUJA CEMENTS LIMITED,[in full dataset],Mumbai,,www.ambujacement.com,[in full dataset],N,QUARTZ LIFE SPA,[in full dataset],,863.2,863.2,Genoa,"Nhava Sheva (JNPT), Mumbai",Mumbai,1,1,1.08,MSC GULSUN,IMO2272532,PA,V549,976,CMDU,HBL,MSCU896344265,CMDU262398538,FCIU4543189,20GP,REEFER,HC,LCL,CFS/CFS,Sinotrans,11335.16
25083010,6003202105000003329953,250830,7,"Clays (excluding expanded clays of heading no. 6806); fireclay, whether or not calcined",MARKS9593,Egypt,India,India,9,2021,5,2021-05,2021-05-25,20210505,20210505,export,1,6098475.71,6449.33,kg,KG,EGYPTIAN GYPSUM COMPANY SAE,[in full dataset],Giza,,www.saint-gobain-gyproc.com,[in full dataset],Y,ULTRATECH CEMENT LIMITED,[in full dataset],Mumbai,,www.ultratechcement.com,[in full dataset],Y,EGYPTIAN GYPSUM COMPANY SAE,[in full dataset],,16410.1,16410.1,Alexandria,"Mundra, Gujarat",Mumbai,1,1,20.51,EVER GIVEN,IMO4717740,LR,V241,580,ONEY,SWB,CMDU671885025,CMDU936981972,MSCU6148101,45HC,DRY,GP,FCL,CY/CY,Kuehne + Nagel,6102.57
44092910,6003201702000004857737,440929,6,"Wood; non-coniferous, other than bamboo or tropical wood, (including unassembled strips and friezes for parquet flooring), continuously shaped along any edges, ends or faces, whether or not planed, sanded or end-jointed",MARKS3233,Malaysia,India,India,9,2017,2,2017-02,2017-02-15,20170226,20170226,export,1,16533755.69,2624.02,kg,KG,KILANG PETI KIN YIP SDN BHD,[in full dataset],Kuala Lumpur,,,,Y,HELLA INFRA MARKET WOOD PRODUCTS PRIVATE LIMITED,[in full dataset],Thane,,,,N,KILANG PETI KIN YIP SDN BHD,[in full dataset],,4570.1,4570.1,Port Klang,Kandla,Thane,1,1,5.71,HYUNDAI LOYALTY,IMO6525648,PA,V883,421,CMDU,SWB,YMLU851097588,HLCU995630263,GESU8660382,45HC,DRY,HC,FCL,CY/CFS,CEVA Logistics,2420.96
08024200,6003201606000007370695,080242,6,"Nuts, edible; chestnuts (Castanea spp.), fresh or dried, shelled",MARKS9680,United States,India,India,5,2016,6,2016-06,2016-06-18,20160605,20160605,export,1,36607002,3718.03,kg,KG,"Tyson Foods, Inc.",[in full dataset],Springdale,,www.tysonfoods.com,[in full dataset],Y,LION DATES PRIVATE LIMITED,[in full dataset],Tiruchirappalli,,www.liondates.com,[in full dataset],Y,"Tyson Foods, Inc.",[in full dataset],,16822.9,16822.9,"Houston, TX","Mundra, Gujarat",Tiruchirappalli,1,1,21.03,MADRID MAERSK,IMO3083012,LR,V261,366,HMMU,SWB,MSCU463312724,MAEU760802082,TGHU6880500,40HC,TANK,RF,FCL,CY/CY,Nippon Express,3445.34
40122010,6003201910000005754910,401220,6,Rubber; used pneumatic tyres,MARKS4002,Thailand,India,India,9,2019,10,2019-10,2019-10-20,20191019,20191019,export,1,24486005.74,8164.66,kg,KG,NORTH EAST RUBBER PUBLIC COMPANY LIMITED,[in full dataset],PRAKHON CHAI,,www.nerubber.com,[in full dataset],Y,RELIANCE INDUSTRIES LIMITED,[in full dataset],Mumbai,,www.ril.com,[in full dataset],Y,NORTH EAST RUBBER PUBLIC COMPANY LIMITED,[in full dataset],,18367.4,18367.4,Bangkok,Kolkata,Mumbai,1,1,22.96,OOCL HONG KONG,IMO5997365,LR,V879,447,HMMU,SWB,MAEU215887809,MSCU239063701,GESU7306075,40GP,OPEN TOP,GP,FCL,CFS/CFS,Sinotrans,7483
68159100,6003202207000000836821,681591,9,"Stone articles and articles of other mineral substances; containing magnesite, magnesia in the form of periclase, dolomite including in the form of dolime, or chromite",MARKS5885,Germany,India,India,5,2022,7,2022-07,2022-07-08,20220716,20220716,export,1,3768700.79,45144.83,kg,KG,Gebr. Knauf KG,[in full dataset],Iphofen,,www.knauf-akademie.de,[in full dataset],Y,ACC LIMITED,[in full dataset],Ahmedabad,,www.acclimited.com,[in full dataset],N,Gebr. Knauf KG,[in full dataset],,11169.9,11169.9,Hamburg,Visakhapatnam,Ahmedabad,1,1,13.96,CMA CGM JULES VERNE,IMO3538176,MH,V520,192,ZIMU,SWB,COSU748707648,COSU603766029,GESU2012827,40GP,REEFER,GP,FCL,CY/CFS,Kuehne + Nagel,40398.82
09101290,6003202012000001730735,091012,6,"Spices; ginger, crushed or ground",MARKS5355,Indonesia,India,India,5,2020,12,2020-12,2020-12-19,20201228,20201228,export,1,19342310.17,1611.95,kg,KG,PT SULOTCO JAYA ABADI,[in full dataset],Kota Makassar,,www.toraja.coffee/id/kontak/,[in full dataset],Y,GINGER COURT,[in full dataset],Hyderabad,,,,Y,PT SULOTCO JAYA ABADI,[in full dataset],,21675.8,21675.8,Makassar,Chennai,Hyderabad,1,1,27.09,APL MEXICO CITY,IMO7546983,PA,V291,569,OOLU,SWB,MSCU536426378,CMDU769868139,FCIU1091871,40HC,FLAT RACK,HC,FCL,CY/CY,DHL Global Forwarding,1474.42
68129100,6003202203000003130861,681291,7,"Asbestos or mixtures with a basis of asbestos (other than crocidolite); clothing, clothing accessories, footwear and headgear, whether or not reinforced, not goods of heading 6811 or 6813",MARKS7367,China,India,India,9,2022,3,2022-03,2022-03-11,20220319,20220319,export,1,44513694,1048.45,kg,KG,"Haodesheng (quanzhou) Stone Material Technology Co., Ltd.",[in full dataset],Quanzhou,,,,Y,NUVOCO VISTAS CORPORATION LIMITED,[in full dataset],Mumbai,,www.nuvoco.com,[in full dataset],Y,"Haodesheng (quanzhou) Stone Material Technology Co., Ltd.",[in full dataset],,1354.4,1354.4,Yingkou,"Mundra, Gujarat",Mumbai,1,1,1.69,EVER ACME,IMO2569316,MH,V633,715,MAEU,HBL,CMDU146030629,HLCU812493342,TGHU3722154,45HC,REEFER,GP,LCL,CFS/CFS,Expeditors,955.38
08071100,6003201604000005835996,080711,7,"Fruit, edible; watermelons, fresh",MARKS1677,China,India,India,9,2016,4,2016-04,2016-04-18,20160409,20160409,export,1,23612047,514.63,kg,KG,Huludao Dataishan Fruit Plant Farm,[in full dataset],Huludao,,www.hldig.com,[in full dataset],N,HALDI RAM PRODUCTS PRIVATE LIMITED,[in full dataset],Noida,,www.haldiramsonline.com,[in full dataset],Y,Huludao Dataishan Fruit Plant Farm,[in full dataset],,5076.8,5076.8,Tianjin,Visakhapatnam,Noida,1,1,6.35,MSC GULSUN,IMO1862250,MH,V602,331,EGLV,MBL,EGLV959785452,CMDU692640306,FCIU9971083,20GP,FLAT RACK,GP,FCL,CY/CY,Bollore Logistics,478.42
70023200,6003202412000005702712,700232,5,"Glass; unworked, tubes, of glass having a linear coefficient of expansion not exceeding 5 x 10 (to the minus 6), (or 0.000005) per Kelvin within a temperature range of 0-300 degrees C",MARKS3152,China,India,India,7,2024,12,2024-12,2024-12-09,20241227,20241227,export,1,156712359,20482.14,kg,KG,"Fujian Wanda Automobile Glass Industry Co., Ltd.",[in full dataset],Fuqing,,,,N,GOLD PLUS FLOAT GLASS PRIVATE LIMITED,[in full dataset],New Delhi,,goldplusgroup.com,[in full dataset],Y,"Fujian Wanda Automobile Glass Industry Co., Ltd.",[in full dataset],,21604.2,21604.2,Dalian,"Nhava Sheva (JNPT), Mumbai",New Delhi,1,1,27.01,MADRID MAERSK,IMO7390468,PA,V852,759,HLCU,HBL,COSU718137632,EGLV212300636,TCLU5029507,45HC,REEFER,GP,LCL,CFS/CFS,Yusen Logistics,19203.99
52052390,6003202508000001729220,520523,8,"Cotton yarn; (not sewing thread), single, of combed fibres, 85% or more by weight of cotton, less than 232.56 but not less than 192.31 decitex (exceeding 43 but not exceeding 52 metric number), not for retail sale",MARKS7109,Australia,India,India,9,2025,8,2025-08,2025-08-06,20250824,20250824,export,1,44941584.08,2753.25,kg,KG,COTTON ON INTERNATIONAL PTY LTD,[in full dataset],North Geelong,,www.cottonon.com.au,[in full dataset],N,JAGATJIT COTTON TEXTILE MILLS LIMITED,[in full dataset],Phagwara,,,,Y,COTTON ON INTERNATIONAL PTY LTD,[in full dataset],,11777.7,11777.7,Melbourne,Visakhapatnam,Phagwara,1,1,14.72,COSCO UNIVERSE,IMO1980567,SG,V416,957,OOLU,SWB,EGLV829532071,COSU322292404,GESU4980355,40GP,OPEN TOP,GP,FCL,CFS/CFS,Sinotrans,2592.79
,6003202402000000934989,701964,5,"Glass fibres; closed woven fabrics, plain weave, of yarns, coated or laminated, (other than rovings)",MARKS3957,Indonesia,India,India,6,2024,2,2024-02,2024-02-23,20240210,20240210,export,1,4293067.76,8210.25,kg,KG,PT CULLETPRIMA SETIA,[in full dataset],Kota Tangerang,,www.bbcglass.com,[in full dataset],Y,GIA INDIA LABORATORY PRIVATE LIMITED,[in full dataset],Mumbai,,giaindia.in,[in full dataset],Y,PT CULLETPRIMA SETIA,[in full dataset],,17294,17294,"Tanjung Priok, Jakarta",Kolkata,Mumbai,1,1,21.62,YM WARRANTY,IMO7850765,SG,V705,331,OOLU,HBL,MSCU785948625,MAEU891235834,GESU5694339,40HC,TANK,HC,LCL,CY/CFS,Expeditors,7322.77
70052910,6003202412000000784700,700529,8,"Glass; float glass and surface ground or polished glass, in sheets, non-wired, (other than coloured throughout the mass (body tinted), opacified, flashed or merely surface ground)",MARKS9246,Germany,India,India,6,2024,12,2024-12,2024-12-15,20241210,20241210,export,1,3339318.8,1825.8,kg,KG,Nipro PharmaPackaging Germany GmbH,[in full dataset],Münnerstadt,,www.nipro-group.com,[in full dataset],Y,KESHAR SAFETY GLASS,[in full dataset],Kamrup,,www.kesharsafetyglass.com,[in full dataset],N,Nipro PharmaPackaging Germany GmbH,[in full dataset],,15673.9,15673.9,Wilhelmshaven,Tuticorin,Kamrup,1,1,19.59,CSCL GLOBE,IMO2278325,SG,V395,404,COSU,HBL,HLCU178020895,CMDU620372949,FCIU3101778,20GP,FLAT RACK,HC,FCL,CY/CFS,DB Schenker,1653.75
48181000,6003201804000001846314,481810,7,Paper articles; toilet paper,MARKS7630,Singapore,India,India,6,2018,4,2018-04,2018-04-21,20180404,20180404,export,1,6617173.86,17111.98,kg,KG,PEARSON EDUCATION SOUTH ASIA PTE. LTD.,[in full dataset],Singapore,,www.pearsonedasia.com,[in full dataset],Y,N R AGARWAL INDUSTRIES LIMITED,[in full dataset],Mumbai,,www.nrail.com,[in full dataset],Y,PEARSON EDUCATION SOUTH ASIA PTE. LTD.,[in full dataset],,3418.3,3418.3,Singapore (PSA),Tuticorin,Mumbai,1,1,4.27,ONE APUS,IMO1214101,SG,V179,947,CMDU,SWB,COSU979327279,ONEY694714425,TCLU7144259,40HC,DRY,RF,FCL,CY/CY,DHL Global Forwarding,15433.7
15149990,6003201505000004294084,151499,6,"Vegetable oils; excluding low erucic acid rape or colza oil and its fractions, other than crude, but not chemically modified",MARKS7619,Malaysia,India,India,5,2015,5,2015-05,2015-05-10,20150502,20150502,export,1,202842958.65,6502.15,kg,KG,PACIFIC OILS & FATS INDUSTRIES SDN. BHD.,[in full dataset],Pasir Gudang,,www.pacificofats.com,[in full dataset],Y,SRI SARDA VEGETABLE OILS PRIVATE LIMITED,[in full dataset],Ballari,,,,Y,PACIFIC OILS & FATS INDUSTRIES SDN. BHD.,[in full dataset],,746.7,746.7,Tanjung Pelepas,"Mundra, Gujarat",Ballari,1,1,0.93,MADRID MAERSK,IMO4268761,SG,V236,243,ZIMU,MBL,COSU321051347,ONEY641687794,TGHU2522835,40GP,OPEN TOP,HC,FCL,CY/CY,Nippon Express,5949
44185000,6003201706000006533317,441850,5,Wood; shingles and shakes,MARKS2773,China,India,India,6,2017,6,2017-06,2017-06-25,20170624,20170624,export,1,25999396,5860.38,kg,KG,Shuyang County Dongda Wooden Article Factory,[in full dataset],Suqian,,,,Y,SHREE LAXMI TIMBER TRADERS & SAW MILLS,[in full dataset],East Singhbhum,,,,Y,Shuyang County Dongda Wooden Article Factory,[in full dataset],,20428.9,20428.9,Dalian,"Nhava Sheva (JNPT), Mumbai",East Singhbhum,1,1,25.54,MSC OSCAR,IMO2136114,MH,V189,121,APLU,SWB,CMDU910553071,EGLV161932025,TGHU1189378,40HC,OPEN TOP,HC,FCL,CY/CY,DSV,5213.64
,6003201602000001382812,080522,6,"Fruit, edible; clementines, fresh or dried",MARKS9293,Italy,India,India,5,2016,2,2016-02,2016-02-01,20160228,20160228,export,1,3264583.38,9343.99,kg,KG,GIAGUARO SPA,[in full dataset],SARNO,,www.giaguarospa.com,[in full dataset],Y,WOW MOMO FOODS PRIVATE LIMITED,[in full dataset],Kolkata,,www.wowmomo.com,[in full dataset],Y,GIAGUARO SPA,[in full dataset],,19407.6,19407.6,Gioia Tauro,Visakhapatnam,Kolkata,1,1,24.26,OOCL HONG KONG,IMO4281038,LR,V253,843,APLU,MBL,COSU896371681,YMLU648864558,BMOU9065848,40GP,FLAT RACK,RF,FCL,CY/CFS,DB Schenker,8451.24
,6003201704000001896689,441829,5,"Wood; doors and their frames and thresholds, (of other than tropical wood)",MARKS8696,Brazil,India,India,5,2017,4,2017-04,2017-04-04,20170417,20170417,export,1,4059924,3997.22,kg,KG,DEXCO S.A,[in full dataset],SAO PAULO,,www.dex.co,[in full dataset],Y,SITOMIC WUD N PLY PRIVATE LIMITED,[in full dataset],Bengaluru,,,,Y,DEXCO S.A,[in full dataset],,6021.3,6021.3,Suape,"Nhava Sheva (JNPT), Mumbai",Bengaluru,1,1,7.53,YM WARRANTY,IMO4521489,PA,V936,536,COSU,SWB,MSCU742810601,CMDU936636323,FCIU2217026,40GP,TANK,RF,FCL,CY/CY,Sinotrans,3721.23
07133100,6003202603000001198582,071331,9,"Vegetables, leguminous; beans of the species vigna mungo (l.) hepper or vigna radiata (l.) wilczek, shelled, whether or not skinned or split, dried",MARKS3094,Canada,India,India,9,2026,3,2026-03,2026-03-17,20260316,20260316,export,1,81233737.75,1559.04,kg,KG,Marigolds And Onions Ltd,[in full dataset],Toronto,,www.marigoldsandonions.com,[in full dataset],Y,KALYAN RICE MILL,[in full dataset],Dhemaji,,,,N,Marigolds And Onions Ltd,[in full dataset],,16117.9,16117.9,"Montreal, QC","Nhava Sheva (JNPT), Mumbai",Dhemaji,1,1,20.15,MSC OSCAR,IMO8934842,MH,V570,370,ONEY,SWB,CMDU450215442,MAEU242837412,GESU8694102,20GP,OPEN TOP,GP,FCL,CY/CFS,DHL Global Forwarding,1424.26
