trade_direction,nl_company,netherlands_cn8,hs_code,hs_code_sure_level,product_description,marks_and_numbers,origin_country,destination_country,del_country,country_sure_level,year,month,period,sailing_date,estimate_arrival_date,actual_arrival_date,flow,mode_of_transportation,lane_value_usd,cif_value_usd,quantity_unit,weight_unit,supplier_name,supplier_address,supplier_city,supplier_phone,supplier_website,supplier_contact,indicator_true_supplier,importer_name,importer_address,importer_city,importer_phone,importer_website,importer_contact,indicator_true_buyer,notify_party_name,notify_party_address,also_notify_name,per_shipment_quantity,per_shipment_weight_kg,origin_port,destination_port,port_of_final_delivery,teu,feu,cbm,vessel_name,vessel_code,vessel_country_code,voyage,manifest_no,carrier_sasc_code,bill_type_code,bill_of_lading_no,master_bill_of_lading,container_id,container_size,container_type,container_desc_code,container_load_status,container_type_of_service,freight_forwarder_name,estimated_value_usd
Import (NL buyer),Aluart Aluminium B.V.,76061150,760611,7,"Aluminium; plates, sheets and strip, thickness exceeding 0.2mm, (not alloyed), rectangular (including square)",MARKS4770,Pakistan,Netherlands,Netherlands,8,2022,2,2022-02,2022-02-01,20220204,20220204,import,1,79662.1,49303.86,kg,KG,PAKISTAN ALUMINIUM BEVERAGE CANS LIMITED,[in full dataset],Punjab,,www.pkbevcan.com,[in full dataset],Y,Aluart Aluminium B.V.,[in full dataset],Nieuwegein,,www.aluart.nl,[in full dataset],Y,PAKISTAN ALUMINIUM BEVERAGE CANS LIMITED,[in full dataset],,7317.9,7317.9,Gwadar,Amsterdam,Nieuwegein,1,1,9.15,MSC OSCAR,IMO5934727,MH,V659,511,EGLV,MBL,YMLU770531526,ONEY242629716,BMOU6485231,20GP,DRY,HC,FCL,CY/CY,Bollore Logistics,44125.46
Export (NL seller),HG Chemical B.V.,38276500,382765,5,"Mixtures containing halogenated derivatives of methane, ethane or propane; containing other hydrofluorocarbons (HFCs) but not containing chlorofluorocarbons (CFCs) or hydrochlorofluorocarbons (HCFCs); other mixtures, not included in the subheadings above,",MARKS7403,Netherlands,Trinidad and Tobago,Trinidad and Tobago,6,2023,7,2023-07,2023-07-16,20230708,20230708,export,1,110797.06,5130.44,kg,KG,HG Chemical B.V.,[in full dataset],Almere,,www.hg.eu,[in full dataset],Y,Massy Gas Products (Trinidad) Limited,[in full dataset],Savonetta,,www.massygasproducts.com/tt,[in full dataset],Y,HG Chemical B.V.,[in full dataset],,7309.7,7309.7,Amsterdam,Main Container Port,Savonetta,1,1,9.14,MAERSK MOLLER,IMO3670413,PA,V705,16,APLU,SWB,COSU109856887,YMLU163911834,FCIU9786708,45HC,REEFER,HC,FCL,CY/CFS,DSV,4478.66
Export (NL seller),Renaissance Oil & Gas B.V.,27050000,270500,8,"Gases; coal, water, producer and similar gases (excluding petroleum and other gaseous hydrocarbons)",MARKS4534,Netherlands,Romania,Romania,5,2025,10,2025-10,2025-10-19,20251007,20251007,export,1,3998220.16,417.93,kg,KG,Renaissance Oil & Gas B.V.,[in full dataset],Arnhem,,www.renogas.com,[in full dataset],N,ENGIE ENERGY MANAGEMENT ROMANIA SRL,[in full dataset],Bucuresti,,,,N,Renaissance Oil & Gas B.V.,[in full dataset],,22145.6,22145.6,Amsterdam,Main Container Port,Bucuresti,1,1,27.68,YM WARRANTY,IMO1604723,LR,V267,414,EGLV,HBL,COSU863570455,YMLU626236503,MSCU8595274,40HC,TANK,RF,FCL,CFS/CFS,DB Schenker,370.3
Import (NL buyer),Kweek- en Researchbedrijf Agrico B.V.,03039230,030392,8,"Fish; frozen, shark fins",MARKS1129,Cyprus,Netherlands,Netherlands,7,2017,11,2017-11,2017-11-24,20171124,20171124,import,1,1691.45,1804.1,kg,KG,BLUE ISLAND PLC,[in full dataset],Nicosia,,www.blue-island.com,[in full dataset],Y,Kweek- en Researchbedrijf Agrico B.V.,[in full dataset],Bant,,www.agricopotatoes.com,[in full dataset],Y,BLUE ISLAND PLC,[in full dataset],,20780.3,20780.3,Main Container Port,Rotterdam,Bant,1,1,25.98,YM WARRANTY,IMO1246264,PA,V146,959,YMLU,HBL,CMDU610770466,ONEY148303074,CAIU3069082,45HC,TANK,HC,LCL,CY/CY,DSV,1691.45
Export (NL seller),Forest Metal Group B.V.,73202085,732020,8,Iron or steel; helical springs and leaves for springs,MARKS7565,Netherlands,Mali,Mali,7,2021,3,2021-03,2021-03-09,20210313,20210313,export,1,349514.26,284.22,kg,KG,Forest Metal Group B.V.,[in full dataset],Rotterdam,,www.forestmetalgroup.com,[in full dataset],Y,B H P Mali Inc,[in full dataset],Bamako,,,,N,Forest Metal Group B.V.,[in full dataset],,11586.9,11586.9,Amsterdam,Main Container Port,Bamako,1,1,14.48,MSC OSCAR,IMO3820772,MH,V708,973,MSCU,SWB,MAEU756093786,EGLV356069146,FCIU6156240,45HC,REEFER,GP,FCL,CY/CY,DSV,250.45
Import (NL buyer),Robeco Global Stars Equities Fund N.V.,87100000,871000,7,"Tanks and other armoured fighting vehicles; motorised, whether or not fitted with weapons, and parts of such vehicles",MARKS4892,New Zealand,Netherlands,Netherlands,9,2024,1,2024-01,2024-01-27,20240109,20240109,import,1,82208.37,44922.15,kg,KG,MITSUBISHI CORPORATION,[in full dataset],Auckland,,www.mitsubishicorp.com,[in full dataset],N,Robeco Global Stars Equities Fund N.V.,[in full dataset],Rotterdam,,www.robeco.com,[in full dataset],Y,MITSUBISHI CORPORATION,[in full dataset],,12738.3,12738.3,Auckland,Rotterdam,Rotterdam,1,1,15.92,CSCL GLOBE,IMO8343536,PA,V965,287,MSCU,HBL,EGLV551591350,MSCU864080521,FCIU5097887,45HC,OPEN TOP,RF,FCL,CFS/CFS,DHL Global Forwarding,40461.88
Import (NL buyer),Forza Fighting Gear B.V.,90066900,900669,5,Photographic flashlight apparatus; n.e.c. in heading no. 9006,MARKS3482,Italy,Netherlands,Netherlands,8,2022,6,2022-06,2022-06-06,20220622,20220622,export,1,42237452.71,44177.55,kg,KG,MG SPA,[in full dataset],TRAVAGLIATO,,mg.marposs.com,[in full dataset],Y,Forza Fighting Gear B.V.,[in full dataset],Almere,,www.forzaworld.com,[in full dataset],Y,MG SPA,[in full dataset],,19569.6,19569.6,La Spezia,Amsterdam,Almere,1,1,24.46,MADRID MAERSK,IMO1852603,MH,V594,278,MAEU,HBL,EGLV938712198,CMDU550009214,TCLU4466561,45HC,DRY,HC,FCL,CY/CFS,Expeditors,39862.56
Export (NL seller),Tanatex Chemicals B.V.,38151990,381519,9,"Catalysts, supported; reaction initiators, reaction accelerators and catalytic preparations, with an active substance other than nickel or precious metals or their compounds, n.e.c. or included",MARKS9388,Netherlands,Panama,Panama,6,2023,7,2023-07,2023-07-21,20230708,20230708,export,1,326596.72,689.5,kg,KG,Tanatex Chemicals B.V.,[in full dataset],Ede GLD,,www.tanatexchemicals.com,[in full dataset],Y,Centro de Pinturas Pintuco S.A.,[in full dataset],Panama,,www.pintuco.com.pa,[in full dataset],Y,Tanatex Chemicals B.V.,[in full dataset],,8760.5,8760.5,Amsterdam,Main Container Port,Panama,1,1,10.95,MOL TRIUMPH,IMO2377650,PA,V203,821,MAEU,HBL,MSCU809194863,EGLV433362278,GESU5652114,45HC,TANK,HC,FCL,CY/CFS,Kuehne + Nagel,651.72
Export (NL seller),FD Sports,90314990,903149,8,"Optical instruments and appliances; for measuring or checking, n.e.c. in chapter 90",MARKS1439,Netherlands,Russia,Russia,7,2019,12,2019-12,2019-12-13,20191223,20191223,export,1,63854945.3,654.09,kg,KG,FD Sports,[in full dataset],Hoogeveen,,,,Y,"MOSENERGOSBYT, AO",[in full dataset],Moscow,,www.mosenergosbyt.ru,[in full dataset],Y,FD Sports,[in full dataset],,15929.3,15929.3,Amsterdam,Novorossiysk,Moscow,1,1,19.91,MSC OSCAR,IMO7536880,SG,V689,116,OOLU,SWB,CMDU942617789,MAEU249855084,TGHU9758542,40HC,FLAT RACK,RF,FCL,CY/CY,DSV,595.28
Export (NL seller),Discount Pet Center B.V.,90308900,903089,9,"Instruments and apparatus; n.e.c. in heading no. 9030, without a recording device",MARKS4794,Netherlands,Italy,Italy,6,2020,2,2020-02,2020-02-01,20200202,20200202,import,1,175413200.83,3940.68,kg,KG,Discount Pet Center B.V.,[in full dataset],Arnhem,,,,Y,PUMA EUROPE GMBH,[in full dataset],ASSAGO,,,,N,Discount Pet Center B.V.,[in full dataset],,4945.6,4945.6,Rotterdam,La Spezia,ASSAGO,1,1,6.18,OOCL HONG KONG,IMO1449598,LR,V990,886,ZIMU,SWB,EGLV154721989,ONEY500889468,TCLU3409122,45HC,FLAT RACK,GP,LCL,CY/CFS,DSV,3739.94
Export (NL seller),4 Pets V.O.F.,90318020,903180,9,"Instruments, appliances and machines; for measuring or checking n.e.c. in chapter 90",MARKS2383,Netherlands,Hong Kong,Hong Kong,5,2020,2,2020-02,2020-02-04,20200204,20200204,import,1,20814831.27,228.14,kg,KG,4 Pets V.O.F.,[in full dataset],Amsterdam,,,,Y,"Hisense Home Appliances Group Co., Ltd.",[in full dataset],Sai Ying Pun,,hxjd.hisense.cn,[in full dataset],Y,4 Pets V.O.F.,[in full dataset],,17688.9,17688.9,Amsterdam,Hong Kong (Kwai Tsing),Sai Ying Pun,1,1,22.11,EVER ACME,IMO9079899,LR,V414,538,HLCU,MBL,MSCU118340524,YMLU438111556,TCLU5055090,40GP,OPEN TOP,HC,LCL,CFS/CFS,DHL Global Forwarding,200
Import (NL buyer),Chez Ma-Ma,90131010,901310,8,"Optical appliances and instruments; telescopic sights for fitting to arms; periscopes; telescopes designed to form parts of machines, appliances, instruments or apparatus of this chapter",MARKS6496,Denmark,Netherlands,Netherlands,5,2020,2,2020-02,2020-02-10,20200227,20200227,import,1,15878367.02,136857.05,kg,KG,Radiometer Medical ApS,[in full dataset],Brønshøj,,www.radiometer.com,[in full dataset],Y,Chez Ma-Ma,[in full dataset],Ede GLD,,,,Y,Radiometer Medical ApS,[in full dataset],,15307,15307,Main Container Port,Rotterdam,Ede GLD,1,1,19.13,MADRID MAERSK,IMO5525933,SG,V179,358,YMLU,MBL,CMDU641570721,ONEY232377797,CAIU8525354,40HC,OPEN TOP,GP,FCL,CY/CY,CEVA Logistics,124006.09
Import (NL buyer),Ellis Enterprises B.V.,27011100,270111,6,"Coal; anthracite, whether or not pulverised, but not agglomerated",MARKS7074,Serbia,Netherlands,Netherlands,6,2025,10,2025-10,2025-10-22,20251014,20251014,import,1,747607.84,58018.93,kg,KG,ORBICO DOO BEOGRAD,[in full dataset],Beograd (Novi Beograd),,www.orbico.rs,[in full dataset],Y,Ellis Enterprises B.V.,[in full dataset],Dordrecht,,www.valvoline.com,[in full dataset],Y,ORBICO DOO BEOGRAD,[in full dataset],,4182.1,4182.1,Main Container Port,Amsterdam,Dordrecht,1,1,5.23,MSC GULSUN,IMO3569262,LR,V745,431,MSCU,HBL,EGLV564618317,COSU965430275,TGHU4274887,45HC,TANK,HC,FCL,CY/CY,DSV,53702.73
Import (NL buyer),Mobile Concrete Group B.V.,73152000,731520,8,"Chain; skid, articulated link chain and parts thereof, of iron or steel",MARKS3579,Argentina,Netherlands,Netherlands,6,2021,3,2021-03,2021-03-26,20210311,20210311,import,1,153406.6,127229.81,kg,KG,MINERA ANDINA DEL SOL S.R.L.,[in full dataset],Trinidad,,www.veladero.com,[in full dataset],Y,Mobile Concrete Group B.V.,[in full dataset],Hattemerbroek,,,,Y,MINERA ANDINA DEL SOL S.R.L.,[in full dataset],,23720.7,23720.7,Rosario,Rotterdam,Hattemerbroek,1,1,29.65,EVER GIVEN,IMO9186236,LR,V174,182,COSU,HBL,YMLU580711940,EGLV743810303,FCIU8439613,45HC,TANK,GP,FCL,CY/CY,DSV,110645.79
Import (NL buyer),Adri en Zoon Schaal- en Schelpdierenhandel B.V.,03061210,030612,7,"Crustaceans; frozen, lobsters (Homarus spp.), in shell or not, smoked, cooked or not before or during smoking; in shell, cooked by steaming or by boiling in water",MARKS6341,Slovakia,Netherlands,Netherlands,5,2017,3,2017-03,2017-03-15,20170316,20170316,import,1,12468.33,13193.31,kg,KG,"VSV GROUP, s.r.o.",[in full dataset],Považská Bystrica,,www.bpstvrdosin.eu,[in full dataset],Y,Adri en Zoon Schaal- en Schelpdierenhandel B.V.,[in full dataset],Yerseke,,www.adrienzoon.com,[in full dataset],N,"VSV GROUP, s.r.o.",[in full dataset],,24146.5,24146.5,Main Container Port,Amsterdam,Yerseke,1,1,30.18,HMM ALGECIRAS,IMO7901032,LR,V778,119,MSCU,MBL,HLCU947331541,MAEU807151698,CAIU1891375,45HC,OPEN TOP,HC,FCL,CFS/CFS,Nippon Express,12468.33
Export (NL seller),HS Produkties,90172010,901720,7,"Drawing, marking-out or mathematical calculating instruments",MARKS5704,Netherlands,Luxembourg,Luxembourg,7,2019,12,2019-12,2019-12-02,20191213,20191213,export,1,4725733.45,224.36,kg,KG,HS Produkties,[in full dataset],Hoogeveen,,,,Y,Amazon Business EU SARL,[in full dataset],Luxembourg,,www.amazon.com,[in full dataset],Y,HS Produkties,[in full dataset],,3019.6,3019.6,Amsterdam,Main Container Port,Luxembourg,1,1,3.77,MOL TRIUMPH,IMO5938510,MH,V160,26,MSCU,HBL,MSCU774319229,MSCU503756683,TGHU1616271,40HC,OPEN TOP,HC,FCL,CY/CFS,Expeditors,200
Export (NL seller),Qleans II B.V.,38101000,381010,7,"Pickling preparations for metal surfaces; soldering, brazing or welding powders and pastes consisting of metal and other materials",MARKS5585,Netherlands,Paraguay,Paraguay,5,2023,7,2023-07,2023-07-02,20230711,20230711,export,1,38842.83,3332.19,kg,KG,Qleans II B.V.,[in full dataset],Zwolle,,,,Y,NATIVE WOOD SOCIEDAD ANONIMA,[in full dataset],SANTA ROSA DEL MBUTUY,,,,Y,Qleans II B.V.,[in full dataset],,15661.5,15661.5,Amsterdam,Main Container Port,SANTA ROSA DEL MBUTUY,1,1,19.58,MAERSK MOLLER,IMO8142951,PA,V132,897,OOLU,HBL,ONEY229945476,MSCU452484242,TCLU7680957,20GP,DRY,RF,LCL,CY/CY,DB Schenker,2908.52
Export (NL seller),Amega Automotive B.V.,87049000,870490,9,"Vehicles; for transport of goods, n.e.c. in heading no. 8704",MARKS7730,Netherlands,Georgia,Georgia,9,2024,1,2024-01,2024-01-11,20240108,20240108,export,1,1703608.03,340.25,kg,KG,Amega Automotive B.V.,[in full dataset],Dordrecht,,,,Y,"AUTO-BANI 2000, LLC",[in full dataset],Tbilisi,,autobani2000.ge,[in full dataset],Y,Amega Automotive B.V.,[in full dataset],,4754.8,4754.8,Rotterdam,Main Container Port,Tbilisi,1,1,5.94,COSCO UNIVERSE,IMO5034581,SG,V496,711,YMLU,MBL,EGLV725708312,HLCU315120893,FCIU4232001,45HC,DRY,GP,FCL,CFS/CFS,Yusen Logistics,299.51
Export (NL seller),Vishandel van As Zeeland B.V.,03047300,030473,9,"Fish fillets; frozen, coalfish (Pollachius virens)",MARKS6266,Netherlands,Equatorial Guinea,Equatorial Guinea,8,2017,9,2017-09,2017-09-02,20170913,20170913,export,1,58325,222.72,kg,KG,Vishandel van As Zeeland B.V.,[in full dataset],Yerseke,,www.vanaszeeland.nl,[in full dataset],Y,Sociedad Forestal De Guinea Ecuatorial,[in full dataset],Bata,,,,N,Vishandel van As Zeeland B.V.,[in full dataset],,5764.4,5764.4,Rotterdam,Main Container Port,Bata,1,1,7.21,HYUNDAI LOYALTY,IMO7737361,SG,V959,11,APLU,SWB,MSCU778133468,MAEU232070794,GESU7163136,40HC,FLAT RACK,HC,FCL,CY/CFS,DHL Global Forwarding,208.05
Export (NL seller),Oriflame Holdings B.V.,30025100,300251,9,"Cell cultures, whether or not modified; cell therapy products",MARKS4102,Netherlands,Philippines,Philippines,7,2015,6,2015-06,2015-06-25,20150608,20150608,export,1,1771369.19,10100.21,kg,KG,Oriflame Holdings B.V.,[in full dataset],Veghel,,www.oriflame.com,[in full dataset],Y,THE RAP RITEAID PHARMACEUTICAL CORP.,[in full dataset],Taytay,,,,Y,Oriflame Holdings B.V.,[in full dataset],,24784.7,24784.7,Rotterdam,Manila North/South Harbor,Taytay,1,1,30.98,BARZAN,IMO4520335,LR,V281,707,OOLU,MBL,MAEU920827204,YMLU677015678,MSCU3792582,40HC,REEFER,GP,FCL,CY/CFS,Sinotrans,9592.65
Export (NL seller),Th. Hoogerheide Beheer B.V.,03034310,030343,9,"Fish; frozen, skipjack tuna (stripe-bellied bonito) (Katsuwonus pelamis), excluding fillets, fish meat of 0304, and edible fish offal of subheadings 0303.91 to 0303.99",MARKS9241,Netherlands,Seychelles,Seychelles,8,2017,2,2017-02,2017-02-19,20170228,20170228,export,1,16658.42,18102.53,kg,KG,Th. Hoogerheide Beheer B.V.,[in full dataset],Bruinisse,,,,Y,OCEAN PRODUCTS SEYCHELLES LIMITED,[in full dataset],Victoria,,,,Y,Th. Hoogerheide Beheer B.V.,[in full dataset],,8803.2,8803.2,Amsterdam,Main Container Port,Victoria,1,1,11,HYUNDAI LOYALTY,IMO7664939,LR,V952,985,EGLV,MBL,MAEU574443581,YMLU385561610,MSCU8021908,20GP,FLAT RACK,HC,FCL,CFS/CFS,Nippon Express,16658.42
Import (NL buyer),Shell Trading Rotterdam B.V.,27111100,271111,9,"Petroleum gases and other gaseous hydrocarbons; liquefied, natural gas",MARKS8172,Indonesia,Netherlands,Netherlands,5,2016,10,2016-10,2016-10-12,20161003,20161003,export,1,47009.05,1780.54,kg,KG,PT BUKIT MAKMUR MANDIRI UTAMA,[in full dataset],Kota Administrasi Jakarta Selatan,,www.deltadunia.com,[in full dataset],Y,Shell Trading Rotterdam B.V.,[in full dataset],Rotterdam,,www.shell.com,[in full dataset],Y,PT BUKIT MAKMUR MANDIRI UTAMA,[in full dataset],,15329.7,15329.7,Belawan,Amsterdam,Rotterdam,1,1,19.16,MOL TRIUMPH,IMO4212859,MH,V328,549,CMDU,MBL,MAEU811819462,MAEU421451559,TCLU5519086,40GP,TANK,HC,FCL,CFS/CFS,Bollore Logistics,1550.07
Import (NL buyer),Van Kessel Olie B.V.,38248300,382483,7,"Chemical products, mixtures and preparations; containing goods specified in Subheading Note 3 to this Chapter; containing tris(2,3-dibromopropyl) phosphate",MARKS5528,Panama,Netherlands,Netherlands,7,2023,7,2023-07,2023-07-06,20230725,20230725,import,1,231937.91,11953.66,kg,KG,Gulf Oil Panama S.A.,[in full dataset],Panama,,www.gulfoilpanama.com,[in full dataset],N,Van Kessel Olie B.V.,[in full dataset],Milheeze,,www.vankesselolie.nl,[in full dataset],Y,Gulf Oil Panama S.A.,[in full dataset],,10124.8,10124.8,Main Container Port,Amsterdam,Milheeze,1,1,12.66,HMM ALGECIRAS,IMO4256528,MH,V914,311,COSU,MBL,HLCU760829545,COSU528010540,FCIU4500193,40HC,FLAT RACK,RF,FCL,CY/CY,CEVA Logistics,11259.61
Export (NL seller),Metaalindustrie Tj. Spinder B.V.,73239200,732392,9,"Cast iron; table, kitchen and other household articles and parts thereof, of cast iron, enamelled",MARKS9609,Netherlands,Tunisia,Tunisia,5,2021,3,2021-03,2021-03-22,20210307,20210307,export,1,339670.15,345.42,kg,KG,Metaalindustrie Tj. Spinder B.V.,[in full dataset],Drachten,,www.spinder.nl,[in full dataset],N,SOCIETE DU TERRE BLEU,[in full dataset],Ouerdanine,,,,Y,Metaalindustrie Tj. Spinder B.V.,[in full dataset],,6253,6253,Amsterdam,Main Container Port,Ouerdanine,1,1,7.82,YM WARRANTY,IMO6605149,SG,V198,474,HMMU,MBL,MAEU570353970,CMDU532025241,GESU4146174,20GP,DRY,HC,FCL,CFS/CFS,CEVA Logistics,317.37
Export (NL seller),Svenscar B.V.,87042391,870423,8,"Vehicles; with only compression-ignition internal combustion piston engine (diesel or semi-diesel), for transport of goods, (of a g.v.w. exceeding 20 tonnes), n.e.c. in item no 8704.1",MARKS3016,Netherlands,Russia,Russia,8,2024,1,2024-01,2024-01-18,20240102,20240102,export,1,100726.38,107892.43,kg,KG,Svenscar B.V.,[in full dataset],Dordrecht,,www.svenscar.nl,[in full dataset],Y,"AMKAPITAL, OOO",[in full dataset],Moscow,,avtomir.ru,[in full dataset],Y,Svenscar B.V.,[in full dataset],,15281.1,15281.1,Amsterdam,Vladivostok,Moscow,1,1,19.1,BARZAN,IMO1573044,PA,V797,75,HMMU,SWB,EGLV666665324,YMLU978203643,TGHU2731277,20GP,TANK,RF,LCL,CFS/CFS,DB Schenker,98575.47
Import (NL buyer),M.P.M. International Oil Company B.V.,38249993,382499,7,"Chemical products, mixtures and preparations; n.e.c. heading 3824",MARKS8014,United Arab Emirates,Netherlands,Netherlands,5,2023,7,2023-07,2023-07-12,20230723,20230723,import,1,76417.3,13474.05,kg,KG,AIR LIQUIDE GLOBAL HELIUM FZE,[in full dataset],Dubai,,uae.sal,[in full dataset],Y,M.P.M. International Oil Company B.V.,[in full dataset],Delft,,www.mpmoil.nl,[in full dataset],Y,AIR LIQUIDE GLOBAL HELIUM FZE,[in full dataset],,14465,14465,"Khalifa, Abu Dhabi",Rotterdam,Delft,1,1,18.08,HYUNDAI LOYALTY,IMO7926310,PA,V332,628,ONEY,HBL,ONEY129548775,HLCU916554019,FCIU5186662,40HC,REEFER,GP,FCL,CY/CFS,Expeditors,12445.12
Export (NL seller),Varuvo B.V.,30036000,300360,9,"Medicaments; containing antimalarial active principles described in subheading note 2 to this chapter, for therapeutic or prophylactic uses, (not packaged for retail sale)",MARKS2707,Netherlands,Ivory Coast,Ivory Coast,7,2015,6,2015-06,2015-06-10,20150626,20150626,export,1,72277.88,79400.3,kg,KG,Varuvo B.V.,[in full dataset],Borculo,,www.varuvo.nl,[in full dataset],Y,GLOBAL ELAL,[in full dataset],Abidjan,,,,Y,Varuvo B.V.,[in full dataset],,19754.9,19754.9,Amsterdam,Main Container Port,Abidjan,1,1,24.69,EVER ACME,IMO3137722,PA,V420,945,APLU,MBL,CMDU909230962,COSU892870767,MSCU8967121,45HC,REEFER,GP,FCL,CY/CFS,Yusen Logistics,72277.88
Import (NL buyer),De Maassche Echt B.V.,87161092,871610,9,"Trailers and semi-trailers; of the caravan type, for housing or camping",MARKS3640,Philippines,Netherlands,Netherlands,6,2024,1,2024-01,2024-01-16,20240128,20240128,import,1,1056119.92,53393.47,kg,KG,16TH AVENUE AUTOSHOP INC.,[in full dataset],Quezon City,,,,Y,De Maassche Echt B.V.,[in full dataset],Echt,,www.demaasschebmw.nl,[in full dataset],N,16TH AVENUE AUTOSHOP INC.,[in full dataset],,3229.2,3229.2,Subic Bay,Rotterdam,Echt,1,1,4.04,HMM ALGECIRAS,IMO2163510,MH,V559,731,COSU,MBL,MSCU827557781,COSU311821262,FCIU7953227,40HC,DRY,RF,FCL,CFS/CFS,Kuehne + Nagel,50438.29
Export (NL seller),Wittenberg - de Bois Holding B.V.,87012310,870123,9,"Tractors; road tractors for semi-trailers, with both spark-ignition internal combustion piston engine and electric motors for propulsion",MARKS1201,Netherlands,Congo,Congo,8,2024,1,2024-01,2024-01-12,20240126,20240126,export,1,88020.81,47577.66,kg,KG,Wittenberg - de Bois Holding B.V.,[in full dataset],Veenendaal,,,,N,SUNU ASSURANCES IARD CONGO SA,[in full dataset],Pointe- Noire,,www.sunu-group.com,[in full dataset],N,Wittenberg - de Bois Holding B.V.,[in full dataset],,21694.2,21694.2,Amsterdam,Main Container Port,Pointe- Noire,1,1,27.12,BARZAN,IMO8610755,MH,V481,711,ONEY,MBL,ONEY537308903,COSU293754769,BMOU7577305,45HC,TANK,HC,FCL,CFS/CFS,Nippon Express,44324.39
Export (NL seller),Kerckhaert Hoefijzerfabriek B.V.,73241000,732410,9,"Steel; sinks and wash basins, of stainless steel",MARKS1205,Netherlands,Sri Lanka,Sri Lanka,7,2021,3,2021-03,2021-03-09,20210323,20210323,export,1,546219.26,2737.99,kg,KG,Kerckhaert Hoefijzerfabriek B.V.,[in full dataset],Vogelwaarde,,www.kerckhaert.com,[in full dataset],Y,ROYAL FERNWOOD PORCELAIN LIMITED,[in full dataset],Colombo,,www.dankotuwa.com,[in full dataset],Y,Kerckhaert Hoefijzerfabriek B.V.,[in full dataset],,16376.9,16376.9,Rotterdam,Main Container Port,Colombo,1,1,20.47,COSCO UNIVERSE,IMO7584223,LR,V844,367,CMDU,HBL,CMDU671442362,EGLV315817887,FCIU3849110,20GP,FLAT RACK,HC,FCL,CY/CY,DB Schenker,2535.82
Import (NL buyer),Aannemers- en Wegenbouw Bedrijf Pruntel en Zn. B.V.,73062100,730621,9,"Steel, stainless; casing and tubing of a kind used in drilling for oil and gas, n.e.c. in chapter 73, welded, (not seamless)",MARKS3285,Colombia,Netherlands,Netherlands,5,2021,3,2021-03,2021-03-09,20210327,20210327,import,1,171922.77,5218.42,kg,KG,UNITED HC S A S,[in full dataset],QUIBDO,,,,Y,Aannemers- en Wegenbouw Bedrijf Pruntel en Zn. B.V.,[in full dataset],Hattemerbroek,,,,Y,UNITED HC S A S,[in full dataset],,7271,7271,Barranquilla,Rotterdam,Hattemerbroek,1,1,9.09,YM WARRANTY,IMO7803601,LR,V953,730,YMLU,HBL,MSCU380009170,EGLV656562299,FCIU7982836,40GP,OPEN TOP,HC,FCL,CY/CY,Kuehne + Nagel,4657.01
Import (NL buyer),ZD Media,90059000,900590,9,"Binoculars, monoculars, other optical telescopes, astronomical instruments (excluding those of radio-astronomy); parts and accessories (including mountings)",MARKS6826,Czech Republic,Netherlands,Netherlands,7,2022,6,2022-06,2022-06-02,20220623,20220623,export,1,56658833,9386.02,kg,KG,"GZ Media, a.s.",[in full dataset],Loděnice,,www.gzmedia.com,[in full dataset],Y,ZD Media,[in full dataset],Pijnacker,,,,Y,"GZ Media, a.s.",[in full dataset],,7811.6,7811.6,Main Container Port,Rotterdam,Pijnacker,1,1,9.76,HYUNDAI LOYALTY,IMO6266765,MH,V187,53,YMLU,HBL,YMLU424061563,ONEY865904526,MSCU2132230,40GP,DRY,GP,LCL,CY/CFS,Nippon Express,8746.55
Export (NL seller),Stellantis Nederland B.V.,84132000,841320,6,"Pumps; hand, fitted or designed to be fitted with a measuring device, for liquids, other than those of item no. 8413.11 or 8413.19",MARKS4553,Netherlands,Antigua and Barbuda,Antigua and Barbuda,8,2022,6,2022-06,2022-06-08,20220617,20220617,export,1,271339.72,55545.26,kg,KG,Stellantis Nederland B.V.,[in full dataset],Amsterdam,,www.stellantis.com,[in full dataset],Y,Next International Limited,[in full dataset],Coolidge,,www.nextintl.com,[in full dataset],Y,Stellantis Nederland B.V.,[in full dataset],,11989.9,11989.9,Amsterdam,Main Container Port,Coolidge,1,1,14.99,BARZAN,IMO3139765,MH,V706,96,EGLV,SWB,ONEY622342591,YMLU617717675,FCIU5544342,45HC,FLAT RACK,GP,LCL,CY/CY,Yusen Logistics,51507.14
Import (NL buyer),DoubleD Entertainment,90149000,901490,6,Navigational instruments and appliances; parts and accessories,MARKS8340,United Kingdom,Netherlands,Netherlands,5,2022,6,2022-06,2022-06-15,20220603,20220603,import,1,132215588.79,49885.1,kg,KG,SHEIN DISTRIBUTION UK LIMITED,[in full dataset],LONDON,,www.shein.co.uk,[in full dataset],Y,DoubleD Entertainment,[in full dataset],Uden,,,,N,SHEIN DISTRIBUTION UK LIMITED,[in full dataset],,8860.6,8860.6,Southampton,Amsterdam,Uden,1,1,11.08,HYUNDAI LOYALTY,IMO4911850,MH,V509,501,ZIMU,HBL,HLCU816339213,EGLV865139300,TGHU4620218,40GP,FLAT RACK,HC,FCL,CY/CY,Kuehne + Nagel,47139.07
Import (NL buyer),Truckland Services B.V.,87035000,870350,9,"Vehicles; with both compression-ignition internal combustion piston engine (diesel or semi-diesel) and electric motor for propulsion, incapable of being charged by plugging to external source of electric power",MARKS2012,Latvia,Netherlands,Netherlands,7,2024,1,2024-01,2024-01-26,20240125,20240125,import,1,750818.63,57671.43,kg,KG,Moller Baltic Import SE,[in full dataset],Marupes novads,,,,Y,Truckland Services B.V.,[in full dataset],Amsterdam,,www.truckland.nl,[in full dataset],Y,Moller Baltic Import SE,[in full dataset],,4575.4,4575.4,Main Container Port,Rotterdam,Amsterdam,1,1,5.72,MSC GULSUN,IMO2099712,PA,V366,417,OOLU,HBL,MAEU878294975,YMLU818217601,FCIU9195211,40GP,OPEN TOP,HC,FCL,CFS/CFS,Nippon Express,50815.93
Export (NL seller),Turkey Farm Ospel B.V.,03044730,030447,6,"Fish fillets; fresh or chilled, dogfish and other sharks",MARKS1655,Netherlands,Singapore,Singapore,9,2017,1,2017-01,2017-01-19,20170120,20170120,import,1,80234.46,6960.83,kg,KG,Turkey Farm Ospel B.V.,[in full dataset],Ospel,,,,Y,HAPPY FISH SWIM SCHOOL HOLDING PTE. LTD.,[in full dataset],Singapore,,,,Y,Turkey Farm Ospel B.V.,[in full dataset],,1874,1874,Rotterdam,Singapore (PSA),Singapore,1,1,2.34,COSCO UNIVERSE,IMO9744796,SG,V583,214,ONEY,MBL,COSU300166740,ONEY493506719,BMOU5643596,20GP,DRY,HC,FCL,CFS/CFS,CEVA Logistics,6568.85
Import (NL buyer),Nobian Industrial Chemicals B.V.,38252000,382520,5,"Residual products of the chemical or allied industries, not elsewhere specified or included; sewage sludge",MARKS8708,Slovakia,Netherlands,Netherlands,6,2023,7,2023-07,2023-07-09,20230707,20230707,import,1,160466.92,15103.39,kg,KG,M - CHEMICALS s.r.o.,[in full dataset],Bratislava,,www.m-chemicals.sk,[in full dataset],Y,Nobian Industrial Chemicals B.V.,[in full dataset],Amersfoort,,www.nobian.com,[in full dataset],N,M - CHEMICALS s.r.o.,[in full dataset],,24260.5,24260.5,Main Container Port,Amsterdam,Amersfoort,1,1,30.33,MSC GULSUN,IMO3377923,MH,V453,711,EGLV,MBL,COSU864800577,MAEU666101619,BMOU5804238,45HC,FLAT RACK,RF,LCL,CFS/CFS,Yusen Logistics,13771.65
Import (NL buyer),Timmerfabriek De Kievit Ridderkerk B.V.,76121000,761210,5,"Aluminium; collapsible tubular containers, for any material, (not compressed or liquefied gas), 300l capacity or less, whether or not lined, not fitted with mechanical/thermal equipment",MARKS9123,Chile,Netherlands,Netherlands,7,2022,1,2022-01,2022-01-11,20220103,20220103,import,1,60340.1,4592.29,kg,KG,Soc Comercial E Industrial Abalum Limitada,[in full dataset],SANTIAGO,,,,Y,Timmerfabriek De Kievit Ridderkerk B.V.,[in full dataset],Ridderkerk,,www.kievitkozijn.nl,[in full dataset],Y,Soc Comercial E Industrial Abalum Limitada,[in full dataset],,19776.4,19776.4,Valparaiso,Rotterdam,Ridderkerk,1,1,24.72,CMA CGM JULES VERNE,IMO6916298,LR,V429,456,COSU,HBL,YMLU806955541,YMLU158551659,TGHU4679938,45HC,OPEN TOP,HC,LCL,CFS/CFS,Kuehne + Nagel,4054.47
Import (NL buyer),Titan Wood B.V.,38276100,382761,9,"Mixtures containing halogenated derivatives of methane, ethane or propane; containing other hydrofluorocarbons (HFCs) but not containing chlorofluorocarbons (CFCs) or hydrochlorofluorocarbons (HCFCs); containing 15% or more by mass of 1,1,1-trifluoroethan",MARKS3188,Oman,Netherlands,Netherlands,6,2023,7,2023-07,2023-07-03,20230716,20230716,import,1,22985.46,25456.77,kg,KG,OQ,[in full dataset],Muscat,,www.oq.com,[in full dataset],N,Titan Wood B.V.,[in full dataset],Arnhem,,www.accoya.com,[in full dataset],Y,OQ,[in full dataset],,5949.9,5949.9,Main Container Port,Amsterdam,Arnhem,1,1,7.44,COSCO UNIVERSE,IMO7146689,SG,V122,375,COSU,HBL,ONEY381172981,HLCU864928717,BMOU2549827,40GP,FLAT RACK,HC,LCL,CFS/CFS,Yusen Logistics,22985.46
Import (NL buyer),Glashandel Balink B.V.,76071119,760711,9,"Aluminium; foil, (not backed), rolled (but not further worked), of a thickness not exceeding 0.2mm",MARKS3063,Nicaragua,Netherlands,Netherlands,9,2022,2,2022-02,2022-02-24,20220213,20220213,import,1,1304.32,1498.64,kg,KG,Liliam Beatriz Laguna Bermudez,[in full dataset],Managua,,,,Y,Glashandel Balink B.V.,[in full dataset],Heerenveen,,www.balink.nl,[in full dataset],Y,Liliam Beatriz Laguna Bermudez,[in full dataset],,4640.1,4640.1,Main Container Port,Rotterdam,Heerenveen,1,1,5.8,COSCO UNIVERSE,IMO1620480,SG,V939,825,OOLU,MBL,ONEY138948026,EGLV257332125,GESU3730024,40GP,REEFER,RF,LCL,CY/CFS,Nippon Express,1304.32
Import (NL buyer),LUKOIL Overseas Karachaganak B.V.,38085200,380852,7,"Insecticides and the like; containing goods specified in Subheading Note 1 to this Chapter; for retail sale or as preparations or articles; DDT (ISO) (clofenotane (INN)), in packings of 300g or less",MARKS3361,Ecuador,Netherlands,Netherlands,7,2023,7,2023-07,2023-07-23,20230723,20230723,import,1,223029.47,3534.31,kg,KG,Aditmaq Aditivos y Maquinarias S.A.S.,[in full dataset],Quito,,www.aditmaq.com,[in full dataset],Y,LUKOIL Overseas Karachaganak B.V.,[in full dataset],Amsterdam,,www.lukoil.com,[in full dataset],Y,Aditmaq Aditivos y Maquinarias S.A.S.,[in full dataset],,23879.3,23879.3,Main Container Port,Rotterdam,Amsterdam,1,1,29.85,MAERSK MOLLER,IMO7119840,SG,V743,567,EGLV,SWB,ONEY818986318,CMDU900555498,MSCU6454881,20GP,FLAT RACK,GP,FCL,CY/CFS,Nippon Express,3136.79
Export (NL seller),Supplementa Corporation B.V.,30021400,300214,6,"Blood, human or animal, antisera, other blood fractions and immunological products; immunological products, mixed, put up in measured doses or in forms or packings for retail sale",MARKS2612,Netherlands,Venezuela,Venezuela,7,2015,6,2015-06,2015-06-01,20150613,20150613,export,1,2760945.59,12021.35,kg,KG,Supplementa Corporation B.V.,[in full dataset],Winschoten,,www.supplementa.com,[in full dataset],Y,Drogueria Cobeca Occidente C.A.,[in full dataset],Maracaibo,,www.cobeca.com,[in full dataset],Y,Supplementa Corporation B.V.,[in full dataset],,18370.5,18370.5,Amsterdam,Main Container Port,Maracaibo,1,1,22.96,MADRID MAERSK,IMO4889306,MH,V601,901,OOLU,MBL,ONEY604601603,CMDU513199792,MSCU8551904,45HC,OPEN TOP,RF,FCL,CY/CFS,Sinotrans,10900.15
Import (NL buyer),Econvert Water & Energy Projects B.V.,27060000,270600,9,"Tar; distilled from coal, lignite or peat, and other mineral tars, whether or not dehydrated or partially distilled, including reconstituted tars",MARKS7455,Latvia,Netherlands,Netherlands,8,2025,10,2025-10,2025-10-26,20251014,20251014,import,1,1337111.54,10530.96,kg,KG,Enefit SIA,[in full dataset],Riga,,www.enefit.lv,[in full dataset],Y,Econvert Water & Energy Projects B.V.,[in full dataset],Heerenveen,,www.econvert.nl,[in full dataset],Y,Enefit SIA,[in full dataset],,3843.1,3843.1,Main Container Port,Amsterdam,Heerenveen,1,1,4.8,MADRID MAERSK,IMO1119558,PA,V570,500,APLU,SWB,YMLU862945596,MAEU873393800,TCLU9109122,20GP,DRY,RF,LCL,CFS/CFS,Bollore Logistics,9822.55
Import (NL buyer),Brenntag Nederland B.V.,38070090,380700,8,"Wood tar; wood tar oils; wood creosote; wood naphtha; vegetable pitch; brewers' pitch and similar preparations based on rosin, resin acids or on vegetable pitch",MARKS4518,Sri Lanka,Netherlands,Netherlands,8,2023,7,2023-07,2023-07-21,20230715,20230715,import,1,2222.69,2350.92,kg,KG,609 INDUSTRIAL CHEMICALS (PRIVATE) LIMITED,[in full dataset],,,,,Y,Brenntag Nederland B.V.,[in full dataset],Dordrecht,,www.brenntag.com,[in full dataset],N,609 INDUSTRIAL CHEMICALS (PRIVATE) LIMITED,[in full dataset],,7990.8,7990.8,Main Container Port,Amsterdam,Dordrecht,1,1,9.99,APL MEXICO CITY,IMO4858450,MH,V354,647,ONEY,HBL,COSU880322807,EGLV548789378,TCLU3707295,40HC,OPEN TOP,HC,FCL,CY/CFS,DHL Global Forwarding,2222.69
Export (NL seller),Umios Food Europe B.V.,03019500,030195,6,"Fish; live, southern bluefin tunas (Thunnus maccoyii)",MARKS3367,Netherlands,Serbia,Serbia,5,2017,7,2017-07,2017-07-17,20170702,20170702,export,1,10244.92,11322.25,kg,KG,Umios Food Europe B.V.,[in full dataset],Urk,,www.seafoodconnection.nl,[in full dataset],Y,DOO ALMEX PANCEVO,[in full dataset],Pancevo,,www.almex.rs,[in full dataset],Y,Umios Food Europe B.V.,[in full dataset],,18129.6,18129.6,Rotterdam,Main Container Port,Pancevo,1,1,22.66,HMM ALGECIRAS,IMO9738588,SG,V651,875,ONEY,MBL,EGLV561814654,EGLV577048732,MSCU2740664,40GP,TANK,HC,LCL,CFS/CFS,Yusen Logistics,10244.92
Import (NL buyer),Sea Dragon Energy (NW Gemsa) B.V.,27160000,271600,5,Electrical energy,MARKS3876,Hungary,Netherlands,Netherlands,9,2025,10,2025-10,2025-10-25,20251010,20251010,export,1,5181521.71,16653.69,kg,KG,Premier Energy Wind 158 Kft.,[in full dataset],Budapest,,,,Y,Sea Dragon Energy (NW Gemsa) B.V.,[in full dataset],Onbekend,,www.sdxenergy.com,[in full dataset],N,Premier Energy Wind 158 Kft.,[in full dataset],,3085.3,3085.3,Budapest (inland),Amsterdam,Onbekend,1,1,3.86,HMM ALGECIRAS,IMO9607095,SG,V367,443,MAEU,MBL,YMLU898622335,EGLV257648483,BMOU3030284,20GP,DRY,RF,FCL,CY/CFS,Kuehne + Nagel,15758.33
Import (NL buyer),Van Leeuwen Pipe and Tube North America B.V.,73051900,730519,7,"Iron or steel (excluding cast iron); line pipe of a kind used for oil or gas pipelines (not seamless), (not longitudinally welded), having circular cross-sections, external diameter exceeds 406.4mm",MARKS3181,Egypt,Netherlands,Netherlands,5,2021,3,2021-03,2021-03-13,20210328,20210328,export,1,143252.01,42932.54,kg,KG,HASSAN ALLAM CONSTRUCTION (H.A.C) COMPANY,[in full dataset],Cairo,,www.hassanallam.com,[in full dataset],Y,Van Leeuwen Pipe and Tube North America B.V.,[in full dataset],Zwijndrecht,,www.vanleeuwen.com,[in full dataset],N,HASSAN ALLAM CONSTRUCTION (H.A.C) COMPANY,[in full dataset],,9727.1,9727.1,Sokhna,Amsterdam,Zwijndrecht,1,1,12.16,CMA CGM JULES VERNE,IMO3270551,PA,V749,486,OOLU,SWB,YMLU494423463,CMDU960176489,BMOU4810560,40HC,FLAT RACK,HC,FCL,CFS/CFS,Kuehne + Nagel,39949.4
Import (NL buyer),Landlust Agro B.V.,03025300,030253,8,"Fish; fresh or chilled, coalfish (Pollachius virens), excluding fillets, fish meat of 0304, and edible fish offal of subheadings 0302.91 to 0302.99",MARKS8209,Romania,Netherlands,Netherlands,9,2017,8,2017-08,2017-08-27,20170815,20170815,import,1,10125.02,10724.99,kg,KG,OCEAN FISH SRL,[in full dataset],Afumati,,www.oceanfish.ro,[in full dataset],N,Landlust Agro B.V.,[in full dataset],Moerkapelle,,,,Y,OCEAN FISH SRL,[in full dataset],,21877.8,21877.8,Main Container Port,Amsterdam,Moerkapelle,1,1,27.35,HMM ALGECIRAS,IMO6454129,LR,V595,259,COSU,HBL,YMLU993007679,EGLV961482991,TCLU2279796,45HC,REEFER,RF,FCL,CY/CY,Sinotrans,10125.02
Export (NL seller),Poorthuis Industrial Services B.V.,32081090,320810,6,"Paints and varnishes; based on polyesters, dispersed or dissolved in a non-aqueous medium",MARKS5026,Netherlands,San Marino,San Marino,8,2026,1,2026-01,2026-01-13,20260113,20260113,export,1,1326.42,1499.05,kg,KG,Poorthuis Industrial Services B.V.,[in full dataset],Oldenzaal,,www.poorthuis.com,[in full dataset],Y,MINIMALGROUP SRL,[in full dataset],REPUBBLICA DI SAN MARINO,,,,Y,Poorthuis Industrial Services B.V.,[in full dataset],,3062,3062,Rotterdam,Main Container Port,REPUBBLICA DI SAN MARINO,1,1,3.83,OOCL HONG KONG,IMO5198383,MH,V166,47,APLU,SWB,HLCU933279072,MAEU447157870,TGHU5186328,45HC,REEFER,RF,FCL,CFS/CFS,Bollore Logistics,1326.42
Export (NL seller),Future Pipe International B.V.,73259990,732599,9,"Iron or steel; cast articles, excluding grinding balls and similar articles for mills, other than of non-malleable cast iron",MARKS8380,Netherlands,Indonesia,Indonesia,9,2021,3,2021-03,2021-03-25,20210306,20210306,export,1,402966.15,3357.32,kg,KG,Future Pipe International B.V.,[in full dataset],Hardenberg,,www.futurepipe.com,[in full dataset],Y,PT LOTUS LINGGA PRATAMA,[in full dataset],Kabupaten Bandung Barat,,www.llpgold.com,[in full dataset],Y,Future Pipe International B.V.,[in full dataset],,7578.8,7578.8,Rotterdam,Makassar,Kabupaten Bandung Barat,1,1,9.47,MADRID MAERSK,IMO6597037,MH,V423,535,HMMU,SWB,MAEU535913441,COSU550572483,GESU3079641,40GP,TANK,HC,FCL,CFS/CFS,Expeditors,2982.78
Export (NL seller),Linde Gas Cryoservices B.V.,84431700,844317,9,Printing machinery; gravure,MARKS1244,Netherlands,Madagascar,Madagascar,6,2018,12,2018-12,2018-12-18,20181205,20181205,export,1,332163.93,5054.2,kg,KG,Linde Gas Cryoservices B.V.,[in full dataset],Schiedam,,www.linde-gas.nl,[in full dataset],Y,EKO TUK TOUR,[in full dataset],Nosy Be,,,,N,Linde Gas Cryoservices B.V.,[in full dataset],,11098.2,11098.2,Amsterdam,Main Container Port,Nosy Be,1,1,13.87,MSC GULSUN,IMO5601583,SG,V134,99,MAEU,MBL,ONEY951733643,MAEU751110698,GESU1951208,20GP,REEFER,GP,LCL,CY/CFS,DB Schenker,4708.67
Export (NL seller),Buitenplaats De Hooge Veluwe B.V.,87049000,870490,5,"Vehicles; for transport of goods, n.e.c. in heading no. 8704",MARKS6599,Netherlands,Cyprus,Cyprus,5,2024,1,2024-01,2024-01-26,20240105,20240105,export,1,1079344.59,589.73,kg,KG,Buitenplaats De Hooge Veluwe B.V.,[in full dataset],Arnhem,,,,N,REMITONIA CO LIMITED,[in full dataset],Limassol,,kia.com.cy,[in full dataset],Y,Buitenplaats De Hooge Veluwe B.V.,[in full dataset],,1950.7,1950.7,Amsterdam,Main Container Port,Limassol,1,1,2.44,HYUNDAI LOYALTY,IMO4329637,MH,V921,17,OOLU,SWB,CMDU336889259,HLCU861968537,CAIU1529171,45HC,OPEN TOP,HC,FCL,CY/CFS,Expeditors,524.42
Export (NL seller),Cimcool Industrial Products B.V.,38089130,380891,8,Insecticides; other than containing goods specified in Subheading Notes 1 & 2 to this Chapter; put up in forms or packings for retail sale or as preparations or articles,MARKS4424,Netherlands,Canada,Canada,9,2023,7,2023-07,2023-07-14,20230728,20230728,import,1,949707.14,1055.8,kg,KG,Cimcool Industrial Products B.V.,[in full dataset],Vlaardingen,,www.cimcool.net,[in full dataset],Y,A & C American Chemicals Ltd,[in full dataset],Saint-Laurent,,,,Y,Cimcool Industrial Products B.V.,[in full dataset],,17886.5,17886.5,Rotterdam,"Vancouver, BC",Saint-Laurent,1,1,22.36,MADRID MAERSK,IMO4263116,LR,V361,242,HLCU,HBL,COSU322292372,YMLU228593642,BMOU3878016,45HC,OPEN TOP,HC,FCL,CFS/CFS,Sinotrans,970.18
Export (NL seller),Scooter Center Helmond,90328900,903289,6,"Regulating or controlling instruments and apparatus; automatic, other than hydraulic or pneumatic",MARKS9026,Netherlands,Saudi Arabia,Saudi Arabia,6,2022,6,2022-06,2022-06-03,20220622,20220622,export,1,35017700.3,219.24,kg,KG,Scooter Center Helmond,[in full dataset],Helmond,,,,Y,PROFESSIONAL MEDICAL EXPERTISE COMPANY,[in full dataset],Al Khobar,,www.promedex.com,[in full dataset],Y,Scooter Center Helmond,[in full dataset],,3507.4,3507.4,Amsterdam,Dammam,Al Khobar,1,1,4.38,CMA CGM JULES VERNE,IMO1370425,MH,V619,229,COSU,HBL,MSCU251083394,MSCU301383685,GESU9269652,20GP,OPEN TOP,HC,LCL,CY/CFS,DHL Global Forwarding,200
Export (NL seller),Zwibo B.V.,90179000,901790,5,"Drawing, marking-out equipment and mathematical instruments; parts and accessories",MARKS4256,Netherlands,Pakistan,Pakistan,7,2019,12,2019-12,2019-12-26,20191202,20191202,export,1,6310929.28,530.68,kg,KG,Zwibo B.V.,[in full dataset],'s-Gravenzande,,www.dartswarehouse.com,[in full dataset],Y,FAYAZ GOLD LASERS SYSTEM & LAB,[in full dataset],Kohat,,,,Y,Zwibo B.V.,[in full dataset],,20686.3,20686.3,Amsterdam,Karachi (Port Qasim),Kohat,1,1,25.86,APL MEXICO CITY,IMO8560823,PA,V510,21,COSU,SWB,HLCU506387666,CMDU171318350,GESU9304187,40GP,REEFER,GP,FCL,CY/CFS,DHL Global Forwarding,494.74
Export (NL seller),Em. de Jong Vastgoed Beheer B.V.,87116090,871160,5,"Motorcycles (including mopeds) and cycles; fitted with auxiliary motor, with electric motor for propulsion, with or without side-cars; side-cars",MARKS7762,Netherlands,Egypt,Egypt,5,2024,1,2024-01,2024-01-22,20240108,20240108,import,1,1014152.06,4166.84,kg,KG,Em. de Jong Vastgoed Beheer B.V.,[in full dataset],Baarle Nassau,,www.emdejong.nl,[in full dataset],Y,EGYPTIAN COMPANY FOR AUTOMOTIVE PARTS,[in full dataset],6th of October City,,www.elkhanagry.com,[in full dataset],Y,Em. de Jong Vastgoed Beheer B.V.,[in full dataset],,7167.3,7167.3,Amsterdam,Port Said,6th of October City,1,1,8.96,HMM ALGECIRAS,IMO7809892,LR,V309,624,ONEY,HBL,COSU121609962,YMLU965775383,GESU3155897,40HC,TANK,HC,FCL,CFS/CFS,Yusen Logistics,3801.74
Export (NL seller),Trefoil Trading B.V.,27121090,271210,8,Petroleum jelly,MARKS2641,Netherlands,Belarus,Belarus,5,2016,10,2016-10,2016-10-22,20161012,20161012,export,1,122820.82,804.75,kg,KG,Trefoil Trading B.V.,[in full dataset],Pernis Rotterdam,,www.trefoil.nl,[in full dataset],Y,"TOTFI, OOO",[in full dataset],g. Minsk,,,,Y,Trefoil Trading B.V.,[in full dataset],,13389.9,13389.9,Rotterdam,Main Container Port,g. Minsk,1,1,16.74,MAERSK MOLLER,IMO1701581,SG,V732,744,ONEY,MBL,ONEY941451677,COSU554403350,BMOU3675583,45HC,REEFER,HC,FCL,CY/CFS,Nippon Express,707.15
Export (NL seller),Incyte Biosciences Distribution B.V.,30024200,300242,9,"Vaccines, toxins, cultures of micro-organisms (excluding yeasts) and similar products; for veterinary medicine",MARKS7910,Netherlands,Egypt,Egypt,5,2015,6,2015-06,2015-06-27,20150614,20150614,import,1,7147916.01,2543.2,kg,KG,Incyte Biosciences Distribution B.V.,[in full dataset],Amsterdam,,,,Y,EGYPTIAN COMPANY FOR CHEMICALS AND PHARMACEUTICAL PRODUCTS,[in full dataset],Cairo,,www.adwia.com,[in full dataset],Y,Incyte Biosciences Distribution B.V.,[in full dataset],,11636.9,11636.9,Amsterdam,Alexandria,Cairo,1,1,14.55,EVER ACME,IMO4226350,PA,V266,836,MSCU,SWB,YMLU142205721,MAEU273291223,TGHU3437595,40GP,FLAT RACK,GP,FCL,CY/CY,Bollore Logistics,2362.19
Export (NL seller),NOV Tuboscope NL B.V.,73041990,730419,7,"Iron or steel (excluding cast iron or stainless steel); seamless, line pipe of a kind used for oil or gas pipelines",MARKS9779,Netherlands,Mali,Mali,9,2021,3,2021-03,2021-03-21,20210314,20210314,export,1,349514.26,797.48,kg,KG,NOV Tuboscope NL B.V.,[in full dataset],Coevorden,,www.nov.com,[in full dataset],Y,SOCIETE DES MINES DE GOUNKOTO,[in full dataset],Bamako,,www.barrick.com,[in full dataset],Y,NOV Tuboscope NL B.V.,[in full dataset],,2933.2,2933.2,Rotterdam,Main Container Port,Bamako,1,1,3.67,APL MEXICO CITY,IMO6243921,SG,V352,46,MAEU,SWB,ONEY970385932,EGLV698124499,FCIU7281044,40HC,DRY,GP,LCL,CY/CY,DB Schenker,705.97
Export (NL seller),Vereijken Kwekerijen B.V.,03025411,030254,8,"Fish; fresh or chilled, hake (Merluccius spp., Urophycis spp.), excluding fillets, fish meat of 0304, and edible fish offal of subheadings 0302.91 to 0302.99",MARKS1065,Netherlands,Jordan,Jordan,9,2017,8,2017-08,2017-08-06,20170822,20170822,export,1,80584.6,61259.04,kg,KG,Vereijken Kwekerijen B.V.,[in full dataset],Beek en Donk,,www.vereijkenkwekerijen.nl,[in full dataset],Y,FISHERMAN'S FISH,[in full dataset],Az Zarqa,,,,N,Vereijken Kwekerijen B.V.,[in full dataset],,12096.1,12096.1,Rotterdam,Main Container Port,Az Zarqa,1,1,15.12,MADRID MAERSK,IMO3958345,LR,V619,223,OOLU,SWB,EGLV652567455,MAEU942111996,FCIU5371975,40HC,TANK,RF,FCL,CY/CFS,DHL Global Forwarding,58013.05
Import (NL buyer),Brocacef B.V.,30041000,300410,7,"Medicaments; containing penicillins, streptomycins or their derivatives, for therapeutic or prophylactic uses, packaged for retail sale",MARKS5792,Malaysia,Netherlands,Netherlands,6,2015,6,2015-06,2015-06-09,20150625,20150625,import,1,46457.7,50998.45,kg,KG,GOLDEN HP AGENCY SDN. BHD.,[in full dataset],Kuantan,,www.ghp.com.my,[in full dataset],Y,Brocacef B.V.,[in full dataset],Utrecht,,www.brocacef.nl,[in full dataset],Y,GOLDEN HP AGENCY SDN. BHD.,[in full dataset],,23195.2,23195.2,Tanjung Pelepas,Amsterdam,Utrecht,1,1,28.99,EVER GIVEN,IMO2227464,LR,V836,451,APLU,MBL,COSU896620796,EGLV535322821,BMOU2295305,40GP,REEFER,HC,LCL,CY/CFS,Expeditors,46457.7
Export (NL seller),Azule Energy Angola B.V.,27011900,270119,9,"Coal; (other than anthracite and bituminous), whether or not pulverised but not agglomerated",MARKS9674,Netherlands,Latvia,Latvia,8,2016,10,2016-10,2016-10-16,20161023,20161023,export,1,353340.3,4794.91,kg,KG,Azule Energy Angola B.V.,[in full dataset],Amsterdam,,,,Y,Scener SIA,[in full dataset],Riga,,www.balticenergy.ee/lv,[in full dataset],Y,Azule Energy Angola B.V.,[in full dataset],,3067.9,3067.9,Amsterdam,Main Container Port,Riga,1,1,3.83,OOCL HONG KONG,IMO2931108,SG,V345,998,YMLU,MBL,HLCU623272522,MAEU147446690,GESU6233194,40HC,DRY,RF,LCL,CY/CFS,Sinotrans,4188.17
Import (NL buyer),Europort Pharmaceuticals B.V.,30041000,300410,8,"Medicaments; containing penicillins, streptomycins or their derivatives, for therapeutic or prophylactic uses, packaged for retail sale",MARKS3439,China,Netherlands,Netherlands,7,2015,6,2015-06,2015-06-09,20150612,20150612,import,1,4125003.68,270.17,kg,KG,"Shenyang Sunshine Pharmaceutical Co., Ltd.",[in full dataset],Shenyang,,www.3sbio.com,[in full dataset],Y,Europort Pharmaceuticals B.V.,[in full dataset],Rotterdam,,www.europort-pharma.eu,[in full dataset],Y,"Shenyang Sunshine Pharmaceutical Co., Ltd.",[in full dataset],,19217.6,19217.6,Ningbo-Zhoushan,Amsterdam,Rotterdam,1,1,24.02,BARZAN,IMO6274979,LR,V908,549,COSU,SWB,MSCU239011942,CMDU651686157,TCLU4586644,20GP,OPEN TOP,GP,LCL,CFS/CFS,Bollore Logistics,253.54
Export (NL seller),Eurovet Animal Health B.V.,30036000,300360,7,"Medicaments; containing antimalarial active principles described in subheading note 2 to this chapter, for therapeutic or prophylactic uses, (not packaged for retail sale)",MARKS5135,Netherlands,Thailand,Thailand,8,2015,6,2015-06,2015-06-15,20150602,20150602,import,1,4437894.81,1601.54,kg,KG,Eurovet Animal Health B.V.,[in full dataset],Bladel,,www.dechra.nl,[in full dataset],Y,PM 80 LIMITED,[in full dataset],PA SANG,,www.p80thailand.com,[in full dataset],Y,Eurovet Animal Health B.V.,[in full dataset],,23781.2,23781.2,Rotterdam,Laem Chabang,PA SANG,1,1,29.73,COSCO UNIVERSE,IMO4926439,LR,V171,228,APLU,MBL,COSU931948197,EGLV602720229,GESU7246912,20GP,REEFER,RF,LCL,CY/CY,Expeditors,1482.02
Export (NL seller),Schoone Orchideeen Research & Development B.V.,03034690,030346,6,"Fish; frozen, southern bluefin tunas (Thunnus maccoyii), excluding fillets, fish meat of 0304, and edible fish offal of subheadings 0303.91 to 0303.99",MARKS2542,Netherlands,Armenia,Armenia,7,2017,1,2017-01,2017-01-26,20170109,20170109,export,1,2599.37,2837.29,kg,KG,Schoone Orchideeen Research & Development B.V.,[in full dataset],Assendelft,,,,Y,Unifish LLC,[in full dataset],Ararat marz,,www.unifish.am,[in full dataset],Y,Schoone Orchideeen Research & Development B.V.,[in full dataset],,15578.2,15578.2,Amsterdam,Main Container Port,Ararat marz,1,1,19.47,APL MEXICO CITY,IMO8483210,LR,V663,827,APLU,HBL,MSCU869127604,CMDU704150181,CAIU2125513,40HC,OPEN TOP,GP,FCL,CY/CFS,Expeditors,2599.37
Import (NL buyer),Cornelis Vrolijk International IV B.V.,03077290,030772,5,"Molluscs; clams, cockles, ark shells (Arcidae, Arcticidae, Cardiidae, Donacidae, Hiatellidae, Mactridae, Mesodesmatidae, Myidae, Semelidae, Solecurtidae, Solenidae, Tridacnidae and Veneridae), whether in shell or not, frozen",MARKS4080,Finland,Netherlands,Netherlands,8,2017,3,2017-03,2017-03-11,20170318,20170318,import,1,4779.4,5472.3,kg,KG,Nordic Fish Oy,[in full dataset],SASTAMALA,,www.nordictrout.com,[in full dataset],Y,Cornelis Vrolijk International IV B.V.,[in full dataset],IJmuiden,,www.cornelisvrolijk.eu,[in full dataset],N,Nordic Fish Oy,[in full dataset],,14195.4,14195.4,Main Container Port,Rotterdam,IJmuiden,1,1,17.74,MSC OSCAR,IMO2563421,MH,V505,340,CMDU,MBL,COSU297418591,MSCU208285969,MSCU7131907,20GP,DRY,HC,FCL,CY/CFS,Yusen Logistics,4779.4
Export (NL seller),Syensqo Solutions Nederland B.V.,38221100,382211,6,"Reagents; diagnostic or laboratory reagents on a backing, prepared diagnostic or laboratory reagents whether or not on a backing, whether or not put up in the form of kits; for malaria",MARKS4995,Netherlands,Bangladesh,Bangladesh,5,2023,7,2023-07,2023-07-06,20230719,20230719,export,1,519220.72,43899.43,kg,KG,Syensqo Solutions Nederland B.V.,[in full dataset],Klundert,,,,Y,SYNGENTA BANGLADESH LIMITED,[in full dataset],Dhaka,,www.syngenta.com.bd,[in full dataset],N,Syensqo Solutions Nederland B.V.,[in full dataset],,23987.2,23987.2,Rotterdam,Chittagong,Dhaka,1,1,29.98,COSCO UNIVERSE,IMO2577000,SG,V719,174,ZIMU,SWB,HLCU400863222,HLCU701301023,TGHU5338233,20GP,FLAT RACK,GP,FCL,CFS/CFS,DB Schenker,38929.93
Import (NL buyer),S en L Beveiligingen B.V.,84222000,842220,7,Machinery; for cleaning or drying bottles or other containers,MARKS4563,Uganda,Netherlands,Netherlands,7,2018,12,2018-12,2018-12-13,20181226,20181226,import,1,1762.28,1968.98,kg,KG,C.O.T.E -TECH (U) LIMITED,[in full dataset],Kampala,,www.coteug.com,[in full dataset],Y,S en L Beveiligingen B.V.,[in full dataset],Roosendaal,,www.senlsecurity.nl,[in full dataset],Y,C.O.T.E -TECH (U) LIMITED,[in full dataset],,16299,16299,Main Container Port,Rotterdam,Roosendaal,1,1,20.37,OOCL HONG KONG,IMO2280772,MH,V814,692,APLU,MBL,CMDU583072274,MSCU107742479,MSCU2050728,40HC,TANK,GP,FCL,CFS/CFS,Bollore Logistics,1762.28
Export (NL seller),Kuehne + Nagel Logistics B.V.,87019190,870191,7,Tractors; n.e.c. in heading no 8701 (other than tractors of heading no 8709); of an engine power not exceeding 18kW,MARKS3157,Netherlands,Saudi Arabia,Saudi Arabia,5,2024,1,2024-01,2024-01-19,20240117,20240117,import,1,769337.05,868.2,kg,KG,Kuehne + Nagel Logistics B.V.,[in full dataset],Rotterdam,,home.kuehne-nagel.com,[in full dataset],Y,ARRIYADH DEVELOPMENT COMPANY,[in full dataset],Riyadh,,www.riyadh.dev,[in full dataset],Y,Kuehne + Nagel Logistics B.V.,[in full dataset],,23021.1,23021.1,Rotterdam,Jeddah,Riyadh,1,1,28.78,EVER ACME,IMO7569088,MH,V931,577,APLU,HBL,CMDU940593380,EGLV206211799,BMOU4131335,40GP,OPEN TOP,GP,FCL,CY/CY,Yusen Logistics,769.5
Export (NL seller),Kara Energy Systems B.V.,27079911,270799,5,Oils and other products of the distillation of high temperature coal tar; n.e.c. in heading no. 2707,MARKS4714,Netherlands,Trinidad and Tobago,Trinidad and Tobago,9,2016,10,2016-10,2016-10-06,20161022,20161022,export,1,105073.37,489.47,kg,KG,Kara Energy Systems B.V.,[in full dataset],Almelo,,www.karaenergysystems.com,[in full dataset],Y,Perenco T&T Limited,[in full dataset],Port of Spain,,www.perenco.com,[in full dataset],N,Kara Energy Systems B.V.,[in full dataset],,24535.5,24535.5,Rotterdam,Main Container Port,Port of Spain,1,1,30.67,BARZAN,IMO4161960,PA,V544,436,YMLU,MBL,MAEU749389335,HLCU380206375,TCLU6929466,20GP,FLAT RACK,RF,LCL,CFS/CFS,Bollore Logistics,450.85
Import (NL buyer),Deventrade E-Commerce B.V.,90312000,903120,5,Test benches,MARKS5937,Hong Kong,Netherlands,Netherlands,6,2019,12,2019-12,2019-12-23,20191210,20191210,import,1,21496707.44,51271.64,kg,KG,"Hisense Home Appliances Group Co., Ltd.",[in full dataset],Sai Ying Pun,,hxjd.hisense.cn,[in full dataset],Y,Deventrade E-Commerce B.V.,[in full dataset],Deventer,,www.hummelsport.nl,[in full dataset],Y,"Hisense Home Appliances Group Co., Ltd.",[in full dataset],,20472.9,20472.9,Hong Kong (Kwai Tsing),Rotterdam,Deventer,1,1,25.59,MAERSK MOLLER,IMO4968898,SG,V895,63,CMDU,MBL,ONEY332809019,YMLU327012485,BMOU2076762,40HC,REEFER,GP,FCL,CY/CFS,DSV,46204.17
Export (NL seller),Delarange Cosmetics B.V.,30024200,300242,6,"Vaccines, toxins, cultures of micro-organisms (excluding yeasts) and similar products; for veterinary medicine",MARKS1246,Netherlands,South Korea,South Korea,8,2015,6,2015-06,2015-06-12,20150628,20150628,import,1,10591073,1043.64,kg,KG,Delarange Cosmetics B.V.,[in full dataset],Zeewolde,,www.delarange.com,[in full dataset],N,Chong Kun Dang Pharmaceutical Corp.,[in full dataset],Seoul,,www.ckdpharm.com,[in full dataset],Y,Delarange Cosmetics B.V.,[in full dataset],,6005.3,6005.3,Amsterdam,Gwangyang,Seoul,1,1,7.51,ONE APUS,IMO2931545,SG,V858,681,COSU,SWB,EGLV995781920,MAEU300022097,MSCU3451943,40HC,FLAT RACK,RF,FCL,CY/CY,Kuehne + Nagel,979.28
Import (NL buyer),Eriell Oilfield Services B.V.,27111310,271113,8,"Petroleum gases and other gaseous hydrocarbons; liquefied, butanes",MARKS8052,Portugal,Netherlands,Netherlands,5,2025,10,2025-10,2025-10-10,20251005,20251005,import,1,11205355.2,57834.81,kg,KG,"FUTURE GENERATION ENERGY, UNIPESSOAL, LDA",[in full dataset],LISBOA,,www.fgenergy.pt,[in full dataset],Y,Eriell Oilfield Services B.V.,[in full dataset],Amsterdam,,,,N,"FUTURE GENERATION ENERGY, UNIPESSOAL, LDA",[in full dataset],,13636.6,13636.6,Main Container Port,Rotterdam,Amsterdam,1,1,17.05,BARZAN,IMO2035138,PA,V239,646,MSCU,HBL,HLCU243748386,EGLV870027907,BMOU1726393,20GP,FLAT RACK,HC,FCL,CFS/CFS,Kuehne + Nagel,53490.05
Import (NL buyer),Van Mossel MB Vans & Trucks B.V.,87045291,870452,6,"Vehicles; with both spark-ignition internal combustion piston engine and electric motors for propulsion, of a g.v.w. exceeding 5,000kg",MARKS2907,Singapore,Netherlands,Netherlands,5,2024,1,2024-01,2024-01-01,20240107,20240107,import,1,904813.33,81091.07,kg,KG,JARDINE CYCLE & CARRIAGE LIMITED,[in full dataset],Singapore,,www.jcclgroup.com,[in full dataset],Y,Van Mossel MB Vans & Trucks B.V.,[in full dataset],Waalwijk,,www.rogam.nl,[in full dataset],Y,JARDINE CYCLE & CARRIAGE LIMITED,[in full dataset],,22297.9,22297.9,Singapore (PSA),Amsterdam,Waalwijk,1,1,27.87,ONE APUS,IMO7118237,SG,V702,416,CMDU,SWB,HLCU648520794,COSU655413664,TGHU7132639,40HC,FLAT RACK,RF,LCL,CY/CFS,CEVA Logistics,76925.34
Import (NL buyer),Trivium Aluminium Packaging Netherlands B.V.,76129020,761290,8,"Aluminium; casks, drums, cans, boxes and the like for any material (not compressed or liquefied gas), 300l capacity or less, whether or not lined or heat-insulated, no mechanical or thermal equipment",MARKS8905,Uruguay,Netherlands,Netherlands,5,2022,1,2022-01,2022-01-05,20220117,20220117,import,1,20905.76,24006.27,kg,KG,ALUMINIOS DEL URUGUAY S.A.,[in full dataset],Montevideo,,www.aluminios.com,[in full dataset],Y,Trivium Aluminium Packaging Netherlands B.V.,[in full dataset],Deventer,,www.triviumpackaging.com,[in full dataset],Y,ALUMINIOS DEL URUGUAY S.A.,[in full dataset],,17997.2,17997.2,Main Container Port,Amsterdam,Deventer,1,1,22.5,MAERSK MOLLER,IMO6124660,LR,V924,631,MAEU,SWB,EGLV751513449,MAEU967417767,TGHU2546680,40GP,OPEN TOP,HC,LCL,CY/CY,Yusen Logistics,20905.76
Export (NL seller),OK Marine B.V.,84569000,845690,8,Machine tools; for working any material by removal of material; operated by other processes n.e.c. in heading 8456,MARKS4686,Netherlands,Zimbabwe,Zimbabwe,8,2018,12,2018-12,2018-12-22,20181218,20181218,export,1,94427.47,38975.99,kg,KG,OK Marine B.V.,[in full dataset],Breda,,www.ok-marine.nl,[in full dataset],Y,NATIONAL PHARMACEUTICAL COMPANY,[in full dataset],Harare,,natpharm.co.zw,[in full dataset],Y,OK Marine B.V.,[in full dataset],,24363.7,24363.7,Amsterdam,Main Container Port,Harare,1,1,30.45,EVER GIVEN,IMO6133842,PA,V898,181,APLU,MBL,ONEY349632656,HLCU722038616,GESU7810233,45HC,FLAT RACK,RF,LCL,CFS/CFS,Yusen Logistics,36154.12
Import (NL buyer),Marees en Kistemaker B.V.,27012000,270120,9,"Briquettes, ovoids and similar solid fuels; manufactured from coal",MARKS3092,Hungary,Netherlands,Netherlands,7,2016,10,2016-10,2016-10-26,20161021,20161021,export,1,840907,11520.45,kg,KG,Premier Energy Wind 158 Kft.,[in full dataset],Budapest,,,,N,Marees en Kistemaker B.V.,[in full dataset],Kolhorn,,www.aviamarees.nl,[in full dataset],Y,Premier Energy Wind 158 Kft.,[in full dataset],,3440.4,3440.4,Budapest (inland),Amsterdam,Kolhorn,1,1,4.3,OOCL HONG KONG,IMO5131774,SG,V142,8,MAEU,MBL,ONEY191106983,HLCU883138037,GESU8069954,20GP,OPEN TOP,HC,LCL,CFS/CFS,Yusen Logistics,10967.23
Export (NL seller),Lagaay Medical B.V.,30034100,300341,8,"Medicaments; containing alkaloids or their derivatives, containing ephedrine or its salts, for therapeutic or prophylactic uses, (not packaged for retail sale)",MARKS8721,Netherlands,Colombia,Colombia,6,2015,6,2015-06,2015-06-26,20150615,20150615,export,1,10508668.86,928.82,kg,KG,Lagaay Medical B.V.,[in full dataset],Rotterdam,,www.medoxmarine.com,[in full dataset],Y,UNION DE DROGUISTAS S A S UNIDROGAS S A S,[in full dataset],FLORIDABLANCA,,WWW.UNIDROGAS.NET.CO,[in full dataset],Y,Lagaay Medical B.V.,[in full dataset],,7233,7233,Amsterdam,Cartagena,FLORIDABLANCA,1,1,9.04,YM WARRANTY,IMO1255609,LR,V372,101,ZIMU,SWB,HLCU761151901,ONEY283740112,TCLU5042533,40GP,OPEN TOP,HC,FCL,CY/CFS,DB Schenker,858.72
Import (NL buyer),Vepymo B.V.,03057200,030572,8,"Fish; edible offal, fish heads, tails and maws",MARKS6398,Hungary,Netherlands,Netherlands,8,2017,1,2017-01,2017-01-08,20170119,20170119,import,1,1257.76,1374.93,kg,KG,Megyer Agro Kft.,[in full dataset],Győr,,,,Y,Vepymo B.V.,[in full dataset],Melderslo,,www.vepymo.com,[in full dataset],Y,Megyer Agro Kft.,[in full dataset],,4003.2,4003.2,Koper (via SI),Rotterdam,Melderslo,1,1,5,CSCL GLOBE,IMO5843375,SG,V976,874,ONEY,MBL,CMDU297012753,EGLV556015502,FCIU5860163,40HC,OPEN TOP,HC,LCL,CY/CFS,Kuehne + Nagel,1257.76
Import (NL buyer),Pon Auto Import Nederland B.V.,87113090,871130,9,"Motorcycles (including mopeds) and cycles; fitted with an auxiliary motor, internal combustion piston engine, of cylinder capacity exceeding 250cc but not exceeding 500cc, with or without side-cars; side-cars",MARKS9773,Suriname,Netherlands,Netherlands,9,2024,1,2024-01,2024-01-14,20240106,20240106,import,1,10598.7,11755.1,kg,KG,Car Point NV,[in full dataset],Paramaribo,,,,Y,Pon Auto Import Nederland B.V.,[in full dataset],Leusden,,www.volkswagen.nl,[in full dataset],Y,Car Point NV,[in full dataset],,12508.5,12508.5,Main Container Port,Rotterdam,Leusden,1,1,15.64,CMA CGM JULES VERNE,IMO7433804,LR,V100,81,APLU,SWB,MSCU401933879,ONEY508091616,GESU9919725,40HC,REEFER,RF,FCL,CFS/CFS,Kuehne + Nagel,10598.7
Export (NL seller),Copernicus Interchange Technology B.V.,84152000,841520,8,"Air conditioning machines; comprising a motor driven fan and elements for changing the temperature and humidity, of a kind used for persons, in motor vehicles",MARKS8001,Netherlands,Cambodia,Cambodia,8,2018,12,2018-12,2018-12-22,20181211,20181211,export,1,201813.58,7246.41,kg,KG,Copernicus Interchange Technology B.V.,[in full dataset],Hoofddorp,,www.copernicare.nl,[in full dataset],Y,"FU MIN MIAN BANG (CAMBODIA) CO., LTD.",[in full dataset],Kampong Speu,,,,Y,Copernicus Interchange Technology B.V.,[in full dataset],,10555.6,10555.6,Rotterdam,Main Container Port,Kampong Speu,1,1,13.19,BARZAN,IMO9849351,SG,V174,423,COSU,HBL,COSU272667053,COSU459392437,GESU3778047,45HC,DRY,HC,FCL,CY/CFS,DSV,6423.96
Import (NL buyer),Breijer Techniek West B.V.,84304100,843041,5,"Boring or sinking machinery; self-propelled, n.e.c. in heading no. 8430",MARKS7870,Gabon,Netherlands,Netherlands,6,2018,12,2018-12,2018-12-26,20181202,20181202,import,1,91669.07,69685.06,kg,KG,APPROS EQUIPEMENT SERVICES,[in full dataset],Port-Gentil,,,,Y,Breijer Techniek West B.V.,[in full dataset],Rotterdam,,www.facilicom.nl,[in full dataset],Y,APPROS EQUIPEMENT SERVICES,[in full dataset],,9422,9422,Main Container Port,Amsterdam,Rotterdam,1,1,11.78,CSCL GLOBE,IMO4436498,PA,V796,365,OOLU,HBL,EGLV844775739,EGLV435942928,GESU6029728,45HC,DRY,RF,LCL,CFS/CFS,DHL Global Forwarding,62111.17
Import (NL buyer),Kuwait Petroleum Aviation (Netherlands) B.V.,27030000,270300,5,"Peat; (including peat litter), whether or not agglomerated",MARKS5119,Israel,Netherlands,Netherlands,7,2016,10,2016-10,2016-10-02,20161026,20161026,import,1,265250.28,3361.11,kg,KG,TAMAR PETROLEUM LTD,[in full dataset],HERZLIYA,,www.tamarpetroleum.co.il,[in full dataset],Y,Kuwait Petroleum Aviation (Netherlands) B.V.,[in full dataset],Rotterdam,,www.kuwaitaviation.ae,[in full dataset],Y,TAMAR PETROLEUM LTD,[in full dataset],,7563.4,7563.4,Haifa,Amsterdam,Rotterdam,1,1,9.45,HMM ALGECIRAS,IMO6304962,MH,V161,479,OOLU,MBL,ONEY424135351,HLCU191728270,TGHU9231664,45HC,TANK,RF,FCL,CFS/CFS,DHL Global Forwarding,3082.78
Export (NL seller),"Kwekerij ""De Kaaijman"" B.V.",03079200,030792,6,"Molluscs; n.e.c. in heading 0307, whether in shell or not, frozen",MARKS1492,Netherlands,Gambia,Gambia,6,2017,9,2017-09,2017-09-13,20170915,20170915,export,1,2231.58,2440.77,kg,KG,"Kwekerij ""De Kaaijman"" B.V.",[in full dataset],Oostvoorne,,www.redstar.nl,[in full dataset],Y,TROPINGO LIMITED,[in full dataset],Jenoi,,,,Y,"Kwekerij ""De Kaaijman"" B.V.",[in full dataset],,10646.6,10646.6,Amsterdam,Main Container Port,Jenoi,1,1,13.31,MADRID MAERSK,IMO5003537,LR,V254,418,CMDU,SWB,MAEU237760670,MAEU450762986,TCLU4516366,40HC,FLAT RACK,HC,FCL,CY/CY,Bollore Logistics,2231.58
Export (NL seller),Zenchi B.V.,30049000,300490,5,"Medicaments; consisting of mixed or unmixed products n.e.c. in heading no. 3004, for therapeutic or prophylactic uses, packaged for retail sale",MARKS5531,Netherlands,Ukraine,Ukraine,8,2015,6,2015-06,2015-06-02,20150617,20150617,export,1,4044863.25,878.44,kg,KG,Zenchi B.V.,[in full dataset],Gieten,,www.flaska.nl,[in full dataset],Y,EPICENTR K LLC,[in full dataset],Kyiv,,//epicentrk.ua,[in full dataset],Y,Zenchi B.V.,[in full dataset],,5300.5,5300.5,Amsterdam,Main Container Port,Kyiv,1,1,6.63,MOL TRIUMPH,IMO2637264,LR,V702,695,YMLU,MBL,MSCU711547302,COSU294451723,FCIU7214042,40HC,TANK,RF,LCL,CY/CFS,CEVA Logistics,789.33
Import (NL buyer),FM Administratieve Diensten,90178010,901780,8,Mathematical instruments and equipment; n.e.c. in heading no. 9017,MARKS4904,Poland,Netherlands,Netherlands,8,2019,12,2019-12,2019-12-11,20191225,20191225,import,1,12434183.51,336252.01,kg,KG,INMEDIO SERVICES SP Z O O,[in full dataset],Warszawa,,,,Y,FM Administratieve Diensten,[in full dataset],Doetinchem,,,,Y,INMEDIO SERVICES SP Z O O,[in full dataset],,1234.8,1234.8,Gdynia,Rotterdam,Doetinchem,1,1,1.54,YM WARRANTY,IMO4469496,PA,V252,141,EGLV,SWB,YMLU167214999,ONEY854839285,GESU7959156,40HC,OPEN TOP,RF,FCL,CY/CY,Yusen Logistics,302951.06
Import (NL buyer),Eni Energy Netherlands B.V.,27030000,270300,8,"Peat; (including peat litter), whether or not agglomerated",MARKS9027,Gibraltar,Netherlands,Netherlands,9,2025,10,2025-10,2025-10-02,20251012,20251012,import,1,3087437.32,1590.63,kg,KG,TETHYS OIL BLOCK 3&4 LIMITED,[in full dataset],Gibraltar,,,,N,Eni Energy Netherlands B.V.,[in full dataset],'s-Gravenhage,,www.neptuneenergy.com,[in full dataset],Y,TETHYS OIL BLOCK 3&4 LIMITED,[in full dataset],,23701.5,23701.5,Main Container Port,Rotterdam,'s-Gravenhage,1,1,29.63,CSCL GLOBE,IMO8416762,PA,V124,539,EGLV,SWB,HLCU991949798,HLCU319178194,CAIU6457073,45HC,OPEN TOP,GP,FCL,CY/CFS,Yusen Logistics,1412.9
Import (NL buyer),Van Leeuwen Pipe and Tube Asia Pacific B.V.,73182400,731824,8,Iron or steel; non-threaded cotters and cotter-pins,MARKS7290,Costa Rica,Netherlands,Netherlands,6,2021,3,2021-03,2021-03-05,20210307,20210307,import,1,13136.59,14740.98,kg,KG,Estructuras de Concreto S.A.,[in full dataset],Cartago,,,,Y,Van Leeuwen Pipe and Tube Asia Pacific B.V.,[in full dataset],Zwijndrecht,,www.vanleeuwen.com,[in full dataset],Y,Estructuras de Concreto S.A.,[in full dataset],,14895.9,14895.9,Main Container Port,Rotterdam,Zwijndrecht,1,1,18.62,OOCL HONG KONG,IMO9283450,PA,V297,85,CMDU,SWB,CMDU369819506,YMLU997846494,FCIU8670832,40HC,REEFER,GP,FCL,CFS/CFS,DSV,13136.59
Import (NL buyer),Van Hoesel Aluminium Kozijnen B.V.,76072010,760720,5,"Aluminium; foil, backed with paper, paperboard, plastics or similar backing materials, of a thickness (excluding any backing) not exceeding 0.2mm",MARKS3305,Canada,Netherlands,Netherlands,7,2022,2,2022-02,2022-02-07,20220223,20220223,export,1,119886.25,17312.02,kg,KG,Rio Tinto Alcan Inc.,[in full dataset],Montréal,,www.riotinto.com,[in full dataset],Y,Van Hoesel Aluminium Kozijnen B.V.,[in full dataset],Goirle,,www.pvanhoesel.nl,[in full dataset],Y,Rio Tinto Alcan Inc.,[in full dataset],,18724.8,18724.8,"Vancouver, BC",Rotterdam,Goirle,1,1,23.41,COSCO UNIVERSE,IMO2839503,SG,V386,284,OOLU,MBL,MAEU679550352,MAEU475991101,CAIU5031416,40GP,FLAT RACK,RF,FCL,CY/CFS,Expeditors,15252.43
Export (NL seller),Center Parcs Netherlands B.V.,87051000,870510,7,Vehicles; crane lorries,MARKS3050,Netherlands,Papua New Guinea,Papua New Guinea,5,2020,3,2020-03,2020-03-03,20200320,20200320,export,1,8606.23,9531.19,kg,KG,Center Parcs Netherlands B.V.,[in full dataset],Capelle aan den IJssel,,www.centerparcs.nl,[in full dataset],Y,NATIONAL SUPERANNUATION FUND LIMITED,[in full dataset],Konedobu Port Moresby NCD,,www.nasfund.com.pg,[in full dataset],N,Center Parcs Netherlands B.V.,[in full dataset],,23092,23092,Rotterdam,Main Container Port,Konedobu Port Moresby NCD,1,1,28.86,EVER ACME,IMO7654410,LR,V295,628,MAEU,MBL,COSU319941394,MSCU733814842,CAIU4460375,40HC,TANK,RF,LCL,CY/CFS,Bollore Logistics,8606.23
Export (NL seller),CW Personeels B.V.,90141000,901410,7,Navigational instruments and appliances; direction finding compasses,MARKS6384,Netherlands,United Kingdom,United Kingdom,9,2022,6,2022-06,2022-06-25,20220613,20220613,export,1,335837509.98,518.99,kg,KG,CW Personeels B.V.,[in full dataset],Pernis Rotterdam,,www.cowasport.nl,[in full dataset],Y,PHOENIX HEALTHCARE DISTRIBUTION LIMITED,[in full dataset],RUNCORN,,www.myp-i-n.co.uk,[in full dataset],Y,CW Personeels B.V.,[in full dataset],,24161.8,24161.8,Rotterdam,Liverpool,RUNCORN,1,1,30.2,HYUNDAI LOYALTY,IMO4205189,LR,V269,112,EGLV,HBL,ONEY385503794,COSU454890819,TCLU8430855,40HC,DRY,HC,FCL,CFS/CFS,Yusen Logistics,453.27
Import (NL buyer),Mercedes-Benz Nederland B.V.,87011000,870110,5,Tractors; single axle,MARKS5737,Russia,Netherlands,Netherlands,7,2024,1,2024-01,2024-01-08,20240117,20240117,import,1,238348.11,33465.86,kg,KG,"BIZNES KAR M, OOO",[in full dataset],Moscow,,,,Y,Mercedes-Benz Nederland B.V.,[in full dataset],Nieuwegein,,www.mercedes-benz.nl,[in full dataset],Y,"BIZNES KAR M, OOO",[in full dataset],,5635.2,5635.2,Vladivostok,Amsterdam,Nieuwegein,1,1,7.04,MSC OSCAR,IMO8728242,MH,V869,666,OOLU,MBL,ONEY470828957,ONEY363615702,CAIU9974237,40HC,DRY,RF,FCL,CY/CFS,Yusen Logistics,30220.38
Export (NL seller),Groeneveldt PT,90111000,901110,6,"Microscopes, compound optical; stereoscopic microscopes",MARKS5917,Netherlands,Switzerland,Switzerland,9,2019,12,2019-12,2019-12-16,20191210,20191210,export,1,84048188.42,213.95,kg,KG,Groeneveldt PT,[in full dataset],Hoogvliet Rotterdam,,,,Y,"M.R.S.I. Medical Research, Services & Investments SA",[in full dataset],Vouvry,,,,Y,Groeneveldt PT,[in full dataset],,24607.5,24607.5,Amsterdam,Basel (river),Vouvry,1,1,30.76,HYUNDAI LOYALTY,IMO6631721,MH,V271,894,OOLU,HBL,EGLV943153779,HLCU724031859,MSCU5541367,20GP,DRY,RF,FCL,CY/CY,CEVA Logistics,200
Import (NL buyer),Kuster Energy Exploitatie B.V.,27021000,270210,7,"Lignite; whether or not pulverised, but not agglomerated, excluding jet",MARKS8364,Gibraltar,Netherlands,Netherlands,8,2025,10,2025-10,2025-10-04,20251013,20251013,import,1,3087437.32,43939,kg,KG,TETHYS OIL BLOCK 3&4 LIMITED,[in full dataset],Gibraltar,,,,Y,Kuster Energy Exploitatie B.V.,[in full dataset],Babberich,,,,Y,TETHYS OIL BLOCK 3&4 LIMITED,[in full dataset],,18408.7,18408.7,Main Container Port,Rotterdam,Babberich,1,1,23.01,CSCL GLOBE,IMO9613118,PA,V322,910,COSU,HBL,MSCU234186703,HLCU409668480,TCLU5390001,45HC,OPEN TOP,RF,FCL,CY/CFS,DB Schenker,38497.35
Import (NL buyer),Energy Food Ingredients B.V.,27131100,271311,5,"Petroleum coke; (not calcined), obtained from bituminous minerals",MARKS1392,Greece,Netherlands,Netherlands,5,2025,10,2025-10,2025-10-22,20251003,20251003,import,1,2915367.36,1144.92,kg,KG,ELLINIKA KAFSIMA ORYKTELAIA MONOPROSOPI ANONYMOS VIOMICHANIKI KAI EMPORIKI ETAIREIA,[in full dataset],Maroussi,,www.eko.gr,[in full dataset],Y,Energy Food Ingredients B.V.,[in full dataset],Breda,,www.energy-foodingredients.com,[in full dataset],Y,ELLINIKA KAFSIMA ORYKTELAIA MONOPROSOPI ANONYMOS VIOMICHANIKI KAI EMPORIKI ETAIREIA,[in full dataset],,18797.2,18797.2,Main Container Port,Rotterdam,Breda,1,1,23.5,COSCO UNIVERSE,IMO7035517,LR,V397,946,MSCU,HBL,CMDU846765098,MAEU637881285,TGHU3339679,20GP,TANK,RF,FCL,CFS/CFS,DSV,1072.8
Import (NL buyer),Eni Energy Muara Bakau B.V.,27074000,270740,5,Oils and products of the distillation of high temperature coal tar; naphthalene,MARKS8062,Hungary,Netherlands,Netherlands,5,2016,10,2016-10,2016-10-13,20161005,20161005,export,1,840907,23736.36,kg,KG,Premier Energy Wind 158 Kft.,[in full dataset],Budapest,,,,Y,Eni Energy Muara Bakau B.V.,[in full dataset],'s-Gravenhage,,,,Y,Premier Energy Wind 158 Kft.,[in full dataset],,21332.4,21332.4,Budapest (inland),Amsterdam,'s-Gravenhage,1,1,26.67,COSCO UNIVERSE,IMO5903202,LR,V225,58,CMDU,SWB,MSCU164077132,MSCU858245348,GESU1653166,40HC,DRY,RF,LCL,CY/CFS,CEVA Logistics,20868.72
Import (NL buyer),Koninklijke Fabriek Inventum B.V.,88069400,880694,8,Unmanned aircraft; for other than remote-controlled flight and other than for carriage of passengers with a maximum take-off weight more than 25kg but not more than 150kg,MARKS6378,Hong Kong,Netherlands,Netherlands,5,2018,11,2018-11,2018-11-22,20181106,20181106,export,1,18526.37,20422.84,kg,KG,Cirrus Aircraft Limited,[in full dataset],Causeway Bay,,cirrusaircraft.com,[in full dataset],Y,Koninklijke Fabriek Inventum B.V.,[in full dataset],Houten,,,,Y,Cirrus Aircraft Limited,[in full dataset],,6204.9,6204.9,Hong Kong (Kwai Tsing),Rotterdam,Houten,1,1,7.76,MADRID MAERSK,IMO8163363,SG,V111,706,ZIMU,MBL,COSU383879879,CMDU946082765,GESU3700114,40HC,TANK,GP,LCL,CY/CY,Nippon Express,18526.37
Import (NL buyer),Medtronic Bakken Research Center B.V.,30021500,300215,8,"Blood, human or animal, antisera, other blood fractions and immunological products; immunological products, put up in measured doses or in forms or packings for retail sale",MARKS9031,Egypt,Netherlands,Netherlands,6,2015,6,2015-06,2015-06-25,20150612,20150612,import,1,626622.81,43974.63,kg,KG,EVA PHARMA FOR PHARMACEUTICALS AND MEDICAL APPLIANCES S.A.E,[in full dataset],Giza,,www.evapharma.com,[in full dataset],Y,Medtronic Bakken Research Center B.V.,[in full dataset],Maastricht,,www.medtronic.nl,[in full dataset],Y,EVA PHARMA FOR PHARMACEUTICALS AND MEDICAL APPLIANCES S.A.E,[in full dataset],,4058.5,4058.5,Damietta,Rotterdam,Maastricht,1,1,5.07,MSC GULSUN,IMO2610046,MH,V123,687,EGLV,HBL,EGLV645477331,EGLV545059577,FCIU2780309,40GP,FLAT RACK,HC,LCL,CFS/CFS,Nippon Express,39568.28
Export (NL seller),"OIKOCREDIT, Ecumenical Development Cooperative Society U.A.",87149300,871493,7,"Cycles; parts thereof, hubs (other than coaster braking hubs and hub brakes) and free-wheel sprocket-wheels",MARKS5112,Netherlands,Malaysia,Malaysia,6,2024,1,2024-01,2024-01-03,20240120,20240120,import,1,248981.18,3549.99,kg,KG,"OIKOCREDIT, Ecumenical Development Cooperative Society U.A.",[in full dataset],Amersfoort,,www.oikocredit.coop,[in full dataset],Y,DRB-HICOM BERHAD,[in full dataset],Shah Alam,,www.drb-hicom.com,[in full dataset],Y,"OIKOCREDIT, Ecumenical Development Cooperative Society U.A.",[in full dataset],,14006.7,14006.7,Rotterdam,Penang,Shah Alam,1,1,17.51,APL MEXICO CITY,IMO4692123,MH,V344,14,APLU,SWB,EGLV775755827,EGLV700110665,TGHU2052081,20GP,FLAT RACK,HC,FCL,CY/CFS,Kuehne + Nagel,3272.14
Export (NL seller),Beheer Autobedrijven Mulder B.V.,87111000,871110,7,"Motorcycles (including mopeds) and cycles; fitted with an auxiliary motor, with internal combustion piston engine of a cylinder capacity not exceeding 50cc, with or without side-cars; side-cars",MARKS2830,Netherlands,Jordan,Jordan,9,2024,1,2024-01,2024-01-23,20240108,20240108,export,1,1587098.64,1745.17,kg,KG,Beheer Autobedrijven Mulder B.V.,[in full dataset],Dordrecht,,www.mulderautomotive.nl,[in full dataset],Y,SOCIAL SECURITY INVESTMENT FUND,[in full dataset],Amman,,www.ssiu.gov.jo,[in full dataset],Y,Beheer Autobedrijven Mulder B.V.,[in full dataset],,11687.2,11687.2,Amsterdam,Main Container Port,Amman,1,1,14.61,HMM ALGECIRAS,IMO6753160,PA,V980,155,ZIMU,SWB,MAEU585903082,MAEU907782332,BMOU1912428,40HC,TANK,HC,FCL,CY/CY,DSV,1538.67
Export (NL seller),Checks & Balances B.V.,90241040,902410,8,"Machines and appliances; for testing the hardness, strength, compressibility, elasticity or other mechanical properties of metals",MARKS5452,Netherlands,South Korea,South Korea,7,2019,12,2019-12,2019-12-14,20191216,20191216,export,1,57876189.26,212.78,kg,KG,Checks & Balances B.V.,[in full dataset],Enschede,,,,Y,ASAN FOUNDATION,[in full dataset],Seoul,,www.amc.seoul.kr,[in full dataset],Y,Checks & Balances B.V.,[in full dataset],,1387.7,1387.7,Amsterdam,Gwangyang,Seoul,1,1,1.73,MSC GULSUN,IMO1190504,SG,V628,424,APLU,HBL,EGLV790067326,YMLU905769640,CAIU6391416,45HC,FLAT RACK,GP,FCL,CFS/CFS,Nippon Express,200
Import (NL buyer),Koninklijke Van Leeuwen B.V.,73181410,731814,7,Iron or steel; threaded self-tapping screws,MARKS6603,New Zealand,Netherlands,Netherlands,5,2021,3,2021-03,2021-03-06,20210320,20210320,import,1,168272.13,115863.43,kg,KG,CHINA CONSTRUCTION BANK CORPORATION,[in full dataset],Auckland,,,,Y,Koninklijke Van Leeuwen B.V.,[in full dataset],Zwijndrecht,,www.vanleeuwen.com,[in full dataset],Y,CHINA CONSTRUCTION BANK CORPORATION,[in full dataset],,18483.5,18483.5,Tauranga,Amsterdam,Zwijndrecht,1,1,23.1,MSC OSCAR,IMO9607197,PA,V431,276,APLU,MBL,COSU340606248,HLCU675631465,FCIU4913610,45HC,REEFER,RF,FCL,CY/CFS,DSV,108039.84
Export (NL seller),Paula's Choice Europe B.V.,30034300,300343,9,"Medicaments; containing alkaloids or their derivatives, containing norephedrine or its salts, for therapeutic or prophylactic uses, (not packaged for retail sale)",MARKS7092,Netherlands,India,India,9,2015,6,2015-06,2015-06-15,20150610,20150610,export,1,4610380.81,2847.5,kg,KG,Paula's Choice Europe B.V.,[in full dataset],Amersfoort,,www.paulaschoice.co.uk,[in full dataset],Y,BASF INDIA LIMITED,[in full dataset],Mumbai,,www.basf.com/in,[in full dataset],Y,Paula's Choice Europe B.V.,[in full dataset],,20373.6,20373.6,Amsterdam,"Mundra, Gujarat",Mumbai,1,1,25.47,CSCL GLOBE,IMO1601860,SG,V927,627,MSCU,SWB,CMDU961109795,HLCU538110762,TGHU6744126,40HC,DRY,GP,FCL,CY/CY,CEVA Logistics,2584.13
Export (NL seller),Life Technologies Europe B.V.,84301000,843010,9,Pile-drivers and pile-extractors,MARKS1569,Netherlands,Somalia,Somalia,7,2018,12,2018-12,2018-12-16,20181213,20181213,export,1,306013.26,4490.25,kg,KG,Life Technologies Europe B.V.,[in full dataset],Bleiswijk,,www.appzera.nl,[in full dataset],N,HINNA AGRI-EQUIPMENT-BUSINESS-COMPANY,[in full dataset],Mogadishu,,,,Y,Life Technologies Europe B.V.,[in full dataset],,1941.2,1941.2,Amsterdam,Main Container Port,Mogadishu,1,1,2.43,ONE APUS,IMO5859008,LR,V603,194,HMMU,MBL,CMDU744986177,COSU456396722,FCIU7525582,45HC,TANK,GP,FCL,CY/CY,Nippon Express,4126.73
Import (NL buyer),Shiloh Industries Netherlands B.V.,76121000,761210,5,"Aluminium; collapsible tubular containers, for any material, (not compressed or liquefied gas), 300l capacity or less, whether or not lined, not fitted with mechanical/thermal equipment",MARKS3766,Chile,Netherlands,Netherlands,8,2022,4,2022-04,2022-04-08,20220420,20220420,import,1,162054.94,14051.03,kg,KG,Grace S.A.,[in full dataset],SANTIAGO,,www.grace.com,[in full dataset],N,Shiloh Industries Netherlands B.V.,[in full dataset],Amsterdam,,www.durashiloh.com,[in full dataset],Y,Grace S.A.,[in full dataset],,15206.6,15206.6,San Antonio,Amsterdam,Amsterdam,1,1,19.01,MSC GULSUN,IMO1327182,MH,V601,979,YMLU,MBL,YMLU863382004,MSCU538137149,GESU2719886,45HC,FLAT RACK,HC,FCL,CFS/CFS,DSV,13109.32
Export (NL seller),Baars en Bloemhoff B.V.,84549000,845490,7,"Machines; parts of converters, ladles, ingot moulds and casting machines, of a kind used in metallurgy or in metal foundries",MARKS3579,Netherlands,Equatorial Guinea,Equatorial Guinea,5,2022,6,2022-06,2022-06-21,20220615,20220615,export,1,237418.16,17920.61,kg,KG,Baars en Bloemhoff B.V.,[in full dataset],Utrecht,,www.baars-bloemhoff.nl,[in full dataset],Y,Empresa Ecuatoguineana De Alquiler De Coches Sa,[in full dataset],Bioko,,www.europcar.fr,[in full dataset],Y,Baars en Bloemhoff B.V.,[in full dataset],,12092.1,12092.1,Amsterdam,Main Container Port,Bioko,1,1,15.12,MOL TRIUMPH,IMO3404068,SG,V264,442,OOLU,HBL,CMDU530422538,COSU852080032,BMOU1436273,40HC,OPEN TOP,HC,FCL,CFS/CFS,DHL Global Forwarding,16853.33
Import (NL buyer),TotalEnergies EP Absheron B.V.,27112900,271129,6,"Petroleum gases and other gaseous hydrocarbons; in gaseous state, other than natural gas",MARKS9090,Malaysia,Netherlands,Netherlands,8,2016,10,2016-10,2016-10-08,20161010,20161010,export,1,23268.63,25452.14,kg,KG,PETRONAS DAGANGAN BERHAD,[in full dataset],Kuala Lumpur,,www.mymesra.com.my,[in full dataset],Y,TotalEnergies EP Absheron B.V.,[in full dataset],'s-Gravenhage,,www.total-e.com,[in full dataset],Y,PETRONAS DAGANGAN BERHAD,[in full dataset],,13967.3,13967.3,Penang,Amsterdam,'s-Gravenhage,1,1,17.46,COSCO UNIVERSE,IMO7836543,MH,V538,120,APLU,MBL,MAEU562064151,HLCU211849300,TCLU7926832,20GP,FLAT RACK,HC,FCL,CY/CY,DB Schenker,23268.63
Import (NL buyer),GE Healthcare B.V.,30034900,300349,7,"Medicaments; containing alkaloids or their derivatives; other than ephedrine, pseudoephedrine (INN) or norephedrine or their salts; for therapeutic or prophylactic uses, (not packaged for retail sale)",MARKS9471,Indonesia,Netherlands,Netherlands,5,2015,6,2015-06,2015-06-18,20150606,20150606,export,1,1187407,140889.91,kg,KG,PT SURYA HIDUP SATWA,[in full dataset],Kota Administrasi Jakarta Utara,,www.shs.co.id,[in full dataset],Y,GE Healthcare B.V.,[in full dataset],Eindhoven,,www.gehealthcare.nl,[in full dataset],N,PT SURYA HIDUP SATWA,[in full dataset],,1802.5,1802.5,"Tanjung Priok, Jakarta",Rotterdam,Eindhoven,1,1,2.25,HMM ALGECIRAS,IMO4525745,SG,V991,969,ONEY,HBL,EGLV169978883,HLCU762133649,MSCU4438659,40GP,TANK,RF,LCL,CFS/CFS,CEVA Logistics,128233.15
Export (NL seller),P. Bos Mengvoeder- en Kunstmesthandel B.V.,30046000,300460,8,"Medicaments; containing antimalarial active principles described in Subheading Note 2 to this Chapter, for therapeutic or prophylactic uses, packaged for retail sale",MARKS3203,Netherlands,Hong Kong,Hong Kong,6,2015,6,2015-06,2015-06-20,20150614,20150614,export,1,4935840.38,225.38,kg,KG,P. Bos Mengvoeder- en Kunstmesthandel B.V.,[in full dataset],Ederveen,,www.pbosveevoeders.nl,[in full dataset],N,CHINA RESOURCES PHARMACEUTICAL GROUP LIMITED,[in full dataset],Wan Chai,,www.crpharm.com,[in full dataset],Y,P. Bos Mengvoeder- en Kunstmesthandel B.V.,[in full dataset],,18841.9,18841.9,Rotterdam,Hong Kong (Kwai Tsing),Wan Chai,1,1,23.55,EVER ACME,IMO6336800,LR,V356,922,APLU,SWB,COSU652170823,MAEU289693885,TGHU7930543,40HC,OPEN TOP,HC,FCL,CFS/CFS,Nippon Express,200
Export (NL seller),RR&S fitnessreparatie,90192020,901920,7,"Therapeutic respiration apparatus; ozone, oxygen, aerosol therapy apparatus; artificial respiration or other therapeutic respiration apparatus",MARKS8811,Netherlands,Ireland,Ireland,8,2019,12,2019-12,2019-12-22,20191210,20191210,import,1,14866522.08,225.63,kg,KG,RR&S fitnessreparatie,[in full dataset],Heerhugowaard,,,,Y,SOLTA MEDICAL IRELAND LIMITED,[in full dataset],DUBLIN,,,,Y,RR&S fitnessreparatie,[in full dataset],,10415.4,10415.4,Amsterdam,Dublin,DUBLIN,1,1,13.02,OOCL HONG KONG,IMO5772233,PA,V381,981,CMDU,MBL,MSCU647277943,MAEU444889404,TCLU3366862,45HC,OPEN TOP,RF,FCL,CY/CY,Sinotrans,200
Import (NL buyer),SHELL Information Technology International B.V.,84452000,844520,7,Textile machinery; spinning machines,MARKS6439,Tajikistan,Netherlands,Netherlands,6,2018,12,2018-12,2018-12-27,20181202,20181202,import,1,2846.05,3175.54,kg,KG,AMA Group LLC,[in full dataset],Dushanbe,,,,Y,SHELL Information Technology International B.V.,[in full dataset],'s-Gravenhage,,www.shell.com,[in full dataset],Y,AMA Group LLC,[in full dataset],,8575.2,8575.2,Main Container Port,Amsterdam,'s-Gravenhage,1,1,10.72,EVER ACME,IMO1632578,LR,V881,368,APLU,SWB,HLCU649041820,YMLU216975201,GESU4281882,45HC,DRY,RF,LCL,CY/CY,DSV,2846.05
Export (NL seller),Neko Ship Supply B.V.,38271200,382712,9,"Mixtures containing halogenated derivatives of methane, ethane or propane, not elsewhere specified or included; containing hydrobromofluorocarbons (HBFCs)",MARKS5967,Netherlands,Slovenia,Slovenia,6,2023,7,2023-07,2023-07-03,20230727,20230727,export,1,1059404.36,945.03,kg,KG,Neko Ship Supply B.V.,[in full dataset],Rotterdam Albrandswaard,,www.nekoship.nl,[in full dataset],Y,FENOLIT d.d.,[in full dataset],Borovnica,,www.fenolit.si,[in full dataset],Y,Neko Ship Supply B.V.,[in full dataset],,586.2,586.2,Rotterdam,Main Container Port,Borovnica,1,1,0.73,MSC OSCAR,IMO3843545,PA,V430,731,COSU,HBL,COSU238134882,ONEY829200237,TGHU2690203,40HC,REEFER,GP,FCL,CY/CY,CEVA Logistics,899.6
Export (NL seller),KW Meubelen,90141000,901410,5,Navigational instruments and appliances; direction finding compasses,MARKS3153,Netherlands,Russia,Russia,6,2019,12,2019-12,2019-12-18,20191203,20191203,export,1,63854945.3,683.58,kg,KG,KW Meubelen,[in full dataset],Grashoek,,,,N,"MOSENERGOSBYT, AO",[in full dataset],Moscow,,www.mosenergosbyt.ru,[in full dataset],Y,KW Meubelen,[in full dataset],,5385.7,5385.7,Amsterdam,Saint Petersburg,Moscow,1,1,6.73,HYUNDAI LOYALTY,IMO8068013,SG,V592,429,YMLU,SWB,MAEU205456878,ONEY165580543,TGHU2813830,40HC,REEFER,HC,FCL,CY/CFS,Expeditors,644.12
Import (NL buyer),Stichting Pensioenfonds voor de Woningcorporaties,87019210,870192,7,Tractors; n.e.c. in heading no 8701 (other than tractors of heading no 8709); of an engine power exceeding 18kW but not exceeding 37kW,MARKS9231,Serbia,Netherlands,Netherlands,8,2024,1,2024-01,2024-01-09,20240102,20240102,import,1,777303.94,3910.55,kg,KG,AUTO CACAK KOMERC D.O.O. CACAK,[in full dataset],Cacak,,www.autocacakkomerc.com,[in full dataset],Y,Stichting Pensioenfonds voor de Woningcorporaties,[in full dataset],Harderwijk,,www.spw.nl,[in full dataset],Y,AUTO CACAK KOMERC D.O.O. CACAK,[in full dataset],,22020.3,22020.3,Main Container Port,Rotterdam,Harderwijk,1,1,27.53,ONE APUS,IMO6276298,LR,V242,931,CMDU,SWB,CMDU458416036,ONEY396224818,FCIU3753593,45HC,TANK,GP,FCL,CY/CFS,Expeditors,3421.15
Export (NL seller),B.V. Oosterhoutse Beton Centrale II (O.B.C.),73062100,730621,6,"Steel, stainless; casing and tubing of a kind used in drilling for oil and gas, n.e.c. in chapter 73, welded, (not seamless)",MARKS8144,Netherlands,Bahrain,Bahrain,7,2021,3,2021-03,2021-03-06,20210302,20210302,export,1,222416.54,806.68,kg,KG,B.V. Oosterhoutse Beton Centrale II (O.B.C.),[in full dataset],Oosterhout NB,,,,N,UNION HOUSE COMPANY FOR THE MANUFACTURE OF METAL STRUCTURES W.L.L,[in full dataset],Lhassay,,,,N,B.V. Oosterhoutse Beton Centrale II (O.B.C.),[in full dataset],,13603.8,13603.8,Rotterdam,Main Container Port,Lhassay,1,1,17,MAERSK MOLLER,IMO4241057,PA,V446,296,MAEU,MBL,MSCU596757995,COSU495539355,MSCU9610713,40GP,REEFER,HC,LCL,CY/CFS,Nippon Express,715.7
Export (NL seller),De Wit Speciality Oils Materieel B.V.,27131100,271311,9,"Petroleum coke; (not calcined), obtained from bituminous minerals",MARKS3042,Netherlands,Gibraltar,Gibraltar,6,2025,10,2025-10,2025-10-15,20251027,20251027,export,1,68572139.9,228.16,kg,KG,De Wit Speciality Oils Materieel B.V.,[in full dataset],De Waal,,www.dewitoils.nl,[in full dataset],Y,CASPIAN OIL RESOURCES LIMITED,[in full dataset],Gibraltar,,,,Y,De Wit Speciality Oils Materieel B.V.,[in full dataset],,23492.9,23492.9,Amsterdam,Main Container Port,Gibraltar,1,1,29.37,BARZAN,IMO6974577,MH,V307,751,ZIMU,SWB,MSCU520986517,MSCU711556732,MSCU7131747,20GP,FLAT RACK,RF,LCL,CY/CY,CEVA Logistics,200
Export (NL seller),Slump On B.V.,27073000,270730,5,Oils and products of the distillation of high temperature coal tar; xylol (xylenes),MARKS2557,Netherlands,Brazil,Brazil,7,2025,10,2025-10,2025-10-04,20251022,20251022,import,1,26536777,684.2,kg,KG,Slump On B.V.,[in full dataset],Heerenveen,,www.slumpon.nl,[in full dataset],Y,IPIRANGA PRODUTOS DE PETROLEO S.A.,[in full dataset],RIO DE JANEIRO,,www.ipiranga.com,[in full dataset],Y,Slump On B.V.,[in full dataset],,6841.9,6841.9,Amsterdam,Santos,RIO DE JANEIRO,1,1,8.55,OOCL HONG KONG,IMO8063469,SG,V345,231,MAEU,HBL,CMDU183361300,CMDU916726103,FCIU8683305,40GP,REEFER,HC,FCL,CY/CFS,Nippon Express,631.64
Export (NL seller),Tulp Verkoop B.V.,84804100,848041,6,"Moulds; for metal or metal carbides, injection or compression types",MARKS1778,Netherlands,Haiti,Haiti,6,2022,6,2022-06,2022-06-22,20220605,20220605,export,1,8223.38,8868.19,kg,KG,Tulp Verkoop B.V.,[in full dataset],Waalwijk,,www.tulpkeukens.nl,[in full dataset],Y,Vidro Trading SA,[in full dataset],Port-au-Prince,,www.vidrotrading.com,[in full dataset],N,Tulp Verkoop B.V.,[in full dataset],,4686.4,4686.4,Amsterdam,Main Container Port,Port-au-Prince,1,1,5.86,MOL TRIUMPH,IMO6251471,MH,V281,415,EGLV,HBL,YMLU618707015,YMLU942273845,CAIU9551871,20GP,TANK,GP,LCL,CY/CY,DHL Global Forwarding,8223.38
Export (NL seller),Jo Viehoff Ruitersport V.O.F.,90101000,901010,5,Photographic laboratory apparatus and equipment; for automatically developing photographic (including cinematographic) film or paper in rolls or for automatically exposing developed film to rolls of paper,MARKS3923,Netherlands,Malaysia,Malaysia,8,2019,12,2019-12,2019-12-20,20191207,20191207,export,1,5443548.96,7019.73,kg,KG,Jo Viehoff Ruitersport V.O.F.,[in full dataset],Landgraaf,,,,Y,PANASONIC APPLIANCES REFRIGERATION DEVICES MALAYSIA SDN. BHD,[in full dataset],Melaka,,,,Y,Jo Viehoff Ruitersport V.O.F.,[in full dataset],,9785.4,9785.4,Rotterdam,Tanjung Pelepas,Melaka,1,1,12.23,BARZAN,IMO9710252,MH,V843,770,HMMU,HBL,YMLU779350895,CMDU699588528,CAIU2608496,45HC,OPEN TOP,RF,LCL,CY/CY,Nippon Express,6352.78
Import (NL buyer),Global Factories B.V.,76072091,760720,6,"Aluminium; foil, backed with paper, paperboard, plastics or similar backing materials, of a thickness (excluding any backing) not exceeding 0.2mm",MARKS5944,Venezuela,Netherlands,Netherlands,7,2022,11,2022-11,2022-11-11,20221123,20221123,import,1,53285.33,41450.54,kg,KG,"Extrudal, Extuccion de Aluminio C.A.",[in full dataset],Caracas,,,,Y,Global Factories B.V.,[in full dataset],'s-Gravenhage,,www.globalfactories.com,[in full dataset],Y,"Extrudal, Extuccion de Aluminio C.A.",[in full dataset],,4419.5,4419.5,Main Container Port,Amsterdam,'s-Gravenhage,1,1,5.52,APL MEXICO CITY,IMO5561240,PA,V460,990,COSU,HBL,ONEY939886228,HLCU157198619,CAIU7654321,40HC,DRY,HC,FCL,CFS/CFS,Nippon Express,37638.22
Import (NL buyer),B.V. Bureau van Borselen v.h. Ingenieursbureau van Borselen,90101000,901010,6,Photographic laboratory apparatus and equipment; for automatically developing photographic (including cinematographic) film or paper in rolls or for automatically exposing developed film to rolls of paper,MARKS5422,Spain,Netherlands,Netherlands,6,2019,12,2019-12,2019-12-08,20191205,20191205,import,1,13993029.36,32719.64,kg,KG,SPRINTER MEGACENTROS DEL DEPORTE SL,[in full dataset],ALACANT/ALICANTE,,www.sprintersports.com,[in full dataset],Y,B.V. Bureau van Borselen v.h. Ingenieursbureau van Borselen,[in full dataset],Zoetermeer,,www.vanborselen.nl,[in full dataset],Y,SPRINTER MEGACENTROS DEL DEPORTE SL,[in full dataset],,5093.9,5093.9,Barcelona,Amsterdam,Zoetermeer,1,1,6.37,MSC GULSUN,IMO2293155,MH,V395,96,HLCU,HBL,MSCU256582820,EGLV513232352,BMOU3349497,20GP,OPEN TOP,GP,FCL,CY/CFS,Bollore Logistics,31072.14
Export (NL seller),AC Bathpolderweg 39 Vastgoed B.V.,03054300,030543,9,"Fish; smoked, whether or not cooked before or during smoking, trout (Salmo trutta, Oncorhynchus mykiss/clarki/aguabonita/gilae/apache/chrysogaster), includes fillets, but excludes edible fish offal",MARKS7278,Netherlands,Brunei,Brunei,7,2017,7,2017-07,2017-07-22,20170701,20170701,export,1,1624.22,1800.01,kg,KG,AC Bathpolderweg 39 Vastgoed B.V.,[in full dataset],Wateringen,,,,Y,Flexstone Office Services,[in full dataset],Brunei Muara,,,,Y,AC Bathpolderweg 39 Vastgoed B.V.,[in full dataset],,19282.5,19282.5,Amsterdam,Main Container Port,Brunei Muara,1,1,24.1,EVER ACME,IMO4575427,PA,V498,695,MAEU,SWB,ONEY598660774,CMDU732154749,TGHU6204963,40HC,FLAT RACK,HC,LCL,CY/CY,DHL Global Forwarding,1624.22
Export (NL seller),V.U. Boekhandel B.V.,90192090,901920,8,"Therapeutic respiration apparatus; ozone, oxygen, aerosol therapy apparatus; artificial respiration or other therapeutic respiration apparatus",MARKS6404,Netherlands,Germany,Germany,8,2022,6,2022-06,2022-06-12,20220615,20220615,export,1,522343870.89,500.59,kg,KG,V.U. Boekhandel B.V.,[in full dataset],Amsterdam,,www.vuboekhandel.nl,[in full dataset],Y,DECATHLON Deutschland SE & Co. KG,[in full dataset],Plochingen,,,,Y,V.U. Boekhandel B.V.,[in full dataset],,8956.9,8956.9,Amsterdam,Wilhelmshaven,Plochingen,1,1,11.2,HYUNDAI LOYALTY,IMO8777641,PA,V127,690,ZIMU,SWB,HLCU163414199,YMLU972429358,MSCU3329222,45HC,FLAT RACK,GP,FCL,CFS/CFS,Expeditors,469.61
Import (NL buyer),Van Wijnen Smart Structures B.V.,73079100,730791,5,"Iron or steel; tube or pipe fittings, flanges, other than stainless steel",MARKS4793,Zimbabwe,Netherlands,Netherlands,7,2021,3,2021-03,2021-03-25,20210308,20210308,import,1,32139.43,31227.81,kg,KG,RIOZIM LTD,[in full dataset],Harare,,www.riozim.co.zw,[in full dataset],Y,Van Wijnen Smart Structures B.V.,[in full dataset],Heerenveen,,www.prefabbetonheerenveen.nl,[in full dataset],Y,RIOZIM LTD,[in full dataset],,6367.5,6367.5,Main Container Port,Rotterdam,Heerenveen,1,1,7.96,OOCL HONG KONG,IMO6933045,MH,V272,534,MSCU,SWB,MSCU816112505,ONEY707591270,MSCU4253448,45HC,DRY,HC,FCL,CY/CY,DSV,28583.68
Export (NL seller),Royal Seafood Nederland B.V.,03033300,030333,9,"Fish; frozen, sole (Solea spp.), excluding fillets, fish meat of 0304, and edible fish offal of subheadings 0303.91 to 0303.99",MARKS6706,Netherlands,Bulgaria,Bulgaria,6,2017,2,2017-02,2017-02-04,20170220,20170220,export,1,80286.54,5942.08,kg,KG,Royal Seafood Nederland B.V.,[in full dataset],Katwijk ZH,,,,Y,K-EI-G AD,[in full dataset],Varna,,,,Y,Royal Seafood Nederland B.V.,[in full dataset],,8471.1,8471.1,Rotterdam,Main Container Port,Varna,1,1,10.59,MSC GULSUN,IMO4978448,SG,V784,866,CMDU,SWB,COSU534043254,MAEU898837823,FCIU4412945,40GP,TANK,GP,LCL,CFS/CFS,Yusen Logistics,5172.13
Import (NL buyer),Koppert B.V.,38276300,382763,9,"Mixtures containing halogenated derivatives of methane, ethane or propane; containing other hydrofluorocarbons (HFCs) but not containing chlorofluorocarbons (CFCs) or hydrochlorofluorocarbons (HCFCs); other mixtures not included in the subheadings above,",MARKS2521,Ecuador,Netherlands,Netherlands,5,2023,7,2023-07,2023-07-20,20230709,20230709,import,1,223029.47,53711.02,kg,KG,Agripac S.A.,[in full dataset],Guayaquil,,www.agripac.com.ec,[in full dataset],Y,Koppert B.V.,[in full dataset],Berkel en Rodenrijs,,www.koppert.nl,[in full dataset],Y,Agripac S.A.,[in full dataset],,12071.1,12071.1,Main Container Port,Rotterdam,Berkel en Rodenrijs,1,1,15.09,OOCL HONG KONG,IMO5439545,PA,V426,243,MSCU,MBL,EGLV562979910,COSU858259878,FCIU8524995,20GP,TANK,RF,FCL,CY/CY,Bollore Logistics,49353.6
Import (NL buyer),"Metro, Materieel- en Transportmaatschappij B.V.",87084091,870840,5,Vehicle parts; gear boxes and parts thereof,MARKS2444,Iceland,Netherlands,Netherlands,6,2024,1,2024-01,2024-01-11,20240106,20240106,import,1,188261.91,103940.85,kg,KG,BL ehf.,[in full dataset],Reykjavik,,www.bl.is,[in full dataset],Y,"Metro, Materieel- en Transportmaatschappij B.V.",[in full dataset],Bunnik,,,,Y,BL ehf.,[in full dataset],,14079.3,14079.3,Main Container Port,Rotterdam,Bunnik,1,1,17.6,CSCL GLOBE,IMO5659199,SG,V225,514,ONEY,MBL,MAEU297089386,YMLU414633791,GESU1839421,40HC,FLAT RACK,HC,FCL,CY/CY,DSV,94981.41
Import (NL buyer),Kuwait Petroleum Europe B.V.,27122090,271220,7,"Paraffin wax; containing by weight less than 0.75% of oil, obtained by synthesis or by other processes, whether or not coloured",MARKS8880,Slovenia,Netherlands,Netherlands,5,2016,10,2016-10,2016-10-26,20161015,20161015,import,1,29237.64,33254.6,kg,KG,MI OSKRBA d.o.o.,[in full dataset],Postojna,,mioskrba.eu,[in full dataset],Y,Kuwait Petroleum Europe B.V.,[in full dataset],Rotterdam,,,,N,MI OSKRBA d.o.o.,[in full dataset],,23606.9,23606.9,Main Container Port,Amsterdam,Rotterdam,1,1,29.51,COSCO UNIVERSE,IMO7383129,MH,V282,461,ONEY,MBL,CMDU166138745,CMDU248376388,FCIU6434991,20GP,DRY,GP,FCL,CFS/CFS,CEVA Logistics,29237.64
Import (NL buyer),EuroParcs Parc du Soleil B.V.,87100000,871000,9,"Tanks and other armoured fighting vehicles; motorised, whether or not fitted with weapons, and parts of such vehicles",MARKS4854,Singapore,Netherlands,Netherlands,8,2024,1,2024-01,2024-01-15,20240114,20240114,import,1,904813.33,73896.9,kg,KG,JARDINE CYCLE & CARRIAGE LIMITED,[in full dataset],Singapore,,www.jcclgroup.com,[in full dataset],Y,EuroParcs Parc du Soleil B.V.,[in full dataset],Noordwijk ZH,,www.europarcs.nl,[in full dataset],Y,JARDINE CYCLE & CARRIAGE LIMITED,[in full dataset],,18188.7,18188.7,Singapore (PSA),Rotterdam,Noordwijk ZH,1,1,22.74,ONE APUS,IMO6411698,MH,V758,737,COSU,SWB,YMLU332897252,COSU608718127,BMOU7966664,40HC,OPEN TOP,GP,FCL,CY/CY,Yusen Logistics,65497.07
Export (NL seller),EBN Capital B.V.,27050000,270500,7,"Gases; coal, water, producer and similar gases (excluding petroleum and other gaseous hydrocarbons)",MARKS9962,Netherlands,Belarus,Belarus,9,2016,10,2016-10,2016-10-25,20161005,20161005,export,1,122820.82,3199.95,kg,KG,EBN Capital B.V.,[in full dataset],Utrecht,,www.ebn.nl,[in full dataset],Y,"AM-OIL, OOO",[in full dataset],g. Minsk,,,,Y,EBN Capital B.V.,[in full dataset],,18282.7,18282.7,Amsterdam,Main Container Port,g. Minsk,1,1,22.85,EVER GIVEN,IMO4720374,PA,V204,676,HMMU,MBL,MSCU420736481,HLCU914591542,GESU7348410,40HC,TANK,HC,LCL,CY/CY,CEVA Logistics,3000.13
Import (NL buyer),Veebedrijf De Hoogendam B.V.,03053910,030539,8,"Fish fillets; dried, salted or in brine, but not smoked, n.e.c. in item no. 0305.3",MARKS5580,Israel,Netherlands,Netherlands,5,2017,5,2017-05,2017-05-06,20170517,20170517,import,1,7872.94,8936.83,kg,KG,M.B. KOSHER CHICKENS LTD.,[in full dataset],JERUSALEM,,www.glat.co.il,[in full dataset],Y,Veebedrijf De Hoogendam B.V.,[in full dataset],Nijkerk GLD,,,,Y,M.B. KOSHER CHICKENS LTD.,[in full dataset],,18169.6,18169.6,Haifa,Amsterdam,Nijkerk GLD,1,1,22.71,CMA CGM JULES VERNE,IMO6918933,PA,V478,159,CMDU,HBL,HLCU634419296,COSU101387252,GESU1231378,40HC,FLAT RACK,GP,LCL,CY/CY,Sinotrans,7872.94
Export (NL seller),Pro Media Connect B.V.,90281000,902810,5,"Meters; gas, supply or production meters, including calibrating meters thereof",MARKS5381,Netherlands,India,India,7,2019,12,2019-12,2019-12-13,20191223,20191223,export,1,36224960.42,383.71,kg,KG,Pro Media Connect B.V.,[in full dataset],Elst GLD,,www.promediaconnect.nl,[in full dataset],Y,RAJ FILTERS AND WIRE MESH PRIVATE LIMITED,[in full dataset],Vadodara,,www.rajfilters.com,[in full dataset],Y,Pro Media Connect B.V.,[in full dataset],,2353.8,2353.8,Amsterdam,Kandla,Vadodara,1,1,2.94,HYUNDAI LOYALTY,IMO4203585,PA,V901,548,EGLV,MBL,MAEU557570626,COSU878394114,FCIU9459392,45HC,OPEN TOP,GP,FCL,CFS/CFS,Sinotrans,355.49
Export (NL seller),GS Staalwerken B.V.,73064080,730640,9,"Steel, stainless; tubes, pipes and hollow profiles, welded, of circular cross-section, n.e.c. in chapter 73",MARKS7675,Netherlands,Estonia,Estonia,9,2021,3,2021-03,2021-03-01,20210312,20210312,export,1,1257452.67,511.52,kg,KG,GS Staalwerken B.V.,[in full dataset],Bergeijk,,www.gsstaalwerken.com,[in full dataset],Y,Exclusive Investment OU,[in full dataset],Tallinn,,,,Y,GS Staalwerken B.V.,[in full dataset],,2493,2493,Amsterdam,Main Container Port,Tallinn,1,1,3.12,CSCL GLOBE,IMO8962815,SG,V848,532,APLU,MBL,MAEU547982115,HLCU150629427,MSCU3266201,40GP,FLAT RACK,RF,FCL,CY/CFS,DHL Global Forwarding,452.54
Import (NL buyer),W.Z. Fisheries B.V.,03047411,030474,6,"Fish fillets; frozen, hake (Merluccius spp., Urophycis spp.)",MARKS5457,Vanuatu,Netherlands,Netherlands,8,2017,10,2017-10,2017-10-23,20171024,20171024,import,1,7559.08,8607.18,kg,KG,TEOUMA PRAWNS LTD,[in full dataset],PORT VILA,,,,Y,W.Z. Fisheries B.V.,[in full dataset],'s-Gravenhage,,www.wvanderzwan.nl,[in full dataset],Y,TEOUMA PRAWNS LTD,[in full dataset],,3282.3,3282.3,Main Container Port,Amsterdam,'s-Gravenhage,1,1,4.1,BARZAN,IMO2924956,PA,V966,26,HLCU,MBL,MSCU651976205,MAEU915384773,TGHU4375914,40HC,REEFER,GP,FCL,CY/CY,Yusen Logistics,7559.08
Export (NL seller),Stichting Karate Do Pora,90303100,903031,9,"Multimeters; for measuring or checking voltage, current, resistance or power (other than those for measuring or checking semiconductor wafer or devices), without a recording device",MARKS2738,Netherlands,United Kingdom,United Kingdom,9,2020,2,2020-02,2020-02-14,20200207,20200207,export,1,190805921.3,225.8,kg,KG,Stichting Karate Do Pora,[in full dataset],Geleen,,www.pora.nl,[in full dataset],Y,FRASERS GROUP TRADING LIMITED,[in full dataset],MANSFIELD,,www.sportsdirect.com,[in full dataset],Y,Stichting Karate Do Pora,[in full dataset],,18843.8,18843.8,Amsterdam,Southampton,MANSFIELD,1,1,23.55,APL MEXICO CITY,IMO7049822,SG,V736,711,EGLV,MBL,MAEU528283610,ONEY850396474,GESU8566835,45HC,DRY,GP,FCL,CFS/CFS,Sinotrans,200
Export (NL seller),Horizon Energy B.V.,27081000,270810,6,Pitch; obtained from coal tar or from other mineral tars,MARKS3850,Netherlands,Kazakhstan,Kazakhstan,9,2016,10,2016-10,2016-10-18,20161028,20161028,export,1,241257.7,6007.31,kg,KG,Horizon Energy B.V.,[in full dataset],Dordrecht,,,,Y,"MANGISTAUMUNAIGAZ, AO",[in full dataset],Aktau,,mmg.kz,[in full dataset],N,Horizon Energy B.V.,[in full dataset],,23493.4,23493.4,Amsterdam,Main Container Port,Aktau,1,1,29.37,CMA CGM JULES VERNE,IMO8817826,PA,V579,991,CMDU,HBL,MAEU846971014,EGLV911770132,MSCU7308821,45HC,DRY,HC,LCL,CY/CFS,Yusen Logistics,5656.5
Export (NL seller),Kemkens B.V.,27150000,271500,6,"Bituminous mixtures based on natural asphalt, on natural bitumen, on petroleum bitumen, on mineral tar or on mineral tar pitch (e.g. bituminous mastics, cut-backs)",MARKS8466,Netherlands,India,India,9,2025,10,2025-10,2025-10-12,20251025,20251025,export,1,15491865.93,476.58,kg,KG,Kemkens B.V.,[in full dataset],Oss,,www.kemkens.nl,[in full dataset],Y,GAIL (INDIA) LIMITED,[in full dataset],New Delhi,,www.gailonline.com,[in full dataset],Y,Kemkens B.V.,[in full dataset],,22659.2,22659.2,Amsterdam,"Nhava Sheva (JNPT), Mumbai",New Delhi,1,1,28.32,BARZAN,IMO5954106,SG,V420,15,HMMU,SWB,COSU975335856,COSU211424619,BMOU5104894,40HC,DRY,RF,LCL,CFS/CFS,Nippon Express,435.72
Import (NL buyer),De Hoop Betonmortel B.V.,73239200,732392,9,"Cast iron; table, kitchen and other household articles and parts thereof, of cast iron, enamelled",MARKS9176,Philippines,Netherlands,Netherlands,7,2021,3,2021-03,2021-03-20,20210315,20210315,import,1,301502.63,14402.71,kg,KG,HUADING INDUSTRIES CORPORATION,[in full dataset],Tanza,,,,Y,De Hoop Betonmortel B.V.,[in full dataset],Terneuzen,,www.dehoop-betonmortel.nl,[in full dataset],Y,HUADING INDUSTRIES CORPORATION,[in full dataset],,12864.6,12864.6,Manila North/South Harbor,Amsterdam,Terneuzen,1,1,16.08,MOL TRIUMPH,IMO1395959,SG,V754,436,MAEU,MBL,EGLV846705564,EGLV380335918,CAIU9844028,20GP,OPEN TOP,HC,FCL,CFS/CFS,Sinotrans,13694.41
Export (NL seller),Royal Bike,90065310,900653,8,"Cameras, photographic (excluding cinematographic), for roll film of a width of 35mm",MARKS3670,Netherlands,Turkiye,Turkiye,9,2020,2,2020-02,2020-02-16,20200221,20200221,export,1,37577920.08,428.68,kg,KG,Royal Bike,[in full dataset],Dordrecht,,,,Y,MLP SAGLIK HIZMETLERI ANONIM SIRKETI,[in full dataset],Istanbul (Europe),,www.mlpcare.com,[in full dataset],Y,Royal Bike,[in full dataset],,16091.6,16091.6,Amsterdam,Main Container Port,Istanbul (Europe),1,1,20.11,HMM ALGECIRAS,IMO3155490,PA,V332,55,CMDU,MBL,HLCU387773274,MSCU266875141,TGHU1409718,40GP,REEFER,RF,FCL,CFS/CFS,Sinotrans,395.96
Export (NL seller),Eni Energy Arguni I B.V.,27149000,271490,5,"Bitumen and asphalt, natural; asphaltites and asphaltic rock",MARKS1413,Netherlands,Croatia,Croatia,7,2016,10,2016-10,2016-10-16,20161024,20161024,export,1,539912.35,17251.12,kg,KG,Eni Energy Arguni I B.V.,[in full dataset],'s-Gravenhage,,www.engie-ep.nl,[in full dataset],Y,STSI d.o.o.,[in full dataset],Zagreb,,www.stsi.hr,[in full dataset],Y,Eni Energy Arguni I B.V.,[in full dataset],,16819.2,16819.2,Amsterdam,Main Container Port,Zagreb,1,1,21.02,MSC GULSUN,IMO1024713,LR,V944,462,MAEU,HBL,MAEU369919628,MAEU557307263,BMOU7262436,45HC,OPEN TOP,RF,FCL,CY/CFS,DSV,15267.41
Import (NL buyer),J. Siemes en Zonen B.V.,73221900,732219,6,"Radiators and parts thereof; for central heating, (not electrically heated), of iron or steel other than cast iron",MARKS7737,Argentina,Netherlands,Netherlands,6,2021,3,2021-03,2021-03-10,20210307,20210307,import,1,153406.6,4573.62,kg,KG,PETROLERA EL TREBOL S.A.,[in full dataset],Ciudad de Buenos Aires,,www.phoenixglobalresources.com,[in full dataset],Y,J. Siemes en Zonen B.V.,[in full dataset],Wessem,,,,Y,PETROLERA EL TREBOL S.A.,[in full dataset],,19282,19282,Buenos Aires,Rotterdam,Wessem,1,1,24.1,MSC OSCAR,IMO6347099,SG,V980,124,ONEY,MBL,YMLU425734493,YMLU572778904,GESU3875925,45HC,OPEN TOP,GP,LCL,CFS/CFS,Kuehne + Nagel,4303.63
Export (NL seller),V.O.F. Apotheek Terwinselen,30039000,300390,5,"Medicaments; (not containing antibiotics, hormones, alkaloids or their derivatives), for therapeutic or prophylactic uses, (not packaged for retail sale)",MARKS8812,Netherlands,Iran,Iran,6,2015,6,2015-06,2015-06-06,20150623,20150623,export,1,10406010.48,5480.14,kg,KG,V.O.F. Apotheek Terwinselen,[in full dataset],Kerkrade,,,,N,ESFAHAN OIL REFINING,[in full dataset],Isfahan,,www.esfahan-refinery.ir,[in full dataset],Y,V.O.F. Apotheek Terwinselen,[in full dataset],,11355.2,11355.2,Rotterdam,Bushehr,Isfahan,1,1,14.19,EVER GIVEN,IMO8232473,MH,V879,161,COSU,MBL,MSCU400670653,HLCU660867160,MSCU1905316,45HC,DRY,HC,FCL,CY/CY,DB Schenker,4974.87
Export (NL seller),Unica ICT Solutions B.V.,84821090,848210,8,Ball bearings,MARKS3496,Netherlands,Fiji,Fiji,9,2018,12,2018-12,2018-12-08,20181214,20181214,export,1,74440.21,7005.69,kg,KG,Unica ICT Solutions B.V.,[in full dataset],Hoevelaken,,www.unica.nl,[in full dataset],Y,SOUTH PACIFIC DISTILLERIES LIMITED,[in full dataset],LAUTOKA,,,,Y,Unica ICT Solutions B.V.,[in full dataset],,10608.7,10608.7,Amsterdam,Main Container Port,LAUTOKA,1,1,13.26,EVER ACME,IMO6878726,PA,V979,884,COSU,HBL,MAEU409853716,YMLU338182321,TCLU5320562,40GP,TANK,GP,FCL,CY/CFS,Yusen Logistics,6644.26
Export (NL seller),Vesta Chemicals B.V.,38123100,381231,5,"Anti-oxidising preparations and other compound stabilisers; for rubber or plastics, mixtures of oligomers of 2,2,4-trimethyl-1,2-dihydroquinoline (TMQ)",MARKS7004,Netherlands,Canada,Canada,8,2023,7,2023-07,2023-07-19,20230718,20230718,export,1,1294397.64,219.53,kg,KG,Vesta Chemicals B.V.,[in full dataset],Zwolle,,www.vestachem.com,[in full dataset],Y,Greenfield Global Inc.,[in full dataset],Mississauga,,www.greenfield.com,[in full dataset],Y,Vesta Chemicals B.V.,[in full dataset],,21960.2,21960.2,Amsterdam,"Halifax, NS",Mississauga,1,1,27.45,ONE APUS,IMO9020786,SG,V979,944,MSCU,SWB,ONEY658449025,CMDU731801583,CAIU8359947,40HC,OPEN TOP,GP,FCL,CFS/CFS,Kuehne + Nagel,200
Import (NL buyer),Eni Energy E&P Holding Netherlands B.V.,27111900,271119,5,"Petroleum gases and other gaseous hydrocarbons; liquefied, n.e.c. in heading no. 2711",MARKS8521,Hungary,Netherlands,Netherlands,9,2016,10,2016-10,2016-10-17,20161017,20161017,import,1,582225.72,11426.47,kg,KG,Premier Energy Wind 158 Kft.,[in full dataset],Budapest,,,,Y,Eni Energy E&P Holding Netherlands B.V.,[in full dataset],'s-Gravenhage,,www.neptuneenergy.com,[in full dataset],Y,Premier Energy Wind 158 Kft.,[in full dataset],,12607.5,12607.5,Budapest (inland),Amsterdam,'s-Gravenhage,1,1,15.76,CMA CGM JULES VERNE,IMO8273501,MH,V273,612,COSU,SWB,HLCU946049575,MSCU538203869,GESU9668369,40GP,DRY,GP,FCL,CFS/CFS,Yusen Logistics,10217.89
Export (NL seller),Ames Auto Casa B.V.,87044310,870443,6,"Vehicles; with both compression-ignition internal combustion piston engine (diesel/semi-diesel) and electric motors for propulsion, of a g.v.w. exceeding 20,000kg",MARKS6507,Netherlands,Argentina,Argentina,9,2024,1,2024-01,2024-01-26,20240106,20240106,export,1,1646888.23,27440.3,kg,KG,Ames Auto Casa B.V.,[in full dataset],Dordrecht,,www.ames.nl,[in full dataset],Y,EMPRESA DEL OESTE SOCIEDAD ANONIMA DE TRANSPORTES,[in full dataset],Castelar,,,,Y,Ames Auto Casa B.V.,[in full dataset],,8679.1,8679.1,Amsterdam,Buenos Aires,Castelar,1,1,10.85,MOL TRIUMPH,IMO7345118,LR,V100,711,COSU,SWB,MSCU258193905,YMLU294968650,TCLU1122563,20GP,REEFER,GP,FCL,CFS/CFS,Expeditors,24948.04
Import (NL buyer),Stichting International Dispensary Association,30024900,300249,8,"Toxins, cultures of micro-organisms (excluding yeasts) and similar products; n.e.c. in item 3002.3",MARKS3561,Indonesia,Netherlands,Netherlands,5,2015,6,2015-06,2015-06-15,20150618,20150618,export,1,1187407,14304.44,kg,KG,PT KALBE FARMA TBK,[in full dataset],Kota Administrasi Jakarta Pusat,,www.kalbe.co.id,[in full dataset],Y,Stichting International Dispensary Association,[in full dataset],Amsterdam,,www.idafoundation.org,[in full dataset],Y,PT KALBE FARMA TBK,[in full dataset],,15042.2,15042.2,"Tanjung Perak, Surabaya",Rotterdam,Amsterdam,1,1,18.8,HMM ALGECIRAS,IMO8890054,LR,V803,658,COSU,HBL,MAEU163194579,HLCU250068128,BMOU7385460,45HC,TANK,GP,FCL,CFS/CFS,CEVA Logistics,12829.4
Export (NL seller),GKN Fokker Aerospace B.V.,84813099,848130,6,"Valves; check (nonreturn) valves, for pipes, boiler shells, tanks, vats or the like",MARKS4399,Netherlands,Sierra Leone,Sierra Leone,9,2018,12,2018-12,2018-12-24,20181213,20181213,export,1,187822.39,75676.54,kg,KG,GKN Fokker Aerospace B.V.,[in full dataset],Papendrecht,,www.gknaerospace.com,[in full dataset],N,Centrum International Group Ltd,[in full dataset],Freetown,,www.centruminternationalgroup.com,[in full dataset],Y,GKN Fokker Aerospace B.V.,[in full dataset],,5733.2,5733.2,Amsterdam,Main Container Port,Freetown,1,1,7.17,CSCL GLOBE,IMO2643295,MH,V598,338,APLU,HBL,HLCU274687088,MAEU907176661,GESU5334883,40GP,DRY,RF,FCL,CY/CY,DSV,70464.91
Import (NL buyer),BP Egypt West Mediterranean (Block B) B.V.,27111100,271111,5,"Petroleum gases and other gaseous hydrocarbons; liquefied, natural gas",MARKS1778,Portugal,Netherlands,Netherlands,9,2025,10,2025-10,2025-10-14,20251017,20251017,import,1,11205355.2,64240.53,kg,KG,"KNA ENERGY INVESTMENTS, UNIPESSOAL, LDA",[in full dataset],CARREGAL DO SAL,,www.knaenergy.com,[in full dataset],Y,BP Egypt West Mediterranean (Block B) B.V.,[in full dataset],Europoort Rotterdam,,,,Y,"KNA ENERGY INVESTMENTS, UNIPESSOAL, LDA",[in full dataset],,11810.2,11810.2,Main Container Port,Amsterdam,Europoort Rotterdam,1,1,14.76,MAERSK MOLLER,IMO3709829,PA,V344,685,ZIMU,HBL,MSCU308215507,MSCU475642843,MSCU3750955,20GP,OPEN TOP,RF,LCL,CY/CY,DSV,56370.75
Export (NL seller),Emil Frey Motors B.V.,87149290,871492,7,"Cycles; parts thereof, wheel rims and spokes",MARKS1076,Netherlands,Saudi Arabia,Saudi Arabia,5,2024,1,2024-01,2024-01-26,20240114,20240114,import,1,769337.05,69787.16,kg,KG,Emil Frey Motors B.V.,[in full dataset],Veenendaal,,www.pganederland.nl,[in full dataset],Y,ARRIYADH DEVELOPMENT COMPANY,[in full dataset],Riyadh,,www.riyadh.dev,[in full dataset],Y,Emil Frey Motors B.V.,[in full dataset],,24040.7,24040.7,Rotterdam,Jeddah,Riyadh,1,1,30.05,MSC OSCAR,IMO8921259,LR,V789,835,APLU,SWB,EGLV973521740,COSU593821614,FCIU9217519,45HC,FLAT RACK,HC,LCL,CY/CY,DB Schenker,64493.3
Import (NL buyer),Alpha Assembly Solutions Netherlands B.V.,76090000,760900,8,"Aluminium; tube or pipe fittings (e.g. couplings, elbows, sleeves)",MARKS5236,Afghanistan,Netherlands,Netherlands,5,2022,11,2022-11,2022-11-20,20221102,20221102,import,1,3139.95,3499.28,kg,KG,TECHNOWARE INTERNATIONAL LTD,[in full dataset],Kabul,,,,Y,Alpha Assembly Solutions Netherlands B.V.,[in full dataset],Naarden,,www.elementsolutionsinc.com,[in full dataset],Y,TECHNOWARE INTERNATIONAL LTD,[in full dataset],,2644.5,2644.5,Main Container Port,Amsterdam,Naarden,1,1,3.31,MSC GULSUN,IMO7039956,PA,V831,384,YMLU,MBL,CMDU184715198,YMLU757391695,CAIU5204216,20GP,REEFER,HC,FCL,CFS/CFS,DSV,3139.95
Export (NL seller),Argent Energy Netherlands Office B.V.,27072000,270720,9,Oils and products of the distillation of high temperature coal tar; toluol (toluene),MARKS8737,Netherlands,Peru,Peru,7,2016,10,2016-10,2016-10-03,20161026,20161026,export,1,21186.46,22852.1,kg,KG,Argent Energy Netherlands Office B.V.,[in full dataset],Amsterdam,,,,Y,Refineria La Pampilla S.A.A.,[in full dataset],Lima,,www.repsol.com,[in full dataset],Y,Argent Energy Netherlands Office B.V.,[in full dataset],,1702.7,1702.7,Amsterdam,Callao,Lima,1,1,2.13,CSCL GLOBE,IMO2302685,MH,V727,431,HMMU,SWB,EGLV936028559,YMLU271272776,MSCU9873448,45HC,TANK,RF,FCL,CY/CY,Sinotrans,21186.46
Export (NL seller),Apotheek De Gaard B.V.,30069100,300691,5,Pharmaceutical goods; appliances identifiable for ostomy use,MARKS8376,Netherlands,Somalia,Somalia,7,2015,6,2015-06,2015-06-25,20150625,20150625,export,1,348512.37,3097.19,kg,KG,Apotheek De Gaard B.V.,[in full dataset],Utrecht,,www.apotheekdegaard.nl,[in full dataset],Y,NUCMAAN GENERAL TRADING AND PHARMACEUTICAL,[in full dataset],Mogadishu,,www.nucmaangroup.com,[in full dataset],Y,Apotheek De Gaard B.V.,[in full dataset],,7564.9,7564.9,Amsterdam,Main Container Port,Mogadishu,1,1,9.46,EVER ACME,IMO5135362,LR,V471,944,COSU,HBL,YMLU460908855,YMLU519608165,TGHU5399638,40GP,TANK,HC,LCL,CFS/CFS,Yusen Logistics,2695.12
Import (NL buyer),Den Hartog B.V.,27011210,270112,7,"Coal; bituminous, whether or not pulverised, but not agglomerated",MARKS5124,Hungary,Netherlands,Netherlands,6,2016,10,2016-10,2016-10-12,20161017,20161017,export,1,840907,5846.8,kg,KG,Premier Energy Wind 158 Kft.,[in full dataset],Budapest,,,,Y,Den Hartog B.V.,[in full dataset],Groot Ammers,,www.denhartogbv.com,[in full dataset],Y,Premier Energy Wind 158 Kft.,[in full dataset],,6459,6459,Koper (via SI),Rotterdam,Groot Ammers,1,1,8.07,COSCO UNIVERSE,IMO7936955,MH,V244,281,OOLU,SWB,ONEY857889578,ONEY604289727,TCLU3730788,40GP,REEFER,GP,FCL,CY/CFS,CEVA Logistics,5328.6
Import (NL buyer),Galaxy Energy B.V.,27011900,270119,6,"Coal; (other than anthracite and bituminous), whether or not pulverised but not agglomerated",MARKS6667,Hungary,Netherlands,Netherlands,5,2016,10,2016-10,2016-10-07,20161019,20161019,import,1,582225.72,109613.41,kg,KG,Premier Energy Wind 158 Kft.,[in full dataset],Budapest,,,,Y,Galaxy Energy B.V.,[in full dataset],Hoofddorp,,,,N,Premier Energy Wind 158 Kft.,[in full dataset],,4580.8,4580.8,Koper (via SI),Rotterdam,Hoofddorp,1,1,5.73,APL MEXICO CITY,IMO6520022,MH,V171,855,EGLV,HBL,CMDU540223399,MSCU359611675,TCLU7252998,40HC,DRY,GP,LCL,CY/CY,DHL Global Forwarding,96528.93
Export (NL seller),WS Dienstverlening B.V.,87043291,870432,8,"Vehicles; with only spark-ignition internal combustion piston engine, for transport of goods, (of a g.v.w. exceeding 5 tonnes), n.e.c. in item no 8704.1",MARKS6407,Netherlands,Saudi Arabia,Saudi Arabia,8,2024,1,2024-01,2024-01-14,20240103,20240103,import,1,769337.05,10237.11,kg,KG,WS Dienstverlening B.V.,[in full dataset],Veenendaal,,www.workstead.nl,[in full dataset],Y,ARRIYADH DEVELOPMENT COMPANY,[in full dataset],Riyadh,,www.riyadh.dev,[in full dataset],Y,WS Dienstverlening B.V.,[in full dataset],,24767.2,24767.2,Rotterdam,King Abdullah Port,Riyadh,1,1,30.96,BARZAN,IMO8741332,SG,V228,944,ONEY,HBL,ONEY443050071,YMLU469164957,CAIU3097118,45HC,FLAT RACK,RF,FCL,CY/CY,CEVA Logistics,9541.66
Import (NL buyer),JM SportsCompany V.O.F.,90200010,902000,6,Breathing appliances and gas masks; excluding protective masks having neither mechanical parts nor replaceable filters and excluding apparatus of item no. 9019.20,MARKS5967,Germany,Netherlands,Netherlands,7,2020,2,2020-02,2020-02-25,20200211,20200211,export,1,384006144.4,24319.15,kg,KG,zooplus SE,[in full dataset],München,,www.zooplus.de,[in full dataset],Y,JM SportsCompany V.O.F.,[in full dataset],Enschede,,,,Y,zooplus SE,[in full dataset],,2772.6,2772.6,Bremerhaven,Amsterdam,Enschede,1,1,3.47,MSC OSCAR,IMO9611611,PA,V562,439,OOLU,HBL,MAEU400586735,HLCU810390760,CAIU7876983,20GP,TANK,HC,FCL,CY/CY,DB Schenker,22271.9
Import (NL buyer),Eni Energy Ashrafi B.V.,27011900,270119,9,"Coal; (other than anthracite and bituminous), whether or not pulverised but not agglomerated",MARKS5190,Argentina,Netherlands,Netherlands,8,2025,10,2025-10,2025-10-13,20251004,20251004,import,1,1147052.79,2267.88,kg,KG,VISTA ENERGY ARGENTINA S.A.U.,[in full dataset],Vicente López,,www.vistaoilandgas.com,[in full dataset],Y,Eni Energy Ashrafi B.V.,[in full dataset],'s-Gravenhage,,www.neptuneenergy.com,[in full dataset],Y,VISTA ENERGY ARGENTINA S.A.U.,[in full dataset],,21288.3,21288.3,Rosario,Rotterdam,'s-Gravenhage,1,1,26.61,OOCL HONG KONG,IMO7050917,LR,V497,332,CMDU,MBL,EGLV228672051,MSCU252711323,MSCU8329533,40HC,REEFER,RF,FCL,CY/CFS,Expeditors,2064.5
Import (NL buyer),433 B.V.,90013000,900130,5,"Lenses, contact; unmounted, of any material, excluding elements of glass not optically worked",MARKS9167,Canada,Netherlands,Netherlands,5,2019,12,2019-12,2019-12-17,20191206,20191206,import,1,24390798.74,31627.29,kg,KG,Cardinal Health Canada Inc,[in full dataset],Vaughan,,www.cardinalhealth.ca,[in full dataset],Y,433 B.V.,[in full dataset],Amsterdam,,www.433.nl,[in full dataset],N,Cardinal Health Canada Inc,[in full dataset],,17968.7,17968.7,"Halifax, NS",Rotterdam,Amsterdam,1,1,22.46,APL MEXICO CITY,IMO8756308,SG,V350,986,MAEU,SWB,YMLU181775925,HLCU126599568,TGHU5285970,40GP,TANK,GP,FCL,CY/CY,DHL Global Forwarding,28061.29
Import (NL buyer),Argent Energy Netherlands Real Estate B.V.,27160000,271600,5,Electrical energy,MARKS6791,Croatia,Netherlands,Netherlands,7,2016,10,2016-10,2016-10-08,20161010,20161010,import,1,1927.35,2136.15,kg,KG,PETROL d.o.o.,[in full dataset],Zagreb,,www.petrol.hr,[in full dataset],Y,Argent Energy Netherlands Real Estate B.V.,[in full dataset],Amsterdam,,,,Y,PETROL d.o.o.,[in full dataset],,16609.7,16609.7,Main Container Port,Amsterdam,Amsterdam,1,1,20.76,CMA CGM JULES VERNE,IMO6305737,MH,V255,557,COSU,HBL,HLCU187751077,MAEU659151872,MSCU9998014,40GP,REEFER,HC,LCL,CY/CY,Bollore Logistics,1927.34
Export (NL seller),BK-Gas B.V.,27074000,270740,5,Oils and products of the distillation of high temperature coal tar; naphthalene,MARKS1973,Netherlands,Benin,Benin,6,2025,10,2025-10,2025-10-02,20251019,20251019,export,1,204729.38,394.47,kg,KG,BK-Gas B.V.,[in full dataset],Waardenburg,,www.bkgas.com,[in full dataset],Y,BENIN PETRO SA,[in full dataset],Cotonou,,www.beninpetro.com/,[in full dataset],Y,BK-Gas B.V.,[in full dataset],,3302.2,3302.2,Amsterdam,Main Container Port,Cotonou,1,1,4.13,EVER ACME,IMO6349453,SG,V525,248,CMDU,SWB,MAEU321685280,EGLV263354406,BMOU3722745,40HC,DRY,GP,FCL,CY/CFS,DSV,354.32
Import (NL buyer),AlpInvest Partners Primary Fund Investments 2007 B.V.,87051000,870510,6,Vehicles; crane lorries,MARKS3742,Saudi Arabia,Netherlands,Netherlands,7,2024,1,2024-01,2024-01-16,20240128,20240128,export,1,5009.6,5603.5,kg,KG,ARRIYADH DEVELOPMENT COMPANY,[in full dataset],Riyadh,,www.riyadh.dev,[in full dataset],Y,AlpInvest Partners Primary Fund Investments 2007 B.V.,[in full dataset],Amsterdam,,www.carlylealpinvest.com,[in full dataset],Y,ARRIYADH DEVELOPMENT COMPANY,[in full dataset],,1294.4,1294.4,Jeddah,Amsterdam,Amsterdam,1,1,1.62,MAERSK MOLLER,IMO2202512,LR,V663,701,EGLV,MBL,HLCU376850813,MAEU757295173,BMOU2881216,40HC,DRY,RF,FCL,CFS/CFS,CEVA Logistics,5009.6
Export (NL seller),Goldbohm Export B.V.,03027300,030273,8,"Fish; fresh or chilled, Carp (as specified by the WCO.), excluding fillets, fish meat of 0304, and edible fish offal of subheadings 0302.91 to 0302.99",MARKS1299,Netherlands,Serbia,Serbia,9,2017,3,2017-03,2017-03-23,20170323,20170323,export,1,8517.01,9175.84,kg,KG,Goldbohm Export B.V.,[in full dataset],Utrecht,,www.goldbohm.nl,[in full dataset],Y,STEVANOVIC RDM GROUP DOO BAVANISTE,[in full dataset],Bavaniste,,,,Y,Goldbohm Export B.V.,[in full dataset],,21459.6,21459.6,Rotterdam,Main Container Port,Bavaniste,1,1,26.82,MAERSK MOLLER,IMO5750216,PA,V622,409,CMDU,SWB,COSU977312611,ONEY169924896,TCLU4872025,40HC,TANK,HC,LCL,CY/CY,Expeditors,8517.01
Import (NL buyer),ILG Food Group B.V.,27079991,270799,6,Oils and other products of the distillation of high temperature coal tar; n.e.c. in heading no. 2707,MARKS1095,Hungary,Netherlands,Netherlands,9,2016,10,2016-10,2016-10-25,20161014,20161014,import,1,582225.72,6961.27,kg,KG,Premier Energy Wind 158 Kft.,[in full dataset],Budapest,,,,Y,ILG Food Group B.V.,[in full dataset],Enschede,,www.ilgfood.nl,[in full dataset],Y,Premier Energy Wind 158 Kft.,[in full dataset],,16226.3,16226.3,Koper (via SI),Rotterdam,Enschede,1,1,20.28,EVER GIVEN,IMO7645188,MH,V913,877,CMDU,MBL,COSU734572991,HLCU423493940,TCLU4702655,40HC,REEFER,GP,LCL,CY/CFS,Expeditors,6105.94
Import (NL buyer),Heyboer Leasing & Trading B.V.,03078800,030788,5,"Molluscs; stromboid conchs (Strombus spp.), whether in shell or not, dried, salted, in brine, or smoked, cooked or not before or during the smoking process",MARKS9378,Seychelles,Netherlands,Netherlands,6,2017,10,2017-10,2017-10-25,20171009,20171009,import,1,1290.8,1419.74,kg,KG,ISABELLA FISHING LTD,[in full dataset],Victoria,,,,Y,Heyboer Leasing & Trading B.V.,[in full dataset],Biddinghuizen,,,,Y,ISABELLA FISHING LTD,[in full dataset],,1534.7,1534.7,Main Container Port,Rotterdam,Biddinghuizen,1,1,1.92,BARZAN,IMO1981608,LR,V600,182,COSU,SWB,CMDU108000004,HLCU330939731,TGHU4152130,40HC,OPEN TOP,HC,FCL,CY/CY,Bollore Logistics,1290.8
Export (NL seller),Van Ee & van Hout VOF,90251900,902519,6,"Thermometers and pyrometers; (other than liquid filled, for direct reading), not combined with other instruments",MARKS5585,Netherlands,United Kingdom,United Kingdom,9,2022,6,2022-06,2022-06-04,20220611,20220611,export,1,335837509.98,460.66,kg,KG,Van Ee & van Hout VOF,[in full dataset],Odijk,,,,Y,SCOTTISH WIDOWS LIMITED,[in full dataset],EDINBURGH,,,,Y,Van Ee & van Hout VOF,[in full dataset],,7601.8,7601.8,Rotterdam,London Gateway,EDINBURGH,1,1,9.5,EVER ACME,IMO4783041,LR,V611,545,OOLU,HBL,YMLU827625191,MAEU871620346,MSCU3707531,45HC,TANK,HC,LCL,CY/CFS,Sinotrans,414.25
Export (NL seller),New Horizon Energy Netherlands B.V.,27111900,271119,7,"Petroleum gases and other gaseous hydrocarbons; liquefied, n.e.c. in heading no. 2711",MARKS9832,Netherlands,Turkiye,Turkiye,7,2025,10,2025-10,2025-10-23,20251002,20251002,export,1,27848229.43,225.61,kg,KG,New Horizon Energy Netherlands B.V.,[in full dataset],Capelle aan den IJssel,,,,Y,OZDIL ENERJI TAAHHUT TICARET VE SANAYI ANONIM SIRKETI,[in full dataset],Ankara,,www.ozdilgroup.com,[in full dataset],Y,New Horizon Energy Netherlands B.V.,[in full dataset],,2348.7,2348.7,Rotterdam,Main Container Port,Ankara,1,1,2.94,OOCL HONG KONG,IMO3142986,LR,V682,194,MAEU,HBL,CMDU899343402,YMLU235446733,MSCU4863926,40HC,TANK,HC,FCL,CY/CY,DB Schenker,200
Import (NL buyer),Baker Hughes Energy Europe B.V.,27112900,271129,9,"Petroleum gases and other gaseous hydrocarbons; in gaseous state, other than natural gas",MARKS2052,Slovakia,Netherlands,Netherlands,7,2016,10,2016-10,2016-10-17,20161017,20161017,import,1,118715.84,96819.13,kg,KG,Citadel Capital s.r.o.,[in full dataset],Bratislava,,,,N,Baker Hughes Energy Europe B.V.,[in full dataset],Den Helder,,,,Y,Citadel Capital s.r.o.,[in full dataset],,21313.1,21313.1,Main Container Port,Amsterdam,Den Helder,1,1,26.64,APL MEXICO CITY,IMO2573678,MH,V599,810,ZIMU,HBL,YMLU676820315,HLCU481055748,GESU1665407,20GP,REEFER,HC,FCL,CFS/CFS,DB Schenker,84771.2
Import (NL buyer),BAM Modulaire- en Energieconcepten B.V.,84532000,845320,5,"Machinery; for making or repairing footwear, other than sewing machines",MARKS2273,Egypt,Netherlands,Netherlands,7,2018,12,2018-12,2018-12-25,20181202,20181202,import,1,96497.12,6377.35,kg,KG,MISR REFRIGERATION AND AIR CONDITIONING COMPANY S.A.E,[in full dataset],Giza,,www.miraco.com.eg,[in full dataset],Y,BAM Modulaire- en Energieconcepten B.V.,[in full dataset],Houten,,www.bambouwentechniek.nl,[in full dataset],Y,MISR REFRIGERATION AND AIR CONDITIONING COMPANY S.A.E,[in full dataset],,10661.2,10661.2,Alexandria,Amsterdam,Houten,1,1,13.33,YM WARRANTY,IMO5428459,LR,V879,695,CMDU,MBL,ONEY559526753,HLCU679486099,CAIU1308139,20GP,OPEN TOP,HC,FCL,CY/CY,Bollore Logistics,5980.82
Export (NL seller),Van Hoften Installatietechniek B.V.,84061000,840610,5,"Turbines; steam and other vapour turbines, for marine propulsion",MARKS6114,Netherlands,Greenland,Greenland,8,2018,12,2018-12,2018-12-21,20181214,20181214,export,1,35826.11,40534.92,kg,KG,Van Hoften Installatietechniek B.V.,[in full dataset],Hardinxveld Giessendam,,www.vanhoftenbv.nl,[in full dataset],Y,Kimik IT A/S,[in full dataset],Nuussuaq,,www.kimik.it,[in full dataset],Y,Van Hoften Installatietechniek B.V.,[in full dataset],,18454.1,18454.1,Rotterdam,Main Container Port,Nuussuaq,1,1,23.07,APL MEXICO CITY,IMO4570225,PA,V249,93,OOLU,SWB,COSU299853366,COSU954288994,BMOU6232177,45HC,REEFER,HC,FCL,CY/CY,Sinotrans,35826.11
Import (NL buyer),Merck Sharp & Dohme International Services B.V.,30061090,300610,7,"Pharmaceutical goods; sterile surgical catgut, suture materials, tissue adhesives, laminaria, laminaria tents, absorbable surgical or dental haemostatics, and surgical or dental adhesion barriers",MARKS3064,Costa Rica,Netherlands,Netherlands,7,2015,6,2015-06,2015-06-18,20150602,20150602,import,1,1074.2,1188.31,kg,KG,Calox de Costa Rica S.A.,[in full dataset],San Jose,,www.caloxca.com,[in full dataset],Y,Merck Sharp & Dohme International Services B.V.,[in full dataset],Haarlem,,,,Y,Calox de Costa Rica S.A.,[in full dataset],,1217.4,1217.4,Main Container Port,Rotterdam,Haarlem,1,1,1.52,MAERSK MOLLER,IMO3634804,LR,V890,538,HLCU,MBL,COSU592347232,YMLU714363328,MSCU7178094,40HC,REEFER,GP,LCL,CY/CY,DSV,1074.2
Export (NL seller),koko sunglasses B.V.,90302000,903020,7,Oscilloscopes and oscillographs,MARKS3798,Netherlands,Iran,Iran,9,2019,12,2019-12,2019-12-19,20191213,20191213,export,1,21837155.75,771.5,kg,KG,koko sunglasses B.V.,[in full dataset],Amsterdam,,,,N,SEPEHR ELECTRIC HOME APPLIANCES MANUFACTURING COMPANY PJS,[in full dataset],Tehran,,www.sepehrelectric.com,[in full dataset],N,koko sunglasses B.V.,[in full dataset],,19982.9,19982.9,Rotterdam,Bandar Abbas,Tehran,1,1,24.98,EVER GIVEN,IMO2530324,MH,V281,584,MAEU,SWB,EGLV350667556,MSCU564958158,GESU1690175,40HC,DRY,RF,FCL,CY/CY,DB Schenker,706.22
Import (NL buyer),AbbVie Pharmaceuticals B.V.,30024900,300249,5,"Toxins, cultures of micro-organisms (excluding yeasts) and similar products; n.e.c. in item 3002.3",MARKS5436,Turkiye,Netherlands,Netherlands,9,2015,6,2015-06,2015-06-22,20150606,20150606,import,1,198702.21,89988.19,kg,KG,FARMA-TEK ILAC SANAYI VE TICARET ANONIM SIRKETI,[in full dataset],Istanbul (Anatolia),,www.farma-tek.com,[in full dataset],Y,AbbVie Pharmaceuticals B.V.,[in full dataset],Zwolle,,www.abbvie.nl,[in full dataset],Y,FARMA-TEK ILAC SANAYI VE TICARET ANONIM SIRKETI,[in full dataset],,15239.6,15239.6,Main Container Port,Rotterdam,Zwolle,1,1,19.05,MAERSK MOLLER,IMO1849933,SG,V525,370,OOLU,MBL,COSU165177873,COSU992281982,GESU5908666,40GP,OPEN TOP,RF,FCL,CY/CFS,CEVA Logistics,78573.67
Export (NL seller),Canadian Enterprises B.V.,30034300,300343,6,"Medicaments; containing alkaloids or their derivatives, containing norephedrine or its salts, for therapeutic or prophylactic uses, (not packaged for retail sale)",MARKS5581,Netherlands,Hong Kong,Hong Kong,5,2015,6,2015-06,2015-06-10,20150601,20150601,import,1,4000169.72,4170.33,kg,KG,Canadian Enterprises B.V.,[in full dataset],Garderen,,www.easysleepplaza.com,[in full dataset],Y,SINOPHARM GROUP CO. LTD.,[in full dataset],Wan Chai,,www.sinopharmgroup.com.cn,[in full dataset],Y,Canadian Enterprises B.V.,[in full dataset],,23466.1,23466.1,Rotterdam,Hong Kong (Kwai Tsing),Wan Chai,1,1,29.33,MSC OSCAR,IMO3527488,PA,V185,569,CMDU,MBL,MAEU116580401,EGLV506072183,CAIU8218534,20GP,TANK,GP,FCL,CY/CFS,Bollore Logistics,3800.35
Import (NL buyer),PMj Foods Holland B.V.,03036613,030366,6,"Fish; frozen, hake (Merluccius spp., Urophycis spp.), excluding fillets, fish meat of 0304, and edible fish offal of subheadings 0303.91 to 0303.99",MARKS2783,Malta,Netherlands,Netherlands,8,2017,6,2017-06,2017-06-09,20170601,20170601,import,1,2989.16,3425.9,kg,KG,AJD TUNA LTD,[in full dataset],ST. PAUL'S BAY,,www.ajdtunaltd.com,[in full dataset],Y,PMj Foods Holland B.V.,[in full dataset],Bunschoten Spakenburg,,www.vtm-quality.nl,[in full dataset],Y,AJD TUNA LTD,[in full dataset],,14011.8,14011.8,Main Container Port,Rotterdam,Bunschoten Spakenburg,1,1,17.51,MADRID MAERSK,IMO1927347,PA,V575,373,EGLV,MBL,MAEU936653335,MSCU479603327,TGHU5112045,40HC,REEFER,GP,FCL,CFS/CFS,Yusen Logistics,2989.16
Export (NL seller),Feed Farm B.V.,30059099,300590,6,"Wadding, gauze, bandages and similar articles; (excluding adhesive dressings), impregnated or coated with pharmaceutical substances, packaged for retail sale",MARKS4259,Netherlands,Chile,Chile,8,2015,6,2015-06,2015-06-21,20150611,20150611,export,1,3653430.87,629.56,kg,KG,Feed Farm B.V.,[in full dataset],Zaltbommel,,www.feedfarm.nl,[in full dataset],Y,Medical International Laboratories Corporation S.A.,[in full dataset],SANTIAGO,,,,Y,Feed Farm B.V.,[in full dataset],,15001.8,15001.8,Rotterdam,Valparaiso,SANTIAGO,1,1,18.75,BARZAN,IMO9734554,PA,V323,945,OOLU,HBL,MSCU601445034,ONEY161100827,MSCU9493103,40HC,REEFER,RF,LCL,CFS/CFS,DSV,584.55
Export (NL seller),Visserij Mij. W. van der Zwan & Zonen B.V.,03056200,030562,7,"Fish; salted or in brine, not dried or smoked, other than edible fish offal, cod (Gadus morhua, Gadus ogac, Gadus macrocephalus)",MARKS1326,Netherlands,Mali,Mali,6,2017,9,2017-09,2017-09-23,20170918,20170918,export,1,1938.49,2172.54,kg,KG,Visserij Mij. W. van der Zwan & Zonen B.V.,[in full dataset],'s-Gravenhage,,www.wvanderzwan.nl,[in full dataset],Y,DIRECTION NATIONALE DES PRODUCTIONS ET DES INDUSTRIES ANIMALES (DRPIA) MOPTI,[in full dataset],Mopti,,,,Y,Visserij Mij. W. van der Zwan & Zonen B.V.,[in full dataset],,24181.1,24181.1,Rotterdam,Main Container Port,Mopti,1,1,30.23,HMM ALGECIRAS,IMO5160749,SG,V151,302,MSCU,HBL,MSCU988551248,HLCU557028134,BMOU4920111,40GP,REEFER,GP,LCL,CY/CFS,DB Schenker,1938.49
Export (NL seller),Elgersma B.V.,84423000,844230,9,"Machinery, apparatus and equipment (excluding machines of heading no. 8456 to 8465) for preparing or making printing components",MARKS4188,Netherlands,Somalia,Somalia,6,2022,6,2022-06,2022-06-07,20220620,20220620,export,1,2489.31,2724.04,kg,KG,Elgersma B.V.,[in full dataset],Vianen UT,,www.elgersma.nl,[in full dataset],N,HINNA AGRI-EQUIPMENT-BUSINESS-COMPANY,[in full dataset],Mogadishu,,,,Y,Elgersma B.V.,[in full dataset],,11557.4,11557.4,Amsterdam,Main Container Port,Mogadishu,1,1,14.45,CMA CGM JULES VERNE,IMO6048636,MH,V426,380,OOLU,MBL,MAEU930847575,ONEY393059725,BMOU5919580,20GP,DRY,HC,FCL,CY/CY,Bollore Logistics,2489.31
Import (NL buyer),Centrient Pharmaceuticals China Holding B.V.,30044200,300442,6,"Medicaments; containing alkaloids or their derivatives, containing pseudoephedrine (INN) or its salts, for therapeutic or prophylactic uses, packaged for retail sale",MARKS7125,Cyprus,Netherlands,Netherlands,7,2015,6,2015-06,2015-06-03,20150620,20150620,import,1,332695.32,9820.86,kg,KG,VASSOS ELIADES LIMITED,[in full dataset],Dali,,www.vassoseliades.com,[in full dataset],Y,Centrient Pharmaceuticals China Holding B.V.,[in full dataset],Delft,,www.centrient.com,[in full dataset],Y,VASSOS ELIADES LIMITED,[in full dataset],,5421.7,5421.7,Main Container Port,Rotterdam,Delft,1,1,6.78,HMM ALGECIRAS,IMO5921825,LR,V940,62,EGLV,HBL,MSCU793965786,EGLV973988703,TGHU6044483,45HC,DRY,GP,LCL,CY/CFS,Yusen Logistics,9263.94
Import (NL buyer),West.Neder.Land. Sandwich Panelen B.V.,73072980,730729,9,"Steel, stainless; tube or pipe fittings, n.e.c. in item no. 7307.2",MARKS2938,Australia,Netherlands,Netherlands,9,2021,3,2021-03,2021-03-23,20210311,20210311,export,1,311100.99,56594.85,kg,KG,MIM RESOURCE DEVELOPMENT PTY LIMITED,[in full dataset],Brisbane City,,www.glencore.com,[in full dataset],Y,West.Neder.Land. Sandwich Panelen B.V.,[in full dataset],Maasdijk,,www.wnl-horti-insulation.com,[in full dataset],Y,MIM RESOURCE DEVELOPMENT PTY LIMITED,[in full dataset],,6400,6400,Sydney,Amsterdam,Maasdijk,1,1,8,MSC GULSUN,IMO9284532,LR,V538,395,HMMU,MBL,EGLV877066458,YMLU322888931,GESU2216778,20GP,FLAT RACK,GP,LCL,CFS/CFS,DB Schenker,49238.21
Import (NL buyer),Internationale Financiering en Management Maatschappij B.V.,87089491,870894,9,"Vehicle parts; steering wheels, steering columns and steering boxes; parts thereof",MARKS2575,Australia,Netherlands,Netherlands,5,2024,1,2024-01,2024-01-09,20240127,20240127,import,1,167567.23,115278.24,kg,KG,QIC PROPERTY FUND TT COMPANY PTY LTD,[in full dataset],BRISBANE,,,,Y,Internationale Financiering en Management Maatschappij B.V.,[in full dataset],Amstelveen,,,,N,QIC PROPERTY FUND TT COMPANY PTY LTD,[in full dataset],,8207.9,8207.9,Sydney,Rotterdam,Amstelveen,1,1,10.26,YM WARRANTY,IMO9803714,SG,V510,59,MSCU,MBL,COSU647848610,MAEU799940918,CAIU7101704,45HC,FLAT RACK,GP,FCL,CY/CY,DHL Global Forwarding,103512.53
Import (NL buyer),Rosie & Me,90303320,903033,5,"Instruments and apparatus; for measuring or checking voltage, current, resistance or power, without a recording device (excluding multimeters)",MARKS6029,Singapore,Netherlands,Netherlands,7,2020,2,2020-02,2020-02-05,20200227,20200227,export,1,118675212.58,233405.44,kg,KG,RAFFLES MEDICAL GROUP LTD,[in full dataset],Singapore,,www.rafflesmedicalgroup.com,[in full dataset],Y,Rosie & Me,[in full dataset],Culemborg,,,,Y,RAFFLES MEDICAL GROUP LTD,[in full dataset],,3490.1,3490.1,Singapore (PSA),Rotterdam,Culemborg,1,1,4.36,COSCO UNIVERSE,IMO8509937,LR,V914,295,APLU,SWB,HLCU258170533,MAEU972529320,CAIU8926925,45HC,FLAT RACK,HC,FCL,CFS/CFS,DSV,207031.81
Import (NL buyer),Multraship Supply Services B.V.,38119000,381190,6,"Oxidation and gum inhibitors, viscosity improvers, anti-corrosive preparations, other prepared additives for mineral oils or liquids used as mineral oils (including gasoline), n.e.c. in heading no. 3811",MARKS8549,Cyprus,Netherlands,Netherlands,7,2023,7,2023-07,2023-07-11,20230716,20230716,import,1,206934.34,21271.39,kg,KG,ARGOMAX ENERGY GROUP LIMITED,[in full dataset],Limassol,,,,Y,Multraship Supply Services B.V.,[in full dataset],Terneuzen,,,,Y,ARGOMAX ENERGY GROUP LIMITED,[in full dataset],,22989.1,22989.1,Main Container Port,Rotterdam,Terneuzen,1,1,28.74,MADRID MAERSK,IMO5490060,SG,V819,413,COSU,SWB,YMLU720351724,EGLV948719559,FCIU8436023,20GP,OPEN TOP,HC,FCL,CFS/CFS,CEVA Logistics,19037.18
Import (NL buyer),Eeko Print B.V.,73141900,731419,5,"Iron or steel; woven cloth, other than of stainless steel",MARKS9390,Egypt,Netherlands,Netherlands,9,2021,3,2021-03,2021-03-01,20210317,20210317,export,1,143252.01,2951.37,kg,KG,MOHAMED TAREK MOHAMED SAAD EL AKKARY AND HIS PARTNER,[in full dataset],Alexandria,,www.omsigroup.net,[in full dataset],N,Eeko Print B.V.,[in full dataset],Deventer,,www.eekoprint.nl,[in full dataset],Y,MOHAMED TAREK MOHAMED SAAD EL AKKARY AND HIS PARTNER,[in full dataset],,16222.1,16222.1,Sokhna,Amsterdam,Deventer,1,1,20.28,HYUNDAI LOYALTY,IMO1989398,MH,V347,941,MSCU,HBL,MAEU575202041,COSU805104743,FCIU5000010,45HC,TANK,RF,LCL,CY/CFS,CEVA Logistics,2623.49
Import (NL buyer),B.V. Aluminium Verkoop Zuid (A.V.Z.),76069200,760692,7,"Aluminium; plates, sheets and strip, thickness exceeding 0.2mm, alloys, (not rectangular or square)",MARKS7823,Indonesia,Netherlands,Netherlands,5,2022,1,2022-01,2022-01-20,20220126,20220126,export,1,13957.73,14854.81,kg,KG,PT INDONESIA ASAHAN ALUMINIUM,[in full dataset],Kabupaten Batu Bara,,inalum.id,[in full dataset],Y,B.V. Aluminium Verkoop Zuid (A.V.Z.),[in full dataset],Best,,www.avz.nl,[in full dataset],N,PT INDONESIA ASAHAN ALUMINIUM,[in full dataset],,4874,4874,Makassar,Rotterdam,Best,1,1,6.09,HMM ALGECIRAS,IMO2535258,SG,V937,809,COSU,MBL,HLCU685730753,YMLU789867450,CAIU6190293,40GP,FLAT RACK,RF,FCL,CFS/CFS,Expeditors,13957.73
Export (NL seller),Hittech RSP Technology B.V.,38051010,380510,6,"Terpenic oils; gum, wood or sulphate turpentine oils",MARKS5981,Netherlands,Canada,Canada,6,2023,7,2023-07,2023-07-08,20230724,20230724,import,1,949707.14,1652.45,kg,KG,Hittech RSP Technology B.V.,[in full dataset],Farmsum,,www.rsp-technology.com,[in full dataset],Y,Imperial Oil Limited,[in full dataset],Calgary,,www.imperialoil.ca,[in full dataset],Y,Hittech RSP Technology B.V.,[in full dataset],,15033.8,15033.8,Amsterdam,"Montreal, QC",Calgary,1,1,18.79,BARZAN,IMO3551546,SG,V434,910,MAEU,MBL,ONEY707651181,MSCU422807394,GESU1988296,20GP,REEFER,HC,LCL,CFS/CFS,DHL Global Forwarding,1454.57
Export (NL seller),Unica Energy Solutions B.V.,84836080,848360,6,Clutches and shaft couplings (including universal joints),MARKS3613,Netherlands,Saint Vincent and The Grenadines,Saint Vincent and The Grenadines,9,2018,12,2018-12,2018-12-05,20181220,20181220,export,1,273835.79,12915.74,kg,KG,Unica Energy Solutions B.V.,[in full dataset],Hoevelaken,,www.unica.nl,[in full dataset],Y,Buhler's Yachts (Ltd.),[in full dataset],Calliaqua,,,,Y,Unica Energy Solutions B.V.,[in full dataset],,22715.3,22715.3,Rotterdam,Main Container Port,Calliaqua,1,1,28.39,MSC GULSUN,IMO8487828,LR,V227,377,HLCU,HBL,COSU891315857,ONEY642507706,CAIU5619343,40GP,REEFER,HC,FCL,CFS/CFS,DB Schenker,11329.44
Import (NL buyer),Binoculars,90112090,901120,8,"Microscopes, compound optical; for photomicrography, cinephotomicrography or microprojection",MARKS4756,Ireland,Netherlands,Netherlands,9,2020,2,2020-02,2020-02-23,20200208,20200208,import,1,272882973.04,48075.89,kg,KG,COSMO ARTIFICIAL INTELLIGENCE - AI LIMITED,[in full dataset],DUBLIN 2,,www.cosmoimd.com,[in full dataset],Y,Binoculars,[in full dataset],Leiden,,,,Y,COSMO ARTIFICIAL INTELLIGENCE - AI LIMITED,[in full dataset],,9464.4,9464.4,Cork,Rotterdam,Leiden,1,1,11.83,MAERSK MOLLER,IMO6409218,PA,V941,59,CMDU,MBL,EGLV666370585,CMDU339774756,GESU9484114,45HC,DRY,HC,LCL,CFS/CFS,Kuehne + Nagel,42101.33
Import (NL buyer),New Environment Projectmanagement B.V.,90303200,903032,6,"Multimeters; for measuring or checking voltage, current, resistance or power, with a recording device",MARKS8575,Malaysia,Netherlands,Netherlands,6,2020,2,2020-02,2020-02-09,20200202,20200202,export,1,42753758.91,12452.82,kg,KG,ORIENTAL SHIMOMURA DRAWING (M) SDN. BHD.,[in full dataset],Perai,,www.sts-shimomura.com,[in full dataset],Y,New Environment Projectmanagement B.V.,[in full dataset],Harlingen,,www.new-environment.nl,[in full dataset],Y,ORIENTAL SHIMOMURA DRAWING (M) SDN. BHD.,[in full dataset],,16404.3,16404.3,Tanjung Pelepas,Rotterdam,Harlingen,1,1,20.51,HYUNDAI LOYALTY,IMO5469494,SG,V920,108,EGLV,MBL,COSU946662256,MAEU769283776,CAIU3837653,20GP,OPEN TOP,RF,LCL,CY/CY,DSV,11559.06
Export (NL seller),De Handelshal,90014041,900140,5,"Lenses, spectacle; unmounted, of glass, excluding elements of glass not optically worked",MARKS3464,Netherlands,United Kingdom,United Kingdom,6,2020,2,2020-02,2020-02-20,20200211,20200211,import,1,192849368.37,368.43,kg,KG,De Handelshal,[in full dataset],Hellevoetsluis,,,,Y,SHEIN DISTRIBUTION UK LIMITED,[in full dataset],LONDON,,www.shein.co.uk,[in full dataset],Y,De Handelshal,[in full dataset],,11634.3,11634.3,Rotterdam,Tilbury,LONDON,1,1,14.54,COSCO UNIVERSE,IMO7131775,LR,V269,339,YMLU,MBL,ONEY256556049,YMLU549933451,FCIU8283919,45HC,OPEN TOP,RF,FCL,CFS/CFS,DSV,321.13
Import (NL buyer),BAM Infra Materieel B.V.,84163000,841630,9,"Furnace accessories; mechanical stokers, mechanical grates, mechanical ash dischargers and similar appliances",MARKS9439,Bolivia,Netherlands,Netherlands,9,2018,12,2018-12,2018-12-20,20181203,20181203,import,1,112562.51,42350.55,kg,KG,Smith International Bolivia Ltda,[in full dataset],Andres Ibañez,,www.smith.com,[in full dataset],Y,BAM Infra Materieel B.V.,[in full dataset],Nieuwleusen,,www.baminfra.nl,[in full dataset],Y,Smith International Bolivia Ltda,[in full dataset],,3336,3336,Main Container Port,Amsterdam,Nieuwleusen,1,1,4.17,COSCO UNIVERSE,IMO3276645,MH,V820,777,HLCU,MBL,YMLU468461376,MSCU162915924,FCIU8001045,40HC,TANK,HC,LCL,CY/CY,Nippon Express,39971.81
Export (NL seller),Nouryon Functional Chemicals B.V.,38190000,381900,5,"Hydraulic fluids; for brakes and other prepared liquids for hydraulic transmission, not containing or containing less than 70% by weight of petroleum oils or oils obtained from bituminous minerals",MARKS8665,Netherlands,Bangladesh,Bangladesh,5,2023,7,2023-07,2023-07-07,20230727,20230727,export,1,519220.72,1136.37,kg,KG,Nouryon Functional Chemicals B.V.,[in full dataset],Amsterdam,,www.nouryon.com,[in full dataset],Y,ISPAHANI AGRO LIMITED,[in full dataset],Dhaka,,www.ispahaniagro.com/,[in full dataset],Y,Nouryon Functional Chemicals B.V.,[in full dataset],,20449.5,20449.5,Amsterdam,Mongla,Dhaka,1,1,25.56,ONE APUS,IMO8497231,MH,V244,333,CMDU,HBL,MSCU872295831,MSCU927387836,FCIU1727859,45HC,FLAT RACK,HC,LCL,CY/CY,Yusen Logistics,1076.95
Export (NL seller),Aannemings- en Transportbedrijf M.J. Oomen B.V.,84813099,848130,9,"Valves; check (nonreturn) valves, for pipes, boiler shells, tanks, vats or the like",MARKS2965,Netherlands,Guatemala,Guatemala,8,2018,12,2018-12,2018-12-24,20181209,20181209,export,1,42176.22,47371.65,kg,KG,Aannemings- en Transportbedrijf M.J. Oomen B.V.,[in full dataset],Roosendaal,,www.mjoomen.nl,[in full dataset],Y,"Novex, S.A.",[in full dataset],Guatemala,,www.novex.com.gt,[in full dataset],Y,Aannemings- en Transportbedrijf M.J. Oomen B.V.,[in full dataset],,21929.9,21929.9,Rotterdam,Main Container Port,Guatemala,1,1,27.41,MADRID MAERSK,IMO6986924,MH,V434,50,MAEU,SWB,YMLU742795504,EGLV539641286,FCIU6591194,40HC,FLAT RACK,HC,FCL,CY/CY,Sinotrans,42176.22
Import (NL buyer),VDL Container Systems B.V.,84853090,848530,9,"Machines for additive manufacturing; by plaster, cement, ceramics or glass deposit",MARKS8537,Bangladesh,Netherlands,Netherlands,7,2018,12,2018-12,2018-12-18,20181216,20181216,import,1,21242.94,23602.44,kg,KG,G4S SECURE SOLUTIONS BANGLADESH (P) LTD.,[in full dataset],Dhaka,,www.g4s.com.bd,[in full dataset],Y,VDL Container Systems B.V.,[in full dataset],Hapert,,www.vdlcontainersystems.com,[in full dataset],N,G4S SECURE SOLUTIONS BANGLADESH (P) LTD.,[in full dataset],,4462.1,4462.1,Mongla,Amsterdam,Hapert,1,1,5.58,CMA CGM JULES VERNE,IMO5094609,MH,V696,1,EGLV,MBL,CMDU494164000,EGLV429112922,FCIU4015205,40GP,DRY,GP,FCL,CFS/CFS,CEVA Logistics,21242.94
Import (NL buyer),GEOWALL Solutions B.V.,73066199,730661,9,"Iron or steel (excluding cast iron); tubes, pipes and hollow profiles (not seamless), welded, of square or rectangular cross-section, n.e.c. in chapter 73",MARKS9803,Nigeria,Netherlands,Netherlands,8,2021,3,2021-03,2021-03-21,20210321,20210321,import,1,47568.98,17458.84,kg,KG,Strabag Construction Nigeria Ltd,[in full dataset],Abuja,,www.strabag.com,[in full dataset],N,GEOWALL Solutions B.V.,[in full dataset],Rotterdam,,,,Y,Strabag Construction Nigeria Ltd,[in full dataset],,4794,4794,Main Container Port,Amsterdam,Rotterdam,1,1,5.99,ONE APUS,IMO5008268,SG,V652,727,OOLU,SWB,HLCU578907597,COSU406061484,BMOU8050907,20GP,FLAT RACK,HC,FCL,CY/CFS,DSV,16061.23
Export (NL seller),Ok West B.V.,27131200,271312,9,"Petroleum coke; calcined, obtained from bituminous minerals",MARKS6442,Netherlands,Israel,Israel,7,2016,10,2016-10,2016-10-21,20161015,20161015,export,1,410763.71,19750.75,kg,KG,Ok West B.V.,[in full dataset],Breda,,,,Y,ENLIGHT RENEWABLE ENERGY LTD,[in full dataset],ROSH HAAYIN,,www.enlightenergy.co.il,[in full dataset],Y,Ok West B.V.,[in full dataset],,22773,22773,Amsterdam,Haifa,ROSH HAAYIN,1,1,28.47,COSCO UNIVERSE,IMO3696009,PA,V431,754,YMLU,HBL,YMLU668231761,YMLU698582392,TCLU2504288,45HC,REEFER,RF,LCL,CY/CFS,Sinotrans,17296.46
Import (NL buyer),Louwman SZ B.V.,87089390,870893,8,Vehicle parts; clutches and parts thereof,MARKS7732,Latvia,Netherlands,Netherlands,9,2024,1,2024-01,2024-01-20,20240124,20240124,import,1,750818.63,7731.88,kg,KG,Baltic Trans Trade Logistics SIA,[in full dataset],Salaspils novads,,,,N,Louwman SZ B.V.,[in full dataset],'s-Gravenhage,,www.louwman.nl,[in full dataset],Y,Baltic Trans Trade Logistics SIA,[in full dataset],,21268.4,21268.4,Main Container Port,Amsterdam,'s-Gravenhage,1,1,26.59,CSCL GLOBE,IMO5801254,SG,V669,646,COSU,MBL,YMLU524742884,EGLV383812754,TCLU6405397,40GP,REEFER,GP,FCL,CY/CFS,Sinotrans,7269.46
Export (NL seller),Fastener Point International B.V.,73072210,730722,8,"Steel, stainless; tube or pipe fittings, threaded elbows, bends and sleeves",MARKS5929,Netherlands,Serbia,Serbia,8,2021,3,2021-03,2021-03-03,20210313,20210313,export,1,1202025.53,464.56,kg,KG,Fastener Point International B.V.,[in full dataset],Ede GLD,,www.platecms.com,[in full dataset],Y,GOSA MONTAZA DOO BEOGRAD,[in full dataset],Beograd (Savski Venac),,www.gosamontaza.rs,[in full dataset],N,Fastener Point International B.V.,[in full dataset],,10215.5,10215.5,Amsterdam,Main Container Port,Beograd (Savski Venac),1,1,12.77,MSC GULSUN,IMO4427733,MH,V207,705,CMDU,SWB,CMDU581412343,CMDU988905486,BMOU9922079,20GP,REEFER,HC,FCL,CY/CFS,Nippon Express,418.87
Export (NL seller),Enviem Wholesale Holding B.V.,84572000,845720,9,"Machines; unit construction machines (single station), for working metal",MARKS1003,Netherlands,Greenland,Greenland,6,2022,6,2022-06,2022-06-03,20220616,20220616,export,1,51740.81,58169.77,kg,KG,Enviem Wholesale Holding B.V.,[in full dataset],Den Helder,,www.enviem.nl,[in full dataset],Y,Aasiaat VVS ApS,[in full dataset],Aasiaat,,,,N,Enviem Wholesale Holding B.V.,[in full dataset],,9731.2,9731.2,Amsterdam,Main Container Port,Aasiaat,1,1,12.16,CSCL GLOBE,IMO6707623,SG,V236,748,HLCU,SWB,ONEY600355095,CMDU795012312,TCLU8650927,40GP,TANK,RF,LCL,CY/CFS,DB Schenker,51740.81
Import (NL buyer),Brocacef Healthcare Logistics B.V.,38012010,380120,8,Graphite; colloidal or semi-colloidal,MARKS3512,Russia,Netherlands,Netherlands,5,2023,7,2023-07,2023-07-04,20230701,20230701,import,1,105300.06,20625.57,kg,KG,"GAZPROM PERERABOTKA BLAGOVESHCHENSK, OOO",[in full dataset],Svobodny,,,,Y,Brocacef Healthcare Logistics B.V.,[in full dataset],Ede GLD,,www.red-swan.nl,[in full dataset],Y,"GAZPROM PERERABOTKA BLAGOVESHCHENSK, OOO",[in full dataset],,1982.8,1982.8,Saint Petersburg,Amsterdam,Ede GLD,1,1,2.48,EVER GIVEN,IMO2890992,LR,V501,779,ZIMU,SWB,YMLU828402320,COSU960904026,TCLU8160856,40GP,REEFER,GP,FCL,CY/CY,Expeditors,19413.23
Export (NL seller),BI SAFE B.V.,30069200,300692,5,Pharmaceutical goods; waste pharmaceuticals,MARKS1770,Netherlands,Peru,Peru,5,2015,6,2015-06,2015-06-20,20150619,20150619,export,1,619485.73,590.11,kg,KG,BI SAFE B.V.,[in full dataset],Valkenswaard,,,,N,Merck Peruana S.A.,[in full dataset],Lima,,www.merck.com.pe,[in full dataset],Y,BI SAFE B.V.,[in full dataset],,13458.7,13458.7,Amsterdam,Callao,Lima,1,1,16.82,OOCL HONG KONG,IMO4357081,SG,V449,681,EGLV,SWB,CMDU311469667,EGLV946488579,GESU8660293,40HC,OPEN TOP,RF,LCL,CFS/CFS,Kuehne + Nagel,522.9
Import (NL buyer),Innova Energie B.V.,27079991,270799,7,Oils and other products of the distillation of high temperature coal tar; n.e.c. in heading no. 2707,MARKS1011,Hungary,Netherlands,Netherlands,7,2016,10,2016-10,2016-10-26,20161022,20161022,export,1,840907,42454.4,kg,KG,Premier Energy Wind 158 Kft.,[in full dataset],Budapest,,,,N,Innova Energie B.V.,[in full dataset],'s-Gravenhage,,www.energieopwaarderen.nl,[in full dataset],Y,Premier Energy Wind 158 Kft.,[in full dataset],,15634.9,15634.9,Koper (via SI),Rotterdam,'s-Gravenhage,1,1,19.54,ONE APUS,IMO2083319,PA,V877,778,ZIMU,MBL,YMLU832103648,YMLU383658957,MSCU9699977,45HC,REEFER,RF,FCL,CY/CY,DHL Global Forwarding,38920.37
Import (NL buyer),Agro Care Laan van Vijverberg B.V.,03054300,030543,9,"Fish; smoked, whether or not cooked before or during smoking, trout (Salmo trutta, Oncorhynchus mykiss/clarki/aguabonita/gilae/apache/chrysogaster), includes fillets, but excludes edible fish offal",MARKS9048,Israel,Netherlands,Netherlands,7,2017,8,2017-08,2017-08-12,20170818,20170818,import,1,7016.44,7463.04,kg,KG,MANTZUR FISH MARKETING LTD.,[in full dataset],BEER SHEVA,,,,Y,Agro Care Laan van Vijverberg B.V.,[in full dataset],De Lier,,www.agrocare.nl,[in full dataset],Y,MANTZUR FISH MARKETING LTD.,[in full dataset],,17107.7,17107.7,Ashdod,Rotterdam,De Lier,1,1,21.38,OOCL HONG KONG,IMO3892108,LR,V784,42,ONEY,MBL,MAEU363262272,CMDU988204448,TGHU4557171,45HC,TANK,HC,FCL,CFS/CFS,DSV,7016.44
Import (NL buyer),WA-Li Creations,90314100,903141,7,"Optical instruments and appliances; for inspecting semiconductor wafers or devices or for inspecting photomasks or reticles used in manufacturing semiconductor devices, n.e.c. in chapter 90",MARKS5124,Ireland,Netherlands,Netherlands,5,2020,2,2020-02,2020-02-01,20200226,20200226,export,1,312628782.05,19484.62,kg,KG,SOLTA MEDICAL IRELAND LIMITED,[in full dataset],DUBLIN,,,,Y,WA-Li Creations,[in full dataset],Hall,,,,Y,SOLTA MEDICAL IRELAND LIMITED,[in full dataset],,990.5,990.5,Dublin,Amsterdam,Hall,1,1,1.24,APL MEXICO CITY,IMO1055280,SG,V707,571,MAEU,HBL,HLCU407329491,ONEY457518001,BMOU3672144,40HC,OPEN TOP,HC,FCL,CY/CFS,DHL Global Forwarding,17351.12
Export (NL seller),BP Raffinaderij Rotterdam B.V.,27079100,270791,8,Oils and other products of the distillation of high temperature coal tar; creosote oils,MARKS2185,Netherlands,Estonia,Estonia,9,2016,10,2016-10,2016-10-17,20161026,20161026,export,1,461515.28,16226.65,kg,KG,BP Raffinaderij Rotterdam B.V.,[in full dataset],Europoort Rotterdam,,www.bp.com,[in full dataset],Y,VKG OIL AS,[in full dataset],Kohtla-Jarve,,www.vkg.ee,[in full dataset],Y,BP Raffinaderij Rotterdam B.V.,[in full dataset],,7834.6,7834.6,Amsterdam,Main Container Port,Kohtla-Jarve,1,1,9.79,COSCO UNIVERSE,IMO7262392,LR,V561,80,MSCU,MBL,EGLV965826393,COSU359466735,TGHU9147727,40GP,REEFER,RF,FCL,CY/CFS,Expeditors,14773.08
Export (NL seller),Green Energy Services B.V.,27079100,270791,5,Oils and other products of the distillation of high temperature coal tar; creosote oils,MARKS9123,Netherlands,Luxembourg,Luxembourg,9,2025,10,2025-10,2025-10-09,20251016,20251016,export,1,19251321.4,310.32,kg,KG,Green Energy Services B.V.,[in full dataset],Franeker,,www.iverwind.com,[in full dataset],N,ArcelorMittal Energy S.C.A.,[in full dataset],Luxembourg,,,,Y,Green Energy Services B.V.,[in full dataset],,4715.1,4715.1,Rotterdam,Main Container Port,Luxembourg,1,1,5.89,BARZAN,IMO9881801,LR,V974,823,HLCU,MBL,YMLU934362532,ONEY175494984,CAIU1542463,40GP,REEFER,GP,FCL,CY/CFS,DHL Global Forwarding,292.46
Import (NL buyer),AC Groeneweg 145a Exploitatie B.V.,03046200,030462,5,"Fish fillets; frozen, catfish (Pangasius spp., Silurus spp., Clarias spp., Ictalurus spp.)",MARKS8884,Hong Kong,Netherlands,Netherlands,9,2017,4,2017-04,2017-04-17,20170422,20170422,import,1,3578.26,4052.19,kg,KG,YuanShengTai Dairy Farm Limited,[in full dataset],North Point,,www.ystdfarm.com,[in full dataset],Y,AC Groeneweg 145a Exploitatie B.V.,[in full dataset],Maasdijk,,,,N,YuanShengTai Dairy Farm Limited,[in full dataset],,915.6,915.6,Hong Kong (Kwai Tsing),Rotterdam,Maasdijk,1,1,1.14,COSCO UNIVERSE,IMO5730840,PA,V394,52,EGLV,SWB,CMDU370765722,MAEU244061744,FCIU6098049,20GP,FLAT RACK,GP,FCL,CY/CFS,DB Schenker,3578.26
Export (NL seller),AC Bathpolderweg 39 Exploitatie B.V.,03079100,030791,9,"Molluscs; n.e.c. in heading 0307, whether in shell or not, live or fresh, chilled",MARKS3561,Netherlands,Singapore,Singapore,7,2017,4,2017-04,2017-04-23,20170419,20170419,export,1,14458.89,15825.24,kg,KG,AC Bathpolderweg 39 Exploitatie B.V.,[in full dataset],Wateringen,,,,N,PREMIUM EGG PRODUCTS PTE. LTD.,[in full dataset],Singapore,,www.teoseng.com.my,[in full dataset],Y,AC Bathpolderweg 39 Exploitatie B.V.,[in full dataset],,9000,9000,Rotterdam,Singapore (PSA),Singapore,1,1,11.25,APL MEXICO CITY,IMO2080647,LR,V670,46,APLU,MBL,MSCU166656934,MSCU681612497,BMOU8304494,40GP,REEFER,GP,LCL,CY/CFS,DSV,14458.89
Export (NL seller),Covast Services B.V.,84339000,843390,6,"Harvesting machinery; parts, including parts of threshing machinery, straw or fodder balers and grass or hay mowers",MARKS2642,Netherlands,Anguilla,Anguilla,8,2018,12,2018-12,2018-12-04,20181222,20181222,export,1,282772.39,5939.25,kg,KG,Covast Services B.V.,[in full dataset],Rotterdam,,www.motion10.nl,[in full dataset],N,Apex Car Rental Limited,[in full dataset],THE VALLEY,,,,Y,Covast Services B.V.,[in full dataset],,20970.4,20970.4,Rotterdam,Main Container Port,THE VALLEY,1,1,26.21,CSCL GLOBE,IMO1818746,PA,V250,183,MAEU,SWB,ONEY600343082,MAEU914800030,TGHU2982953,45HC,REEFER,RF,FCL,CY/CY,Kuehne + Nagel,5470.89
Import (NL buyer),SHELL Kazakhstan Development B.V.,27160000,271600,8,Electrical energy,MARKS4338,Indonesia,Netherlands,Netherlands,6,2016,10,2016-10,2016-10-20,20161008,20161008,export,1,47009.05,51829.85,kg,KG,PT PERUSAHAAN GAS NEGARA (PERSERO) TBK,[in full dataset],Kota Administrasi Jakarta Barat,,www.pgn.co.id,[in full dataset],Y,SHELL Kazakhstan Development B.V.,[in full dataset],'s-Gravenhage,,www.shell.com,[in full dataset],Y,PT PERUSAHAAN GAS NEGARA (PERSERO) TBK,[in full dataset],,11905.3,11905.3,Makassar,Amsterdam,'s-Gravenhage,1,1,14.88,EVER ACME,IMO2089553,SG,V495,985,CMDU,HBL,COSU367855757,EGLV665900777,MSCU9113546,20GP,DRY,GP,FCL,CY/CFS,Sinotrans,45458.98
Import (NL buyer),Landport B.V.,87042291,870422,7,"Vehicles; with only compression-ignition internal combustion piston engine (diesel or semi-diesel), for transport of goods, (of a g.v.w. exceeding 5 tonnes but not exceeding 20 tonnes), n.e.c. in item no 8704.1",MARKS7168,Cyprus,Netherlands,Netherlands,8,2024,1,2024-01,2024-01-16,20240104,20240104,import,1,643706.2,24837.41,kg,KG,CHARALAMPOS PILAKOUTAS LIMITED,[in full dataset],Nicosia,,www.pilakoutasgroup.com.cy,[in full dataset],Y,Landport B.V.,[in full dataset],Raamsdonksveer,,www.landportbv.com,[in full dataset],Y,CHARALAMPOS PILAKOUTAS LIMITED,[in full dataset],,15035.4,15035.4,Main Container Port,Amsterdam,Raamsdonksveer,1,1,18.79,CMA CGM JULES VERNE,IMO6126120,LR,V468,139,MAEU,SWB,HLCU721985574,MAEU300486717,CAIU5940032,40GP,TANK,RF,FCL,CFS/CFS,DHL Global Forwarding,23556.16
Export (NL seller),H. van der Heijden Import B.V.,30069200,300692,8,Pharmaceutical goods; waste pharmaceuticals,MARKS8968,Netherlands,Lebanon,Lebanon,7,2015,6,2015-06,2015-06-19,20150621,20150621,export,1,3836078.31,6155.45,kg,KG,H. van der Heijden Import B.V.,[in full dataset],Zoetermeer,,www.clean-and-easy.com,[in full dataset],N,LEVALIS PHARMA SAL,[in full dataset],Beirut,,www.levalispharma.com,[in full dataset],Y,H. van der Heijden Import B.V.,[in full dataset],,18000.7,18000.7,Amsterdam,Main Container Port,Beirut,1,1,22.5,CSCL GLOBE,IMO7957954,PA,V410,188,MSCU,SWB,EGLV392993658,YMLU531806221,TGHU3735990,20GP,DRY,RF,FCL,CFS/CFS,Bollore Logistics,5829.95
Import (NL buyer),Mediq Pharma Services B.V.,30024200,300242,9,"Vaccines, toxins, cultures of micro-organisms (excluding yeasts) and similar products; for veterinary medicine",MARKS9267,Vietnam,Netherlands,Netherlands,5,2015,6,2015-06,2015-06-26,20150606,20150606,import,1,1824.36,2065.29,kg,KG,GLAXOSMITHKLINE CONSUMER HEALTHCARE VIETNAM COMPANY LIMITED,[in full dataset],Sai Gon Ward,,www.gsk.com,[in full dataset],Y,Mediq Pharma Services B.V.,[in full dataset],Bleiswijk,,www.red-swan.nl,[in full dataset],Y,GLAXOSMITHKLINE CONSUMER HEALTHCARE VIETNAM COMPANY LIMITED,[in full dataset],,1534,1534,Cai Mep,Amsterdam,Bleiswijk,1,1,1.92,HMM ALGECIRAS,IMO1571813,PA,V433,387,MAEU,HBL,ONEY637600186,CMDU373616473,CAIU7643478,40HC,OPEN TOP,RF,LCL,CY/CY,Kuehne + Nagel,1824.36
Import (NL buyer),Louwman PR B.V.,87150010,871500,9,Baby carriages and parts thereof,MARKS7846,Malta,Netherlands,Netherlands,5,2024,1,2024-01,2024-01-18,20240113,20240113,import,1,131201.88,3413.95,kg,KG,MICHAEL ATTARD IMPORTS LIMITED,[in full dataset],HAMRUN,,www.michaelattard.com,[in full dataset],Y,Louwman PR B.V.,[in full dataset],'s-Gravenhage,,www.louwman.nl,[in full dataset],Y,MICHAEL ATTARD IMPORTS LIMITED,[in full dataset],,13503.3,13503.3,Main Container Port,Rotterdam,'s-Gravenhage,1,1,16.88,EVER GIVEN,IMO2197521,MH,V161,151,MAEU,MBL,YMLU493156123,ONEY103314063,GESU8117766,20GP,OPEN TOP,RF,FCL,CY/CFS,DSV,3103.94
Import (NL buyer),Gunvor Energy Rotterdam B.V.,27101290,271012,9,"Petroleum oils and oils from bituminous minerals, not containing biodiesel, not crude, not waste oils; preparations n.e.c, containing by weight 70% or more of petroleum oils or oils from bituminous minerals; light oils and preparations",MARKS5645,Japan,Netherlands,Netherlands,5,2016,10,2016-10,2016-10-19,20161006,20161006,export,1,634893.28,11673.49,kg,KG,INPEX CORPORATION,[in full dataset],MINATO-KU,,www.inpex.com/,[in full dataset],Y,Gunvor Energy Rotterdam B.V.,[in full dataset],Europoort Rotterdam,,www.gunvorenergyrotterdam.nl,[in full dataset],Y,INPEX CORPORATION,[in full dataset],,20454.5,20454.5,Nagoya,Amsterdam,Europoort Rotterdam,1,1,25.57,EVER ACME,IMO6081369,PA,V947,402,HLCU,MBL,CMDU352879577,ONEY873307483,TGHU3462867,40HC,OPEN TOP,GP,FCL,CFS/CFS,Expeditors,10901.15
Import (NL buyer),TW-Eibergen B.V.,90191090,901910,5,Mechano-therapy appliances; massage apparatus and psychological aptitude-testing apparatus,MARKS5601,Japan,Netherlands,Netherlands,5,2020,2,2020-02,2020-02-17,20200203,20200203,export,1,111622717.32,3621.64,kg,KG,TOKUSHUKAI MEDICAL CORPORATION,[in full dataset],OSAKA,,www.tokushukai.or.jp/,[in full dataset],Y,TW-Eibergen B.V.,[in full dataset],Eibergen,,www.biketotaal.nl,[in full dataset],Y,TOKUSHUKAI MEDICAL CORPORATION,[in full dataset],,4600.7,4600.7,Tokyo,Amsterdam,Eibergen,1,1,5.75,YM WARRANTY,IMO8818768,LR,V309,597,ONEY,HBL,CMDU633079352,MAEU510553244,BMOU7103219,45HC,FLAT RACK,GP,FCL,CY/CY,Yusen Logistics,3410.22
Import (NL buyer),AC Oranjepolderweg 6 Exploitatie B.V.,03045300,030453,5,"Fish meat, excluding fillets, whether or not minced; fresh or chilled, of the families Bregmacerotidae, Euclichthyidae, Gadidae, Macrouridae, Melanonidae, Merlucciidae, Moridae, and Muraenolepididae",MARKS2272,Vanuatu,Netherlands,Netherlands,6,2017,9,2017-09,2017-09-27,20170910,20170910,import,1,3872.21,4248.84,kg,KG,SAJO VANUATU LTD,[in full dataset],Port Vila,,,,Y,AC Oranjepolderweg 6 Exploitatie B.V.,[in full dataset],Maasdijk,,,,Y,SAJO VANUATU LTD,[in full dataset],,21470.2,21470.2,Main Container Port,Rotterdam,Maasdijk,1,1,26.84,APL MEXICO CITY,IMO2674496,PA,V478,79,OOLU,MBL,MAEU625196126,CMDU549984324,CAIU2663231,45HC,REEFER,HC,FCL,CY/CFS,Yusen Logistics,3872.21
Import (NL buyer),Voetbalshop Bergen op Zoom B.V.,90066100,900661,7,Photographic flashlight apparatus; discharge lamp (electronic),MARKS7350,Canada,Netherlands,Netherlands,7,2019,12,2019-12,2019-12-20,20191220,20191220,export,1,16362073.62,110354.81,kg,KG,Cardinal Health Canada Inc,[in full dataset],Vaughan,,www.cardinalhealth.ca,[in full dataset],Y,Voetbalshop Bergen op Zoom B.V.,[in full dataset],Bergen op Zoom,,www.soccercenterboz.nl,[in full dataset],Y,Cardinal Health Canada Inc,[in full dataset],,1340.9,1340.9,"Prince Rupert, BC",Rotterdam,Bergen op Zoom,1,1,1.68,CSCL GLOBE,IMO6278095,SG,V296,728,MAEU,SWB,EGLV689732317,MSCU440800355,CAIU1984535,45HC,FLAT RACK,GP,LCL,CY/CFS,DSV,96726.92
Export (NL seller),TFC Power Holding B.V.,87054000,870540,5,Vehicles; concrete-mixer lorries,MARKS1641,Netherlands,Singapore,Singapore,7,2024,1,2024-01,2024-01-10,20240104,20240104,import,1,1760448.5,1362.69,kg,KG,TFC Power Holding B.V.,[in full dataset],Breda,,www.tfc-power.com,[in full dataset],Y,KEPPEL INFRASTRUCTURE TRUST,[in full dataset],Singapore,,www.kepinfratrust.com,[in full dataset],N,TFC Power Holding B.V.,[in full dataset],,22237.7,22237.7,Rotterdam,Singapore (PSA),Singapore,1,1,27.8,MAERSK MOLLER,IMO9700705,MH,V224,795,YMLU,MBL,EGLV616220660,HLCU824682926,FCIU5052850,20GP,TANK,RF,FCL,CFS/CFS,DSV,1194.68
Export (NL seller),Macs LoLa B.V.,90221900,902219,8,"Apparatus based on the use of x-rays, including radiography or radiotherapy apparatus; for other than medical, surgical, dental or veterinary uses",MARKS5077,Netherlands,Sweden,Sweden,5,2019,12,2019-12,2019-12-13,20191214,20191214,export,1,56849353.16,331.84,kg,KG,Macs LoLa B.V.,[in full dataset],Ochten,,,,Y,BSH Home Appliances AB,[in full dataset],Solna,,www.bsh-group.com,[in full dataset],Y,Macs LoLa B.V.,[in full dataset],,3312.4,3312.4,Amsterdam,Stockholm,Solna,1,1,4.14,APL MEXICO CITY,IMO6736112,LR,V567,881,MAEU,SWB,ONEY749871200,HLCU972498772,FCIU5880391,40GP,FLAT RACK,RF,FCL,CY/CFS,Yusen Logistics,303.87
Export (NL seller),Quality Seafood B.V.,03023310,030233,6,"Fish; fresh or chilled, skipjack tuna (stripe-bellied bonito) (Katsuwonus pelamis), excluding fillets, fish meat of 0304, and edible fish offal of subheadings 0302.91 to 0302.99",MARKS3333,Netherlands,New Zealand,New Zealand,6,2017,12,2017-12,2017-12-17,20171225,20171225,export,1,6657.69,7382.46,kg,KG,Quality Seafood B.V.,[in full dataset],Urk,,www.qualityseafood.nl,[in full dataset],Y,SEALORD GROUP LIMITED,[in full dataset],Nelson,,www.sealord.com,[in full dataset],Y,Quality Seafood B.V.,[in full dataset],,7470.8,7470.8,Rotterdam,Tauranga,Nelson,1,1,9.34,MAERSK MOLLER,IMO8248896,SG,V849,45,EGLV,HBL,CMDU187752133,COSU620321687,TCLU9124002,40HC,FLAT RACK,RF,FCL,CY/CY,DSV,6657.69
Export (NL seller),MacDermid Enthone B.V.,38085900,380859,6,"Insecticides, rodenticides, fungicides, disinfectants, herbicides and the like; containing goods specified in Subheading Note 1 to this Chapter; not DDT (ISO) (clofenotane (INN)), put up in forms or packings for retail sale or as preparations or articles",MARKS7417,Netherlands,Nepal,Nepal,8,2023,7,2023-07,2023-07-20,20230708,20230708,export,1,63927.12,4455.42,kg,KG,MacDermid Enthone B.V.,[in full dataset],Naarden,,www.enthone.nl,[in full dataset],N,SURYA NEPAL PVT.LTD.,[in full dataset],Kathmandu,,www.snpl.com.np,[in full dataset],N,MacDermid Enthone B.V.,[in full dataset],,14789.4,14789.4,Amsterdam,Main Container Port,Kathmandu,1,1,18.49,YM WARRANTY,IMO2108745,MH,V704,831,YMLU,MBL,EGLV854586655,HLCU764830716,TGHU6428709,20GP,OPEN TOP,GP,LCL,CY/CY,DSV,4047.88
Import (NL buyer),Ultimate WebServices,90066900,900669,6,Photographic flashlight apparatus; n.e.c. in heading no. 9006,MARKS7798,Sweden,Netherlands,Netherlands,9,2020,2,2020-02,2020-02-15,20200226,20200226,import,1,20903879.56,50197.94,kg,KG,BSH Home Appliances AB,[in full dataset],Solna,,www.bsh-group.com,[in full dataset],Y,Ultimate WebServices,[in full dataset],Den Bommel,,,,Y,BSH Home Appliances AB,[in full dataset],,3283.4,3283.4,Gothenburg,Amsterdam,Den Bommel,1,1,4.1,EVER ACME,IMO2509282,SG,V468,799,APLU,SWB,HLCU120992788,MSCU747002462,CAIU6141624,40GP,DRY,GP,FCL,CY/CY,DSV,45795.25
Import (NL buyer),Voskamp Aluminium B.V.,76109010,761090,8,"Aluminium; structures (excluding prefabricated buildings of heading no. 9406) and parts of structures, n.e.c. in heading no. 7610, plates, rods, profiles, tubes and the like",MARKS4484,Cameroon,Netherlands,Netherlands,5,2022,2,2022-02,2022-02-11,20220214,20220214,import,1,3963.99,4260.45,kg,KG,ALPHA SCRAP CO LTD,[in full dataset],Littoral Province,,,,Y,Voskamp Aluminium B.V.,[in full dataset],Almelo,,www.voskampgroep.nl,[in full dataset],Y,ALPHA SCRAP CO LTD,[in full dataset],,22045.9,22045.9,Main Container Port,Amsterdam,Almelo,1,1,27.56,MSC OSCAR,IMO1934560,LR,V153,692,CMDU,SWB,CMDU931313531,ONEY447106923,FCIU5985572,45HC,DRY,RF,FCL,CFS/CFS,DSV,3963.99
Export (NL seller),MG Energy Systems B.V.,27030000,270300,8,"Peat; (including peat litter), whether or not agglomerated",MARKS2049,Netherlands,Malta,Malta,9,2025,10,2025-10,2025-10-03,20251003,20251003,export,1,35518433.73,799.19,kg,KG,MG Energy Systems B.V.,[in full dataset],Leeuwarden,,www.mgenergysystems.eu,[in full dataset],Y,ALKAGESTA LTD,[in full dataset],SLIEMA,,www.alkagesta.com,[in full dataset],Y,MG Energy Systems B.V.,[in full dataset],,10712.1,10712.1,Amsterdam,Main Container Port,SLIEMA,1,1,13.39,EVER GIVEN,IMO1484139,MH,V527,162,YMLU,MBL,ONEY307838007,HLCU521129645,TGHU2684468,45HC,FLAT RACK,HC,FCL,CY/CFS,Kuehne + Nagel,746.71
Export (NL seller),Lubes Industries B.V.,27121090,271210,9,Petroleum jelly,MARKS7130,Netherlands,Canada,Canada,7,2025,10,2025-10,2025-10-22,20251012,20251012,import,1,26641563,215.78,kg,KG,Lubes Industries B.V.,[in full dataset],Lochem,,www.lubes-industries.nl,[in full dataset],Y,Canadian Natural Resources Limited,[in full dataset],Calgary,,www.cnrl.com,[in full dataset],Y,Lubes Industries B.V.,[in full dataset],,12161.1,12161.1,Rotterdam,"Montreal, QC",Calgary,1,1,15.2,MADRID MAERSK,IMO4328755,MH,V368,727,COSU,HBL,EGLV751268748,ONEY302034753,TGHU4235795,45HC,FLAT RACK,HC,FCL,CY/CY,Nippon Express,200
Import (NL buyer),De Vrije Energie Producent B.V.,27101215,271012,9,"Petroleum oils and oils from bituminous minerals, not containing biodiesel, not crude, not waste oils; preparations n.e.c, containing by weight 70% or more of petroleum oils or oils from bituminous minerals; light oils and preparations",MARKS5773,Latvia,Netherlands,Netherlands,8,2025,10,2025-10,2025-10-20,20251028,20251028,import,1,1337111.54,26094.03,kg,KG,Enefit SIA,[in full dataset],Riga,,www.enefit.lv,[in full dataset],Y,De Vrije Energie Producent B.V.,[in full dataset],Hengelo OV,,www.dvep.nl,[in full dataset],Y,Enefit SIA,[in full dataset],,11819,11819,Main Container Port,Amsterdam,Hengelo OV,1,1,14.77,EVER ACME,IMO6529492,PA,V375,558,ZIMU,SWB,CMDU587103961,COSU605959093,CAIU7859734,20GP,FLAT RACK,RF,FCL,CY/CY,DHL Global Forwarding,22983.64
Import (NL buyer),Hoefnagel en Meijn B.V.,73251000,732510,8,Iron; articles of non-malleable cast iron,MARKS8295,New Zealand,Netherlands,Netherlands,5,2021,3,2021-03,2021-03-12,20210319,20210319,import,1,168272.13,22287.96,kg,KG,CHINA CONSTRUCTION BANK CORPORATION,[in full dataset],Auckland,,,,Y,Hoefnagel en Meijn B.V.,[in full dataset],Zaandam,,www.hoefnagel-meijn.nl,[in full dataset],Y,CHINA CONSTRUCTION BANK CORPORATION,[in full dataset],,22868.8,22868.8,Auckland,Amsterdam,Zaandam,1,1,28.59,APL MEXICO CITY,IMO6020737,PA,V871,696,YMLU,HBL,COSU282531349,MAEU155983679,BMOU4352842,40GP,REEFER,HC,FCL,CY/CY,Nippon Express,20080.07
Import (NL buyer),Parlevliet en Van der Plas B.V.,03082200,030822,6,"Aquatic invertebrates; sea urchins (Strongylocentrotus spp., Paracentrotus lividus, Loxechinus albus, Echinus esculentus), frozen",MARKS1332,Cyprus,Netherlands,Netherlands,5,2017,7,2017-07,2017-07-03,20170722,20170722,import,1,5443.62,6046.86,kg,KG,ACA FLOWER HOUSE LTD,[in full dataset],Paralimni,,,,Y,Parlevliet en Van der Plas B.V.,[in full dataset],Valkenburg ZH,,www.pp-group.eu,[in full dataset],Y,ACA FLOWER HOUSE LTD,[in full dataset],,4391.7,4391.7,Main Container Port,Amsterdam,Valkenburg ZH,1,1,5.49,APL MEXICO CITY,IMO6994880,MH,V657,530,ZIMU,HBL,MAEU506568334,EGLV370495391,GESU6562207,20GP,TANK,HC,FCL,CY/CFS,DHL Global Forwarding,5443.62
Import (NL buyer),Sabbie's Breishop B.V.,90065380,900653,6,"Cameras, photographic (excluding cinematographic), for roll film of a width of 35mm",MARKS2316,Italy,Netherlands,Netherlands,5,2020,2,2020-02,2020-02-26,20200209,20200209,export,1,33722928.43,27564.58,kg,KG,TECHNOGYM SPA,[in full dataset],CESENA,,www.technogym.com,[in full dataset],Y,Sabbie's Breishop B.V.,[in full dataset],Amsterdam,,www.serenity-designs.ch,[in full dataset],Y,TECHNOGYM SPA,[in full dataset],,9547.3,9547.3,La Spezia,Rotterdam,Amsterdam,1,1,11.93,APL MEXICO CITY,IMO3918711,PA,V797,697,ONEY,MBL,CMDU544039771,YMLU840492767,FCIU7555201,45HC,REEFER,GP,FCL,CFS/CFS,Nippon Express,24227.72
Export (NL seller),BW Energy Dussafu B.V.,27160000,271600,5,Electrical energy,MARKS2092,Netherlands,Saudi Arabia,Saudi Arabia,6,2016,10,2016-10,2016-10-03,20161015,20161015,import,1,486133.94,9050.09,kg,KG,BW Energy Dussafu B.V.,[in full dataset],Amsterdam,,,,Y,ARABIAN PORTS COMPANY FOR MARINE CONTRACTING ENVIRONMENTAL PROTECTION PETROLEUM SERVICES AND ENERGY,[in full dataset],Jeddah,,,,Y,BW Energy Dussafu B.V.,[in full dataset],,10106.5,10106.5,Amsterdam,King Abdullah Port,Jeddah,1,1,12.63,EVER ACME,IMO2234853,SG,V740,691,HLCU,HBL,EGLV391580649,YMLU955504174,TGHU5671055,20GP,REEFER,GP,FCL,CY/CY,Bollore Logistics,8213.05
Import (NL buyer),Aura B.V.,87087050,870870,7,Vehicle parts; road wheels and parts and accessories thereof,MARKS4069,Georgia,Netherlands,Netherlands,7,2024,1,2024-01,2024-01-21,20240112,20240112,import,1,9405.68,10105.85,kg,KG,"Amboli, LLC",[in full dataset],Tbilisi,,amboli.ge,[in full dataset],N,Aura B.V.,[in full dataset],Mijdrecht,,,,N,"Amboli, LLC",[in full dataset],,13643.8,13643.8,Main Container Port,Amsterdam,Mijdrecht,1,1,17.05,EVER ACME,IMO1047202,PA,V882,70,OOLU,HBL,ONEY902043971,MAEU563804511,FCIU4358152,40GP,TANK,RF,FCL,CY/CFS,Nippon Express,9405.68
Export (NL seller),Lenovo NEC Holdings B.V.,84391000,843910,6,Machinery; for making pulp of fibrous cellulosic material,MARKS1207,Netherlands,Brunei,Brunei,9,2022,6,2022-06,2022-06-11,20220613,20220613,export,1,264302.88,27062.69,kg,KG,Lenovo NEC Holdings B.V.,[in full dataset],Amsterdam,,www.lenovo.com,[in full dataset],Y,MALPY MACHINERY (B) SDN BHD,[in full dataset],Bandar Seri Begawan,,,,Y,Lenovo NEC Holdings B.V.,[in full dataset],,17365.3,17365.3,Rotterdam,Main Container Port,Bandar Seri Begawan,1,1,21.71,CSCL GLOBE,IMO3207199,PA,V789,453,ZIMU,MBL,COSU146636638,YMLU275854123,MSCU1365624,20GP,FLAT RACK,RF,LCL,CY/CFS,Bollore Logistics,24741.15
Import (NL buyer),TotalEnergies EP M'Bridge B.V.,27131200,271312,6,"Petroleum coke; calcined, obtained from bituminous minerals",MARKS7277,Hungary,Netherlands,Netherlands,8,2016,10,2016-10,2016-10-07,20161012,20161012,export,1,840907,66266.95,kg,KG,Premier Energy Wind 158 Kft.,[in full dataset],Budapest,,,,Y,TotalEnergies EP M'Bridge B.V.,[in full dataset],'s-Gravenhage,,www.totalenergies.nl,[in full dataset],Y,Premier Energy Wind 158 Kft.,[in full dataset],,15605.2,15605.2,Budapest (inland),Rotterdam,'s-Gravenhage,1,1,19.51,MSC GULSUN,IMO4141652,PA,V688,656,COSU,SWB,HLCU338949994,EGLV332726244,BMOU3981209,40HC,FLAT RACK,RF,FCL,CFS/CFS,Expeditors,61907.34
Export (NL seller),Ad & Linda v.o.f.,90303900,903039,6,"Instruments and apparatus; for measuring or checking voltage, current, resistance or power, with a recording device (excluding multimeters)",MARKS7874,Netherlands,Sweden,Sweden,7,2019,12,2019-12,2019-12-09,20191221,20191221,export,1,56849353.16,228.24,kg,KG,Ad & Linda v.o.f.,[in full dataset],Hoofddorp,,,,Y,BSH Home Appliances AB,[in full dataset],Solna,,www.bsh-group.com,[in full dataset],Y,Ad & Linda v.o.f.,[in full dataset],,3529.8,3529.8,Amsterdam,Gothenburg,Solna,1,1,4.41,HMM ALGECIRAS,IMO5053249,LR,V608,319,ZIMU,SWB,MSCU476373384,MAEU271401091,TGHU6411847,40GP,REEFER,RF,FCL,CY/CY,DSV,200
Export (NL seller),InterEstate II B.V.,87163100,871631,7,Tanker trailers and tanker semi-trailers,MARKS6091,Netherlands,Albania,Albania,5,2024,1,2024-01,2024-01-13,20240126,20240126,export,1,1046382.72,1085.06,kg,KG,InterEstate II B.V.,[in full dataset],Amsterdam,,,,Y,EVEREST AUTOMOTIVE SH.P.K.,[in full dataset],TIRANE,,www.everestautomotive.al,[in full dataset],Y,InterEstate II B.V.,[in full dataset],,9641.2,9641.2,Amsterdam,Main Container Port,TIRANE,1,1,12.05,OOCL HONG KONG,IMO6318358,LR,V334,882,EGLV,MBL,COSU994431486,COSU482605978,FCIU3540927,40HC,DRY,GP,LCL,CY/CY,Sinotrans,1032.29
Import (NL buyer),Teegeetee Apotheken B.V.,30059099,300590,7,"Wadding, gauze, bandages and similar articles; (excluding adhesive dressings), impregnated or coated with pharmaceutical substances, packaged for retail sale",MARKS5727,Saudi Arabia,Netherlands,Netherlands,7,2015,6,2015-06,2015-06-06,20150617,20150617,import,1,49939.34,54974.15,kg,KG,ACEDRA PHARMACEUTICAL COMPANY,[in full dataset],Riyadh,,www.acedrarx.com,[in full dataset],Y,Teegeetee Apotheken B.V.,[in full dataset],Hoogeveen,,www.serviceapotheek.nl,[in full dataset],Y,ACEDRA PHARMACEUTICAL COMPANY,[in full dataset],,20375,20375,Dammam,Rotterdam,Hoogeveen,1,1,25.47,BARZAN,IMO1171654,SG,V973,931,ZIMU,HBL,EGLV237538310,COSU758943739,TCLU8517249,40HC,DRY,RF,FCL,CY/CFS,Expeditors,49939.34
Export (NL seller),Automobielbedrijf Bert Story B.V.,87089993,870899,9,Vehicle parts and accessories; n.e.c. in heading no. 8708,MARKS1492,Netherlands,Malta,Malta,9,2024,1,2024-01,2024-01-23,20240111,20240111,export,1,1270366.59,6369.44,kg,KG,Automobielbedrijf Bert Story B.V.,[in full dataset],Waardenburg,,www.storybmw.nl,[in full dataset],Y,Motion Car Parts Center Limited,[in full dataset],Valletta,,,,Y,Automobielbedrijf Bert Story B.V.,[in full dataset],,22771.5,22771.5,Rotterdam,Main Container Port,Valletta,1,1,28.46,CMA CGM JULES VERNE,IMO1179652,PA,V168,288,ZIMU,HBL,MSCU199179857,YMLU235139366,BMOU2949693,40HC,DRY,GP,FCL,CFS/CFS,Nippon Express,5742.73
Import (NL buyer),Brunel Energy Angola B.V.,27121090,271210,7,Petroleum jelly,MARKS5571,Japan,Netherlands,Netherlands,5,2016,10,2016-10,2016-10-09,20161021,20161021,export,1,634893.28,132976.51,kg,KG,"COSMO ENERGY HOLDINGS COMPANY,LIMITED",[in full dataset],CHUO-KU,,www.cosmo-energy.co.jp,[in full dataset],Y,Brunel Energy Angola B.V.,[in full dataset],Amsterdam,,www.brunel.nl,[in full dataset],Y,"COSMO ENERGY HOLDINGS COMPANY,LIMITED",[in full dataset],,22293.7,22293.7,Nagoya,Amsterdam,Amsterdam,1,1,27.87,ONE APUS,IMO1141185,MH,V831,753,EGLV,SWB,ONEY873162502,ONEY658854386,GESU6841261,40HC,OPEN TOP,GP,LCL,CY/CY,Yusen Logistics,118007.66
Import (NL buyer),Batenburg Energieoplossingen B.V.,27112100,271121,9,"Petroleum gases and other gaseous hydrocarbons; in gaseous state, natural gas",MARKS8237,Costa Rica,Netherlands,Netherlands,7,2025,10,2025-10,2025-10-12,20251015,20251015,import,1,272688.34,13718.33,kg,KG,"Refinadora Costarricense de Petroleo, S.A.",[in full dataset],San Jose,,www.recope.go.cr,[in full dataset],Y,Batenburg Energieoplossingen B.V.,[in full dataset],Rotterdam,,www.batenburgbeveiligingstechniek.nl,[in full dataset],Y,"Refinadora Costarricense de Petroleo, S.A.",[in full dataset],,2012.6,2012.6,Main Container Port,Rotterdam,Rotterdam,1,1,2.52,APL MEXICO CITY,IMO3294520,MH,V257,189,CMDU,SWB,MSCU951538616,HLCU616478598,GESU9225401,40HC,FLAT RACK,GP,FCL,CY/CFS,DSV,12369.61
Import (NL buyer),QD Tennis,90318080,903180,8,"Instruments, appliances and machines; for measuring or checking n.e.c. in chapter 90",MARKS9989,United Kingdom,Netherlands,Netherlands,8,2022,6,2022-06,2022-06-12,20220625,20220625,export,1,123866009.62,102306.83,kg,KG,PHOENIX HEALTHCARE DISTRIBUTION LIMITED,[in full dataset],RUNCORN,,www.myp-i-n.co.uk,[in full dataset],Y,QD Tennis,[in full dataset],De Kwakel,,,,Y,PHOENIX HEALTHCARE DISTRIBUTION LIMITED,[in full dataset],,11623.2,11623.2,Felixstowe,Rotterdam,De Kwakel,1,1,14.53,APL MEXICO CITY,IMO9476597,SG,V523,175,ONEY,SWB,HLCU602565997,ONEY767118784,CAIU9189237,45HC,TANK,RF,FCL,CFS/CFS,CEVA Logistics,93315.81
Import (NL buyer),BAM Wood Concepts B.V.,38070010,380700,7,"Wood tar; wood tar oils; wood creosote; wood naphtha; vegetable pitch; brewers' pitch and similar preparations based on rosin, resin acids or on vegetable pitch",MARKS9206,Philippines,Netherlands,Netherlands,5,2023,7,2023-07,2023-07-15,20230727,20230727,import,1,1220.82,1286.06,kg,KG,PEERLESS PRODUCTS MANUFACTURING CORPORATION,[in full dataset],Valenzuela,,,,Y,BAM Wood Concepts B.V.,[in full dataset],Oudkarspel,,www.bamwoodconcepts.nl,[in full dataset],Y,PEERLESS PRODUCTS MANUFACTURING CORPORATION,[in full dataset],,23980.4,23980.4,Cebu,Amsterdam,Oudkarspel,1,1,29.98,HYUNDAI LOYALTY,IMO6526827,SG,V955,611,MAEU,SWB,CMDU470385295,MAEU243408719,BMOU8312576,40HC,TANK,HC,LCL,CFS/CFS,CEVA Logistics,1220.82
Import (NL buyer),Klaas Puul B.V.,03078300,030783,8,"Molluscs; abalone (Haliotis spp.), whether in shell or not, frozen",MARKS6256,Ghana,Netherlands,Netherlands,8,2017,6,2017-06,2017-06-03,20170617,20170617,import,1,3107.06,3398.14,kg,KG,NEY FARMS LTD,[in full dataset],Accra,,,,Y,Klaas Puul B.V.,[in full dataset],Volendam,,www.klaaspuul.com,[in full dataset],Y,NEY FARMS LTD,[in full dataset],,14839,14839,Main Container Port,Amsterdam,Volendam,1,1,18.55,OOCL HONG KONG,IMO6687587,PA,V311,901,YMLU,MBL,HLCU787793436,MAEU927220553,GESU5328956,45HC,FLAT RACK,HC,FCL,CY/CFS,Expeditors,3107.06
Import (NL buyer),Blue Medical Devices B.V.,90039000,900390,6,"Frames and mountings; parts for spectacles, goggles or the like",MARKS6507,South Korea,Netherlands,Netherlands,7,2019,12,2019-12,2019-12-17,20191225,20191225,import,1,9585065.01,2671.14,kg,KG,Samsung Life Public Welfare Foundation_Samsung Medical Center,[in full dataset],Seoul,,www.samsunghospital.com,[in full dataset],Y,Blue Medical Devices B.V.,[in full dataset],Helmond,,www.wellinq.com,[in full dataset],Y,Samsung Life Public Welfare Foundation_Samsung Medical Center,[in full dataset],,20759.7,20759.7,Gwangyang,Amsterdam,Helmond,1,1,25.95,MSC GULSUN,IMO1872799,MH,V391,751,EGLV,HBL,MAEU273590610,MAEU328702758,GESU2984873,40HC,DRY,RF,LCL,CFS/CFS,Yusen Logistics,2390.69
Import (NL buyer),Air Products Nederland B.V.,38069000,380690,9,"Rosin; spirit and oils, n.e.c. in heading no. 3806",MARKS3413,Latvia,Netherlands,Netherlands,6,2023,7,2023-07,2023-07-07,20230725,20230725,import,1,88354.56,93739.01,kg,KG,POLYSTYLEX SIA,[in full dataset],Riga,,www.polystylex.com,[in full dataset],Y,Air Products Nederland B.V.,[in full dataset],Botlek Rotterdam,,www.airproducts.com,[in full dataset],Y,POLYSTYLEX SIA,[in full dataset],,11160.8,11160.8,Main Container Port,Rotterdam,Botlek Rotterdam,1,1,13.95,CMA CGM JULES VERNE,IMO2065970,LR,V369,989,YMLU,HBL,ONEY741312931,CMDU739304571,BMOU2957875,40GP,DRY,RF,LCL,CY/CFS,Bollore Logistics,85134.49
Export (NL seller),Iv-Offshore & Energy B.V.,27021000,270210,9,"Lignite; whether or not pulverised, but not agglomerated, excluding jet",MARKS9488,Netherlands,Hong Kong,Hong Kong,8,2016,10,2016-10,2016-10-23,20161028,20161028,export,1,166712.02,8040.69,kg,KG,Iv-Offshore & Energy B.V.,[in full dataset],Papendrecht,,www.iv-offshore-energy.nl,[in full dataset],Y,CHINA PETROLEUM & CHEMICAL CORPORATION,[in full dataset],Wan Chai,,www.sinopec.com,[in full dataset],Y,Iv-Offshore & Energy B.V.,[in full dataset],,10801.9,10801.9,Rotterdam,Hong Kong (Kwai Tsing),Wan Chai,1,1,13.5,MSC OSCAR,IMO9242532,PA,V671,211,COSU,HBL,YMLU683603925,YMLU275080448,FCIU3163722,40HC,OPEN TOP,HC,FCL,CY/CY,CEVA Logistics,7536.03
Import (NL buyer),Feenstra N.V.,27132000,271320,7,Petroleum bitumen; obtained from bituminous minerals,MARKS8922,Malaysia,Netherlands,Netherlands,5,2025,10,2025-10,2025-10-01,20251015,20251015,export,1,5049056.16,2750.86,kg,KG,SANDAKAN EDIBLE OILS SDN. BHD.,[in full dataset],Sandakan,,www.pgeogroup.com.my,[in full dataset],Y,Feenstra N.V.,[in full dataset],Amsterdam,,www.feenstra.com,[in full dataset],Y,SANDAKAN EDIBLE OILS SDN. BHD.,[in full dataset],,8502.8,8502.8,Tanjung Pelepas,Amsterdam,Amsterdam,1,1,10.63,YM WARRANTY,IMO3624134,LR,V430,678,CMDU,SWB,MAEU463993571,ONEY539153517,TCLU8341810,40GP,TANK,GP,FCL,CY/CY,CEVA Logistics,2606.8
Import (NL buyer),GreenChem Holding B.V.,38086100,380861,7,Insecticides and the like; containing goods specified in Subheading Note 2 to this Chapter; in packings of a net weight content not exceeding 300g; for retail sale or as preparations or articles,MARKS3026,Greece,Netherlands,Netherlands,6,2023,7,2023-07,2023-07-05,20230727,20230727,import,1,224869.55,1431.13,kg,KG,BASF HELLAS SINGLE MEMBER INDUSTRIAL AND COMMERCIAL S.A.,[in full dataset],Maroussi,,www.basf.com,[in full dataset],Y,GreenChem Holding B.V.,[in full dataset],Breda,,www.greenchem-adblue.com,[in full dataset],N,BASF HELLAS SINGLE MEMBER INDUSTRIAL AND COMMERCIAL S.A.,[in full dataset],,3672,3672,Main Container Port,Rotterdam,Breda,1,1,4.59,HYUNDAI LOYALTY,IMO4080881,SG,V713,134,EGLV,MBL,ONEY603298642,ONEY142431308,MSCU3647780,40GP,DRY,RF,FCL,CY/CFS,Yusen Logistics,1248.16
Import (NL buyer),Ursus Marine Service,90321080,903210,5,"Regulating or controlling instruments and apparatus; automatic type, thermostats",MARKS7201,China,Netherlands,Netherlands,8,2020,2,2020-02,2020-02-16,20200227,20200227,import,1,80681894.39,204008.07,kg,KG,"Gree Electric Appliances, Inc. Of Zhuhai",[in full dataset],Zhuhai,,www.gree.com.cn,[in full dataset],Y,Ursus Marine Service,[in full dataset],Sneek,,,,Y,"Gree Electric Appliances, Inc. Of Zhuhai",[in full dataset],,18063.3,18063.3,Tianjin,Amsterdam,Sneek,1,1,22.58,APL MEXICO CITY,IMO4929114,SG,V531,434,ONEY,SWB,YMLU434068138,MAEU142004895,TGHU9129617,20GP,TANK,RF,LCL,CY/CFS,Expeditors,179587.37
Export (NL seller),VDL Network Supplies B.V.,84178050,841780,8,"Furnaces and ovens; including incinerators, non-electric, for industrial or laboratory use, n.e.c. in heading no. 8417",MARKS1561,Netherlands,Benin,Benin,7,2018,12,2018-12,2018-12-03,20181203,20181203,export,1,259471.19,7484.35,kg,KG,VDL Network Supplies B.V.,[in full dataset],Eindhoven,,www.vdlgroep.com,[in full dataset],Y,FLUDOR BENIN SA,[in full dataset],Cotonou,,www.fludorbenin.com,[in full dataset],Y,VDL Network Supplies B.V.,[in full dataset],,10615.8,10615.8,Amsterdam,Main Container Port,Cotonou,1,1,13.27,CSCL GLOBE,IMO7459637,PA,V379,865,MSCU,SWB,MAEU999362031,ONEY112049041,BMOU8166929,40HC,DRY,GP,FCL,CY/CY,Sinotrans,6581.87
Export (NL seller),Bol Peat B.V.,27072000,270720,6,Oils and products of the distillation of high temperature coal tar; toluol (toluene),MARKS4114,Netherlands,Portugal,Portugal,8,2025,10,2025-10,2025-10-24,20251017,20251017,export,1,14966909.97,218.82,kg,KG,Bol Peat B.V.,[in full dataset],Schiedam,,www.bolpeat.nl,[in full dataset],Y,"OENEO ENERGY, LDA",[in full dataset],LISBOA,,,,Y,Bol Peat B.V.,[in full dataset],,19400.3,19400.3,Rotterdam,Main Container Port,LISBOA,1,1,24.25,MADRID MAERSK,IMO5650184,SG,V640,777,ZIMU,HBL,MSCU555218916,ONEY856358187,FCIU8420674,40HC,REEFER,GP,LCL,CFS/CFS,CEVA Logistics,200
Export (NL seller),Ingka Pro Holding B.V.,87116090,871160,5,"Motorcycles (including mopeds) and cycles; fitted with auxiliary motor, with electric motor for propulsion, with or without side-cars; side-cars",MARKS1092,Netherlands,Mauritius,Mauritius,6,2020,3,2020-03,2020-03-10,20200324,20200324,export,1,7500.99,8457.2,kg,KG,Ingka Pro Holding B.V.,[in full dataset],Leiden,,,,Y,MAURITIUS INTERNATIONAL TRUST COMPANY LIMITED,[in full dataset],Port Louis,,www.mitcoworld.com,[in full dataset],Y,Ingka Pro Holding B.V.,[in full dataset],,21773.3,21773.3,Rotterdam,Main Container Port,Port Louis,1,1,27.22,MSC GULSUN,IMO7037526,PA,V290,591,ONEY,SWB,EGLV871127870,HLCU419193054,MSCU9249845,40HC,OPEN TOP,RF,FCL,CFS/CFS,Kuehne + Nagel,7500.99
Export (NL seller),Fudinto B.V.,03081100,030811,5,"Aquatic invertebrates; sea cucumbers (Stichopus japonicus, Holothuroidea), live, fresh or chilled",MARKS8725,Netherlands,Chile,Chile,9,2017,1,2017-01,2017-01-05,20170107,20170107,export,1,2483.68,2823.5,kg,KG,Fudinto B.V.,[in full dataset],Dinteloord,,,,Y,Inversiones Nutravalor S.A.,[in full dataset],SANTIAGO,,www.nutravalor.cl,[in full dataset],Y,Fudinto B.V.,[in full dataset],,13410,13410,Rotterdam,San Antonio,SANTIAGO,1,1,16.76,CMA CGM JULES VERNE,IMO8277334,MH,V211,765,HLCU,SWB,ONEY387900147,EGLV883850712,GESU2233126,45HC,OPEN TOP,GP,FCL,CY/CY,Nippon Express,2483.68
Export (NL seller),Eni Energy Participation Netherlands B.V.,27072000,270720,8,Oils and products of the distillation of high temperature coal tar; toluol (toluene),MARKS4098,Netherlands,Kenya,Kenya,9,2025,10,2025-10,2025-10-24,20251017,20251017,export,1,7944512.75,1449.55,kg,KG,Eni Energy Participation Netherlands B.V.,[in full dataset],'s-Gravenhage,,www.neptuneenergy.com,[in full dataset],N,TOTALENERGIES MARKETING KENYA PUBLIC LIMITED COMPANY,[in full dataset],Nairobi,,www.totalenergies.ke,[in full dataset],Y,Eni Energy Participation Netherlands B.V.,[in full dataset],,19086.3,19086.3,Rotterdam,Main Container Port,Nairobi,1,1,23.86,MOL TRIUMPH,IMO4648569,LR,V273,246,ZIMU,SWB,MSCU512134660,HLCU508516143,TCLU3450297,40GP,REEFER,RF,FCL,CFS/CFS,DSV,1365.42
Import (NL buyer),Mitsubishi Turbocharger and Engine Europe B.V.,84743900,847439,5,"Machines; for mixing or kneading mineral substances, excluding concrete mixers and machines for mixing mineral substances with bitumen",MARKS4460,Angola,Netherlands,Netherlands,5,2018,12,2018-12,2018-12-26,20181214,20181214,import,1,27202.57,31171.32,kg,KG,"PANORAMA TECNOLOGIAS - CONSULTORIA, (SU), LDA",[in full dataset],Luanda,,www.panorama.africa (Group),[in full dataset],Y,Mitsubishi Turbocharger and Engine Europe B.V.,[in full dataset],Almere,,www.mtee.eu,[in full dataset],Y,"PANORAMA TECNOLOGIAS - CONSULTORIA, (SU), LDA",[in full dataset],,6669.3,6669.3,Main Container Port,Amsterdam,Almere,1,1,8.34,EVER GIVEN,IMO8322905,PA,V576,702,COSU,HBL,CMDU130345781,EGLV136661547,MSCU1667969,40HC,OPEN TOP,HC,FCL,CY/CY,DSV,27202.57
Export (NL seller),VDL GL Precision B.V.,84589900,845899,9,"Lathes; for removing metal, other than horizontal or numerically controlled lathes",MARKS6091,Netherlands,Maldives,Maldives,9,2018,12,2018-12,2018-12-14,20181222,20181222,export,1,117815.19,27854.81,kg,KG,VDL GL Precision B.V.,[in full dataset],Eindhoven,,www.vdlglprecision.nl,[in full dataset],Y,TECH PULSE PVT LTD,[in full dataset],Male,,,,Y,VDL GL Precision B.V.,[in full dataset],,14775.5,14775.5,Rotterdam,Main Container Port,Male,1,1,18.47,APL MEXICO CITY,IMO3383644,MH,V766,906,COSU,MBL,ONEY590365499,MAEU313518184,BMOU6998180,40GP,TANK,RF,FCL,CFS/CFS,Nippon Express,25398.16
Import (NL buyer),Hydraulisch Transport en Scheepvaartbedrijf Mineralis B.V.,73182900,731829,9,"Iron or steel; non-threaded articles, n.e.c. in item no. 7318.2",MARKS8289,Egypt,Netherlands,Netherlands,6,2021,3,2021-03,2021-03-24,20210304,20210304,export,1,143252.01,2558.25,kg,KG,ARABIAN CONSTRUCTION COMPANY,[in full dataset],Cairo,,www.accsal.com,[in full dataset],Y,Hydraulisch Transport en Scheepvaartbedrijf Mineralis B.V.,[in full dataset],Hattemerbroek,,www.mineralis.nl,[in full dataset],Y,ARABIAN CONSTRUCTION COMPANY,[in full dataset],,5438.4,5438.4,Alexandria,Rotterdam,Hattemerbroek,1,1,6.8,MADRID MAERSK,IMO1367110,SG,V486,819,OOLU,HBL,CMDU908211827,HLCU643518973,GESU6260616,40HC,FLAT RACK,GP,FCL,CY/CFS,Nippon Express,2408.25
Import (NL buyer),Microtek Medical B.V.,90192020,901920,9,"Therapeutic respiration apparatus; ozone, oxygen, aerosol therapy apparatus; artificial respiration or other therapeutic respiration apparatus",MARKS8561,Cyprus,Netherlands,Netherlands,8,2019,12,2019-12,2019-12-01,20191207,20191207,import,1,335288.34,112658,kg,KG,T.B.S. TECHNECO BUSINESS SOLUTIONS LTD,[in full dataset],Limassol,,tbstechnecobusinesssolutions.business.site,[in full dataset],Y,Microtek Medical B.V.,[in full dataset],Zutphen,,www.medline.eu,[in full dataset],Y,T.B.S. TECHNECO BUSINESS SOLUTIONS LTD,[in full dataset],,15151.7,15151.7,Main Container Port,Amsterdam,Zutphen,1,1,18.94,MSC OSCAR,IMO1496887,LR,V990,845,COSU,HBL,CMDU236392457,MAEU159003864,TCLU6484793,40GP,TANK,GP,FCL,CY/CY,Expeditors,105099.29
Export (NL seller),Acoustical Optical Devices,90071000,900710,6,"Cameras, cinematographic; whether or not incorporating sound recording apparatus",MARKS2692,Netherlands,Denmark,Denmark,6,2019,12,2019-12,2019-12-10,20191228,20191228,export,1,36831995.95,1336.95,kg,KG,Acoustical Optical Devices,[in full dataset],Delft,,,,Y,Radiometer Medical ApS,[in full dataset],Brønshøj,,www.radiometer.com,[in full dataset],Y,Acoustical Optical Devices,[in full dataset],,19930.3,19930.3,Amsterdam,Main Container Port,Brønshøj,1,1,24.91,CMA CGM JULES VERNE,IMO3686871,SG,V502,869,ONEY,MBL,MAEU326825268,COSU289764031,BMOU8915849,40GP,REEFER,GP,FCL,CY/CY,Expeditors,1270.15
Import (NL buyer),D.S.T. System Production and Supply B.V.,76020090,760200,6,Aluminium; waste and scrap,MARKS6684,Slovakia,Netherlands,Netherlands,5,2022,8,2022-08,2022-08-09,20220804,20220804,import,1,656935.34,13098.35,kg,KG,"ALU - SV SK, s.r.o.",[in full dataset],Žilina,,www.alu-sv.com,[in full dataset],Y,D.S.T. System Production and Supply B.V.,[in full dataset],Hilversum,,,,Y,"ALU - SV SK, s.r.o.",[in full dataset],,15397.3,15397.3,Main Container Port,Rotterdam,Hilversum,1,1,19.25,ONE APUS,IMO9850836,SG,V318,354,EGLV,HBL,YMLU589952366,COSU616399586,CAIU5497547,40HC,FLAT RACK,RF,FCL,CY/CY,Kuehne + Nagel,11470.22
Import (NL buyer),FF Logistics B.V.,84798100,847981,9,"Machines and mechanical appliances; for treating metal, including electric wire coil-winders",MARKS9416,Ivory Coast,Netherlands,Netherlands,9,2018,12,2018-12,2018-12-15,20181224,20181224,import,1,24889.3,28088.34,kg,KG,SOCIETE MULTINATIONALE DE BITUMES,[in full dataset],Abidjan,,www.smb.ci,[in full dataset],Y,FF Logistics B.V.,[in full dataset],Lochem,,www.forfarmers.nl,[in full dataset],Y,SOCIETE MULTINATIONALE DE BITUMES,[in full dataset],,23543.5,23543.5,Main Container Port,Amsterdam,Lochem,1,1,29.43,CMA CGM JULES VERNE,IMO1318064,SG,V519,73,APLU,HBL,MSCU610132880,ONEY774188089,TCLU1437093,40HC,OPEN TOP,HC,FCL,CY/CY,Bollore Logistics,24889.3
Import (NL buyer),PRIME ENERGY RESOURCES DEVELOPMENT B.V.,27141000,271410,8,Bituminous or oil shale and tar sands,MARKS8037,Thailand,Netherlands,Netherlands,8,2016,10,2016-10,2016-10-01,20161001,20161001,import,1,274149.36,3456.24,kg,KG,PTT EXPLORATION AND PRODUCTION PUBLIC COMPANY LIMITED,[in full dataset],CHATUCHAK,,www.pttep.com,[in full dataset],Y,PRIME ENERGY RESOURCES DEVELOPMENT B.V.,[in full dataset],AMSTERDAM-DUIVENDRECHT,,,,Y,PTT EXPLORATION AND PRODUCTION PUBLIC COMPANY LIMITED,[in full dataset],,20270.4,20270.4,Bangkok,Rotterdam,AMSTERDAM-DUIVENDRECHT,1,1,25.34,COSCO UNIVERSE,IMO7354428,MH,V568,981,ZIMU,HBL,COSU524505261,ONEY596502508,FCIU7020624,20GP,REEFER,RF,FCL,CY/CFS,Yusen Logistics,3173.68
Export (NL seller),Azule Energy Angola (Block 18) B.V.,27040090,270400,7,"Coke and semi-coke; of coal, lignite or peat, whether or not agglomerated; retort carbon",MARKS3162,Netherlands,Jordan,Jordan,6,2016,10,2016-10,2016-10-22,20161008,20161008,export,1,287057.5,11552.02,kg,KG,Azule Energy Angola (Block 18) B.V.,[in full dataset],Amsterdam,,,,Y,AL SAHEL AL SHARQI OIL AND GAS INVESTMENT,[in full dataset],Al 'Aqabah,,,,Y,Azule Energy Angola (Block 18) B.V.,[in full dataset],,885,885,Rotterdam,Main Container Port,Al 'Aqabah,1,1,1.11,HMM ALGECIRAS,IMO5260421,LR,V597,459,MAEU,SWB,COSU304010058,COSU766522314,FCIU4966916,40GP,OPEN TOP,RF,FCL,CY/CY,Nippon Express,10781.83
Export (NL seller),Emergo Systems B.V.,84538000,845380,8,"Machinery; for making or repairing articles of hides, skins or leather, other than sewing machines",MARKS7313,Netherlands,Eswatini,Eswatini,7,2022,6,2022-06,2022-06-20,20220604,20220604,export,1,304833.36,27240.66,kg,KG,Emergo Systems B.V.,[in full dataset],Harderwijk,,www.emergo-systems.nl,[in full dataset],Y,SIMZA INVESTMENT (PTY) LTD,[in full dataset],PIGGS PEAK,,,,Y,Emergo Systems B.V.,[in full dataset],,19525.7,19525.7,Amsterdam,Main Container Port,PIGGS PEAK,1,1,24.41,MADRID MAERSK,IMO9790602,LR,V512,720,COSU,SWB,HLCU403876612,ONEY454715117,FCIU6440998,45HC,DRY,GP,FCL,CFS/CFS,DSV,25799.48
Export (NL seller),DroomPark De Zanding B.V.,87091190,870911,6,"Vehicles; electrical, self-propelled, (not fitted with lifting or handling equipment), of the type used for short distance transport of goods in factories, warehouses, dock areas or airports",MARKS6598,Netherlands,Jordan,Jordan,9,2024,1,2024-01,2024-01-05,20240120,20240120,export,1,1587098.64,1596.62,kg,KG,DroomPark De Zanding B.V.,[in full dataset],Otterlo,,www.europarcs.nl,[in full dataset],N,SANWAN AUTO TRADING,[in full dataset],Amman,,,,Y,DroomPark De Zanding B.V.,[in full dataset],,17609.2,17609.2,Amsterdam,Main Container Port,Amman,1,1,22.01,EVER ACME,IMO2217950,PA,V894,283,ONEY,SWB,ONEY139577801,COSU743375470,TGHU8423215,40GP,REEFER,GP,FCL,CY/CFS,DHL Global Forwarding,1399.28
Import (NL buyer),Vivo Energy Holding B.V.,27101946,271019,7,"Petroleum oils and oils from bituminous minerals, not containing biodiesel, not crude, not waste oils; preparations n.e.c, containing by weight 70% or more of petroleum oils or oils from bituminous minerals; not light oils and preparations",MARKS7485,Hungary,Netherlands,Netherlands,9,2016,10,2016-10,2016-10-17,20161020,20161020,import,1,582225.72,53427.27,kg,KG,Premier Energy Wind 158 Kft.,[in full dataset],Budapest,,,,Y,Vivo Energy Holding B.V.,[in full dataset],Rotterdam,,www.vivoenergy.com,[in full dataset],Y,Premier Energy Wind 158 Kft.,[in full dataset],,12856.4,12856.4,Budapest (inland),Amsterdam,Rotterdam,1,1,16.07,CSCL GLOBE,IMO2665740,SG,V385,701,HMMU,SWB,MSCU867784849,CMDU104338317,TCLU5921229,45HC,REEFER,GP,FCL,CY/CFS,Sinotrans,49704.65
Import (NL buyer),Univar Solutions B.V.,38012010,380120,9,Graphite; colloidal or semi-colloidal,MARKS4101,Russia,Netherlands,Netherlands,8,2023,7,2023-07,2023-07-10,20230726,20230726,import,1,105300.06,10026.92,kg,KG,FATS AND OIL INTEGRATED WORKS JSC,[in full dataset],Ekaterinburg,,fatfactory.ru,[in full dataset],N,Univar Solutions B.V.,[in full dataset],Rotterdam,,www.univar.com,[in full dataset],Y,FATS AND OIL INTEGRATED WORKS JSC,[in full dataset],,14585.5,14585.5,Novorossiysk,Rotterdam,Rotterdam,1,1,18.23,MSC OSCAR,IMO3324364,MH,V985,705,APLU,SWB,YMLU714281448,MSCU824859430,CAIU1792305,20GP,OPEN TOP,GP,FCL,CY/CFS,Bollore Logistics,9081.66
Import (NL buyer),Global Factories Total Engineering and Manufacturing B.V.,76152000,761520,6,Aluminium; sanitary ware and parts thereof,MARKS6128,Ukraine,Netherlands,Netherlands,9,2022,5,2022-05,2022-05-18,20220510,20220510,import,1,53404.5,2922,kg,KG,"KPME, LTD LLC",[in full dataset],Kostiantynivka,,,,N,Global Factories Total Engineering and Manufacturing B.V.,[in full dataset],'s-Gravenhage,,www.globalfactories.com,[in full dataset],N,"KPME, LTD LLC",[in full dataset],,2207.9,2207.9,Main Container Port,Rotterdam,'s-Gravenhage,1,1,2.76,MOL TRIUMPH,IMO7965187,PA,V343,657,CMDU,SWB,MSCU285150802,HLCU594469305,CAIU9613033,45HC,OPEN TOP,HC,FCL,CY/CFS,Bollore Logistics,2753.24
Import (NL buyer),WedgeView Music Enterprises B.V.,90011010,900110,9,"Optical fibres, optical fibre bundles and cables; excluding those of heading no. 8544",MARKS7678,Germany,Netherlands,Netherlands,7,2020,2,2020-02,2020-02-25,20200225,20200225,import,1,244719489.95,32759.62,kg,KG,CompuGroup Medical SE & Co. KGaA,[in full dataset],Koblenz,,www.cgm.com,[in full dataset],Y,WedgeView Music Enterprises B.V.,[in full dataset],Capelle aan den IJssel,,,,N,CompuGroup Medical SE & Co. KGaA,[in full dataset],,529.5,529.5,Hamburg,Rotterdam,Capelle aan den IJssel,1,1,0.66,APL MEXICO CITY,IMO7447773,SG,V635,661,APLU,SWB,ONEY983196599,MSCU987875592,TCLU7773628,40GP,DRY,GP,FCL,CY/CY,Expeditors,29905.7
Export (NL seller),HG International B.V.,38272000,382720,9,"Mixtures containing halogenated derivatives of methane, ethane or propane, not elsewhere specified or included; containing bromochlorodifluoromethane (Halon-1211), bromotrifluoromethane (Halon-1301) or dibromotetrafluoroethanes (Halon-2402)",MARKS6235,Netherlands,Philippines,Philippines,9,2023,7,2023-07,2023-07-13,20230719,20230719,import,1,245773,7386.24,kg,KG,HG International B.V.,[in full dataset],Almere,,www.hg.eu,[in full dataset],Y,CALOOCAN GAS CORPORATION,[in full dataset],Lucena City,,,,N,HG International B.V.,[in full dataset],,12195,12195,Rotterdam,Manila North/South Harbor,Lucena City,1,1,15.24,EVER GIVEN,IMO1804262,LR,V298,725,CMDU,SWB,ONEY302519391,ONEY286843206,TCLU6874862,40GP,REEFER,RF,FCL,CY/CFS,Expeditors,6485.47
Export (NL seller),Hedin IT Benelux B.V.,84013000,840130,5,Fuel elements (cartridges); non-irradiated,MARKS9401,Netherlands,Botswana,Botswana,8,2022,6,2022-06,2022-06-10,20220621,20220621,export,1,185302.26,13166.89,kg,KG,Hedin IT Benelux B.V.,[in full dataset],AMSTERDAM-DUIVENDRECHT,,www.hedinit.com,[in full dataset],Y,GENERAL PACKAGING INDUSTRIES (PTY) LTD,[in full dataset],GABORONE,,,,Y,Hedin IT Benelux B.V.,[in full dataset],,5690.7,5690.7,Amsterdam,Main Container Port,GABORONE,1,1,7.11,COSCO UNIVERSE,IMO9716027,MH,V437,207,HLCU,MBL,ONEY428209036,MAEU260163889,BMOU4271161,45HC,TANK,GP,LCL,CY/CY,Sinotrans,11653.82
Import (NL buyer),Franc's Dierenshop XL,90219010,902190,5,"Appliances; worn, carried or implanted in the body, to compensate for a defect or disability",MARKS2304,Denmark,Netherlands,Netherlands,6,2019,12,2019-12,2019-12-22,20191226,20191226,import,1,18930666.29,91256.22,kg,KG,Radiometer Medical ApS,[in full dataset],Brønshøj,,www.radiometer.com,[in full dataset],Y,Franc's Dierenshop XL,[in full dataset],Spijkenisse,,,,N,Radiometer Medical ApS,[in full dataset],,22087.4,22087.4,Main Container Port,Amsterdam,Spijkenisse,1,1,27.61,APL MEXICO CITY,IMO8325279,PA,V264,594,MAEU,MBL,HLCU790502392,ONEY547348576,CAIU8704566,45HC,FLAT RACK,GP,FCL,CY/CFS,Bollore Logistics,80027.52
Import (NL buyer),Centrafarm Services B.V.,30069200,300692,7,Pharmaceutical goods; waste pharmaceuticals,MARKS2229,Portugal,Netherlands,Netherlands,9,2015,6,2015-06,2015-06-19,20150602,20150602,import,1,2941876.32,4637.22,kg,KG,"HAWRAZI ENTERPRISES, UNIPESSOAL, LDA",[in full dataset],SAMORA CORREIA,,,,Y,Centrafarm Services B.V.,[in full dataset],Breda,,www.centrafarm.nl,[in full dataset],N,"HAWRAZI ENTERPRISES, UNIPESSOAL, LDA",[in full dataset],,24303.9,24303.9,Main Container Port,Rotterdam,Breda,1,1,30.38,OOCL HONG KONG,IMO7576416,LR,V146,536,ONEY,SWB,HLCU937837903,COSU569151710,GESU3351517,20GP,REEFER,RF,FCL,CY/CY,Bollore Logistics,4087.43
Import (NL buyer),IMCD Group B.V.,38070090,380700,9,"Wood tar; wood tar oils; wood creosote; wood naphtha; vegetable pitch; brewers' pitch and similar preparations based on rosin, resin acids or on vegetable pitch",MARKS6111,Serbia,Netherlands,Netherlands,7,2023,7,2023-07,2023-07-15,20230724,20230724,import,1,60691.51,45164.96,kg,KG,SAVACOOP DOO NOVI SAD,[in full dataset],Novi Sad,,www.savacoop.rs,[in full dataset],Y,IMCD Group B.V.,[in full dataset],Rotterdam,,www.imcdgroup.com,[in full dataset],N,SAVACOOP DOO NOVI SAD,[in full dataset],,12192.5,12192.5,Main Container Port,Amsterdam,Rotterdam,1,1,15.24,MADRID MAERSK,IMO7831043,MH,V414,642,HMMU,MBL,YMLU503212937,MAEU354704500,BMOU1260030,40GP,OPEN TOP,HC,LCL,CFS/CFS,Nippon Express,40593.37
Import (NL buyer),Sun Chemical B.V.,38279000,382790,8,"Mixtures containing halogenated derivatives of methane, ethane or propane; n.e.c. in subheading no 3827",MARKS6557,Hong Kong,Netherlands,Netherlands,7,2023,7,2023-07,2023-07-18,20230725,20230725,export,1,199425.3,145245.44,kg,KG,Fufeng Group Limited,[in full dataset],Tsim Sha Tsui,,www.fufeng-group.com,[in full dataset],Y,Sun Chemical B.V.,[in full dataset],Weesp,,www.sunchemical.com,[in full dataset],Y,Fufeng Group Limited,[in full dataset],,23135.8,23135.8,Hong Kong (Kwai Tsing),Amsterdam,Weesp,1,1,28.92,APL MEXICO CITY,IMO1636608,SG,V674,153,HMMU,MBL,COSU685173031,CMDU382332755,TCLU8313271,20GP,DRY,GP,FCL,CY/CY,DB Schenker,137098.93
Import (NL buyer),VDL Tim Hapert B.V.,84178050,841780,8,"Furnaces and ovens; including incinerators, non-electric, for industrial or laboratory use, n.e.c. in heading no. 8417",MARKS9097,Fiji,Netherlands,Netherlands,7,2018,12,2018-12,2018-12-19,20181209,20181209,import,1,2096.97,2290.05,kg,KG,SOUTH PACIFIC DISTILLERIES LIMITED,[in full dataset],LAUTOKA,,,,N,VDL Tim Hapert B.V.,[in full dataset],Hapert,,www.vdlgroep.com,[in full dataset],Y,SOUTH PACIFIC DISTILLERIES LIMITED,[in full dataset],,8929.8,8929.8,Main Container Port,Rotterdam,Hapert,1,1,11.16,EVER ACME,IMO7389728,PA,V360,777,HMMU,SWB,COSU232492889,MAEU467989437,TCLU7222301,45HC,TANK,GP,FCL,CFS/CFS,Kuehne + Nagel,2096.97
Export (NL seller),Condoor Group B.V.,73084000,730840,5,"Iron or steel; structures and parts thereof, props and similar equipment for scaffolding, shuttering or pit-propping",MARKS3444,Netherlands,Cameroon,Cameroon,7,2021,3,2021-03,2021-03-17,20210323,20210323,export,1,187133.37,35142.83,kg,KG,Condoor Group B.V.,[in full dataset],Zeewolde,,www.condoor.com,[in full dataset],Y,GENERAL TRAILER CONSTRUCTION,[in full dataset],Douala,,,,Y,Condoor Group B.V.,[in full dataset],,1266,1266,Amsterdam,Main Container Port,Douala,1,1,1.58,OOCL HONG KONG,IMO1062498,MH,V711,193,HLCU,MBL,YMLU577331759,COSU740339984,MSCU4738172,40GP,REEFER,GP,FCL,CY/CY,Expeditors,32872.32
Import (NL buyer),TotalEnergies EP Yemen Block 3 B.V.,27101942,271019,8,"Petroleum oils and oils from bituminous minerals, not containing biodiesel, not crude, not waste oils; preparations n.e.c, containing by weight 70% or more of petroleum oils or oils from bituminous minerals; not light oils and preparations",MARKS9087,Austria,Netherlands,Netherlands,9,2016,10,2016-10,2016-10-03,20161018,20161018,import,1,115616.43,6709.56,kg,KG,BP Europa SE,[in full dataset],Wiener Neudorf,,www.bp.com,[in full dataset],N,TotalEnergies EP Yemen Block 3 B.V.,[in full dataset],'s-Gravenhage,,,,Y,BP Europa SE,[in full dataset],,24040.9,24040.9,Main Container Port,Amsterdam,'s-Gravenhage,1,1,30.05,YM WARRANTY,IMO6508624,MH,V149,641,OOLU,SWB,MSCU825941448,HLCU273037686,MSCU3476394,40GP,DRY,HC,FCL,CFS/CFS,DSV,6304.35
Export (NL seller),Kisuma Chemicals B.V.,38051090,380510,7,"Terpenic oils; gum, wood or sulphate turpentine oils",MARKS4653,Netherlands,Tunisia,Tunisia,5,2023,7,2023-07,2023-07-01,20230716,20230716,export,1,380924.27,4554.91,kg,KG,Kisuma Chemicals B.V.,[in full dataset],Veendam,,www.kisuma.com,[in full dataset],Y,STE NATIONALE DE DISTRIBUTION DES PETROLES AGIL ENERGY,[in full dataset],Cite El Khadhra,,,,Y,Kisuma Chemicals B.V.,[in full dataset],,11528.8,11528.8,Amsterdam,Main Container Port,Cite El Khadhra,1,1,14.41,HYUNDAI LOYALTY,IMO5238426,SG,V601,454,YMLU,HBL,MSCU311305750,CMDU545368966,TGHU3527027,40GP,OPEN TOP,GP,FCL,CFS/CFS,DB Schenker,4176.44
Import (NL buyer),Falcon Oil & Gas B.V.,27090090,270900,5,"Oils; petroleum oils and oils obtained from bituminous minerals, crude",MARKS7236,Iceland,Netherlands,Netherlands,6,2016,10,2016-10,2016-10-22,20161006,20161006,import,1,263255.67,8478.93,kg,KG,PCC BakkiSilicon hf.,[in full dataset],Husavik,,www.pcc.is,[in full dataset],Y,Falcon Oil & Gas B.V.,[in full dataset],Amsterdam,,,,Y,PCC BakkiSilicon hf.,[in full dataset],,9813.1,9813.1,Main Container Port,Amsterdam,Amsterdam,1,1,12.27,EVER ACME,IMO9513916,PA,V951,252,MAEU,HBL,HLCU568345463,ONEY189574389,GESU1968796,40HC,FLAT RACK,RF,FCL,CFS/CFS,DSV,7409.23
Export (NL seller),TM Techniek B.V.,84253100,842531,5,Winches; capstans; powered by an electric motor,MARKS1808,Netherlands,El Salvador,El Salvador,7,2022,6,2022-06,2022-06-13,20220625,20220625,export,1,243996.44,41480.45,kg,KG,TM Techniek B.V.,[in full dataset],Woudenberg,,www.tm-techniek.nl,[in full dataset],Y,"Asesores en Informatica, S.A. de C.V.",[in full dataset],San Salvador,,www.aseinfo.com.sv,[in full dataset],Y,TM Techniek B.V.,[in full dataset],,12252.1,12252.1,Amsterdam,Main Container Port,San Salvador,1,1,15.32,EVER GIVEN,IMO4991337,PA,V754,468,HLCU,HBL,HLCU166071199,CMDU470825017,FCIU9691373,45HC,FLAT RACK,GP,FCL,CFS/CFS,Expeditors,38495.64
Import (NL buyer),Tetra Pak B.V.,84238980,842389,9,"Weighing machines; other than personal, conveyor or constant weight scales, having a maximum weighing capacity exceeding 5000kg",MARKS8809,Zambia,Netherlands,Netherlands,6,2018,12,2018-12,2018-12-23,20181206,20181206,import,1,2660.49,2801.55,kg,KG,COPPERBELT ENERGY CORPORATION PLC,[in full dataset],Kitwe,,www.cec.com.zm,[in full dataset],Y,Tetra Pak B.V.,[in full dataset],Utrecht,,www.tetrapak.com,[in full dataset],N,COPPERBELT ENERGY CORPORATION PLC,[in full dataset],,12460.8,12460.8,Main Container Port,Rotterdam,Utrecht,1,1,15.58,EVER ACME,IMO7187308,MH,V141,260,MAEU,MBL,HLCU735808313,CMDU528885167,CAIU2298277,20GP,DRY,RF,FCL,CY/CFS,Nippon Express,2660.49
Import (NL buyer),ChemPoint.com EMEA B.V. in liquidatie,38271100,382711,5,"Mixtures containing halogenated derivatives of methane, ethane or propane, not elsewhere specified or included; containing chlorofluorocarbons (CFCs), whether or not containing hydrochlorofluorocarbons (HCFCs), perfluorocarbons (PFCs) or hydrofluorocarbon",MARKS4383,Romania,Netherlands,Netherlands,5,2023,7,2023-07,2023-07-20,20230707,20230707,import,1,335547.18,47887.04,kg,KG,LINDE GAZ ROMANIA SRL,[in full dataset],Timisoara,,www.linde-gas.ro,[in full dataset],N,ChemPoint.com EMEA B.V. in liquidatie,[in full dataset],Rotterdam,,www.chempoint.com,[in full dataset],Y,LINDE GAZ ROMANIA SRL,[in full dataset],,18259.4,18259.4,Main Container Port,Amsterdam,Rotterdam,1,1,22.82,HMM ALGECIRAS,IMO8088961,LR,V860,493,OOLU,SWB,HLCU655896915,ONEY761292879,BMOU4726751,45HC,REEFER,GP,LCL,CFS/CFS,Bollore Logistics,42787.13
Import (NL buyer),De Lange Natuursteen B.V.,73152000,731520,9,"Chain; skid, articulated link chain and parts thereof, of iron or steel",MARKS7609,Panama,Netherlands,Netherlands,7,2021,3,2021-03,2021-03-16,20210317,20210317,import,1,4015.94,4340.64,kg,KG,Boskalis Panama S.A.,[in full dataset],Panama,,,,N,De Lange Natuursteen B.V.,[in full dataset],Beilen,,www.delangenatuursteen.nl,[in full dataset],Y,Boskalis Panama S.A.,[in full dataset],,22150.3,22150.3,Main Container Port,Rotterdam,Beilen,1,1,27.69,MADRID MAERSK,IMO8517883,SG,V368,217,EGLV,HBL,COSU344002250,MAEU778763597,GESU8282775,45HC,DRY,RF,FCL,CFS/CFS,DSV,4015.94
Import (NL buyer),Let's Go Zwijndrecht B.V.,90181200,901812,5,"Medical, surgical instruments and appliances; ultrasonic scanning apparatus",MARKS4431,Japan,Netherlands,Netherlands,7,2020,2,2020-02,2020-02-25,20200218,20200218,import,1,82253688.75,18990.74,kg,KG,"INNOMEDICS MEDICAL INSTRUMENTS, INC.",[in full dataset],BUNKYO-KU,,www.innomedics.co.jp/,[in full dataset],Y,Let's Go Zwijndrecht B.V.,[in full dataset],Zwijndrecht,,www.sportoutlet.nl,[in full dataset],Y,"INNOMEDICS MEDICAL INSTRUMENTS, INC.",[in full dataset],,2995.1,2995.1,Nagoya,Rotterdam,Zwijndrecht,1,1,3.74,ONE APUS,IMO8760673,LR,V856,897,APLU,MBL,ONEY163994844,MAEU807417461,MSCU5054766,40HC,OPEN TOP,RF,FCL,CY/CFS,Yusen Logistics,18072.66
Import (NL buyer),Philips Medical Systems International B.V.,90183900,901839,5,"Medical, surgical instruments and appliances; catheters, cannulae and the like",MARKS2480,Kazakhstan,Netherlands,Netherlands,7,2019,12,2019-12,2019-12-07,20191207,20191207,import,1,1340.28,1521.75,kg,KG,"NEW STYLE DESIGN STUDIO, TOO",[in full dataset],Almaty,,,,N,Philips Medical Systems International B.V.,[in full dataset],Best,,www.philips.nl,[in full dataset],Y,"NEW STYLE DESIGN STUDIO, TOO",[in full dataset],,2871.3,2871.3,Main Container Port,Amsterdam,Best,1,1,3.59,YM WARRANTY,IMO1692089,PA,V821,416,MSCU,HBL,EGLV834308140,COSU998361167,BMOU2920802,20GP,TANK,RF,FCL,CY/CY,Kuehne + Nagel,1340.28
Export (NL seller),W. van der Zwan en Zonen B.V.,03047490,030474,9,"Fish fillets; frozen, hake (Merluccius spp., Urophycis spp.)",MARKS7627,Netherlands,Serbia,Serbia,7,2017,4,2017-04,2017-04-16,20170427,20170427,export,1,2088.84,2207.37,kg,KG,W. van der Zwan en Zonen B.V.,[in full dataset],'s-Gravenhage,,www.wvanderzwan.nl,[in full dataset],Y,DOO RACA ZRENJANIN,[in full dataset],Zrenjanin,,www.racadoo.com,[in full dataset],Y,W. van der Zwan en Zonen B.V.,[in full dataset],,10455.8,10455.8,Amsterdam,Main Container Port,Zrenjanin,1,1,13.07,CSCL GLOBE,IMO2553079,LR,V585,521,EGLV,SWB,EGLV223437338,COSU381394456,MSCU8091230,45HC,FLAT RACK,HC,FCL,CY/CFS,Nippon Express,2088.84
Import (NL buyer),Elpa Agro B.V.,03034690,030346,6,"Fish; frozen, southern bluefin tunas (Thunnus maccoyii), excluding fillets, fish meat of 0304, and edible fish offal of subheadings 0303.91 to 0303.99",MARKS1225,Finland,Netherlands,Netherlands,8,2017,2,2017-02,2017-02-17,20170203,20170203,import,1,10032.09,10799.52,kg,KG,Westas Group Oy,[in full dataset],KOSKI TL,,www.westas.fi,[in full dataset],Y,Elpa Agro B.V.,[in full dataset],America,,www.elpa-agrojobs.com,[in full dataset],Y,Westas Group Oy,[in full dataset],,13529.1,13529.1,Main Container Port,Amsterdam,America,1,1,16.91,YM WARRANTY,IMO5615273,PA,V764,548,ZIMU,HBL,ONEY415394516,COSU440340376,BMOU7424849,20GP,TANK,HC,FCL,CY/CY,Nippon Express,10032.09
Export (NL seller),Aquatec Industries B.V.,90132000,901320,6,Lasers; other than laser diodes,MARKS7598,Netherlands,Singapore,Singapore,8,2019,12,2019-12,2019-12-08,20191216,20191216,export,1,27285850.24,880.06,kg,KG,Aquatec Industries B.V.,[in full dataset],Woudsend,,www.antarisboats.com,[in full dataset],N,RAFFLES MEDICAL GROUP LTD,[in full dataset],Singapore,,www.rafflesmedicalgroup.com,[in full dataset],Y,Aquatec Industries B.V.,[in full dataset],,22948.3,22948.3,Rotterdam,Singapore (PSA),Singapore,1,1,28.69,YM WARRANTY,IMO3250572,SG,V579,928,EGLV,MBL,MSCU402010763,HLCU151259214,CAIU7112073,40GP,TANK,GP,LCL,CFS/CFS,Yusen Logistics,824.19
Import (NL buyer),SHELL Manufacturing Services B.V.,27132000,271320,8,Petroleum bitumen; obtained from bituminous minerals,MARKS3449,Ivory Coast,Netherlands,Netherlands,9,2025,10,2025-10,2025-10-22,20251007,20251007,import,1,9993117.31,802.95,kg,KG,GO ENERGY COTE D'IVOIRE,[in full dataset],Abidjan,,,,Y,SHELL Manufacturing Services B.V.,[in full dataset],'s-Gravenhage,,,,Y,GO ENERGY COTE D'IVOIRE,[in full dataset],,7149.1,7149.1,Main Container Port,Amsterdam,'s-Gravenhage,1,1,8.94,APL MEXICO CITY,IMO6566609,LR,V712,234,HMMU,SWB,CMDU612281563,COSU468354402,GESU4608176,20GP,TANK,GP,FCL,CY/CY,Bollore Logistics,760.85
Export (NL seller),BAS World B.V.,84383000,843830,6,"Machinery; industrial, for sugar manufacture",MARKS6794,Netherlands,Kyrgyzstan,Kyrgyzstan,6,2018,12,2018-12,2018-12-24,20181215,20181215,export,1,223225.01,23013.29,kg,KG,BAS World B.V.,[in full dataset],Veghel,,www.basworld.com,[in full dataset],Y,"PARAMOUNT LTD, OSOO",[in full dataset],Bishkek,,,,Y,BAS World B.V.,[in full dataset],,19017.3,19017.3,Rotterdam,Main Container Port,Bishkek,1,1,23.77,OOCL HONG KONG,IMO2175291,MH,V419,609,ZIMU,SWB,HLCU736154956,YMLU739936449,MSCU7985454,20GP,OPEN TOP,RF,FCL,CY/CFS,DSV,20836.31
Export (NL seller),Vermilion Energy Netherlands B.V.,27111297,271112,9,"Petroleum gases and other gaseous hydrocarbons; liquefied, propane",MARKS5899,Netherlands,Romania,Romania,5,2016,10,2016-10,2016-10-16,20161025,20161025,export,1,542443.92,1113.77,kg,KG,Vermilion Energy Netherlands B.V.,[in full dataset],Harlingen,,www.vermilion.com,[in full dataset],Y,AZROM AGRO PT SRL,[in full dataset],Bucuresti,,,,Y,Vermilion Energy Netherlands B.V.,[in full dataset],,6827.4,6827.4,Rotterdam,Main Container Port,Bucuresti,1,1,8.53,HMM ALGECIRAS,IMO5588023,LR,V836,984,APLU,SWB,MAEU286977028,HLCU656090064,GESU1212508,40HC,TANK,GP,FCL,CY/CY,Yusen Logistics,999.95
Import (NL buyer),Muller Beursplein B.V.,90072000,900720,8,"Projectors, cinematographic; whether or not incorporating sound recording or reproducing apparatus",MARKS8640,China,Netherlands,Netherlands,9,2020,2,2020-02,2020-02-12,20200222,20200222,import,1,80681894.39,1514.34,kg,KG,Shandong Medical Academy Of Sciences,[in full dataset],Jinan,,,,Y,Muller Beursplein B.V.,[in full dataset],Rotterdam,,www.rotterdamprintsaanjemuur.nl,[in full dataset],Y,Shandong Medical Academy Of Sciences,[in full dataset],,8057.9,8057.9,Shanghai,Rotterdam,Rotterdam,1,1,10.07,MAERSK MOLLER,IMO4326658,PA,V799,311,YMLU,HBL,EGLV389317140,MSCU299054579,CAIU9438851,40HC,REEFER,HC,FCL,CY/CY,DHL Global Forwarding,1354.34
Export (NL seller),FIT INC B.V.,90160090,901600,8,"Balances; of a sensitivity of 5cg or better, with or without weights",MARKS1524,Netherlands,Germany,Germany,7,2022,6,2022-06,2022-06-19,20220618,20220618,export,1,522343870.89,773.85,kg,KG,FIT INC B.V.,[in full dataset],Heiloo,,,,Y,zooplus SE,[in full dataset],München,,www.zooplus.de,[in full dataset],Y,FIT INC B.V.,[in full dataset],,17468,17468,Rotterdam,Hamburg,München,1,1,21.84,HYUNDAI LOYALTY,IMO5658232,MH,V789,790,COSU,HBL,HLCU362674531,ONEY951598944,BMOU8170005,45HC,FLAT RACK,HC,FCL,CY/CFS,Kuehne + Nagel,730.26
Import (NL buyer),Azule Energy Angola Production B.V.,27030000,270300,7,"Peat; (including peat litter), whether or not agglomerated",MARKS5934,Ukraine,Netherlands,Netherlands,9,2016,10,2016-10,2016-10-13,20161013,20161013,import,1,1911.91,2046.51,kg,KG,UKRGASVYDOBUVANNYA JSC,[in full dataset],Kyiv,,www.ugv.com.ua,[in full dataset],N,Azule Energy Angola Production B.V.,[in full dataset],Amsterdam,,www.eni.com,[in full dataset],Y,UKRGASVYDOBUVANNYA JSC,[in full dataset],,10488.8,10488.8,Main Container Port,Amsterdam,Amsterdam,1,1,13.11,CSCL GLOBE,IMO7128311,SG,V644,528,MAEU,MBL,ONEY613089091,MSCU646226517,TCLU8736907,40GP,TANK,HC,FCL,CY/CY,Sinotrans,1911.91
Import (NL buyer),Ed Tweewielers,90230010,902300,7,"Instruments, apparatus and models; designed for demonstrational purposes (in education or exhibitions), unsuitable for other uses",MARKS3684,Hong Kong,Netherlands,Netherlands,9,2020,2,2020-02,2020-02-17,20200205,20200205,import,1,12309677.41,183207.31,kg,KG,"Hisense Home Appliances Group Co., Ltd.",[in full dataset],Sai Ying Pun,,hxjd.hisense.cn,[in full dataset],Y,Ed Tweewielers,[in full dataset],Rotterdam,,,,Y,"Hisense Home Appliances Group Co., Ltd.",[in full dataset],,1457.1,1457.1,Hong Kong (Kwai Tsing),Rotterdam,Rotterdam,1,1,1.82,MAERSK MOLLER,IMO6508997,MH,V867,593,HLCU,SWB,YMLU367620176,EGLV427096332,CAIU9266186,40HC,OPEN TOP,RF,FCL,CY/CY,CEVA Logistics,165912.54
Import (NL buyer),Jan de Fietsenman,90319000,903190,7,"Instruments, appliances and machines; parts and accessories for those measuring or checking devices of heading no. 9031",MARKS6184,Israel,Netherlands,Netherlands,5,2022,6,2022-06,2022-06-19,20220624,20220624,import,1,21241733.08,13478.47,kg,KG,ADI WATER BETTERMENT SYSTEMS LTD.,[in full dataset],HOD HASHARON,,www.adiwater-new.co.il,[in full dataset],Y,Jan de Fietsenman,[in full dataset],Voorburg,,,,Y,ADI WATER BETTERMENT SYSTEMS LTD.,[in full dataset],,14784.3,14784.3,Haifa,Amsterdam,Voorburg,1,1,18.48,ONE APUS,IMO4465154,MH,V394,269,OOLU,SWB,CMDU148671107,COSU230368616,TCLU6521319,20GP,OPEN TOP,HC,FCL,CY/CY,Kuehne + Nagel,12163.78
Import (NL buyer),Van Voskuilen Materieel B.V.,84462100,844621,8,"Weaving machines (looms); for weaving fabrics of a width exceeding 30cm, shuttle type, power looms",MARKS7715,Iraq,Netherlands,Netherlands,9,2018,12,2018-12,2018-12-08,20181222,20181222,import,1,9266.75,10562.67,kg,KG,"ANWAR ALREEF COMPANY FOR GENERAL TRADING, GENERAL CONTRACTS WITH LIMITED LIABILITY",[in full dataset],salah ad Din,,www.alnudhim.com,[in full dataset],Y,Van Voskuilen Materieel B.V.,[in full dataset],Woudenberg,,www.voskuilen.nl,[in full dataset],Y,"ANWAR ALREEF COMPANY FOR GENERAL TRADING, GENERAL CONTRACTS WITH LIMITED LIABILITY",[in full dataset],,5940.9,5940.9,Main Container Port,Rotterdam,Woudenberg,1,1,7.43,MOL TRIUMPH,IMO6470496,SG,V470,754,APLU,SWB,CMDU841644130,MSCU759145333,FCIU3737191,40HC,TANK,HC,FCL,CY/CY,DHL Global Forwarding,9266.75
Import (NL buyer),Aalberts Surface Technologies Deurne B.V.,32071000,320710,9,"Pigments; prepared pigments, opacifiers, colours and similar preparations",MARKS7944,Cyprus,Netherlands,Netherlands,8,2026,2,2026-02,2026-02-19,20260216,20260216,import,1,1256.89,1402.56,kg,KG,TSIRCON COMPANY LIMITED,[in full dataset],Strovolos,,tsircon.com,[in full dataset],Y,Aalberts Surface Technologies Deurne B.V.,[in full dataset],Deurne,,www.aalberts.com,[in full dataset],Y,TSIRCON COMPANY LIMITED,[in full dataset],,11642.3,11642.3,Main Container Port,Amsterdam,Deurne,1,1,14.55,ONE APUS,IMO2576387,PA,V740,750,ZIMU,MBL,CMDU494285413,MAEU720290904,GESU3236238,40GP,OPEN TOP,HC,FCL,CY/CFS,Sinotrans,1256.89
Import (NL buyer),Driscoll's of Europe B.V.,03024590,030245,9,"Fish; fresh or chilled, jack and horse mackerel (Trachurus spp.), excluding fillets, fish meat of 0304, and edible fish offal of subheadings 0302.91 to 0302.99",MARKS8742,Cyprus,Netherlands,Netherlands,9,2017,1,2017-01,2017-01-01,20170111,20170111,import,1,4038.63,4564.85,kg,KG,N M FISH FINDER CO LIMITED,[in full dataset],Limassol,,,,Y,Driscoll's of Europe B.V.,[in full dataset],Breda,,,,Y,N M FISH FINDER CO LIMITED,[in full dataset],,12948.9,12948.9,Main Container Port,Amsterdam,Breda,1,1,16.19,MOL TRIUMPH,IMO9618559,SG,V290,939,COSU,MBL,EGLV728860063,ONEY788505259,FCIU7005421,40HC,REEFER,RF,FCL,CFS/CFS,Kuehne + Nagel,4038.63
Export (NL seller),DVTadvies B.V.,27082000,270820,8,Pitch coke; obtained from coal tar or from other mineral tars,MARKS3945,Netherlands,Canada,Canada,7,2025,10,2025-10,2025-10-03,20251020,20251020,export,1,8891798.87,647.59,kg,KG,DVTadvies B.V.,[in full dataset],Utrecht,,www.dvtadvies.nl,[in full dataset],Y,Canadian Natural Resources Limited,[in full dataset],Calgary,,www.cnrl.com,[in full dataset],Y,DVTadvies B.V.,[in full dataset],,21707.1,21707.1,Rotterdam,"Prince Rupert, BC",Calgary,1,1,27.13,YM WARRANTY,IMO4575374,PA,V612,817,MSCU,HBL,COSU514194285,COSU115012535,GESU8197200,20GP,DRY,GP,FCL,CY/CFS,CEVA Logistics,563.64
Export (NL seller),Don INC B.V.,90101000,901010,7,Photographic laboratory apparatus and equipment; for automatically developing photographic (including cinematographic) film or paper in rolls or for automatically exposing developed film to rolls of paper,MARKS8612,Netherlands,Singapore,Singapore,5,2019,12,2019-12,2019-12-04,20191203,20191203,import,1,13389025.33,416.91,kg,KG,Don INC B.V.,[in full dataset],Rotterdam,,,,N,RAFFLES MEDICAL GROUP LTD,[in full dataset],Singapore,,www.rafflesmedicalgroup.com,[in full dataset],N,Don INC B.V.,[in full dataset],,3344.6,3344.6,Rotterdam,Singapore (PSA),Singapore,1,1,4.18,MSC OSCAR,IMO8215471,PA,V419,716,ZIMU,HBL,CMDU379562348,ONEY524236375,TCLU8217951,20GP,REEFER,HC,FCL,CY/CFS,Kuehne + Nagel,390.02
Import (NL buyer),Diepzee Visserij Maatschappij Cornelis Vrolijk II B.V.,03071190,030711,7,"Molluscs; oysters, whether in shell or not, live, fresh or chilled",MARKS4422,Vanuatu,Netherlands,Netherlands,7,2017,2,2017-02,2017-02-08,20170222,20170222,import,1,6607.17,7306.72,kg,KG,TEOUMA PRAWNS LTD,[in full dataset],PORT VILA,,,,Y,Diepzee Visserij Maatschappij Cornelis Vrolijk II B.V.,[in full dataset],IJmuiden,,www.cornelisvrolijk.eu,[in full dataset],N,TEOUMA PRAWNS LTD,[in full dataset],,19013.7,19013.7,Main Container Port,Rotterdam,IJmuiden,1,1,23.77,APL MEXICO CITY,IMO4476523,SG,V161,208,CMDU,SWB,CMDU621889846,EGLV182499973,MSCU2806011,45HC,TANK,HC,LCL,CY/CFS,Kuehne + Nagel,6607.17
Import (NL buyer),SD Guthrie International Speciality Ingredients B.V.,30063000,300630,7,"Pharmaceutical goods; opacifying preparations for x-ray examinations, diagnostic reagents designed to be administered to the patient",MARKS3647,Slovenia,Netherlands,Netherlands,6,2015,6,2015-06,2015-06-11,20150627,20150627,import,1,3112417.08,34908.88,kg,KG,"KRKA, d.d., Novo mesto",[in full dataset],Novo Mesto,,www.krka.biz,[in full dataset],Y,SD Guthrie International Speciality Ingredients B.V.,[in full dataset],Zwijndrecht,,www.simedarbyoils.nl,[in full dataset],Y,"KRKA, d.d., Novo mesto",[in full dataset],,9485.6,9485.6,Main Container Port,Amsterdam,Zwijndrecht,1,1,11.86,MADRID MAERSK,IMO8887580,LR,V298,756,HLCU,SWB,MAEU632683264,HLCU218519857,GESU8987776,20GP,FLAT RACK,HC,FCL,CY/CY,DB Schenker,31522.27
Export (NL seller),Energy Resources Ventures B.V.,27060000,270600,5,"Tar; distilled from coal, lignite or peat, and other mineral tars, whether or not dehydrated or partially distilled, including reconstituted tars",MARKS1340,Netherlands,Cyprus,Cyprus,5,2016,10,2016-10,2016-10-21,20161006,20161006,export,1,371689.77,1523.58,kg,KG,Energy Resources Ventures B.V.,[in full dataset],Geertruidenberg,,,,Y,DIXSTONE OPERATIONS LIMITED,[in full dataset],Strovolos,,www.dixstone.com,[in full dataset],Y,Energy Resources Ventures B.V.,[in full dataset],,17521.4,17521.4,Rotterdam,Main Container Port,Strovolos,1,1,21.9,EVER GIVEN,IMO1099431,MH,V212,384,MAEU,MBL,MAEU563029871,YMLU739867731,TGHU8313692,40GP,DRY,HC,LCL,CY/CY,Kuehne + Nagel,1358.04
Export (NL seller),Mitsubishi Motors Europe B.V.,87032190,870321,6,"Vehicles; with only spark-ignition internal combustion piston engine, cylinder capacity not over 1000cc",MARKS9311,Netherlands,Antigua and Barbuda,Antigua and Barbuda,8,2020,3,2020-03,2020-03-04,20200304,20200304,export,1,3525.91,3916.12,kg,KG,Mitsubishi Motors Europe B.V.,[in full dataset],Born,,www.mitsubishi-motors-euro.com,[in full dataset],Y,Antigua Motors (1993) Limited,[in full dataset],Parham,,www.antigua-motors.com,[in full dataset],Y,Mitsubishi Motors Europe B.V.,[in full dataset],,7005.6,7005.6,Amsterdam,Main Container Port,Parham,1,1,8.76,HMM ALGECIRAS,IMO5824373,MH,V118,8,CMDU,MBL,HLCU774064941,ONEY864662038,FCIU4952525,20GP,FLAT RACK,RF,LCL,CY/CFS,Yusen Logistics,3525.91
Export (NL seller),Hulsink-de Roo B.V.,84623210,846232,8,"Machine-tools; slitting lines and cut-to-length lines, for working metal",MARKS1014,Netherlands,Honduras,Honduras,6,2018,12,2018-12,2018-12-22,20181227,20181227,export,1,111825.96,68816.97,kg,KG,Hulsink-de Roo B.V.,[in full dataset],Nieuwleusen,,li.bam-it.nl,[in full dataset],Y,Creacion SA,[in full dataset],Tegucigalpa,,www.4amsaatchi.com,[in full dataset],Y,Hulsink-de Roo B.V.,[in full dataset],,4178,4178,Rotterdam,Main Container Port,Tegucigalpa,1,1,5.22,MSC GULSUN,IMO5811455,LR,V254,544,APLU,HBL,ONEY928861511,MSCU984514849,GESU7186687,40GP,FLAT RACK,GP,LCL,CY/CFS,CEVA Logistics,63488.03
Import (NL buyer),Qirion B.V.,27050000,270500,8,"Gases; coal, water, producer and similar gases (excluding petroleum and other gaseous hydrocarbons)",MARKS9158,Japan,Netherlands,Netherlands,8,2016,10,2016-10,2016-10-06,20161027,20161027,export,1,634893.28,3532.68,kg,KG,"RIK CO., LTD.",[in full dataset],MINATO-KU,,ri-k.co.jp/,[in full dataset],Y,Qirion B.V.,[in full dataset],Duiven,,www.alliander.com,[in full dataset],N,"RIK CO., LTD.",[in full dataset],,13586.4,13586.4,Osaka,Rotterdam,Duiven,1,1,16.98,HMM ALGECIRAS,IMO5647309,PA,V434,382,HMMU,HBL,MSCU960614705,COSU704824314,FCIU7826791,45HC,REEFER,RF,LCL,CY/CY,DHL Global Forwarding,3076.47
Import (NL buyer),Son Network,90021900,900219,8,"Lenses; objective, (other than for cameras, projectors or photographic enlargers or reducers), mounted, of any material (excluding elements of glass not optically worked)",MARKS3711,Switzerland,Netherlands,Netherlands,9,2022,6,2022-06,2022-06-06,20220613,20220613,import,1,154387166.69,68179.45,kg,KG,"M.R.S.I. Medical Research, Services & Investments SA",[in full dataset],Vouvry,,,,Y,Son Network,[in full dataset],Rotterdam,,,,Y,"M.R.S.I. Medical Research, Services & Investments SA",[in full dataset],,7507.7,7507.7,Basel (river),Amsterdam,Rotterdam,1,1,9.38,MSC OSCAR,IMO3233658,MH,V864,290,APLU,MBL,COSU934923692,CMDU485405454,TCLU7701390,20GP,TANK,HC,FCL,CY/CY,DB Schenker,62120.76
Import (NL buyer),Kuma II B.V.,76129030,761290,5,"Aluminium; casks, drums, cans, boxes and the like for any material (not compressed or liquefied gas), 300l capacity or less, whether or not lined or heat-insulated, no mechanical or thermal equipment",MARKS6734,Ivory Coast,Netherlands,Netherlands,7,2022,10,2022-10,2022-10-14,20221028,20221028,import,1,63556.34,4162.84,kg,KG,SOCIETE DES MINES DE DAAPLEU,[in full dataset],Abidjan,,www.endeavourmining.com,[in full dataset],Y,Kuma II B.V.,[in full dataset],Waardenburg,,www.kumaplastics.nl,[in full dataset],N,SOCIETE DES MINES DE DAAPLEU,[in full dataset],,2754.1,2754.1,Main Container Port,Amsterdam,Waardenburg,1,1,3.44,COSCO UNIVERSE,IMO7442433,LR,V318,575,MAEU,SWB,COSU646293221,CMDU395640837,BMOU6853174,40GP,FLAT RACK,RF,FCL,CY/CFS,CEVA Logistics,3682.87
Import (NL buyer),Bewo Cutting Systems B.V.,73239400,732394,7,"Iron (excluding cast) or steel; table, kitchen and other household articles and parts thereof, enamelled",MARKS3828,Belarus,Netherlands,Netherlands,5,2021,3,2021-03,2021-03-11,20210312,20210312,import,1,85949.48,2033.61,kg,KG,"MARKETTREIDGRUPP, OOO",[in full dataset],g. Minsk,,,,Y,Bewo Cutting Systems B.V.,[in full dataset],Waalwijk,,www.bewocs.com,[in full dataset],Y,"MARKETTREIDGRUPP, OOO",[in full dataset],,6282.7,6282.7,Main Container Port,Amsterdam,Waalwijk,1,1,7.85,EVER ACME,IMO5808715,MH,V864,167,OOLU,MBL,HLCU379604233,HLCU390691305,TCLU1133874,40GP,FLAT RACK,RF,FCL,CY/CY,Sinotrans,1801.71
Import (NL buyer),Ivax International B.V.,30069200,300692,5,Pharmaceutical goods; waste pharmaceuticals,MARKS7819,South Korea,Netherlands,Netherlands,7,2015,6,2015-06,2015-06-06,20150605,20150605,export,1,246060,33853.89,kg,KG,"Daewoong Pharmaceutical Co.,Ltd.",[in full dataset],Hwaseong,,www.daewoong.co.kr,[in full dataset],Y,Ivax International B.V.,[in full dataset],Haarlem,,,,Y,"Daewoong Pharmaceutical Co.,Ltd.",[in full dataset],,24400.3,24400.3,Busan,Amsterdam,Haarlem,1,1,30.5,OOCL HONG KONG,IMO3337722,LR,V814,440,EGLV,SWB,MSCU270732669,CMDU312732526,TGHU7185153,20GP,OPEN TOP,GP,FCL,CY/CY,Bollore Logistics,30425.94
Import (NL buyer),EG Fuel (Logistics) B.V.,27121090,271210,5,Petroleum jelly,MARKS1720,Slovakia,Netherlands,Netherlands,7,2016,10,2016-10,2016-10-13,20161026,20161026,import,1,118715.84,21560.49,kg,KG,"SES ENERGY, a.s.",[in full dataset],Tlmače,,www.sesenergy.sk,[in full dataset],N,EG Fuel (Logistics) B.V.,[in full dataset],Kampen,,www.sallandolie.nl,[in full dataset],N,"SES ENERGY, a.s.",[in full dataset],,10486.5,10486.5,Main Container Port,Rotterdam,Kampen,1,1,13.11,MAERSK MOLLER,IMO5201840,MH,V470,825,COSU,MBL,MSCU158933998,COSU940128011,TGHU3598416,40HC,FLAT RACK,RF,FCL,CY/CY,Yusen Logistics,20314.2
Export (NL seller),Beheer- en Beleggingsmaatschappij De Tunnel B.V.,38253000,382530,5,"Residual products of the chemical or allied industries, not elsewhere specified or included; clinical waste",MARKS7309,Netherlands,Algeria,Algeria,9,2023,7,2023-07,2023-07-01,20230705,20230705,export,1,270252.16,2203.38,kg,KG,Beheer- en Beleggingsmaatschappij De Tunnel B.V.,[in full dataset],Hendrik Ido Ambacht,,,,N,EL SHARIKA EL DJAZAIRIA EL OMANIA LIL ASMIDA,[in full dataset],Oran,,,,Y,Beheer- en Beleggingsmaatschappij De Tunnel B.V.,[in full dataset],,20578.5,20578.5,Rotterdam,Main Container Port,Oran,1,1,25.72,OOCL HONG KONG,IMO6225251,PA,V375,176,OOLU,MBL,HLCU730741211,YMLU291280161,MSCU2950267,20GP,REEFER,RF,LCL,CFS/CFS,Kuehne + Nagel,2035.69
Export (NL seller),Allround Security Protection Systems B.V.,90185010,901850,9,Ophthalmic instruments and appliances,MARKS1431,Netherlands,Spain,Spain,9,2020,2,2020-02,2020-02-21,20200208,20200208,import,1,60515944.75,1461.91,kg,KG,Allround Security Protection Systems B.V.,[in full dataset],Grubbenvorst,,www.aspsystems.nl,[in full dataset],Y,EUROPEAN HOME APPLIANCES SPAIN S.A.,[in full dataset],BARCELONA,,www.whirlpool.es,[in full dataset],Y,Allround Security Protection Systems B.V.,[in full dataset],,21912.8,21912.8,Amsterdam,Bilbao,BARCELONA,1,1,27.39,ONE APUS,IMO6307046,LR,V790,573,ONEY,SWB,ONEY241310784,MSCU247381155,GESU2325294,45HC,FLAT RACK,RF,FCL,CFS/CFS,Bollore Logistics,1299.45
Export (NL seller),Hilton Seafood Holland B.V.,03027200,030272,7,"Fish; fresh or chilled, catfish (Pangasius spp., Silurus spp., Clarias spp., Ictalurus spp.), excluding fillets, fish meat of 0304, and edible fish offal of subheadings 0302.91 to 0302.99",MARKS2431,Netherlands,Ghana,Ghana,6,2017,9,2017-09,2017-09-12,20170923,20170923,export,1,3193.08,3420.71,kg,KG,Hilton Seafood Holland B.V.,[in full dataset],Harderwijk,,www.foppenseafood.com,[in full dataset],Y,ALLIANCE FOR GLOBAL DEVELOPMENT IN ENVIRONMENT AND GENDER LBG,[in full dataset],Kumasi,,,,Y,Hilton Seafood Holland B.V.,[in full dataset],,3854.4,3854.4,Amsterdam,Main Container Port,Kumasi,1,1,4.82,MOL TRIUMPH,IMO8636428,SG,V194,231,YMLU,HBL,COSU974306280,HLCU747199126,GESU3354541,40GP,TANK,RF,LCL,CFS/CFS,DB Schenker,3193.08
Import (NL buyer),ANWB Medical Air Assistance B.V.,90291000,902910,6,"Meters and counters; revolution counters, production counters, taximeters, mileometers, pedometers and the like",MARKS7025,Egypt,Netherlands,Netherlands,9,2019,12,2019-12,2019-12-11,20191220,20191220,export,1,122073.11,4539.15,kg,KG,Japanese for Electronic Appliances,[in full dataset],Cairo,,,,Y,ANWB Medical Air Assistance B.V.,[in full dataset],Lelystad,,www.anwb.nl,[in full dataset],Y,Japanese for Electronic Appliances,[in full dataset],,23727.9,23727.9,Sokhna,Rotterdam,Lelystad,1,1,29.66,APL MEXICO CITY,IMO9513476,MH,V178,675,MAEU,SWB,YMLU718876478,ONEY606686850,MSCU6697173,20GP,OPEN TOP,HC,LCL,CY/CFS,CEVA Logistics,4006.75
Export (NL seller),C. van Tilburg Keukens B.V.,84138100,841381,6,Pumps and liquid elevators; n.e.c. in heading no. 8413,MARKS6282,Netherlands,Guinea-Bissau,Guinea-Bissau,7,2022,6,2022-06,2022-06-19,20220621,20220621,export,1,24892.01,26144.89,kg,KG,C. van Tilburg Keukens B.V.,[in full dataset],Waalwijk,,www.cvt.nl,[in full dataset],Y,EUROCOMERCIAL COMERCIO DE IMPORTACAO E EXPORTACAO LTDA,[in full dataset],Bissasu,,,,Y,C. van Tilburg Keukens B.V.,[in full dataset],,21055.4,21055.4,Amsterdam,Main Container Port,Bissasu,1,1,26.32,OOCL HONG KONG,IMO5664442,SG,V586,709,MAEU,SWB,HLCU804268265,ONEY523546359,TGHU5056986,20GP,TANK,HC,LCL,CFS/CFS,Kuehne + Nagel,24892.01
Export (NL seller),W & A Fish B.V.,03034610,030346,6,"Fish; frozen, southern bluefin tunas (Thunnus maccoyii), excluding fillets, fish meat of 0304, and edible fish offal of subheadings 0303.91 to 0303.99",MARKS6512,Netherlands,Saudi Arabia,Saudi Arabia,5,2017,2,2017-02,2017-02-22,20170210,20170210,export,1,63782.43,1590.06,kg,KG,W & A Fish B.V.,[in full dataset],Yerseke,,www.wafish.nl,[in full dataset],N,GLOBAL DEVELOPING FOOD INDUSTRIES FACTORY,[in full dataset],Dammam,,www.searafoodsme.com,[in full dataset],Y,W & A Fish B.V.,[in full dataset],,20896,20896,Amsterdam,Jeddah,Dammam,1,1,26.12,YM WARRANTY,IMO9258325,MH,V382,342,APLU,MBL,CMDU587955842,ONEY277973183,TCLU3656221,45HC,OPEN TOP,HC,FCL,CY/CFS,Kuehne + Nagel,1456.94
Export (NL seller),Euro Meat Oss B.V.,03043300,030433,7,"Fish fillets; fresh or chilled, Nile perch (Lates niloticus)",MARKS1045,Netherlands,South Korea,South Korea,9,2017,12,2017-12,2017-12-24,20171215,20171215,export,1,28782.52,532.84,kg,KG,Euro Meat Oss B.V.,[in full dataset],Oss,,www.foodloodsoss.nl,[in full dataset],Y,"DONGWON INDUSTRIES CO., LTD.",[in full dataset],Seoul,,www.dwml.co.kr,[in full dataset],N,Euro Meat Oss B.V.,[in full dataset],,12734,12734,Rotterdam,Incheon,Seoul,1,1,15.92,MSC OSCAR,IMO1081188,MH,V427,196,HLCU,MBL,ONEY899523413,HLCU485541419,MSCU2648647,20GP,FLAT RACK,RF,FCL,CFS/CFS,Nippon Express,495.71
Import (NL buyer),AO Bike V.O.F.,90273000,902730,5,"Spectrometers, spectrophotometers and spectrographs; using optical radiations (UV, visible, IR)",MARKS8079,Canada,Netherlands,Netherlands,8,2019,12,2019-12,2019-12-07,20191221,20191221,import,1,24390798.74,3768.29,kg,KG,Vogue Portraits and Cameras Ltd,[in full dataset],Nelson,,www.voguestudio.ca,[in full dataset],Y,AO Bike V.O.F.,[in full dataset],Spijkenisse,,,,Y,Vogue Portraits and Cameras Ltd,[in full dataset],,9548.2,9548.2,"Prince Rupert, BC",Rotterdam,Spijkenisse,1,1,11.94,ONE APUS,IMO9904715,MH,V620,595,ZIMU,MBL,MSCU841097877,MSCU819666461,CAIU9484720,45HC,REEFER,HC,FCL,CY/CY,CEVA Logistics,3356.21
Export (NL seller),Zand- en Grindbedrijf Kuypers B.V.,73051900,730519,6,"Iron or steel (excluding cast iron); line pipe of a kind used for oil or gas pipelines (not seamless), (not longitudinally welded), having circular cross-sections, external diameter exceeds 406.4mm",MARKS4415,Netherlands,Qatar,Qatar,7,2021,3,2021-03,2021-03-26,20210314,20210314,export,1,591920.08,2638.17,kg,KG,Zand- en Grindbedrijf Kuypers B.V.,[in full dataset],Kessel LB,,www.kuyperskessel.nl,[in full dataset],Y,RAMIX CONCRITE CO,[in full dataset],Doha,,,,Y,Zand- en Grindbedrijf Kuypers B.V.,[in full dataset],,14495.9,14495.9,Amsterdam,Main Container Port,Doha,1,1,18.12,CMA CGM JULES VERNE,IMO6689174,PA,V240,252,EGLV,MBL,ONEY228677974,ONEY275422761,MSCU1148180,20GP,DRY,RF,FCL,CY/CY,DSV,2412.72
Export (NL seller),Vox Alexia B.V.,84196000,841960,8,"Machinery; for liquefying air or gas, not used for domestic purposes",MARKS4793,Netherlands,Gambia,Gambia,8,2018,12,2018-12,2018-12-10,20181221,20181221,export,1,160536.71,31954.84,kg,KG,Vox Alexia B.V.,[in full dataset],Gorinchem,,,,Y,The Door Shop Gambia Co. Ltd,[in full dataset],Banjul,,,,Y,Vox Alexia B.V.,[in full dataset],,8372,8372,Amsterdam,Main Container Port,Banjul,1,1,10.46,COSCO UNIVERSE,IMO5673118,MH,V502,435,COSU,MBL,HLCU456902323,COSU501015678,BMOU8795504,20GP,FLAT RACK,GP,FCL,CY/CFS,DSV,29623.41
Import (NL buyer),Euro Aluminium B.V.,76082089,760820,7,"Aluminium; tubes and pipes, alloys",MARKS1899,Paraguay,Netherlands,Netherlands,6,2022,9,2022-09,2022-09-17,20220905,20220905,import,1,45459.31,6162.61,kg,KG,METALURGICA FUENTES SOCIEDAD DE RESPONSABILIDAD LIMITADA,[in full dataset],San Lorenzo,,,,Y,Euro Aluminium B.V.,[in full dataset],Zevenbergen,,www.euroaluminium.nl,[in full dataset],Y,METALURGICA FUENTES SOCIEDAD DE RESPONSABILIDAD LIMITADA,[in full dataset],,11366.6,11366.6,Main Container Port,Rotterdam,Zevenbergen,1,1,14.21,EVER GIVEN,IMO8363803,MH,V659,419,ONEY,HBL,ONEY314650202,MAEU708869121,TCLU5968439,20GP,REEFER,HC,FCL,CY/CFS,Kuehne + Nagel,5848.43
Export (NL seller),Saint-Gobain Weber Beamix B.V.,73062900,730629,6,"Iron or steel (excluding cast iron); casing and tubing of a kind used in drilling for oil and gas (other than stainless steel or seamless), n.e.c. in chapter 73",MARKS3002,Netherlands,Cameroon,Cameroon,7,2021,3,2021-03,2021-03-26,20210319,20210319,export,1,187133.37,5277.31,kg,KG,Saint-Gobain Weber Beamix B.V.,[in full dataset],Eindhoven,,www.nl.weber,[in full dataset],Y,SOCIETE DIASPORA AFRICA CONSTRUCTION,[in full dataset],Douala,,,,Y,Saint-Gobain Weber Beamix B.V.,[in full dataset],,4788.5,4788.5,Rotterdam,Main Container Port,Douala,1,1,5.99,CMA CGM JULES VERNE,IMO3996206,PA,V602,791,HLCU,MBL,COSU187842040,YMLU990397840,CAIU6063364,45HC,OPEN TOP,HC,FCL,CFS/CFS,Bollore Logistics,4702.89
Export (NL seller),Van Tol Uithoorn B.V.,90314100,903141,5,"Optical instruments and appliances; for inspecting semiconductor wafers or devices or for inspecting photomasks or reticles used in manufacturing semiconductor devices, n.e.c. in chapter 90",MARKS4861,Netherlands,Belgium,Belgium,6,2020,2,2020-02,2020-02-12,20200220,20200220,import,1,97111082.8,526.32,kg,KG,Van Tol Uithoorn B.V.,[in full dataset],Uithoorn,,www.vantoldierxl.nl,[in full dataset],N,Nipro Medical Europe,[in full dataset],Mechelen,,www.nipro-group.com,[in full dataset],Y,Van Tol Uithoorn B.V.,[in full dataset],,24538.5,24538.5,Amsterdam,Antwerp,Mechelen,1,1,30.67,YM WARRANTY,IMO1992495,MH,V842,709,COSU,HBL,COSU509064620,HLCU581569890,TGHU5508033,20GP,OPEN TOP,HC,FCL,CY/CY,Yusen Logistics,473.44
Import (NL buyer),Polaroid International B.V.,90151000,901510,9,Rangefinders,MARKS2167,Mexico,Netherlands,Netherlands,5,2019,12,2019-12,2019-12-06,20191205,20191205,import,1,4875470.51,246901.04,kg,KG,"Casa Ley, S.A.P.I. de C.V.",[in full dataset],Culiacán de Rosales,,www.casaley.com.mx,[in full dataset],Y,Polaroid International B.V.,[in full dataset],Amsterdam,,www.polaroid.com,[in full dataset],Y,"Casa Ley, S.A.P.I. de C.V.",[in full dataset],,22327.6,22327.6,Veracruz,Rotterdam,Amsterdam,1,1,27.91,HMM ALGECIRAS,IMO9447992,MH,V637,112,OOLU,MBL,ONEY315654851,CMDU653738461,FCIU9286040,20GP,DRY,RF,LCL,CY/CY,Nippon Express,231127.11
Import (NL buyer),V.O.F. Ka-Art,90011010,900110,6,"Optical fibres, optical fibre bundles and cables; excluding those of heading no. 8544",MARKS9573,France,Netherlands,Netherlands,7,2020,2,2020-02,2020-02-08,20200212,20200212,import,1,75560721.01,10402.71,kg,KG,CARREFOUR,[in full dataset],MASSY,,www.carrefour.fr,[in full dataset],Y,V.O.F. Ka-Art,[in full dataset],Zeist,,,,Y,CARREFOUR,[in full dataset],,17613.7,17613.7,Marseille-Fos,Rotterdam,Zeist,1,1,22.02,YM WARRANTY,IMO8175327,MH,V797,837,HMMU,HBL,ONEY771135639,ONEY114829431,MSCU3688443,40HC,DRY,GP,FCL,CY/CY,CEVA Logistics,9085.63
Export (NL seller),Copaco DC B.V.,84379000,843790,9,"Machines; parts of those for cleaning, sorting or grading seed, grain or dried leguminous vegetables or for milling or working cereals or dried leguminous vegetables (not farm-type machinery)",MARKS5290,Netherlands,Gambia,Gambia,8,2022,6,2022-06,2022-06-12,20220612,20220612,export,1,8282.55,9392.06,kg,KG,Copaco DC B.V.,[in full dataset],Eindhoven,,www.copaco.com,[in full dataset],Y,AFRICON PVT. LIMITED,[in full dataset],West Coast Region,,,,Y,Copaco DC B.V.,[in full dataset],,8533.4,8533.4,Rotterdam,Main Container Port,West Coast Region,1,1,10.67,HMM ALGECIRAS,IMO9506643,LR,V908,715,YMLU,SWB,YMLU736655870,ONEY754507681,GESU2066324,45HC,DRY,RF,FCL,CY/CFS,DB Schenker,8282.54
Export (NL seller),PPG Industries Netherlands B.V.,38231200,382312,7,"Industrial monocarboxylic fatty acids, acid oils from refining; oleic acid",MARKS4474,Netherlands,Uzbekistan,Uzbekistan,7,2023,7,2023-07,2023-07-17,20230726,20230726,export,1,92460.45,221.35,kg,KG,PPG Industries Netherlands B.V.,[in full dataset],Hoogeveen,,,,Y,"PREMIUM COLOR BUSINESS, MASULIYATI CHEKLANGAN JAMIYATI",[in full dataset],Tashkent,,,,Y,PPG Industries Netherlands B.V.,[in full dataset],,17479,17479,Amsterdam,Main Container Port,Tashkent,1,1,21.85,YM WARRANTY,IMO3743599,PA,V982,658,APLU,HBL,ONEY120126884,MAEU717099046,GESU2727861,20GP,OPEN TOP,RF,FCL,CY/CY,Kuehne + Nagel,200
Import (NL buyer),Agro Tuin & Dier B.V.,90141000,901410,8,Navigational instruments and appliances; direction finding compasses,MARKS3211,Malaysia,Netherlands,Netherlands,9,2022,6,2022-06,2022-06-12,20220602,20220602,import,1,17852746.93,70942.79,kg,KG,INVENTEC APPLIANCES (MALAYSIA) SDN. BHD.,[in full dataset],Bayan Lepas,,www.inventec.com,[in full dataset],Y,Agro Tuin & Dier B.V.,[in full dataset],Lemiers,,www.agrotuindier.nl,[in full dataset],Y,INVENTEC APPLIANCES (MALAYSIA) SDN. BHD.,[in full dataset],,3152.7,3152.7,Penang,Rotterdam,Lemiers,1,1,3.94,MSC OSCAR,IMO1236386,LR,V694,353,APLU,HBL,ONEY384083288,CMDU978377977,TCLU7886811,20GP,TANK,GP,FCL,CY/CFS,CEVA Logistics,64787.48
Export (NL seller),M.T.S. Euro Products B.V.,38062000,380620,5,"Rosin and resin; salts of rosin, of resin acids or of derivatives of rosin or resin acids, other than salts of rosin adducts",MARKS2570,Netherlands,Uruguay,Uruguay,8,2023,7,2023-07,2023-07-25,20230727,20230727,export,1,551605.6,4004.92,kg,KG,M.T.S. Euro Products B.V.,[in full dataset],Maassluis,,www.europroducts.nl,[in full dataset],Y,ADMINISTRACION NACIONAL DE COMBUSTIBLES ALCOHOL Y PORTLAND,[in full dataset],Montevideo,,www.ancap.com.uy,[in full dataset],N,M.T.S. Euro Products B.V.,[in full dataset],,13234.7,13234.7,Amsterdam,Main Container Port,Montevideo,1,1,16.54,MOL TRIUMPH,IMO6087713,PA,V405,529,OOLU,MBL,HLCU291294035,COSU597057225,BMOU9811288,40GP,TANK,HC,LCL,CFS/CFS,Kuehne + Nagel,3720.8
Export (NL seller),Gooiberg Julianadorp B.V.,87087050,870870,8,Vehicle parts; road wheels and parts and accessories thereof,MARKS8004,Netherlands,Benin,Benin,9,2024,1,2024-01,2024-01-13,20240108,20240108,export,1,56161.45,60127.27,kg,KG,Gooiberg Julianadorp B.V.,[in full dataset],Den Helder,,www.gooiberg-bv.nl,[in full dataset],Y,"SOCIETE NOUVELLE D'AUTOMOBILE, D'EQUIPEMENT  ET DE COMMERCE  SA",[in full dataset],Cotonou,,www.sonaec.com,[in full dataset],Y,Gooiberg Julianadorp B.V.,[in full dataset],,22026.7,22026.7,Amsterdam,Main Container Port,Cotonou,1,1,27.53,EVER GIVEN,IMO9676531,SG,V190,97,CMDU,MBL,MSCU636577288,HLCU230912479,CAIU7903007,40GP,OPEN TOP,HC,FCL,CY/CFS,Kuehne + Nagel,56161.45
Import (NL buyer),NEPI Rockcastle Green Energy B.V.,27132000,271320,8,Petroleum bitumen; obtained from bituminous minerals,MARKS3094,Hungary,Netherlands,Netherlands,5,2016,10,2016-10,2016-10-14,20161013,20161013,export,1,840907,59480.82,kg,KG,Premier Energy Wind 158 Kft.,[in full dataset],Budapest,,,,Y,NEPI Rockcastle Green Energy B.V.,[in full dataset],Amsterdam,,,,Y,Premier Energy Wind 158 Kft.,[in full dataset],,16269.3,16269.3,Budapest (inland),Amsterdam,Amsterdam,1,1,20.34,MADRID MAERSK,IMO6136992,SG,V419,865,CMDU,HBL,MAEU146393292,COSU227811432,TGHU6431153,45HC,OPEN TOP,HC,FCL,CY/CFS,Yusen Logistics,52099.68
Export (NL seller),MijnApotheek.nl B.V.,30063000,300630,6,"Pharmaceutical goods; opacifying preparations for x-ray examinations, diagnostic reagents designed to be administered to the patient",MARKS1331,Netherlands,Kuwait,Kuwait,7,2015,6,2015-06,2015-06-25,20150624,20150624,export,1,3719244.46,707.42,kg,KG,MijnApotheek.nl B.V.,[in full dataset],Waspik,,www.savit.de,[in full dataset],N,ADVANCED TECHNOLOGY COMPANY KSCP,[in full dataset],Hawalli,,www.atc.com.kw,[in full dataset],Y,MijnApotheek.nl B.V.,[in full dataset],,3194.5,3194.5,Rotterdam,Main Container Port,Hawalli,1,1,3.99,APL MEXICO CITY,IMO9361942,LR,V175,192,YMLU,SWB,CMDU443597876,COSU146213115,TGHU7224986,40HC,TANK,GP,FCL,CY/CY,DB Schenker,623.89
Import (NL buyer),TCK Retail B.V.,90031900,900319,5,"Frames and mountings; for spectacles, goggles or the like, of materials other than plastics",MARKS5984,Australia,Netherlands,Netherlands,7,2019,12,2019-12,2019-12-15,20191209,20191209,import,1,13335137.57,29682.57,kg,KG,EBOS MEDICAL DEVICES AUSTRALIA PTY LTD,[in full dataset],Docklands,,www.allersearch.com.au,[in full dataset],Y,TCK Retail B.V.,[in full dataset],Kerkrade,,www.tck-sports.nl,[in full dataset],Y,EBOS MEDICAL DEVICES AUSTRALIA PTY LTD,[in full dataset],,16742,16742,Sydney,Rotterdam,Kerkrade,1,1,20.93,HMM ALGECIRAS,IMO4502080,PA,V477,305,EGLV,HBL,CMDU404976035,MSCU756042762,GESU4495050,45HC,TANK,RF,FCL,CFS/CFS,DSV,26865.8
Export (NL seller),Keulen Machines Productie B.V.,84834059,848340,7,"Gears and gearing; (not toothed wheels, chain sprockets and other transmission elements presented separately); ball or roller screws; gear boxes and other speed changers, including torque converters",MARKS8784,Netherlands,Afghanistan,Afghanistan,9,2018,12,2018-12,2018-12-22,20181223,20181223,export,1,185692.4,19802.81,kg,KG,Keulen Machines Productie B.V.,[in full dataset],Nuth,,www.groupofbutchers.com,[in full dataset],Y,F G I LOGISTICS INC,[in full dataset],Kabul,,www.fg-int.com,[in full dataset],Y,Keulen Machines Productie B.V.,[in full dataset],,11311.7,11311.7,Amsterdam,Main Container Port,Kabul,1,1,14.14,COSCO UNIVERSE,IMO7197505,MH,V782,702,HLCU,HBL,CMDU461549964,CMDU834640381,FCIU5545858,20GP,DRY,GP,FCL,CFS/CFS,Nippon Express,17969.39
Import (NL buyer),Louwman SZ Brabant B.V.,87149210,871492,5,"Cycles; parts thereof, wheel rims and spokes",MARKS8180,Serbia,Netherlands,Netherlands,5,2024,1,2024-01,2024-01-12,20240105,20240105,import,1,777303.94,46698.87,kg,KG,STAR IMPORT D.O.O.,[in full dataset],Beograd (Novi Beograd),,www.emilfrey.rs,[in full dataset],Y,Louwman SZ Brabant B.V.,[in full dataset],'s-Gravenhage,,www.louwman.nl,[in full dataset],Y,STAR IMPORT D.O.O.,[in full dataset],,20302.7,20302.7,Main Container Port,Rotterdam,'s-Gravenhage,1,1,25.38,CMA CGM JULES VERNE,IMO7648709,PA,V446,946,MSCU,SWB,MSCU228070173,MSCU367991024,FCIU2134286,40GP,FLAT RACK,GP,FCL,CY/CY,DSV,43316.97
Import (NL buyer),Van Zet Aluminiumproducties B.V.,76072099,760720,9,"Aluminium; foil, backed with paper, paperboard, plastics or similar backing materials, of a thickness (excluding any backing) not exceeding 0.2mm",MARKS4263,Qatar,Netherlands,Netherlands,7,2022,7,2022-07,2022-07-19,20220715,20220715,import,1,339479.7,13312.82,kg,KG,QD RECYCLING FACTORY,[in full dataset],Doha,,www.qdrecycling.com,[in full dataset],Y,Van Zet Aluminiumproducties B.V.,[in full dataset],Sliedrecht,,,,Y,QD RECYCLING FACTORY,[in full dataset],,24898.4,24898.4,Main Container Port,Amsterdam,Sliedrecht,1,1,31.12,OOCL HONG KONG,IMO8993521,MH,V621,221,ONEY,SWB,COSU523984500,MSCU913467722,TCLU1294383,45HC,OPEN TOP,GP,LCL,CY/CFS,CEVA Logistics,11973.25
Import (NL buyer),Eni Energy Alam EI Shawish B.V.,27011900,270119,7,"Coal; (other than anthracite and bituminous), whether or not pulverised but not agglomerated",MARKS9280,Japan,Netherlands,Netherlands,7,2025,10,2025-10,2025-10-23,20251022,20251022,import,1,358945.46,13827.22,kg,KG,"COSMO ENERGY HOLDINGS COMPANY,LIMITED",[in full dataset],CHUO-KU,,www.cosmo-energy.co.jp,[in full dataset],Y,Eni Energy Alam EI Shawish B.V.,[in full dataset],'s-Gravenhage,,www.neptuneenergy.com,[in full dataset],Y,"COSMO ENERGY HOLDINGS COMPANY,LIMITED",[in full dataset],,12560.6,12560.6,Yokohama,Amsterdam,'s-Gravenhage,1,1,15.7,BARZAN,IMO4428096,LR,V905,698,YMLU,MBL,MAEU632171951,EGLV872273548,TGHU3155578,40GP,FLAT RACK,GP,FCL,CFS/CFS,CEVA Logistics,12440.1
Import (NL buyer),Tielbeke Belegging en Beheer B.V.,27022000,270220,7,"Lignite; agglomerated, excluding jet",MARKS9837,Portugal,Netherlands,Netherlands,9,2025,10,2025-10,2025-10-10,20251020,20251020,import,1,11205355.2,57434.76,kg,KG,"G2ER - ENERGY SOLAR ONE, S.A.",[in full dataset],ESTORIL,,www.growenergy.pt,[in full dataset],Y,Tielbeke Belegging en Beheer B.V.,[in full dataset],Lemelerveld,,www.tielbeke.nl,[in full dataset],N,"G2ER - ENERGY SOLAR ONE, S.A.",[in full dataset],,17873.2,17873.2,Main Container Port,Amsterdam,Lemelerveld,1,1,22.34,ONE APUS,IMO2585495,PA,V761,907,MSCU,HBL,ONEY936237674,MAEU219930569,BMOU8018610,40GP,FLAT RACK,RF,LCL,CFS/CFS,Sinotrans,53487.93
Import (NL buyer),AbbVie Logistics B.V.,30025900,300259,9,"Cell cultures, whether or not modified; other cell cultures not including cell therapy products",MARKS1398,Chile,Netherlands,Netherlands,9,2015,6,2015-06,2015-06-12,20150615,20150615,import,1,1601.22,1703.6,kg,KG,Medical International Laboratories Corporation S.A.,[in full dataset],SANTIAGO,,,,Y,AbbVie Logistics B.V.,[in full dataset],Zwolle,,,,Y,Medical International Laboratories Corporation S.A.,[in full dataset],,20543.7,20543.7,San Antonio,Amsterdam,Zwolle,1,1,25.68,MADRID MAERSK,IMO6780822,LR,V551,86,APLU,MBL,EGLV360972421,YMLU948020495,MSCU6408368,45HC,DRY,HC,FCL,CY/CFS,Yusen Logistics,1601.22
Export (NL seller),Hekla Energy B.V.,27011290,270112,7,"Coal; bituminous, whether or not pulverised, but not agglomerated",MARKS5496,Netherlands,Finland,Finland,9,2025,10,2025-10,2025-10-07,20251002,20251002,export,1,78293956.38,613.29,kg,KG,Hekla Energy B.V.,[in full dataset],Amsterdam,,www.houthoffinsolvency.com,[in full dataset],Y,North European Oil Trade Oy,[in full dataset],HELSINKI,,www.neot.fi,[in full dataset],Y,Hekla Energy B.V.,[in full dataset],,23733.3,23733.3,Rotterdam,Main Container Port,HELSINKI,1,1,29.67,MADRID MAERSK,IMO2691649,SG,V847,58,ZIMU,HBL,MSCU755980226,MAEU751011128,GESU5668790,45HC,DRY,RF,LCL,CY/CFS,Bollore Logistics,558.5
Export (NL seller),Louwman Holdings B.V.,84231090,842310,8,Weighing machines; personal (including baby scales) and household scales,MARKS4861,Netherlands,Saint Vincent and The Grenadines,Saint Vincent and The Grenadines,9,2018,12,2018-12,2018-12-19,20181218,20181218,export,1,273835.79,10152.69,kg,KG,Louwman Holdings B.V.,[in full dataset],'s-Gravenhage,,www.louwmangroup.nl,[in full dataset],Y,Gibsons Building Supplies Ltd,[in full dataset],Kingstown,,,,N,Louwman Holdings B.V.,[in full dataset],,9559.4,9559.4,Amsterdam,Main Container Port,Kingstown,1,1,11.95,MADRID MAERSK,IMO6614393,SG,V883,471,HMMU,MBL,YMLU527364316,MSCU339785496,MSCU2579763,20GP,DRY,HC,FCL,CFS/CFS,CEVA Logistics,8853.85
Import (NL buyer),Argent Energy Netherlands Holding B.V.,27112900,271129,8,"Petroleum gases and other gaseous hydrocarbons; in gaseous state, other than natural gas",MARKS6161,Iceland,Netherlands,Netherlands,8,2016,10,2016-10,2016-10-12,20161020,20161020,import,1,263255.67,335.17,kg,KG,North Tech Energy ehf.,[in full dataset],Reykjavik,,,,Y,Argent Energy Netherlands Holding B.V.,[in full dataset],Amsterdam,,,,N,North Tech Energy ehf.,[in full dataset],,19410.4,19410.4,Main Container Port,Amsterdam,Amsterdam,1,1,24.26,BARZAN,IMO1519371,MH,V187,833,CMDU,MBL,YMLU882938602,HLCU847640523,FCIU9649391,20GP,REEFER,GP,FCL,CY/CFS,Kuehne + Nagel,315.56
Import (NL buyer),Henk van Os Dierenspeciaalzaak B.V.,90129000,901290,9,Microscopes (excluding optical microscopes); diffraction apparatus; parts and accessories,MARKS3676,Sweden,Netherlands,Netherlands,7,2019,12,2019-12,2019-12-03,20191215,20191215,import,1,24166351.5,4672.93,kg,KG,Lmg Handels As,[in full dataset],,,,,Y,Henk van Os Dierenspeciaalzaak B.V.,[in full dataset],Ridderkerk,,www.vanosbird.nl,[in full dataset],N,Lmg Handels As,[in full dataset],,11734.1,11734.1,Stockholm,Rotterdam,Ridderkerk,1,1,14.67,MSC OSCAR,IMO4910036,PA,V548,192,YMLU,MBL,MAEU815359816,CMDU605902467,TCLU1511132,45HC,FLAT RACK,HC,FCL,CY/CY,DB Schenker,4092.37
Export (NL seller),Wittenberg - de Bois B.V.,84146000,841460,9,"Hoods; ventilating or recycling hoods incorporating a fan, whether or not fitted with filters, having a maximum horizontal side not exceeding 120cm",MARKS8747,Netherlands,Cambodia,Cambodia,5,2018,12,2018-12,2018-12-05,20181218,20181218,export,1,201813.58,18531.99,kg,KG,Wittenberg - de Bois B.V.,[in full dataset],Amersfoort,,www.hyundai-wittenberg.nl,[in full dataset],Y,"3WINBIZ (CAMBODIA) CO., LTD.",[in full dataset],Phnom Penh,,www.3winbiz.com.kh,[in full dataset],Y,Wittenberg - de Bois B.V.,[in full dataset],,24209.2,24209.2,Amsterdam,Main Container Port,Phnom Penh,1,1,30.26,ONE APUS,IMO9489299,SG,V963,392,HLCU,HBL,ONEY188204491,HLCU982350477,TCLU6788730,40GP,DRY,GP,FCL,CFS/CFS,DB Schenker,16299.42
Export (NL seller),Schmitt Anchors & Chaincables (Ankers & Kettingen) B.V.,73043120,730431,5,"Iron or non-alloy steel (excluding cast iron); seamless, cold-drawn or cold-rolled, tubes, pipes and hollow profiles of circular cross-section",MARKS7287,Netherlands,Argentina,Argentina,6,2021,3,2021-03,2021-03-14,20210316,20210316,export,1,572478.16,7297.56,kg,KG,Schmitt Anchors & Chaincables (Ankers & Kettingen) B.V.,[in full dataset],Zwijndrecht,,www.schmitt-anchors.nl,[in full dataset],Y,MINERA ANDINA DEL SOL S.R.L.,[in full dataset],Trinidad,,www.veladero.com,[in full dataset],Y,Schmitt Anchors & Chaincables (Ankers & Kettingen) B.V.,[in full dataset],,10092.9,10092.9,Rotterdam,Rosario,Trinidad,1,1,12.62,MADRID MAERSK,IMO6025535,PA,V295,574,ZIMU,MBL,EGLV257028581,HLCU806176540,TGHU2606137,45HC,REEFER,RF,FCL,CFS/CFS,Expeditors,6841.72
Export (NL seller),Van Klink-Belkmeer OZ B.V.,03031200,030312,7,"Fish; frozen, Pacific salmon (Oncorhynchus gorbuscha/keta/tschawytscha/ kisutch/masou/rhodurus) other than sockeye salmon (Oncorhynchus nerka), excluding fillets, fish meat of 0304, and edible fish offal of subheadings 0303.91 to 0303.99",MARKS1157,Netherlands,Philippines,Philippines,8,2017,9,2017-09,2017-09-19,20170925,20170925,export,1,71501.24,7170.82,kg,KG,Van Klink-Belkmeer OZ B.V.,[in full dataset],'t Zand NH,,,,Y,"DOLE PHILIPPINES, INC.",[in full dataset],Polomolok,,www.dolesunshine.com,[in full dataset],Y,Van Klink-Belkmeer OZ B.V.,[in full dataset],,6881.5,6881.5,Rotterdam,Manila North/South Harbor,Polomolok,1,1,8.6,OOCL HONG KONG,IMO1850722,MH,V696,810,APLU,MBL,YMLU990311769,MSCU834392633,TCLU3203224,40GP,DRY,GP,LCL,CFS/CFS,DHL Global Forwarding,6334.48
Import (NL buyer),Daka Rotterdam Noord B.V.,90063000,900630,8,"Cameras, photographic (excluding cinematographic); specially designed for underwater use, aerial survey, medical or surgical examination of internal organs; comparison cameras for forensic or criminological use",MARKS9976,Singapore,Netherlands,Netherlands,9,2022,6,2022-06,2022-06-23,20220620,20220620,import,1,113177255.64,109692.41,kg,KG,DRAYCOTT TECHNOLOGY PARTNERS PTE. LTD.,[in full dataset],Singapore,,,,Y,Daka Rotterdam Noord B.V.,[in full dataset],Rotterdam,,www.daka.nl,[in full dataset],Y,DRAYCOTT TECHNOLOGY PARTNERS PTE. LTD.,[in full dataset],,8109.7,8109.7,Singapore (PSA),Rotterdam,Rotterdam,1,1,10.14,APL MEXICO CITY,IMO2058280,SG,V703,373,COSU,MBL,EGLV831322573,MSCU195322654,GESU7254378,45HC,OPEN TOP,GP,FCL,CY/CFS,Sinotrans,98468.09
Export (NL seller),CoreDux Netherlands B.V.,73072290,730722,6,"Steel, stainless; tube or pipe fittings, threaded elbows, bends and sleeves",MARKS4212,Netherlands,Costa Rica,Costa Rica,7,2021,3,2021-03,2021-03-17,20210301,20210301,export,1,21550.44,23075.51,kg,KG,CoreDux Netherlands B.V.,[in full dataset],Tilburg,,www.coredux.com,[in full dataset],N,Inter Pix S.A.,[in full dataset],Heredia,,,,Y,CoreDux Netherlands B.V.,[in full dataset],,4965.4,4965.4,Amsterdam,Main Container Port,Heredia,1,1,6.21,MSC OSCAR,IMO4995029,MH,V543,864,MAEU,SWB,HLCU921738146,MAEU909370080,TCLU5238081,20GP,OPEN TOP,HC,FCL,CFS/CFS,Expeditors,21550.44
Export (NL seller),Cornelis Vrolijk International VI B.V.,84804100,848041,6,"Moulds; for metal or metal carbides, injection or compression types",MARKS3892,Netherlands,Belarus,Belarus,6,2022,6,2022-06,2022-06-21,20220608,20220608,export,1,205672.1,8221.91,kg,KG,Cornelis Vrolijk International VI B.V.,[in full dataset],IJmuiden,,www.cornelisvrolijk.eu,[in full dataset],Y,Gottlie Guhring Beteilegungs GmbH Representative Office,[in full dataset],Minsk,,,,Y,Cornelis Vrolijk International VI B.V.,[in full dataset],,16630,16630,Amsterdam,Main Container Port,Minsk,1,1,20.79,MOL TRIUMPH,IMO1162826,SG,V940,265,EGLV,MBL,ONEY563888970,HLCU509199800,MSCU6749388,40HC,DRY,HC,LCL,CFS/CFS,Sinotrans,7615.09
Import (NL buyer),First Natural Lanzart,90111000,901110,6,"Microscopes, compound optical; stereoscopic microscopes",MARKS1480,Ireland,Netherlands,Netherlands,8,2020,2,2020-02,2020-02-26,20200214,20200214,export,1,312628782.05,5112.5,kg,KG,CORDIS MEDICAL HOLDINGS UNLIMITED COMPANY,[in full dataset],CASHEL,,,,N,First Natural Lanzart,[in full dataset],'s-Gravenhage,,,,Y,CORDIS MEDICAL HOLDINGS UNLIMITED COMPANY,[in full dataset],,3310.1,3310.1,Cork,Rotterdam,'s-Gravenhage,1,1,4.14,APL MEXICO CITY,IMO6291631,LR,V814,322,COSU,SWB,MSCU834565266,HLCU501652265,TGHU9965062,20GP,FLAT RACK,HC,LCL,CFS/CFS,Bollore Logistics,4768.15
Import (NL buyer),Agro Care WP17 Exploitatie B.V.,03053950,030539,6,"Fish fillets; dried, salted or in brine, but not smoked, n.e.c. in item no. 0305.3",MARKS1768,Vanuatu,Netherlands,Netherlands,6,2017,6,2017-06,2017-06-19,20170604,20170604,import,1,8529.55,9670.63,kg,KG,ANGARA SHIPPING LIMITED,[in full dataset],Port Vila,,,,Y,Agro Care WP17 Exploitatie B.V.,[in full dataset],Middenmeer,,www.agrocare.nl,[in full dataset],Y,ANGARA SHIPPING LIMITED,[in full dataset],,10093.2,10093.2,Main Container Port,Rotterdam,Middenmeer,1,1,12.62,MSC OSCAR,IMO8588328,MH,V278,643,YMLU,HBL,EGLV124320685,MAEU374286151,CAIU4972852,40GP,REEFER,HC,FCL,CY/CY,DHL Global Forwarding,8529.55
Import (NL buyer),Fakton Energy B.V.,27074000,270740,9,Oils and products of the distillation of high temperature coal tar; naphthalene,MARKS7653,Georgia,Netherlands,Netherlands,5,2025,10,2025-10,2025-10-19,20251028,20251028,import,1,13035507.63,6573.64,kg,KG,VP Georgia Ltd,[in full dataset],Tbilisi,,www.vpg.ge,[in full dataset],Y,Fakton Energy B.V.,[in full dataset],Rotterdam,,www.fakton.com,[in full dataset],N,VP Georgia Ltd,[in full dataset],,10350,10350,Main Container Port,Amsterdam,Rotterdam,1,1,12.94,OOCL HONG KONG,IMO1522242,MH,V997,199,HLCU,SWB,CMDU296988661,YMLU874297356,BMOU1123470,20GP,TANK,GP,FCL,CFS/CFS,DB Schenker,5832.87
Import (NL buyer),CPH Chemicals Holding B.V.,38249920,382499,9,"Chemical products, mixtures and preparations; n.e.c. heading 3824",MARKS1516,Vietnam,Netherlands,Netherlands,5,2023,7,2023-07,2023-07-20,20230723,20230723,import,1,111530.22,9335.76,kg,KG,"VEDAN VIETNAM ENTERPRISE CORP.,LTD",[in full dataset],Phuoc Thai Commune,,www.vedan.com.vn,[in full dataset],N,CPH Chemicals Holding B.V.,[in full dataset],Amstelveen,,www.cphchemicals.com,[in full dataset],N,"VEDAN VIETNAM ENTERPRISE CORP.,LTD",[in full dataset],,9877.7,9877.7,Da Nang,Rotterdam,Amstelveen,1,1,12.35,ONE APUS,IMO3042805,PA,V276,322,MSCU,MBL,MSCU864799666,MAEU384484455,GESU4172206,40GP,TANK,GP,FCL,CFS/CFS,CEVA Logistics,8643.4
Export (NL seller),GSK Vaccines B.V.,30034100,300341,5,"Medicaments; containing alkaloids or their derivatives, containing ephedrine or its salts, for therapeutic or prophylactic uses, (not packaged for retail sale)",MARKS2627,Netherlands,Kuwait,Kuwait,8,2015,6,2015-06,2015-06-05,20150612,20150612,export,1,3719244.46,840.3,kg,KG,GSK Vaccines B.V.,[in full dataset],Amsterdam,,www.gsk.com,[in full dataset],N,BEIDOUN GENERAL TRADING & CONTRACTING COMPANY WLL,[in full dataset],Safat,,www.beidoun.com,[in full dataset],Y,GSK Vaccines B.V.,[in full dataset],,18781.3,18781.3,Rotterdam,Main Container Port,Safat,1,1,23.48,COSCO UNIVERSE,IMO4246897,PA,V170,506,HLCU,HBL,HLCU736951005,HLCU152718345,FCIU8394610,40GP,TANK,GP,FCL,CFS/CFS,DHL Global Forwarding,794.85
Export (NL seller),Sport Center Badhoevedorp B.V.,90069900,900699,8,"Photographic flashlight apparatus; parts and accessories, for other than cameras",MARKS8026,Netherlands,Italy,Italy,8,2022,6,2022-06,2022-06-06,20220611,20220611,export,1,225843985.74,439.95,kg,KG,Sport Center Badhoevedorp B.V.,[in full dataset],Badhoevedorp,,www.sportcenterbadhoevedorp.nl,[in full dataset],Y,JOHNSON & JOHNSON MEDICAL SPA,[in full dataset],POMEZIA,,www.jnjmedicaldevices.com,[in full dataset],Y,Sport Center Badhoevedorp B.V.,[in full dataset],,3889.1,3889.1,Rotterdam,La Spezia,POMEZIA,1,1,4.86,BARZAN,IMO9542080,LR,V507,922,ZIMU,HBL,HLCU818761115,COSU232066229,FCIU5577073,40HC,DRY,HC,FCL,CFS/CFS,CEVA Logistics,394.13
Import (NL buyer),Muscle Power B.V.,90222900,902229,9,"Apparatus based on the use of alpha, beta, gamma or other ionising radiations, including radiography or radiotherapy apparatus; (for other than medical, surgical, dental or veterinary uses)",MARKS9740,Singapore,Netherlands,Netherlands,7,2020,2,2020-02,2020-02-26,20200220,20200220,import,1,85145190.94,6428.74,kg,KG,THE DRAWING ROOM,[in full dataset],Singapore,,,,Y,Muscle Power B.V.,[in full dataset],Doesburg,,www.muscle-power.nl,[in full dataset],Y,THE DRAWING ROOM,[in full dataset],,21178.1,21178.1,Singapore (PSA),Amsterdam,Doesburg,1,1,26.47,BARZAN,IMO6842501,SG,V126,53,HLCU,SWB,ONEY147151662,MAEU472757937,CAIU3472729,40HC,REEFER,GP,FCL,CY/CY,Nippon Express,5659.22
Export (NL seller),Vissers Energy Group B.V.,27111100,271111,9,"Petroleum gases and other gaseous hydrocarbons; liquefied, natural gas",MARKS3685,Netherlands,Japan,Japan,9,2016,10,2016-10,2016-10-19,20161012,20161012,import,1,326717.44,4852.63,kg,KG,Vissers Energy Group B.V.,[in full dataset],Horst,,www.vissersenergygroup.nl,[in full dataset],Y,INPEX CORPORATION,[in full dataset],MINATO-KU,,www.inpex.com/,[in full dataset],Y,Vissers Energy Group B.V.,[in full dataset],,1450.9,1450.9,Rotterdam,Yokohama,MINATO-KU,1,1,1.81,MSC GULSUN,IMO6961818,SG,V878,777,MSCU,MBL,EGLV766780109,CMDU218752266,CAIU7381008,40HC,REEFER,HC,FCL,CY/CY,Bollore Logistics,4405.13
Import (NL buyer),"INDRA SISTEMAS, S.A.",84743900,847439,6,"Machines; for mixing or kneading mineral substances, excluding concrete mixers and machines for mixing mineral substances with bitumen",MARKS7630,Costa Rica,Netherlands,Netherlands,6,2018,12,2018-12,2018-12-12,20181228,20181228,import,1,43598.11,49239.94,kg,KG,"Logica Digital De Oriente, S.A.",[in full dataset],San Jose,,,,N,"INDRA SISTEMAS, S.A.",[in full dataset],Amsterdam,,www.indra.es,[in full dataset],Y,"Logica Digital De Oriente, S.A.",[in full dataset],,23063.9,23063.9,Main Container Port,Rotterdam,Amsterdam,1,1,28.83,HYUNDAI LOYALTY,IMO1344096,LR,V368,563,CMDU,HBL,EGLV289806713,YMLU196462609,GESU7938078,40HC,DRY,HC,FCL,CY/CFS,DHL Global Forwarding,43598.11
Import (NL buyer),Agro Care Green Services B.V.,03063990,030639,7,"Crustaceans; live, fresh or chilled, n.e.c. in item no. 0306.3, in shell or not",MARKS6786,South Korea,Netherlands,Netherlands,9,2017,1,2017-01,2017-01-07,20170114,20170114,import,1,7107.13,8056.12,kg,KG,"DONGWON INDUSTRIES CO., LTD.",[in full dataset],Seoul,,www.dwml.co.kr,[in full dataset],Y,Agro Care Green Services B.V.,[in full dataset],Wateringen,,www.agrocare.nl,[in full dataset],Y,"DONGWON INDUSTRIES CO., LTD.",[in full dataset],,16960.1,16960.1,Gwangyang,Amsterdam,Wateringen,1,1,21.2,HMM ALGECIRAS,IMO2699731,MH,V633,46,EGLV,SWB,MAEU622345898,COSU238372910,TCLU7327644,45HC,OPEN TOP,GP,FCL,CY/CFS,Kuehne + Nagel,7107.13
Export (NL seller),Star Remedies B.V.,30067000,300670,6,Pharmaceutical goods; Gel preparations designed to be used in human or veterinary medicine as a lubricant for parts of the body for surgical operations or physical examinations or as a coupling agent between the body and medical instruments,MARKS8789,Netherlands,Colombia,Colombia,6,2015,6,2015-06,2015-06-16,20150606,20150606,export,1,10508668.86,7067.49,kg,KG,Star Remedies B.V.,[in full dataset],Badhoevedorp,,www.starremedies.com,[in full dataset],Y,TECNOQUIMICAS S A S,[in full dataset],CALI,,WWW.TQCONFIABLE.COM,[in full dataset],Y,Star Remedies B.V.,[in full dataset],,11638.3,11638.3,Amsterdam,Cartagena,CALI,1,1,14.55,MSC GULSUN,IMO1671856,MH,V249,308,MSCU,MBL,CMDU167609511,EGLV483029292,BMOU5726507,40GP,DRY,RF,FCL,CY/CY,Expeditors,6631.23
Export (NL seller),Global Organ Group B.V.,90311000,903110,6,Machines; for balancing mechanical parts,MARKS7491,Netherlands,Kuwait,Kuwait,8,2019,12,2019-12,2019-12-09,20191202,20191202,export,1,8250946.46,321.22,kg,KG,Global Organ Group B.V.,[in full dataset],Ede GLD,,www.johannus.com,[in full dataset],Y,PREMIER TECHNOLOGY CO FOR PHOTOGRAPHY EQUIPMENT AND DEVICES ELECTRONIC APPLIANCES AND COMPUTERS WLL,[in full dataset],Kuwait City East,,,,N,Global Organ Group B.V.,[in full dataset],,2397.7,2397.7,Rotterdam,Main Container Port,Kuwait City East,1,1,3,MADRID MAERSK,IMO1314087,PA,V682,738,MSCU,SWB,MAEU742504897,MAEU800224998,FCIU5757371,45HC,DRY,HC,LCL,CY/CY,Yusen Logistics,282.16
Export (NL seller),Gas-Trading Holland B.V.,27121010,271210,8,Petroleum jelly,MARKS3434,Netherlands,Ivory Coast,Ivory Coast,8,2025,10,2025-10,2025-10-09,20251003,20251003,export,1,25558723.68,641.22,kg,KG,Gas-Trading Holland B.V.,[in full dataset],Nieuwerkerk a.d. IJssel,,,,N,FOXTROT INTERNATIONAL,[in full dataset],Abidjan,,www.foxtrotinternational.com,[in full dataset],N,Gas-Trading Holland B.V.,[in full dataset],,6380.2,6380.2,Amsterdam,Main Container Port,Abidjan,1,1,7.98,HYUNDAI LOYALTY,IMO7671270,MH,V409,373,HMMU,HBL,COSU250966929,YMLU612261274,TGHU3091259,40GP,OPEN TOP,GP,LCL,CY/CFS,DB Schenker,562.55
Export (NL seller),Boels Verhuur B.V.,84832000,848320,6,"Bearing housings, incorporating ball or roller bearings",MARKS7071,Netherlands,Chad,Chad,6,2018,12,2018-12,2018-12-20,20181211,20181211,export,1,151971.23,13670.87,kg,KG,Boels Verhuur B.V.,[in full dataset],Sittard,,www.boels.com,[in full dataset],Y,"WEATHERFORD INTERNATIONAL, LLC",[in full dataset],Kome,,,,Y,Boels Verhuur B.V.,[in full dataset],,12094.1,12094.1,Amsterdam,Main Container Port,Kome,1,1,15.12,HYUNDAI LOYALTY,IMO5731020,LR,V329,193,MSCU,MBL,ONEY200498269,ONEY959564659,TGHU3496015,20GP,OPEN TOP,RF,FCL,CY/CFS,DB Schenker,12726.54
Import (NL buyer),PVG Energy B.V.,27112900,271129,8,"Petroleum gases and other gaseous hydrocarbons; in gaseous state, other than natural gas",MARKS6749,Hungary,Netherlands,Netherlands,9,2025,10,2025-10,2025-10-22,20251011,20251011,export,1,5181521.71,31426.21,kg,KG,Premier Energy Wind 158 Kft.,[in full dataset],Budapest,,,,Y,PVG Energy B.V.,[in full dataset],Oss,,www.zibro.co.uk,[in full dataset],N,Premier Energy Wind 158 Kft.,[in full dataset],,9669.4,9669.4,Budapest (inland),Amsterdam,Oss,1,1,12.09,YM WARRANTY,IMO2149369,MH,V677,469,EGLV,HBL,EGLV122065986,EGLV258855019,MSCU7284305,20GP,OPEN TOP,HC,FCL,CFS/CFS,DSV,27434.15
Export (NL seller),BP Egypt Production B.V.,27141000,271410,6,Bituminous or oil shale and tar sands,MARKS5426,Netherlands,Slovakia,Slovakia,5,2016,10,2016-10,2016-10-19,20161016,20161016,export,1,598855.14,220.03,kg,KG,BP Egypt Production B.V.,[in full dataset],Europoort Rotterdam,,www.bp.com,[in full dataset],Y,"PROMA ENERGY, s.r.o.",[in full dataset],Žilina,,www.promaenergy.sk,[in full dataset],Y,BP Egypt Production B.V.,[in full dataset],,3052.2,3052.2,Amsterdam,Main Container Port,Žilina,1,1,3.82,COSCO UNIVERSE,IMO4400336,PA,V381,299,MAEU,MBL,EGLV479362047,MSCU411129122,FCIU4899031,45HC,OPEN TOP,GP,FCL,CY/CY,Nippon Express,200
Import (NL buyer),Canon Medical Systems Europe B.V.,90131010,901310,6,"Optical appliances and instruments; telescopic sights for fitting to arms; periscopes; telescopes designed to form parts of machines, appliances, instruments or apparatus of this chapter",MARKS6062,Suriname,Netherlands,Netherlands,9,2019,12,2019-12,2019-12-13,20191216,20191216,import,1,10853.4,12395.84,kg,KG,Photomax Ltd,[in full dataset],Paramaribo,,,,Y,Canon Medical Systems Europe B.V.,[in full dataset],Amstelveen,,eu.medical.canon,[in full dataset],Y,Photomax Ltd,[in full dataset],,17479.8,17479.8,Main Container Port,Amsterdam,Amstelveen,1,1,21.85,MADRID MAERSK,IMO7450108,LR,V250,48,HLCU,MBL,MSCU667835774,HLCU490301068,BMOU3791203,40HC,FLAT RACK,RF,FCL,CY/CY,DHL Global Forwarding,10853.4
Export (NL seller),Kalvermesterij de Broekeld B.V.,03055310,030553,8,"Fish; dried, whether or not salted but not smoked, fish of the families Bregmacerotidae, Euclichthyidae, Gadidae, Macrouridae, Melanonidae, Merlucciidae, Moridae and Muraenolepididae, other than cod",MARKS3116,Netherlands,Montenegro,Montenegro,5,2017,8,2017-08,2017-08-09,20170823,20170823,export,1,8119.14,9078.12,kg,KG,Kalvermesterij de Broekeld B.V.,[in full dataset],Uddel,,,,Y,BG MONT,[in full dataset],ANDRIJEVICA,,,,Y,Kalvermesterij de Broekeld B.V.,[in full dataset],,17724.2,17724.2,Rotterdam,Main Container Port,ANDRIJEVICA,1,1,22.16,ONE APUS,IMO2171841,MH,V919,422,MSCU,SWB,HLCU137512455,YMLU189616712,TGHU1458405,40HC,REEFER,RF,FCL,CFS/CFS,Expeditors,8119.14
Import (NL buyer),Koninklijke Ten Cate B.V.,87059080,870590,9,"Vehicles; break-down lorries, road-sweepers, spraying lorries, mobile workshops, mobile radiological units, and other special purpose vehicles n.e.c. in heading no. 8705",MARKS6489,Bosnia-Herzegovina,Netherlands,Netherlands,6,2024,1,2024-01,2024-01-22,20240107,20240107,import,1,1151840.84,17787.24,kg,KG,"""AC QUATTRO"" d.o.o. Sarajevo",[in full dataset],Sarajevo,,www.acquattro.ba,[in full dataset],N,Koninklijke Ten Cate B.V.,[in full dataset],Nijverdal,,www.tencate.com,[in full dataset],N,"""AC QUATTRO"" d.o.o. Sarajevo",[in full dataset],,5814.5,5814.5,Main Container Port,Amsterdam,Nijverdal,1,1,7.27,MOL TRIUMPH,IMO1524531,SG,V171,560,YMLU,HBL,COSU793280726,MAEU468045557,TGHU1028488,45HC,TANK,HC,FCL,CFS/CFS,Nippon Express,15559.43
Import (NL buyer),TotalEnergies EP Gastransport Nederland B.V.,73211190,732111,7,"Cooking appliances and plate warmers; for gas fuel or for both gas and other fuels, of iron or steel",MARKS4847,Nepal,Netherlands,Netherlands,5,2021,3,2021-03,2021-03-21,20210317,20210317,import,1,1499.29,1574.63,kg,KG,C.E CONSTRUCTION,[in full dataset],Kathmandu,,www.ce-construction.com,[in full dataset],N,TotalEnergies EP Gastransport Nederland B.V.,[in full dataset],'s-Gravenhage,,www.totalenergies.nl,[in full dataset],Y,C.E CONSTRUCTION,[in full dataset],,3888.7,3888.7,Main Container Port,Amsterdam,'s-Gravenhage,1,1,4.86,CMA CGM JULES VERNE,IMO1654692,LR,V106,423,HMMU,SWB,YMLU738988347,MAEU473146241,GESU9935583,40HC,FLAT RACK,HC,LCL,CY/CFS,Bollore Logistics,1499.28
Export (NL seller),Chrysal International B.V.,38248100,382481,7,"Chemical products, mixtures and preparations; containing goods specified in Subheading Note 3 to this Chapter; containing oxirane (ethylene oxide)",MARKS6774,Netherlands,Georgia,Georgia,6,2023,7,2023-07,2023-07-20,20230724,20230724,export,1,127805.59,833.72,kg,KG,Chrysal International B.V.,[in full dataset],Naarden,,www.chrysal.com,[in full dataset],Y,"CARTLIS AGROSYSTEMS, LLC",[in full dataset],Tbilisi,,www.cartlis.ge,[in full dataset],N,Chrysal International B.V.,[in full dataset],,9146.3,9146.3,Amsterdam,Main Container Port,Tbilisi,1,1,11.43,ONE APUS,IMO3389035,LR,V722,647,APLU,HBL,COSU230833280,COSU701333147,GESU8352692,40HC,REEFER,HC,FCL,CY/CY,Nippon Express,740.03
Import (NL buyer),HSM Offshore Energy B.V.,27030000,270300,8,"Peat; (including peat litter), whether or not agglomerated",MARKS8496,Latvia,Netherlands,Netherlands,6,2025,10,2025-10,2025-10-19,20251022,20251022,import,1,1337111.54,20850.73,kg,KG,Enefit SIA,[in full dataset],Riga,,www.enefit.lv,[in full dataset],N,HSM Offshore Energy B.V.,[in full dataset],Schiedam,,www.hsmoffshoreenergy.com,[in full dataset],Y,Enefit SIA,[in full dataset],,13144.2,13144.2,Main Container Port,Rotterdam,Schiedam,1,1,16.43,YM WARRANTY,IMO4683877,MH,V929,257,YMLU,SWB,MAEU801157100,HLCU591353241,BMOU6418839,20GP,OPEN TOP,RF,FCL,CY/CY,Sinotrans,19168.98
Import (NL buyer),Europe Retail Packing B.V.,03078800,030788,9,"Molluscs; stromboid conchs (Strombus spp.), whether in shell or not, dried, salted, in brine, or smoked, cooked or not before or during the smoking process",MARKS3027,Slovenia,Netherlands,Netherlands,8,2017,4,2017-04,2017-04-02,20170427,20170427,import,1,1500.15,1680.76,kg,KG,GG Bled d.o.o.,[in full dataset],Bled,,www.ggbled.si,[in full dataset],Y,Europe Retail Packing B.V.,[in full dataset],Poeldijk,,www.europeretailpacking.nl,[in full dataset],Y,GG Bled d.o.o.,[in full dataset],,13369.5,13369.5,Main Container Port,Amsterdam,Poeldijk,1,1,16.71,CSCL GLOBE,IMO2898188,LR,V858,71,OOLU,HBL,COSU669533015,CMDU616496947,MSCU2031883,45HC,REEFER,HC,LCL,CY/CFS,Expeditors,1500.15
Import (NL buyer),Shell Downstream Services International B.V.,27112900,271129,7,"Petroleum gases and other gaseous hydrocarbons; in gaseous state, other than natural gas",MARKS5203,Romania,Netherlands,Netherlands,7,2025,10,2025-10,2025-10-14,20251006,20251006,import,1,32611.74,35727.4,kg,KG,OMV PETROM SA,[in full dataset],Bucuresti,,www.petrom.ro,[in full dataset],N,Shell Downstream Services International B.V.,[in full dataset],Rotterdam,,www.shell.com,[in full dataset],Y,OMV PETROM SA,[in full dataset],,24055.8,24055.8,Main Container Port,Amsterdam,Rotterdam,1,1,30.07,MSC GULSUN,IMO4808407,SG,V510,574,APLU,MBL,YMLU754057953,MAEU459666007,GESU2553388,40HC,REEFER,RF,FCL,CFS/CFS,Kuehne + Nagel,32611.74
Import (NL buyer),Vakantie Makelaar B.V.,87149950,871499,7,"Cycles; parts thereof, n.e.c. in item no. 8714.9",MARKS1990,Chile,Netherlands,Netherlands,5,2024,1,2024-01,2024-01-15,20240104,20240104,import,1,121023.02,93836.71,kg,KG,Administradora de Fondos de Pensiones Cuprum S.A.,[in full dataset],SANTIAGO,,www.cuprum.cl,[in full dataset],Y,Vakantie Makelaar B.V.,[in full dataset],Amsterdam,,www.vakantiemakelaar.nl,[in full dataset],N,Administradora de Fondos de Pensiones Cuprum S.A.,[in full dataset],,12760.5,12760.5,San Antonio,Amsterdam,Amsterdam,1,1,15.95,HMM ALGECIRAS,IMO3653528,MH,V236,16,CMDU,HBL,CMDU287484496,HLCU274301239,GESU1128567,20GP,DRY,RF,FCL,CY/CFS,Yusen Logistics,84680.07
Import (NL buyer),Topigs Group B.V.,03072110,030721,7,"Molluscs; scallops and other molluscs of the family Pectinidae, whether in shell or not, live, fresh or chilled",MARKS8572,Hungary,Netherlands,Netherlands,5,2017,3,2017-03,2017-03-12,20170326,20170326,import,1,1600.61,1710.23,kg,KG,Megyer Agro Kft.,[in full dataset],Győr,,,,N,Topigs Group B.V.,[in full dataset],'s-Hertogenbosch,,www.topigsnorsvin.nl,[in full dataset],Y,Megyer Agro Kft.,[in full dataset],,22545.4,22545.4,Koper (via SI),Amsterdam,'s-Hertogenbosch,1,1,28.18,HYUNDAI LOYALTY,IMO3754021,PA,V521,791,APLU,SWB,ONEY153114643,EGLV991008599,BMOU3621868,40GP,FLAT RACK,HC,FCL,CY/CFS,Kuehne + Nagel,1600.61
Import (NL buyer),Cooper Consumer Health NL B.V.,30031000,300310,6,"Medicaments; containing penicillins, streptomycins or their derivatives, for therapeutic or prophylactic uses, (not in measured doses, not packaged for retail sale)",MARKS5996,Egypt,Netherlands,Netherlands,6,2015,6,2015-06,2015-06-21,20150625,20150625,export,1,618804.39,19381.14,kg,KG,PHARMA OVERSEAS TRADING AND DISTRIBUTION OF MEDICINES S.A.E,[in full dataset],Alexandria,,www.pharmaoverseas.com,[in full dataset],Y,Cooper Consumer Health NL B.V.,[in full dataset],Diemen,,www.cooperconsumerhealth.nl,[in full dataset],Y,PHARMA OVERSEAS TRADING AND DISTRIBUTION OF MEDICINES S.A.E,[in full dataset],,17921.4,17921.4,Port Said,Rotterdam,Diemen,1,1,22.4,APL MEXICO CITY,IMO9952794,SG,V521,372,HMMU,SWB,MSCU656918568,ONEY670084609,BMOU1263161,45HC,REEFER,RF,FCL,CY/CFS,Expeditors,16854.11
Import (NL buyer),LC Ranch,90066100,900661,9,Photographic flashlight apparatus; discharge lamp (electronic),MARKS4963,Costa Rica,Netherlands,Netherlands,8,2019,12,2019-12,2019-12-13,20191215,20191215,import,1,24973149.07,80257.68,kg,KG,Transportes Ivu S.A.,[in full dataset],,,,,Y,LC Ranch,[in full dataset],Katwijk ZH,,,,Y,Transportes Ivu S.A.,[in full dataset],,23811,23811,Main Container Port,Rotterdam,Katwijk ZH,1,1,29.76,CMA CGM JULES VERNE,IMO7960528,PA,V427,322,COSU,SWB,MAEU335232950,MAEU633755612,TCLU3508955,45HC,OPEN TOP,GP,FCL,CY/CY,Nippon Express,75453.56
Export (NL seller),Frijns Projects B.V.,73130000,731300,5,"Iron of steel; barbed wire, twisted hoop or single flat wire and loosely twisted double wire, used for fencing",MARKS4879,Netherlands,Croatia,Croatia,7,2021,3,2021-03,2021-03-27,20210328,20210328,export,1,821655.75,3160.8,kg,KG,Frijns Projects B.V.,[in full dataset],Valkenburg LB,,www.frijnsindustrialgroup.com,[in full dataset],Y,Vetropack Straza d.d.,[in full dataset],Hum na Sutli,,www.vetropack.com,[in full dataset],Y,Frijns Projects B.V.,[in full dataset],,13725.5,13725.5,Rotterdam,Main Container Port,Hum na Sutli,1,1,17.16,EVER GIVEN,IMO5644348,LR,V785,34,COSU,MBL,ONEY146283174,EGLV683153410,MSCU1921883,45HC,REEFER,GP,LCL,CY/CFS,Kuehne + Nagel,2810.46
Export (NL seller),Panelen Holland B.V.,73052000,730520,9,"Iron or steel (excluding cast iron); casing of a kind used in drilling for oil or gas (not seamless), having circular cross-sections, external diameter exceeds 406.4mm",MARKS4769,Netherlands,Malta,Malta,6,2021,3,2021-03,2021-03-18,20210328,20210328,export,1,472465.14,3238.78,kg,KG,Panelen Holland B.V.,[in full dataset],Oosterwolde FR,,www.panelenholland.nl,[in full dataset],Y,HC TRADING MALTA LIMITED,[in full dataset],ZEBBUG,,www.hctrading.com,[in full dataset],Y,Panelen Holland B.V.,[in full dataset],,1310.3,1310.3,Rotterdam,Main Container Port,ZEBBUG,1,1,1.64,HYUNDAI LOYALTY,IMO2324992,MH,V919,596,ONEY,MBL,EGLV671937726,MAEU950028679,TCLU9100180,40HC,OPEN TOP,GP,FCL,CY/CY,Expeditors,2823.56
Export (NL seller),Eni Energy West Ganal B.V.,27040010,270400,5,"Coke and semi-coke; of coal, lignite or peat, whether or not agglomerated; retort carbon",MARKS4747,Netherlands,Estonia,Estonia,7,2016,10,2016-10,2016-10-06,20161017,20161017,export,1,461515.28,6119.39,kg,KG,Eni Energy West Ganal B.V.,[in full dataset],'s-Gravenhage,,www.neptuneenergy.com,[in full dataset],Y,OilTagro OU,[in full dataset],Tallinn,,,,N,Eni Energy West Ganal B.V.,[in full dataset],,7467.7,7467.7,Rotterdam,Main Container Port,Tallinn,1,1,9.33,CSCL GLOBE,IMO1164071,PA,V630,362,APLU,HBL,CMDU823065432,HLCU183971102,TCLU2458349,40GP,OPEN TOP,RF,FCL,CFS/CFS,DB Schenker,5670.52
Export (NL seller),Van Puijenbroek Installaties B.V.,84291900,842919,6,"Bulldozers and angledozers; self-propelled, other than track laying",MARKS6565,Netherlands,Nicaragua,Nicaragua,5,2022,6,2022-06,2022-06-02,20220610,20220610,export,1,120278.1,749.35,kg,KG,Van Puijenbroek Installaties B.V.,[in full dataset],Alphen NB,,www.vanpuijenbroek.com,[in full dataset],Y,Rederick Metal Industries Corp. S.A.,[in full dataset],Managua,,,,N,Van Puijenbroek Installaties B.V.,[in full dataset],,10245.2,10245.2,Rotterdam,Main Container Port,Managua,1,1,12.81,MADRID MAERSK,IMO8115164,SG,V566,363,COSU,HBL,COSU774805054,HLCU221937446,TGHU9042502,45HC,TANK,GP,LCL,CFS/CFS,Kuehne + Nagel,701.12
Import (NL buyer),Maars Partitioning Systems B.V.,73239200,732392,5,"Cast iron; table, kitchen and other household articles and parts thereof, of cast iron, enamelled",MARKS8298,South Africa,Netherlands,Netherlands,9,2021,3,2021-03,2021-03-04,20210320,20210320,import,1,172646.23,3920.55,kg,KG,MACALBY MINING EQUIPMENT SUPPLIES CC,[in full dataset],ROODEPOORT,,,,Y,Maars Partitioning Systems B.V.,[in full dataset],Harderwijk,,www.maarslivingwalls.nl,[in full dataset],Y,MACALBY MINING EQUIPMENT SUPPLIES CC,[in full dataset],,1840.9,1840.9,Port Elizabeth,Amsterdam,Harderwijk,1,1,2.3,HMM ALGECIRAS,IMO2880048,LR,V607,143,APLU,MBL,YMLU100997567,COSU883043432,MSCU2563951,40HC,OPEN TOP,GP,FCL,CY/CY,DSV,3518.1
Import (NL buyer),Achmea Interne Diensten N.V.,87022010,870220,7,"Vehicles; public transport type (carries 10 or more persons, including driver), with both compression-ignition internal combustion piston engine (diesel or semi-diesel) and electric motor for propulsion, new or used",MARKS8826,Serbia,Netherlands,Netherlands,6,2024,1,2024-01,2024-01-10,20240118,20240118,import,1,777303.94,17522.26,kg,KG,SMP Automotive Interior Modules d.o.o.,[in full dataset],Cuprija,,www.smp-automotive.com,[in full dataset],N,Achmea Interne Diensten N.V.,[in full dataset],Zeist,,www.averoachmea.nl,[in full dataset],Y,SMP Automotive Interior Modules d.o.o.,[in full dataset],,4489.5,4489.5,Main Container Port,Rotterdam,Zeist,1,1,5.61,YM WARRANTY,IMO8235731,LR,V487,958,APLU,MBL,EGLV126777653,YMLU438184407,CAIU2731769,40HC,FLAT RACK,HC,FCL,CY/CFS,DSV,15451.21
Export (NL seller),SPIE Building Solutions B.V.,84219990,842199,8,Machinery; parts for filtering or purifying liquids or gases,MARKS1932,Netherlands,Niger,Niger,9,2018,12,2018-12,2018-12-07,20181221,20181221,export,1,209097.2,14298.43,kg,KG,SPIE Building Solutions B.V.,[in full dataset],Utrecht,,www.struktonworksphere.nl,[in full dataset],Y,CETI-TECHNOLOGY,[in full dataset],Niamey,,,,Y,SPIE Building Solutions B.V.,[in full dataset],,24372.5,24372.5,Rotterdam,Main Container Port,Niamey,1,1,30.47,MSC GULSUN,IMO2093990,PA,V242,371,COSU,MBL,MSCU940959044,MAEU817126236,BMOU9014836,20GP,OPEN TOP,RF,FCL,CFS/CFS,DHL Global Forwarding,13391
Export (NL seller),Hanab Telecom Network Solutions B.V.,84229010,842290,8,Machinery; parts of machinery of heading no. 8422,MARKS5242,Netherlands,French Polynesia,French Polynesia,5,2018,12,2018-12,2018-12-14,20181227,20181227,export,1,238467.32,15919.39,kg,KG,Hanab Telecom Network Solutions B.V.,[in full dataset],Lieren,,www.hanab.nl,[in full dataset],Y,AUTOTECH POLYNESIE SA,[in full dataset],Papeete,,,,N,Hanab Telecom Network Solutions B.V.,[in full dataset],,24271.5,24271.5,Rotterdam,Main Container Port,Papeete,1,1,30.34,CSCL GLOBE,IMO4771040,LR,V631,259,YMLU,MBL,CMDU950369979,CMDU891906281,BMOU9282790,40HC,OPEN TOP,HC,FCL,CY/CFS,DB Schenker,14200.03
Export (NL seller),VMI Holland B.V.,84382000,843820,7,"Machinery; industrial, for the manufacture of confectionery, cocoa or chocolate",MARKS7013,Netherlands,Andorra,Andorra,9,2018,12,2018-12,2018-12-19,20181209,20181209,export,1,158138.06,19368.59,kg,KG,VMI Holland B.V.,[in full dataset],Epe,,www.vmi-group.com,[in full dataset],Y,AIRE FRED SL,[in full dataset],ESCALDES-ENGORDANY,,,,Y,VMI Holland B.V.,[in full dataset],,2286.4,2286.4,Rotterdam,Main Container Port,ESCALDES-ENGORDANY,1,1,2.86,BARZAN,IMO3269445,SG,V405,891,ZIMU,HBL,HLCU465768613,COSU819896536,MSCU1388258,45HC,DRY,HC,FCL,CFS/CFS,DB Schenker,17429.21
Import (NL buyer),Auto.nl B.V.,87149210,871492,9,"Cycles; parts thereof, wheel rims and spokes",MARKS3702,Morocco,Netherlands,Netherlands,6,2024,1,2024-01,2024-01-22,20240110,20240110,import,1,92848.51,729.6,kg,KG,TOYOTA DU MAROC,[in full dataset],CASABLANCA,,www.toyota.co.ma,[in full dataset],Y,Auto.nl B.V.,[in full dataset],AMSTERDAM-DUIVENDRECHT,,www.auto.nl,[in full dataset],N,TOYOTA DU MAROC,[in full dataset],,10155.6,10155.6,Tangier-Med,Rotterdam,AMSTERDAM-DUIVENDRECHT,1,1,12.69,ONE APUS,IMO4592175,SG,V654,217,YMLU,SWB,CMDU590878512,MSCU209109505,FCIU6855643,20GP,DRY,RF,LCL,CY/CFS,CEVA Logistics,690.45
Import (NL buyer),Yellow E-Commerce B.V.,90019000,900190,5,"Optical elements; lenses n.e.c. in heading no. 9001, prisms, mirrors and other optical elements, unmounted, of any material (excluding elements of glass not optically worked)",MARKS8162,Japan,Netherlands,Netherlands,7,2020,2,2020-02,2020-02-18,20200219,20200219,export,1,111622717.32,25626.67,kg,KG,KANSAI MEDICAL UNIVERSITY'S EDUCATIONAL CORPORATION,[in full dataset],HIRAKATA,,www.kmu.ac.jp/,[in full dataset],Y,Yellow E-Commerce B.V.,[in full dataset],Zoetermeer,,,,Y,KANSAI MEDICAL UNIVERSITY'S EDUCATIONAL CORPORATION,[in full dataset],,6320.5,6320.5,Yokohama,Rotterdam,Zoetermeer,1,1,7.9,HYUNDAI LOYALTY,IMO1836650,MH,V481,927,HLCU,MBL,EGLV703266149,MAEU276604125,GESU2430335,20GP,TANK,GP,LCL,CY/CFS,Kuehne + Nagel,23759.51
Import (NL buyer),Van Haare Bedrijfswagen Inrichting B.V.,87022010,870220,7,"Vehicles; public transport type (carries 10 or more persons, including driver), with both compression-ignition internal combustion piston engine (diesel or semi-diesel) and electric motor for propulsion, new or used",MARKS6498,Hong Kong,Netherlands,Netherlands,9,2024,1,2024-01,2024-01-07,20240124,20240124,import,1,325809.49,18747.42,kg,KG,XPeng Inc.,[in full dataset],Kwun Tong,,www.xiaopeng.com,[in full dataset],Y,Van Haare Bedrijfswagen Inrichting B.V.,[in full dataset],Dodewaard,,www.safe-bumper.nl,[in full dataset],N,XPeng Inc.,[in full dataset],,20592.5,20592.5,Hong Kong (Kwai Tsing),Amsterdam,Dodewaard,1,1,25.74,CMA CGM JULES VERNE,IMO9436288,MH,V856,42,OOLU,MBL,MSCU551855936,EGLV770242722,TGHU9629966,20GP,FLAT RACK,RF,FCL,CY/CY,Expeditors,17181.36
Export (NL seller),Videojet Technologies Europe B.V.,38237000,382370,8,Industrial fatty alcohols,MARKS7654,Netherlands,Eswatini,Eswatini,9,2023,7,2023-07,2023-07-11,20230716,20230716,export,1,191720.55,985.06,kg,KG,Videojet Technologies Europe B.V.,[in full dataset],De Meern,,www.videojet.com,[in full dataset],Y,PERFUME PARADISE PTY LTD,[in full dataset],MANZINI,,,,Y,Videojet Technologies Europe B.V.,[in full dataset],,20544.3,20544.3,Amsterdam,Main Container Port,MANZINI,1,1,25.68,MOL TRIUMPH,IMO3053783,SG,V685,136,OOLU,SWB,MAEU284842440,ONEY458232502,CAIU4526816,20GP,REEFER,HC,LCL,CY/CFS,Yusen Logistics,937.28
Export (NL seller),Meco Equipment Engineers B.V.,84399100,843991,5,Machinery; parts of machinery for making pulp of fibrous cellulosic material,MARKS7769,Netherlands,Madagascar,Madagascar,9,2018,12,2018-12,2018-12-10,20181228,20181228,export,1,332163.93,45187.07,kg,KG,Meco Equipment Engineers B.V.,[in full dataset],'s-Hertogenbosch,,www.besi.com,[in full dataset],Y,SOCIETE BONNE RECOLTE DES MACHINES ET DES EQUIPEMENTS AGRICOLES,[in full dataset],Antananarivo,,,,Y,Meco Equipment Engineers B.V.,[in full dataset],,6175.5,6175.5,Rotterdam,Main Container Port,Antananarivo,1,1,7.72,MADRID MAERSK,IMO5443854,PA,V415,579,MAEU,SWB,COSU428403162,COSU220191386,BMOU8021280,40HC,FLAT RACK,RF,FCL,CY/CY,Kuehne + Nagel,42670.09
Export (NL seller),Wolf Oil Corporation B.V.,27075000,270750,7,"Aromatic hydrocarbon mixtures; n.e.c. in heading no. 2707, of which 65% or more by volume (including losses) distils at 250 degrees Celsius by the ISO 3405 method (equivalent to the ASTM D 86 method)",MARKS7347,Netherlands,Peru,Peru,5,2025,10,2025-10,2025-10-12,20251003,20251003,export,1,26062840.22,664.39,kg,KG,Wolf Oil Corporation B.V.,[in full dataset],Heel,,www.wolfoil.com,[in full dataset],Y,Hidrocarburos del Mundo S.A.C.,[in full dataset],Lima,,www.petroamerica.com.pe,[in full dataset],Y,Wolf Oil Corporation B.V.,[in full dataset],,16451.8,16451.8,Amsterdam,Callao,Lima,1,1,20.56,COSCO UNIVERSE,IMO8528591,PA,V861,687,OOLU,SWB,YMLU371962060,CMDU235168370,FCIU4902593,40GP,TANK,RF,LCL,CY/CFS,CEVA Logistics,581.88
Export (NL seller),TSG Energy B.V.,27111397,271113,9,"Petroleum gases and other gaseous hydrocarbons; liquefied, butanes",MARKS3983,Netherlands,Iraq,Iraq,5,2016,10,2016-10,2016-10-16,20161004,20161004,export,1,344042.07,12032.35,kg,KG,TSG Energy B.V.,[in full dataset],Amsterdam,,,,Y,KCA DEUTAG DRILLING LIMITED,[in full dataset],Basra,,,,Y,TSG Energy B.V.,[in full dataset],,10053.8,10053.8,Amsterdam,Main Container Port,Basra,1,1,12.57,APL MEXICO CITY,IMO8813940,LR,V228,523,OOLU,MBL,CMDU887548455,MSCU747018001,FCIU5534014,40GP,REEFER,HC,FCL,CY/CFS,Bollore Logistics,10982.02
Export (NL seller),Christiaens Construction B.V.,73042400,730424,8,"Steel, stainless; seamless, casing and tubing, of a kind used in drilling for oil or gas",MARKS8161,Netherlands,Qatar,Qatar,5,2021,3,2021-03,2021-03-14,20210317,20210317,export,1,591920.08,531,kg,KG,Christiaens Construction B.V.,[in full dataset],Melderslo,,www.christiaensgroup.com,[in full dataset],Y,AL GHURAIR CONSTRUCTION -READYMIX W.L.L.,,,,www.al-ghurair.com,[in full dataset],Y,Christiaens Construction B.V.,,,24436.5,24436.5,Rotterdam,Main Container Port,,1,1,30.55,EVER ACME,IMO1695990,SG,V774,805,MSCU,SWB,CMDU562007654,MSCU606727940,TCLU8823168,20GP,DRY,RF,FCL,CY/CY,CEVA Logistics,484.13
Export (NL seller),SV Biotech B.V.,30021300,300213,8,"Blood, human or animal, antisera, other blood fractions and immunological products; immunological products, unmixed, not put up in measured doses or in forms or packings for retail sale",MARKS2455,Netherlands,Egypt,Egypt,5,2015,6,2015-06,2015-06-18,20150614,20150614,import,1,7147916.01,592.16,kg,KG,SV Biotech B.V.,[in full dataset],Amsterdam,,www.sv-biotech.com,[in full dataset],N,ASTRAZENECA EGYPT FOR PHARMACEUTICALS INDUSTRIES,[in full dataset],Cairo,,www.astrazeneca.com,[in full dataset],Y,SV Biotech B.V.,[in full dataset],,9896.2,9896.2,Amsterdam,Port Said,Cairo,1,1,12.37,MADRID MAERSK,IMO6460122,MH,V548,889,APLU,SWB,CMDU145981991,EGLV170147865,CAIU9206605,40HC,FLAT RACK,GP,FCL,CY/CY,DSV,540.36
Import (NL buyer),Groveko B.V.,38151100,381511,9,"Catalysts, supported; reaction initiators, reaction accelerators and catalytic preparations, with nickel or nickel compounds as the active substance, n.e.c. or included",MARKS7623,Vietnam,Netherlands,Netherlands,8,2023,7,2023-07,2023-07-24,20230708,20230708,import,1,111530.22,80943.07,kg,KG,"VEDAN VIETNAM ENTERPRISE CORP.,LTD",[in full dataset],Phuoc Thai Commune,,www.vedan.com.vn,[in full dataset],Y,Groveko B.V.,[in full dataset],Ede GLD,,www.pbm-disposables.nl,[in full dataset],N,"VEDAN VIETNAM ENTERPRISE CORP.,LTD",[in full dataset],,23112.5,23112.5,"Cat Lai, Ho Chi Minh City",Rotterdam,Ede GLD,1,1,28.89,MSC GULSUN,IMO8838600,LR,V986,870,EGLV,SWB,MAEU590901588,MSCU646194798,TGHU9252072,40HC,OPEN TOP,RF,FCL,CY/CY,Nippon Express,73416.8
Export (NL seller),Transityre B.V.,87161098,871610,6,"Trailers and semi-trailers; of the caravan type, for housing or camping",MARKS2328,Netherlands,Ivory Coast,Ivory Coast,6,2024,1,2024-01,2024-01-26,20240109,20240109,export,1,1019640.06,11932.23,kg,KG,Transityre B.V.,[in full dataset],'s-Hertogenbosch,,www.michelin.com,[in full dataset],N,CFAO MOBILITY COTE D'IVOIRE,[in full dataset],Abidjan,,www.cfaogroup.com,[in full dataset],Y,Transityre B.V.,[in full dataset],,21263.7,21263.7,Rotterdam,Main Container Port,Abidjan,1,1,26.58,MADRID MAERSK,IMO2097570,MH,V706,627,ZIMU,SWB,ONEY270816881,MAEU352451139,FCIU9839763,20GP,DRY,GP,FCL,CFS/CFS,Yusen Logistics,10558.24
Import (NL buyer),VDL Mast Solutions B.V.,73062900,730629,7,"Iron or steel (excluding cast iron); casing and tubing of a kind used in drilling for oil and gas (other than stainless steel or seamless), n.e.c. in chapter 73",MARKS7522,Bahamas,Netherlands,Netherlands,6,2021,3,2021-03,2021-03-02,20210310,20210310,import,1,2284.62,2620.8,kg,KG,ABSOLUTE CONSTRUCTION CORPORATION,[in full dataset],,,,,Y,VDL Mast Solutions B.V.,[in full dataset],Oss,,www.vdlmastsolutions.nl,[in full dataset],Y,ABSOLUTE CONSTRUCTION CORPORATION,[in full dataset],,20766.8,20766.8,Main Container Port,Rotterdam,Oss,1,1,25.96,COSCO UNIVERSE,IMO8841885,LR,V868,104,HLCU,SWB,COSU468210091,COSU843939675,TGHU6226719,20GP,OPEN TOP,GP,LCL,CY/CFS,DHL Global Forwarding,2284.62
Export (NL seller),Eyeone Lenses B.V.,90149000,901490,7,Navigational instruments and appliances; parts and accessories,MARKS6113,Netherlands,Morocco,Morocco,8,2019,12,2019-12,2019-12-11,20191217,20191217,export,1,5627956.66,1297.21,kg,KG,Eyeone Lenses B.V.,[in full dataset],Amstelveen,,www.toplenzen.nl,[in full dataset],N,MY FOURNITURES,[in full dataset],CASABLANCA,,,,Y,Eyeone Lenses B.V.,[in full dataset],,16266.8,16266.8,Amsterdam,Tangier-Med,CASABLANCA,1,1,20.33,ONE APUS,IMO2059574,SG,V347,413,YMLU,MBL,MAEU722135592,MAEU189241219,MSCU4606157,45HC,OPEN TOP,GP,FCL,CY/CY,CEVA Logistics,1135.4
Import (NL buyer),Clariant SE,38248900,382489,7,"Chemical products, mixtures and preparations; containing goods specified in Subheading Note 3 to this Chapter; containing short-chain chlorinated paraffins",MARKS8223,Croatia,Netherlands,Netherlands,6,2023,7,2023-07,2023-07-04,20230718,20230718,import,1,94623.42,35145.76,kg,KG,ADRIA OIL d. o. o.,[in full dataset],Kastav,,www.adriaoil.hr,[in full dataset],Y,Clariant SE,[in full dataset],Maastricht,,www.clariant.com,[in full dataset],Y,ADRIA OIL d. o. o.,[in full dataset],,3313,3313,Main Container Port,Amsterdam,Maastricht,1,1,4.14,OOCL HONG KONG,IMO8306710,SG,V799,143,APLU,SWB,HLCU871748768,MSCU924150650,CAIU7675305,45HC,DRY,GP,FCL,CY/CY,Kuehne + Nagel,31668.21
Export (NL seller),Building Technology B.V.,84752900,847529,5,"Machines; for manufacturing or hot working glass or glassware, not for making optical fibres and preforms thereof",MARKS2219,Netherlands,Liberia,Liberia,9,2018,12,2018-12,2018-12-18,20181213,20181213,export,1,148102.88,19639.73,kg,KG,Building Technology B.V.,[in full dataset],Twello,,www.buildingtechnology.nl,[in full dataset],Y,ALPHA VESSEL LIMITED,[in full dataset],Monrovia,,www.toshinco.com,[in full dataset],Y,Building Technology B.V.,[in full dataset],,4873.2,4873.2,Amsterdam,Main Container Port,Monrovia,1,1,6.09,MAERSK MOLLER,IMO1157036,SG,V204,797,EGLV,HBL,ONEY471732846,ONEY488342361,BMOU1783810,20GP,TANK,HC,FCL,CY/CY,DHL Global Forwarding,17105.91
Import (NL buyer),AB Aluminium Europe B.V.,76129020,761290,7,"Aluminium; casks, drums, cans, boxes and the like for any material (not compressed or liquefied gas), 300l capacity or less, whether or not lined or heat-insulated, no mechanical or thermal equipment",MARKS7534,New Zealand,Netherlands,Netherlands,9,2022,12,2022-12,2022-12-21,20221206,20221206,import,1,26790.75,22413.16,kg,KG,R & B ALUMINIUM LIMITED,[in full dataset],Auckland,,www.randbali.co.nz,[in full dataset],Y,AB Aluminium Europe B.V.,[in full dataset],Bleiswijk,,www.ab-aluminium.com,[in full dataset],Y,R & B ALUMINIUM LIMITED,[in full dataset],,981.3,981.3,Tauranga,Amsterdam,Bleiswijk,1,1,1.23,MSC OSCAR,IMO4027176,SG,V315,742,MAEU,MBL,HLCU207576375,COSU711956411,CAIU4996324,40GP,REEFER,GP,FCL,CFS/CFS,Expeditors,20213.8
Export (NL seller),Mexichem Fluor EU B.V.,38070090,380700,6,"Wood tar; wood tar oils; wood creosote; wood naphtha; vegetable pitch; brewers' pitch and similar preparations based on rosin, resin acids or on vegetable pitch",MARKS3937,Netherlands,Canada,Canada,8,2023,7,2023-07,2023-07-10,20230708,20230708,export,1,1294397.64,11378.41,kg,KG,Mexichem Fluor EU B.V.,[in full dataset],Luchthaven Schiphol,,,,Y,Imperial Oil Limited,[in full dataset],Calgary,,www.imperialoil.ca,[in full dataset],N,Mexichem Fluor EU B.V.,[in full dataset],,671.7,671.7,Amsterdam,"Montreal, QC",Calgary,1,1,0.84,EVER ACME,IMO4067725,LR,V324,738,EGLV,HBL,COSU654798147,MSCU807606488,CAIU3052498,40GP,DRY,RF,FCL,CY/CFS,DSV,9918.49
Import (NL buyer),Cimsa Building Solutions B.V.,73182900,731829,5,"Iron or steel; non-threaded articles, n.e.c. in item no. 7318.2",MARKS7935,Brazil,Netherlands,Netherlands,6,2021,3,2021-03,2021-03-21,20210309,20210309,export,1,305477,4971.17,kg,KG,MINERACAO TABOCA SA,[in full dataset],PIRAPORA DO BOM JESUS,,,,N,Cimsa Building Solutions B.V.,[in full dataset],Amsterdam,,,,Y,MINERACAO TABOCA SA,[in full dataset],,18106.6,18106.6,Rio Grande,Amsterdam,Amsterdam,1,1,22.63,YM WARRANTY,IMO6872167,LR,V820,357,MAEU,SWB,EGLV778848792,CMDU455410981,BMOU3738640,45HC,REEFER,HC,FCL,CFS/CFS,Nippon Express,4560.25
Import (NL buyer),Future Pipe Holdings B.V.,73110011,731100,7,"Containers for compressed or liquefied gas, of iron or steel",MARKS4384,Mexico,Netherlands,Netherlands,9,2021,3,2021-03,2021-03-05,20210312,20210312,import,1,95266.47,77482.02,kg,KG,"Cemex Concretos, S.A. de C.V.",[in full dataset],Monterrey,,www.cemexmexico.com,[in full dataset],Y,Future Pipe Holdings B.V.,[in full dataset],Hardenberg,,www.futurepipe.com,[in full dataset],Y,"Cemex Concretos, S.A. de C.V.",[in full dataset],,7010.9,7010.9,Veracruz,Amsterdam,Hardenberg,1,1,8.76,MSC OSCAR,IMO9774529,SG,V987,130,YMLU,SWB,MSCU673489618,HLCU996557703,MSCU3066625,40HC,DRY,HC,FCL,CY/CY,CEVA Logistics,69461.08
Export (NL seller),MHG B.V.,84818059,848180,9,"Taps, cocks, valves and similar appliances; for pipes, boiler shells, tanks, vats or the like, including thermostatically controlled valves",MARKS3457,Netherlands,Equatorial Guinea,Equatorial Guinea,9,2022,6,2022-06,2022-06-06,20220623,20220623,export,1,237418.16,12510.76,kg,KG,MHG B.V.,[in full dataset],Utrecht,,,,Y,Bokong Investment S A,[in full dataset],Baya,,,,Y,MHG B.V.,[in full dataset],,14206.1,14206.1,Rotterdam,Main Container Port,Baya,1,1,17.76,APL MEXICO CITY,IMO1737213,SG,V313,582,COSU,SWB,COSU767349537,HLCU312447156,FCIU6631743,45HC,TANK,RF,FCL,CFS/CFS,Nippon Express,11022.37
Export (NL seller),R.S.I. Retail B.V.,90089000,900890,9,"Photographic (other than cinematographic) image projectors, enlargers, and reducers; parts and accessories",MARKS3776,Netherlands,South Africa,South Africa,5,2019,12,2019-12,2019-12-23,20191217,20191217,export,1,24835924.64,856.79,kg,KG,R.S.I. Retail B.V.,[in full dataset],Rotterdam,,www.rsi.nl,[in full dataset],Y,BALDWINUNIFIL FILTERS SA,[in full dataset],GOODWOOD,,,,Y,R.S.I. Retail B.V.,[in full dataset],,20134.9,20134.9,Rotterdam,Durban,GOODWOOD,1,1,25.17,EVER GIVEN,IMO2504435,SG,V642,685,ONEY,MBL,CMDU469619640,YMLU997679647,BMOU3261512,45HC,OPEN TOP,RF,LCL,CY/CY,Kuehne + Nagel,783.88
Export (NL seller),Selmers Coating Systems B.V.,73012000,730120,8,"Iron or steel; angles, shapes and sections, welded",MARKS6102,Netherlands,Egypt,Egypt,5,2021,3,2021-03,2021-03-10,20210304,20210304,import,1,1521478.96,328.46,kg,KG,Selmers Coating Systems B.V.,[in full dataset],Beverwijk,,www.selmers.com,[in full dataset],N,HASSAN ALLAM CONSTRUCTION (H.A.C) COMPANY,[in full dataset],Cairo,,www.hassanallam.com,[in full dataset],N,Selmers Coating Systems B.V.,[in full dataset],,3893.6,3893.6,Rotterdam,Alexandria,Cairo,1,1,4.87,MOL TRIUMPH,IMO2558808,PA,V654,932,MSCU,MBL,COSU533952062,EGLV157984691,GESU9126002,45HC,FLAT RACK,HC,FCL,CY/CY,Yusen Logistics,292.71
Export (NL seller),G. Heijman en Zn. B.V.,32089099,320890,8,"Paints and varnishes; based on polymers n.e.c. in heading no. 3208, dispersed or dissolved in a non-aqueous medium",MARKS8072,Netherlands,Philippines,Philippines,6,2026,1,2026-01,2026-01-21,20260113,20260113,export,1,22175.88,23339.79,kg,KG,G. Heijman en Zn. B.V.,[in full dataset],Zwolle,,www.heyman.nl,[in full dataset],Y,"REGAN INDUSTRIAL SALES, INC.",[in full dataset],Quezon City,,www.reganindustrial.com,[in full dataset],Y,G. Heijman en Zn. B.V.,[in full dataset],,13281.8,13281.8,Rotterdam,Subic Bay,Quezon City,1,1,16.6,MAERSK MOLLER,IMO1270461,SG,V288,19,YMLU,HBL,HLCU345449362,MSCU913137012,CAIU5970991,45HC,DRY,HC,LCL,CY/CFS,DHL Global Forwarding,22175.88
Import (NL buyer),Vattenfall N.V.,27079911,270799,7,Oils and other products of the distillation of high temperature coal tar; n.e.c. in heading no. 2707,MARKS8810,Egypt,Netherlands,Netherlands,7,2016,10,2016-10,2016-10-10,20161021,20161021,import,1,82398.4,44945.15,kg,KG,BELAYIM PETROLEUM COMPANY (PETROBEL) S.A.E,[in full dataset],Cairo,,www.petrobel.org,[in full dataset],Y,Vattenfall N.V.,[in full dataset],Amsterdam,,group.vattenfall.com,[in full dataset],Y,BELAYIM PETROLEUM COMPANY (PETROBEL) S.A.E,[in full dataset],,5160.8,5160.8,Alexandria,Rotterdam,Amsterdam,1,1,6.45,COSCO UNIVERSE,IMO1561518,SG,V157,514,APLU,SWB,COSU328208299,YMLU675809780,CAIU5295721,40GP,OPEN TOP,HC,FCL,CFS/CFS,Yusen Logistics,40629.8
Import (NL buyer),Hedin Automotive B.V.,87081010,870810,9,"Vehicles; bumpers and parts thereof, for the vehicles of heading no. 8701 to 8705",MARKS5578,Greece,Netherlands,Netherlands,8,2024,1,2024-01,2024-01-25,20240113,20240113,import,1,1081556.15,26750.68,kg,KG,VENERIS EMM. ANONYMI EMPORIKI-VIOTECHNIKI-VIOMICHANIKI-TOURISTIKI-XENODOCHEIAKI- YPIRESIES,[in full dataset],Gazi,,www.venerisauto.gr,[in full dataset],N,Hedin Automotive B.V.,[in full dataset],Amsterdam,,www.hedinautomotive.nl,[in full dataset],Y,VENERIS EMM. ANONYMI EMPORIKI-VIOTECHNIKI-VIOMICHANIKI-TOURISTIKI-XENODOCHEIAKI- YPIRESIES,[in full dataset],,16732.1,16732.1,Main Container Port,Amsterdam,Amsterdam,1,1,20.92,EVER GIVEN,IMO9147941,MH,V781,747,YMLU,SWB,YMLU571462038,CMDU559917096,FCIU8349446,40HC,OPEN TOP,HC,FCL,CY/CY,Nippon Express,24732.58
Import (NL buyer),VDL Enabling Technologies Group China B.V.,84137051,841370,9,"Pumps; centrifugal, n.e.c. in heading no. 8413, for liquids",MARKS7264,Mauritania,Netherlands,Netherlands,9,2018,12,2018-12,2018-12-08,20181220,20181220,import,1,10103.49,11495.14,kg,KG,TECHNO-SYSTEMS,[in full dataset],Nouakchott,,www.techno-systems.net,[in full dataset],Y,VDL Enabling Technologies Group China B.V.,[in full dataset],Eindhoven,,www.vdletg.com,[in full dataset],Y,TECHNO-SYSTEMS,[in full dataset],,23807.6,23807.6,Main Container Port,Amsterdam,Eindhoven,1,1,29.76,HMM ALGECIRAS,IMO6898015,LR,V747,943,YMLU,HBL,CMDU150062000,YMLU634584078,MSCU2036233,40GP,DRY,HC,FCL,CY/CFS,DB Schenker,10103.49
Import (NL buyer),IHC Parts & Services China B.V.,84242000,842420,8,Spray guns and similar appliances,MARKS4626,Iran,Netherlands,Netherlands,8,2018,12,2018-12,2018-12-18,20181208,20181208,import,1,42649.8,46999.84,kg,KG,TEKNO SAM CO LTD,[in full dataset],,,,,Y,IHC Parts & Services China B.V.,[in full dataset],Kinderdijk,,www.royalihc.com,[in full dataset],Y,TEKNO SAM CO LTD,[in full dataset],,21232.3,21232.3,Bushehr,Amsterdam,Kinderdijk,1,1,26.54,MSC GULSUN,IMO2525292,MH,V172,967,HLCU,HBL,MSCU700199406,YMLU477819298,TGHU7521945,45HC,OPEN TOP,RF,FCL,CY/CFS,Yusen Logistics,42649.8
Import (NL buyer),WTS Energy Nigeria B.V.,27112900,271129,7,"Petroleum gases and other gaseous hydrocarbons; in gaseous state, other than natural gas",MARKS6771,Ivory Coast,Netherlands,Netherlands,6,2025,10,2025-10,2025-10-16,20251025,20251025,import,1,9993117.31,3998.46,kg,KG,SGS REDWOOD SERVICES,[in full dataset],Abidjan,,,,N,WTS Energy Nigeria B.V.,[in full dataset],'s-Gravenhage,,www.wtsenergy.com,[in full dataset],Y,SGS REDWOOD SERVICES,[in full dataset],,19692.2,19692.2,Main Container Port,Rotterdam,'s-Gravenhage,1,1,24.62,MSC OSCAR,IMO8507055,MH,V268,814,EGLV,MBL,COSU729711744,MAEU314920410,MSCU1992148,20GP,REEFER,GP,FCL,CY/CY,Nippon Express,3532.98
Export (NL seller),Hendricks Shipping Group B.V.,90213100,902131,7,Artificial parts of the body,MARKS4092,Netherlands,India,India,6,2019,12,2019-12,2019-12-02,20191212,20191212,export,1,36224960.42,225.82,kg,KG,Hendricks Shipping Group B.V.,[in full dataset],Gorinchem,,www.hsbv.nl,[in full dataset],Y,CHRISTIAN MEDICAL COLLEGE AND HOSPITAL,[in full dataset],Vellore,,www.collegesearch.in,[in full dataset],Y,Hendricks Shipping Group B.V.,[in full dataset],,13095.2,13095.2,Rotterdam,"Mundra, Gujarat",Vellore,1,1,16.37,HYUNDAI LOYALTY,IMO4428625,MH,V106,125,YMLU,HBL,MAEU505091144,COSU699547478,CAIU7816471,40HC,OPEN TOP,GP,FCL,CY/CFS,DSV,200
Import (NL buyer),Auxanoo SF-J2 B.V.,32074085,320740,6,"Glass; glass frit and other glass, in the form of powder, granules or flakes",MARKS7917,Hong Kong,Netherlands,Netherlands,8,2026,2,2026-02,2026-02-26,20260214,20260214,export,1,4116.01,4570.53,kg,KG,MAXWELL PIGMENTS CO,[in full dataset],Tsuen Wan,,,,Y,Auxanoo SF-J2 B.V.,[in full dataset],Leerdam,,,,Y,MAXWELL PIGMENTS CO,[in full dataset],,7114.6,7114.6,Hong Kong (Kwai Tsing),Amsterdam,Leerdam,1,1,8.89,CSCL GLOBE,IMO6520225,LR,V146,940,COSU,MBL,EGLV875996939,YMLU300347477,GESU9190840,20GP,DRY,GP,FCL,CY/CY,Yusen Logistics,4116.01
Import (NL buyer),RAI Energy B.V.,27111219,271112,8,"Petroleum gases and other gaseous hydrocarbons; liquefied, propane",MARKS7979,Hungary,Netherlands,Netherlands,9,2016,10,2016-10,2016-10-05,20161007,20161007,export,1,840907,13444.7,kg,KG,Premier Energy Wind 158 Kft.,[in full dataset],Budapest,,,,Y,RAI Energy B.V.,[in full dataset],Amsterdam,,www.rai.nl,[in full dataset],Y,Premier Energy Wind 158 Kft.,[in full dataset],,17766.2,17766.2,Budapest (inland),Rotterdam,Amsterdam,1,1,22.21,MADRID MAERSK,IMO6585644,LR,V309,903,HLCU,MBL,ONEY275818286,HLCU407250019,MSCU5545632,20GP,FLAT RACK,HC,LCL,CY/CFS,Bollore Logistics,12426.44
Import (NL buyer),Saint-Gobain Construction Products Nederland B.V.,73219000,732190,7,"Domestic appliances; non-electric, parts thereof, of iron or steel",MARKS8961,Oman,Netherlands,Netherlands,9,2021,3,2021-03,2021-03-27,20210305,20210305,import,1,30718.68,16243,kg,KG,TARGET LLC,[in full dataset],Muscat,,www.target-llc.com,[in full dataset],Y,Saint-Gobain Construction Products Nederland B.V.,[in full dataset],Etten-Leur,,www.isover.nl,[in full dataset],N,TARGET LLC,[in full dataset],,6101.3,6101.3,Main Container Port,Amsterdam,Etten-Leur,1,1,7.63,MAERSK MOLLER,IMO7789260,MH,V338,219,APLU,SWB,MAEU701908049,ONEY759438751,GESU8766893,40HC,DRY,GP,FCL,CY/CY,DSV,14462.62
Export (NL seller),Damen Shipyards Gorinchem B.V.,84331159,843311,7,"Mowers; lawn, parks or sports-grounds, powered, with the cutting device rotating in a horizontal plane",MARKS6618,Netherlands,Nepal,Nepal,7,2022,6,2022-06,2022-06-04,20220618,20220618,export,1,121272.35,13302.31,kg,KG,Damen Shipyards Gorinchem B.V.,[in full dataset],Gorinchem,,www.damen.com,[in full dataset],Y,AGRICULTURAL DEVELOPMENT BANK,[in full dataset],Kathmandu,,www.adbl.gov.np,[in full dataset],Y,Damen Shipyards Gorinchem B.V.,[in full dataset],,16516.8,16516.8,Amsterdam,Main Container Port,Kathmandu,1,1,20.65,CSCL GLOBE,IMO3524485,MH,V381,285,HLCU,HBL,MAEU132278954,ONEY895394846,FCIU8888833,40HC,REEFER,RF,LCL,CY/CY,Bollore Logistics,12003.89
Import (NL buyer),WEX Europe Services B.V.,27022000,270220,6,"Lignite; agglomerated, excluding jet",MARKS2555,Hungary,Netherlands,Netherlands,8,2016,10,2016-10,2016-10-13,20161024,20161024,import,1,582225.72,21087.61,kg,KG,Premier Energy Wind 158 Kft.,[in full dataset],Budapest,,,,Y,WEX Europe Services B.V.,[in full dataset],Breda,,,,Y,Premier Energy Wind 158 Kft.,[in full dataset],,23862.5,23862.5,Koper (via SI),Rotterdam,Breda,1,1,29.83,EVER ACME,IMO6628804,LR,V597,55,HLCU,MBL,ONEY411400351,MSCU331089792,BMOU9690863,20GP,OPEN TOP,HC,LCL,CY/CY,Expeditors,18927.63
Export (NL seller),BB Assets B.V.,87084091,870840,8,Vehicle parts; gear boxes and parts thereof,MARKS8523,Netherlands,Bosnia-Herzegovina,Bosnia-Herzegovina,9,2024,1,2024-01,2024-01-12,20240128,20240128,export,1,1502256.68,1422.83,kg,KG,BB Assets B.V.,[in full dataset],Giessen,,www.graaf-fi.nl,[in full dataset],Y,"""AC QUATTRO"" d.o.o. Sarajevo",[in full dataset],Sarajevo,,www.acquattro.ba,[in full dataset],Y,BB Assets B.V.,[in full dataset],,5255.3,5255.3,Amsterdam,Main Container Port,Sarajevo,1,1,6.57,MAERSK MOLLER,IMO5863568,MH,V273,500,OOLU,HBL,MSCU777048698,EGLV565683098,TCLU2093850,45HC,DRY,GP,FCL,CFS/CFS,Expeditors,1311.49
Import (NL buyer),Reesink Construction Holding B.V.,73181290,731812,5,Iron or steel; threaded wood screws other than coach screws,MARKS8857,Cameroon,Netherlands,Netherlands,9,2021,3,2021-03,2021-03-04,20210326,20210326,import,1,27502.36,24526.56,kg,KG,CONSTRUCTION & GENIE CIVIL,[in full dataset],Yaounde,,,,Y,Reesink Construction Holding B.V.,[in full dataset],De Meern,,www.debruycker-kemp.be,[in full dataset],Y,CONSTRUCTION & GENIE CIVIL,[in full dataset],,3091.9,3091.9,Main Container Port,Amsterdam,De Meern,1,1,3.86,MOL TRIUMPH,IMO8653092,SG,V521,850,OOLU,MBL,CMDU184125272,COSU394639947,MSCU2569174,40GP,FLAT RACK,RF,LCL,CY/CY,Expeditors,21372.43
Export (NL seller),Louwman KM B.V.,87013000,870130,8,Tractors; track-laying,MARKS9702,Netherlands,Haiti,Haiti,7,2020,3,2020-03,2020-03-24,20200312,20200312,export,1,1305.48,1473.41,kg,KG,Louwman KM B.V.,[in full dataset],'s-Gravenhage,,www.louwman.nl,[in full dataset],Y,Auto Et Mecanique S.A. (Automeca),[in full dataset],Port-au-Prince,,www.automecaonline.com,[in full dataset],Y,Louwman KM B.V.,[in full dataset],,15567,15567,Amsterdam,Main Container Port,Port-au-Prince,1,1,19.46,MAERSK MOLLER,IMO4780040,SG,V251,952,HLCU,MBL,EGLV584925961,MSCU860272371,CAIU3902218,40GP,FLAT RACK,HC,LCL,CY/CFS,Bollore Logistics,1305.48
Export (NL seller),H. van Poelgeest Noordwijk B.V.,87029090,870290,6,"Vehicles; public transport type (carries 10 or more persons, including driver), n.e.c. in heading 8702, new or used",MARKS8249,Netherlands,Paraguay,Paraguay,6,2024,1,2024-01,2024-01-24,20240109,20240109,export,1,1924040.09,6386.93,kg,KG,H. van Poelgeest Noordwijk B.V.,[in full dataset],Noordwijk ZH,,www.van-poelgeest.nl,[in full dataset],Y,RG AUTOMOVILES SRL,[in full dataset],LAMBARE,,,,Y,H. van Poelgeest Noordwijk B.V.,[in full dataset],,13400,13400,Rotterdam,Main Container Port,LAMBARE,1,1,16.75,MSC GULSUN,IMO9619287,LR,V670,602,APLU,MBL,MAEU408801463,YMLU379612015,MSCU7121998,40GP,TANK,GP,FCL,CY/CFS,DSV,5728.03
Import (NL buyer),Goodyear (Nederland) B.V.,88052100,880521,7,Ground flying trainers and parts thereof; air combat simulators and parts thereof,MARKS2838,Estonia,Netherlands,Netherlands,9,2018,11,2018-11,2018-11-16,20181127,20181127,import,1,1240.12,1324.95,kg,KG,Spacecraft Anatomy OU,[in full dataset],Tallinn,,,,Y,Goodyear (Nederland) B.V.,[in full dataset],Tilburg,,www.goodyearaviation.com,[in full dataset],N,Spacecraft Anatomy OU,[in full dataset],,13567.9,13567.9,Main Container Port,Amsterdam,Tilburg,1,1,16.96,CSCL GLOBE,IMO4018032,LR,V651,624,EGLV,HBL,HLCU844317175,MSCU195607945,MSCU5349011,20GP,DRY,GP,FCL,CY/CY,Bollore Logistics,1240.12
Import (NL buyer),Van Mossel Autolease ZuidWest B.V.,84593900,845939,6,"Machine-tools; for boring-milling by removing metal, other than numerically controlled",MARKS3052,Armenia,Netherlands,Netherlands,8,2018,12,2018-12,2018-12-02,20181215,20181215,import,1,7810.71,8780.77,kg,KG,Synergy International Systems branch in Armenia,[in full dataset],Yerevan,,,,N,Van Mossel Autolease ZuidWest B.V.,[in full dataset],Goes,,www.vanmossel.nl,[in full dataset],N,Synergy International Systems branch in Armenia,[in full dataset],,24263.8,24263.8,Main Container Port,Rotterdam,Goes,1,1,30.33,CSCL GLOBE,IMO4466787,PA,V109,532,APLU,HBL,MSCU630443778,YMLU673836804,TGHU3951959,40GP,DRY,GP,LCL,CY/CFS,Kuehne + Nagel,7810.71
Import (NL buyer),BG,90308900,903089,9,"Instruments and apparatus; n.e.c. in heading no. 9030, without a recording device",MARKS6790,Hungary,Netherlands,Netherlands,7,2019,12,2019-12,2019-12-19,20191212,20191212,import,1,6230472.35,21289.83,kg,KG,Filtrona Filters Kft.,[in full dataset],Szigetszentmiklós,,www.essentra.com,[in full dataset],Y,BG,[in full dataset],Beltrum,,,,Y,Filtrona Filters Kft.,[in full dataset],,23805,23805,Koper (via SI),Amsterdam,Beltrum,1,1,29.76,COSCO UNIVERSE,IMO8649257,LR,V418,648,YMLU,HBL,EGLV917581463,MAEU287170990,GESU1390136,20GP,REEFER,GP,FCL,CFS/CFS,CEVA Logistics,19535.4
Export (NL seller),Muziek Meibergen Deventer B.V.,90278930,902789,5,"Instruments and apparatus; for physical or chemical analysis, for measuring or checking viscosity, porosity, expansion, surface tension or quantities of heat, sound or light, exposure meters",MARKS4793,Netherlands,Spain,Spain,7,2019,12,2019-12,2019-12-21,20191215,20191215,import,1,63946152.43,306.25,kg,KG,Muziek Meibergen Deventer B.V.,[in full dataset],Amsterdam,,www.meibergen.com,[in full dataset],N,B BRAUN MEDICAL SA,[in full dataset],RUBI,,www.bbraun.es,[in full dataset],N,Muziek Meibergen Deventer B.V.,[in full dataset],,21577.2,21577.2,Amsterdam,Bilbao,RUBI,1,1,26.97,MSC OSCAR,IMO3480960,SG,V565,802,OOLU,SWB,CMDU146272000,CMDU699354847,FCIU6251713,40HC,TANK,GP,FCL,CFS/CFS,CEVA Logistics,284.5
Import (NL buyer),De Hoop Pekso Productie B.V.,73102119,731021,5,"Cans; which are to be closed by soldering or crimping, for any material (excluding compressed or liquefied gas), less than 50l capacity, of iron or steel",MARKS7669,Egypt,Netherlands,Netherlands,8,2021,3,2021-03,2021-03-13,20210328,20210328,export,1,143252.01,5404.13,kg,KG,PETROJET PORT SAID PIPE COATING FACTORY,[in full dataset],Port Said,,,,Y,De Hoop Pekso Productie B.V.,[in full dataset],Terneuzen,,www.dehoop.nl,[in full dataset],Y,PETROJET PORT SAID PIPE COATING FACTORY,[in full dataset],,3642.1,3642.1,Sokhna,Amsterdam,Terneuzen,1,1,4.55,HMM ALGECIRAS,IMO9983258,MH,V371,781,APLU,MBL,MAEU462997715,EGLV887714959,BMOU5881339,45HC,REEFER,RF,LCL,CY/CFS,Sinotrans,4800.12
Export (NL seller),Impala Studios B.V.,90261081,902610,9,Instruments and apparatus; for measuring or checking the flow or level of liquids,MARKS6484,Netherlands,Luxembourg,Luxembourg,6,2019,12,2019-12,2019-12-09,20191214,20191214,export,1,4725733.45,6187.33,kg,KG,Impala Studios B.V.,[in full dataset],Haarlem,,www.impalastudios.com,[in full dataset],Y,Amazon Business EU SARL,[in full dataset],Luxembourg,,www.amazon.com,[in full dataset],Y,Impala Studios B.V.,[in full dataset],,11050,11050,Amsterdam,Main Container Port,Luxembourg,1,1,13.81,HYUNDAI LOYALTY,IMO6703686,LR,V334,392,OOLU,MBL,YMLU997121620,MSCU251618833,CAIU2820761,40GP,DRY,HC,LCL,CY/CY,Nippon Express,5770.36
Import (NL buyer),Roele De Vries B.V.,84602200,846022,7,"Machine-tools; grinding machines (excluding flat-surface), centreless, numerically controlled",MARKS2310,Tunisia,Netherlands,Netherlands,5,2018,12,2018-12,2018-12-04,20181221,20181221,import,1,34016.02,38848.5,kg,KG,DRAXON MACHINERY INTERNATIONAL,[in full dataset],Mhamedia-Fouchana,,,,N,Roele De Vries B.V.,[in full dataset],Wognum,,www.roeledevries.nl,[in full dataset],Y,DRAXON MACHINERY INTERNATIONAL,[in full dataset],,2280.6,2280.6,Main Container Port,Amsterdam,Wognum,1,1,2.85,MADRID MAERSK,IMO9950095,LR,V806,591,MAEU,HBL,COSU581362102,MSCU505800816,TGHU3732416,40GP,TANK,GP,FCL,CFS/CFS,Nippon Express,34016.02
Import (NL buyer),Sonatrach Petroleum Investment Corporation B.V.,27030000,270300,7,"Peat; (including peat litter), whether or not agglomerated",MARKS4741,Iceland,Netherlands,Netherlands,9,2016,10,2016-10,2016-10-06,20161021,20161021,import,1,263255.67,17081.03,kg,KG,PCC BakkiSilicon hf.,[in full dataset],Husavik,,www.pcc.is,[in full dataset],Y,Sonatrach Petroleum Investment Corporation B.V.,[in full dataset],Amsterdam,,www.sonatrach.es,[in full dataset],Y,PCC BakkiSilicon hf.,[in full dataset],,21021.5,21021.5,Main Container Port,Rotterdam,Amsterdam,1,1,26.28,MOL TRIUMPH,IMO2941502,PA,V957,957,APLU,HBL,EGLV916695636,ONEY730492444,CAIU6702553,20GP,OPEN TOP,GP,FCL,CFS/CFS,Kuehne + Nagel,15888.59
Import (NL buyer),Angiocare B.V.,90181910,901819,5,"Medical, surgical instruments and appliances; electro-diagnostic apparatus (including apparatus for functional exploratory examination or for checking physiological parameters), n.e.c. in item no. 9018.1",MARKS4670,Israel,Netherlands,Netherlands,8,2019,12,2019-12,2019-12-05,20191222,20191222,import,1,13401112.56,54077.2,kg,KG,Shaare Zedek Medical Center,[in full dataset],JERUSALEM,,www.szmc.org.il,[in full dataset],Y,Angiocare B.V.,[in full dataset],Amersfoort,,www.angiocare.nl,[in full dataset],Y,Shaare Zedek Medical Center,[in full dataset],,8019.2,8019.2,Haifa,Rotterdam,Amersfoort,1,1,10.02,BARZAN,IMO3557151,SG,V803,823,YMLU,SWB,CMDU214190298,ONEY899893384,TGHU1929815,40HC,OPEN TOP,GP,FCL,CFS/CFS,Sinotrans,47161.14
Import (NL buyer),WTS Energy Netherlands B.V.,27072000,270720,7,Oils and products of the distillation of high temperature coal tar; toluol (toluene),MARKS1982,Gabon,Netherlands,Netherlands,7,2025,10,2025-10,2025-10-26,20251014,20251014,import,1,1531172.33,28954.32,kg,KG,GM ENERGY,[in full dataset],Port-Gentil,,,,N,WTS Energy Netherlands B.V.,[in full dataset],'s-Gravenhage,,www.wtsenergy.com,[in full dataset],N,GM ENERGY,[in full dataset],,12927.7,12927.7,Main Container Port,Amsterdam,'s-Gravenhage,1,1,16.16,HYUNDAI LOYALTY,IMO5010831,LR,V266,304,HMMU,MBL,HLCU191924399,MSCU767718008,TGHU6277564,40GP,REEFER,GP,FCL,CFS/CFS,Bollore Logistics,25451.42
Import (NL buyer),Hand(Ig)Werk,90273000,902730,7,"Spectrometers, spectrophotometers and spectrographs; using optical radiations (UV, visible, IR)",MARKS8636,Hong Kong,Netherlands,Netherlands,5,2019,12,2019-12,2019-12-27,20191212,20191212,import,1,21496707.44,93162.67,kg,KG,"Hisense Home Appliances Group Co., Ltd.",[in full dataset],Sai Ying Pun,,hxjd.hisense.cn,[in full dataset],N,Hand(Ig)Werk,[in full dataset],Uithoorn,,,,Y,"Hisense Home Appliances Group Co., Ltd.",[in full dataset],,10942.7,10942.7,Hong Kong (Kwai Tsing),Amsterdam,Uithoorn,1,1,13.68,BARZAN,IMO9511635,LR,V351,78,OOLU,HBL,MAEU524232911,CMDU712187481,TGHU8602836,40GP,TANK,HC,FCL,CY/CY,Yusen Logistics,87233.03
Export (NL seller),VDL Enabling Technologies Group Eindhoven B.V.,84072191,840721,8,"Engines; outboard motors for marine propulsion, spark-ignition reciprocating or rotary internal combustion piston engines",MARKS1852,Netherlands,Haiti,Haiti,8,2018,12,2018-12,2018-12-09,20181216,20181216,export,1,104847.44,80052.91,kg,KG,VDL Enabling Technologies Group Eindhoven B.V.,[in full dataset],Eindhoven,,www.vdletg.com,[in full dataset],Y,Vidro Trading SA,[in full dataset],Port-au-Prince,,www.vidrotrading.com,[in full dataset],Y,VDL Enabling Technologies Group Eindhoven B.V.,[in full dataset],,12183.1,12183.1,Rotterdam,Main Container Port,Port-au-Prince,1,1,15.23,OOCL HONG KONG,IMO4889137,PA,V284,48,HMMU,SWB,CMDU280143141,COSU589390950,MSCU1613830,45HC,OPEN TOP,GP,FCL,CFS/CFS,Sinotrans,75353.31
Import (NL buyer),Statement Marine B.V.,90261029,902610,6,Instruments and apparatus; for measuring or checking the flow or level of liquids,MARKS7934,Philippines,Netherlands,Netherlands,7,2022,6,2022-06,2022-06-12,20220628,20220628,export,1,4359259,23072.11,kg,KG,EL BASIKLETA TRADING CORP.,[in full dataset],Quezon City,,,,N,Statement Marine B.V.,[in full dataset],Schagen,,www.statementmarine.nl,[in full dataset],Y,EL BASIKLETA TRADING CORP.,[in full dataset],,21844.8,21844.8,Subic Bay,Rotterdam,Schagen,1,1,27.31,CSCL GLOBE,IMO2962777,LR,V261,161,ZIMU,MBL,YMLU865286560,EGLV250673697,TGHU6903032,40HC,OPEN TOP,HC,LCL,CY/CFS,DB Schenker,21820.74
Import (NL buyer),Fisherman's Choice B.V.,03045400,030454,9,"Fish meat, excluding fillets, whether or not minced; fresh or chilled, swordfish (Xiphias gladius)",MARKS4387,Finland,Netherlands,Netherlands,7,2017,7,2017-07,2017-07-19,20170719,20170719,import,1,4934.83,5435.79,kg,KG,SGN Group Oy,[in full dataset],VANTAA,,www.sgn.fi,[in full dataset],Y,Fisherman's Choice B.V.,[in full dataset],'s-Gravenhage,,www.superchoice.nl,[in full dataset],Y,SGN Group Oy,[in full dataset],,11201.3,11201.3,Main Container Port,Amsterdam,'s-Gravenhage,1,1,14,MSC OSCAR,IMO2106722,LR,V949,924,ONEY,SWB,COSU382906744,ONEY604301167,MSCU8624518,40HC,OPEN TOP,GP,FCL,CFS/CFS,DHL Global Forwarding,4934.83
Import (NL buyer),Nedal Aluminium B.V.,76149000,761490,8,"Aluminium; stranded wire, cables, plaited bands and the like, (not electrically insulated), other than steel core",MARKS1018,Senegal,Netherlands,Netherlands,8,2022,8,2022-08,2022-08-23,20220821,20220821,import,1,6368.76,6707.95,kg,KG,Industrie Senegalaise D'Aluminium Et De Verre,[in full dataset],Dakar,,,,Y,Nedal Aluminium B.V.,[in full dataset],Utrecht,,www.nedal.com,[in full dataset],Y,Industrie Senegalaise D'Aluminium Et De Verre,[in full dataset],,522.6,522.6,Main Container Port,Rotterdam,Utrecht,1,1,0.65,MOL TRIUMPH,IMO7354608,PA,V878,218,CMDU,SWB,COSU498258513,MAEU422798790,GESU3101519,40HC,OPEN TOP,RF,FCL,CY/CFS,DHL Global Forwarding,6368.76
Import (NL buyer),VDL Bus & Coach B.V.,87021011,870210,5,"Vehicles; public transport type (carries 10 or more persons, including driver), with only compression-ignition internal combustion piston engine (diesel or semi-diesel), new or used",MARKS2058,Malta,Netherlands,Netherlands,9,2024,1,2024-01,2024-01-22,20240108,20240108,import,1,131201.88,20655.33,kg,KG,MIZZI MOTORS LIMITED,[in full dataset],Gzira,,www.mizzimotors.com,[in full dataset],Y,VDL Bus & Coach B.V.,[in full dataset],Valkenswaard,,www.vdlbuscoach.com,[in full dataset],Y,MIZZI MOTORS LIMITED,[in full dataset],,14176.4,14176.4,Main Container Port,Amsterdam,Valkenswaard,1,1,17.72,CSCL GLOBE,IMO9549929,LR,V649,386,COSU,SWB,EGLV973614907,ONEY777951744,GESU3784346,40HC,FLAT RACK,RF,FCL,CFS/CFS,Yusen Logistics,18763.58
Export (NL seller),Marine Olie Tank Terminal (M.O.T.T.) B.V.,27111297,271112,7,"Petroleum gases and other gaseous hydrocarbons; liquefied, propane",MARKS4711,Netherlands,Kazakhstan,Kazakhstan,8,2016,10,2016-10,2016-10-05,20161009,20161009,export,1,241257.7,2447.39,kg,KG,Marine Olie Tank Terminal (M.O.T.T.) B.V.,[in full dataset],Wormer,,,,Y,"BOGATYR KOMIR, TOO",[in full dataset],Ekibastuz,,www.bogatyr.kz,[in full dataset],Y,Marine Olie Tank Terminal (M.O.T.T.) B.V.,[in full dataset],,3278.6,3278.6,Amsterdam,Main Container Port,Ekibastuz,1,1,4.1,CSCL GLOBE,IMO7789903,MH,V418,245,ONEY,SWB,COSU739706363,YMLU739901835,TCLU1333420,40GP,DRY,HC,FCL,CY/CY,DSV,2147.79
Import (NL buyer),Merrem Filtration Technology B.V.,73062900,730629,8,"Iron or steel (excluding cast iron); casing and tubing of a kind used in drilling for oil and gas (other than stainless steel or seamless), n.e.c. in chapter 73",MARKS3440,Mexico,Netherlands,Netherlands,7,2021,3,2021-03,2021-03-24,20210315,20210315,import,1,95266.47,10038.09,kg,KG,"Obras Mineras y Tiros del Centro, S.A. de C.V.",[in full dataset],San Francisco de los Romo,,,,Y,Merrem Filtration Technology B.V.,[in full dataset],Zaltbommel,,www.merrem.nl,[in full dataset],Y,"Obras Mineras y Tiros del Centro, S.A. de C.V.",[in full dataset],,17687.5,17687.5,Veracruz,Amsterdam,Zaltbommel,1,1,22.11,APL MEXICO CITY,IMO7985801,LR,V517,664,COSU,HBL,MAEU957980024,COSU397709822,TCLU4035717,40HC,REEFER,HC,FCL,CY/CY,Sinotrans,8890.3
Import (NL buyer),VP Group B.V.,30061030,300610,7,"Pharmaceutical goods; sterile surgical catgut, suture materials, tissue adhesives, laminaria, laminaria tents, absorbable surgical or dental haemostatics, and surgical or dental adhesion barriers",MARKS1616,Brazil,Netherlands,Netherlands,9,2015,6,2015-06,2015-06-19,20150609,20150609,export,1,1609859,8274.41,kg,KG,SANTA MARTA DISTRIBUIDORA DE DROGAS LTDA EM RECUPERACAO JUDICIAL,[in full dataset],GOIANIA,,,,Y,VP Group B.V.,[in full dataset],Venlo,,www.indicator-systems.nl,[in full dataset],Y,SANTA MARTA DISTRIBUIDORA DE DROGAS LTDA EM RECUPERACAO JUDICIAL,[in full dataset],,24297.5,24297.5,Itajai,Amsterdam,Venlo,1,1,30.37,CMA CGM JULES VERNE,IMO6636000,MH,V474,59,CMDU,MBL,EGLV744503709,MSCU639269379,TCLU4704261,40GP,DRY,GP,LCL,CY/CFS,Nippon Express,7817.13
Import (NL buyer),KlokGroep Materieel B.V.,84335200,843352,9,Threshing machinery; other than combine harvester-threshers,MARKS2602,Jordan,Netherlands,Netherlands,6,2018,12,2018-12,2018-12-04,20181221,20181221,import,1,28532.25,31483.45,kg,KG,SAIF AL-JORDAN FOR AGRICULTURAL MATERIALS TRADING,[in full dataset],Az Zarqa,,,,N,KlokGroep Materieel B.V.,[in full dataset],Bergambacht,,www.klokgroep.nl,[in full dataset],Y,SAIF AL-JORDAN FOR AGRICULTURAL MATERIALS TRADING,[in full dataset],,15074.8,15074.8,Main Container Port,Amsterdam,Bergambacht,1,1,18.84,COSCO UNIVERSE,IMO7494728,SG,V839,595,MAEU,SWB,HLCU543920847,ONEY510707533,TGHU2160573,45HC,REEFER,GP,LCL,CY/CY,Expeditors,28532.25
Import (NL buyer),Mi Casa,90029000,900290,8,"Optical elements; n.e.c. in heading no. 9002 (e.g. prisms and mirrors), mounted, being parts or fittings for instruments or apparatus, of any material (excluding elements of glass not optically worked)",MARKS1567,Italy,Netherlands,Netherlands,7,2022,6,2022-06,2022-06-04,20220604,20220604,export,1,42237452.71,49520.4,kg,KG,CISALFA SPORT SPA,[in full dataset],CURNO,,www.cisalfasport.it,[in full dataset],Y,Mi Casa,[in full dataset],'s-Hertogenbosch,,,,Y,CISALFA SPORT SPA,[in full dataset],,7332,7332,Trieste,Amsterdam,'s-Hertogenbosch,1,1,9.16,EVER ACME,IMO1305393,MH,V890,305,CMDU,SWB,ONEY242564705,MSCU726928358,CAIU4070600,40HC,REEFER,HC,LCL,CY/CY,Kuehne + Nagel,43607.66
Import (NL buyer),Melleson Optics B.V.,90278910,902789,9,"Instruments and apparatus; for physical or chemical analysis, for measuring or checking viscosity, porosity, expansion, surface tension or quantities of heat, sound or light, exposure meters",MARKS3284,Vietnam,Netherlands,Netherlands,5,2019,12,2019-12,2019-12-05,20191201,20191201,import,1,21282711.29,5638.29,kg,KG,HOA PHAT HA NAM HOME APPLIANCES JOINT STOCK COMPANY,[in full dataset],"Duy Tien Township,",,dienmay.hoaphat.com.vn,[in full dataset],Y,Melleson Optics B.V.,[in full dataset],Breda,,www.melleson.nl,[in full dataset],Y,HOA PHAT HA NAM HOME APPLIANCES JOINT STOCK COMPANY,[in full dataset],,14205.3,14205.3,Da Nang,Amsterdam,Breda,1,1,17.76,MAERSK MOLLER,IMO7657617,SG,V863,385,OOLU,MBL,CMDU888836084,EGLV802594615,BMOU5996129,40HC,REEFER,GP,FCL,CY/CFS,DSV,5082.21
Import (NL buyer),Foppen Eel & Salmon B.V.,03021300,030213,6,"Fish; fresh or chilled, Pacific salmon (Oncorhynchus nerka, Oncorhynchus gorbuscha, Oncorhynchus keta, Oncorhynchus tschawytscha, Oncorhynchus kisutch, Oncorhynchus masou, Oncorhynchus rhodurus), not fillets, meat of 0304, and edible fish offal of 0302.9",MARKS9648,Slovenia,Netherlands,Netherlands,9,2017,6,2017-06,2017-06-08,20170628,20170628,import,1,6136.65,6590.29,kg,KG,GG Bled d.o.o.,[in full dataset],Bled,,www.ggbled.si,[in full dataset],Y,Foppen Eel & Salmon B.V.,[in full dataset],Harderwijk,,www.foppenseafood.com,[in full dataset],Y,GG Bled d.o.o.,[in full dataset],,3016.8,3016.8,Main Container Port,Rotterdam,Harderwijk,1,1,3.77,YM WARRANTY,IMO6155354,LR,V727,75,CMDU,MBL,HLCU723369850,HLCU687620907,GESU8515047,40HC,TANK,HC,FCL,CY/CFS,DHL Global Forwarding,6136.65
Export (NL seller),Cargill Holdings B.V.,87099000,870990,6,Vehicles; parts of the vehicles of heading no. 8709,MARKS1462,Netherlands,Malta,Malta,5,2024,1,2024-01,2024-01-07,20240109,20240109,export,1,1270366.59,80924.33,kg,KG,Cargill Holdings B.V.,[in full dataset],Luchthaven Schiphol,,,,Y,Continental Cars Limited,[in full dataset],Ta'Xbiex,,www.mizzimotors.com,[in full dataset],Y,Cargill Holdings B.V.,[in full dataset],,16331,16331,Rotterdam,Main Container Port,Ta'Xbiex,1,1,20.41,BARZAN,IMO7793645,LR,V361,732,COSU,SWB,COSU866172643,CMDU298082586,FCIU1174206,40HC,DRY,RF,FCL,CY/CY,Yusen Logistics,71789.7
Import (NL buyer),Nayak Aircraft Service Holding B.V.,88040000,880400,6,Parachutes (including dirigible parachutes and paragliders) and rotochutes; parts thereof and accessories thereto,MARKS9748,Nigeria,Netherlands,Netherlands,9,2018,11,2018-11,2018-11-15,20181101,20181101,import,1,2331.34,2547.47,kg,KG,SG HOLDINGS LIMITED,[in full dataset],Lekki,,www.sgholdingslimited.com,[in full dataset],Y,Nayak Aircraft Service Holding B.V.,[in full dataset],Lijnden,,www.nayak.aero,[in full dataset],N,SG HOLDINGS LIMITED,[in full dataset],,16700.3,16700.3,Main Container Port,Amsterdam,Lijnden,1,1,20.88,BARZAN,IMO6656510,MH,V397,187,HLCU,MBL,MAEU989005770,COSU674795377,GESU7281216,40HC,OPEN TOP,RF,LCL,CFS/CFS,Yusen Logistics,2331.34
Import (NL buyer),Benseng International B.V.,30036000,300360,6,"Medicaments; containing antimalarial active principles described in subheading note 2 to this chapter, for therapeutic or prophylactic uses, (not packaged for retail sale)",MARKS5554,Bulgaria,Netherlands,Netherlands,8,2015,6,2015-06,2015-06-01,20150619,20150619,import,1,2083485.29,39777.89,kg,KG,TEVA PHARMA EAD,[in full dataset],Sofia,,www.teva.bg,[in full dataset],Y,Benseng International B.V.,[in full dataset],Veghel,,www.euroginseng.nl,[in full dataset],Y,TEVA PHARMA EAD,[in full dataset],,9578.1,9578.1,Main Container Port,Rotterdam,Veghel,1,1,11.97,MSC GULSUN,IMO3685120,MH,V373,288,ONEY,SWB,CMDU130480630,HLCU479464394,CAIU2410095,40HC,FLAT RACK,RF,FCL,CFS/CFS,Expeditors,37409.52
Export (NL seller),Reesink Agricultural Equipment NL B.V.,84451200,844512,7,Textile machinery; combing machines for preparing textile fibres,MARKS5959,Netherlands,Cambodia,Cambodia,8,2018,12,2018-12,2018-12-11,20181228,20181228,export,1,201813.58,34683.08,kg,KG,Reesink Agricultural Equipment NL B.V.,[in full dataset],Apeldoorn,,www.reesinkagri.com,[in full dataset],Y,INBIZNEST PLC.,[in full dataset],Phnom Penh,,www.inbiznest.com,[in full dataset],Y,Reesink Agricultural Equipment NL B.V.,[in full dataset],,13438.2,13438.2,Rotterdam,Main Container Port,Phnom Penh,1,1,16.8,MAERSK MOLLER,IMO9365368,LR,V952,783,MAEU,HBL,MSCU435707187,HLCU220422517,GESU4537204,40GP,DRY,GP,FCL,CY/CY,DHL Global Forwarding,31409.58
Export (NL seller),Jiffy Products International B.V.,73202089,732020,8,Iron or steel; helical springs and leaves for springs,MARKS9838,Netherlands,Ukraine,Ukraine,5,2021,3,2021-03,2021-03-08,20210327,20210327,export,1,672827.92,423.64,kg,KG,Jiffy Products International B.V.,[in full dataset],Zwijndrecht,,www.jiffygroup.com,[in full dataset],Y,"DONPROMTRANS, LLC",[in full dataset],Kryvyi Rih,,,,Y,Jiffy Products International B.V.,[in full dataset],,18745.9,18745.9,Amsterdam,Main Container Port,Kryvyi Rih,1,1,23.43,MADRID MAERSK,IMO8835140,LR,V719,477,YMLU,HBL,MAEU340565407,MSCU736960288,GESU5824088,40GP,OPEN TOP,HC,FCL,CY/CFS,DSV,395.78
Import (NL buyer),Hermeta Metaalwaren B.V.,76032000,760320,5,"Aluminium; powders of lamellar structure, flakes",MARKS2449,Brazil,Netherlands,Netherlands,5,2022,3,2022-03,2022-03-05,20220319,20220319,export,1,380137,1473.16,kg,KG,ALCAST DO BRASIL S/A,[in full dataset],FRANCISCO BELTRAO,,www.alcast.com.br,[in full dataset],Y,Hermeta Metaalwaren B.V.,[in full dataset],Asperen,,www.hermeta.nl,[in full dataset],Y,ALCAST DO BRASIL S/A,[in full dataset],,9810.3,9810.3,Itajai,Rotterdam,Asperen,1,1,12.26,MSC GULSUN,IMO1617790,SG,V869,497,OOLU,SWB,HLCU481930057,MAEU948395505,FCIU7903609,20GP,OPEN TOP,GP,LCL,CFS/CFS,CEVA Logistics,1328.28
Export (NL seller),Vemedia Manufacturing B.V.,30029010,300290,9,"Toxins, cultures of micro-organisms (excluding yeasts) and similar products",MARKS1018,Netherlands,China,China,8,2015,6,2015-06,2015-06-06,20150625,20150625,export,1,13061833.08,2531.17,kg,KG,Vemedia Manufacturing B.V.,[in full dataset],Diemen,,www.cooperconsumerhealth.nl,[in full dataset],Y,JZJ Chain Drugstore Corporation,[in full dataset],Kunming,,www.jzj.cn,[in full dataset],Y,Vemedia Manufacturing B.V.,[in full dataset],,6491.8,6491.8,Rotterdam,Guangzhou,Kunming,1,1,8.11,MOL TRIUMPH,IMO2309348,SG,V825,376,MSCU,SWB,MSCU346437666,COSU292947589,BMOU7015726,45HC,DRY,GP,FCL,CY/CY,CEVA Logistics,2224.87
Import (NL buyer),Rijwielhandel De Hoge bi,90065380,900653,5,"Cameras, photographic (excluding cinematographic), for roll film of a width of 35mm",MARKS4404,Canada,Netherlands,Netherlands,9,2019,12,2019-12,2019-12-23,20191201,20191201,import,1,24390798.74,822269.74,kg,KG,Cardinal Health Canada Inc,[in full dataset],Vaughan,,www.cardinalhealth.ca,[in full dataset],Y,Rijwielhandel De Hoge bi,[in full dataset],Amsterdam,,,,Y,Cardinal Health Canada Inc,[in full dataset],,8158,8158,"Halifax, NS",Amsterdam,Amsterdam,1,1,10.2,ONE APUS,IMO2158555,PA,V515,287,HLCU,MBL,HLCU724056131,EGLV689924175,MSCU2654120,40HC,FLAT RACK,RF,LCL,CY/CFS,DSV,761070.98
Export (NL seller),Shell Caspian Pipeline Holdings B.V.,27012000,270120,8,"Briquettes, ovoids and similar solid fuels; manufactured from coal",MARKS6697,Netherlands,Denmark,Denmark,9,2025,10,2025-10,2025-10-23,20251021,20251021,export,1,49128723.26,879.93,kg,KG,Shell Caspian Pipeline Holdings B.V.,[in full dataset],'s-Gravenhage,,,,Y,"Totalenergies Denmark Asw, Filial af Totalenergies Denmark Asw, Inc., USA",[in full dataset],København Ø,,,,Y,Shell Caspian Pipeline Holdings B.V.,[in full dataset],,10423.5,10423.5,Amsterdam,Main Container Port,København Ø,1,1,13.03,COSCO UNIVERSE,IMO5665876,SG,V529,751,ONEY,SWB,EGLV301331965,MAEU529786532,GESU2038667,45HC,DRY,GP,FCL,CFS/CFS,Bollore Logistics,827.98
Import (NL buyer),Euro Support Catalysts Group B.V.,38248400,382484,9,"Chemical products, mixtures and preparations; containing aldrin, camphechlor (toxaphene), chlordane, chlordecone, DDT (chlorfenotane, 1,1,1-trichloro-2,2-bis(p-chlorophenyl)ethane), dieldrin, endosulfan, endrin, heptachlor or mirex",MARKS4953,Romania,Netherlands,Netherlands,5,2023,7,2023-07,2023-07-02,20230709,20230709,import,1,335547.18,107014.79,kg,KG,AGROTEX SRL,[in full dataset],Carei,,,,N,Euro Support Catalysts Group B.V.,[in full dataset],Amersfoort,,www.eurosupport.com,[in full dataset],Y,AGROTEX SRL,[in full dataset],,2468,2468,Main Container Port,Amsterdam,Amersfoort,1,1,3.08,CSCL GLOBE,IMO7905845,PA,V189,250,OOLU,SWB,CMDU822769680,COSU924987577,MSCU7819072,40HC,FLAT RACK,RF,LCL,CY/CY,CEVA Logistics,99764.42
Export (NL seller),Smeermiddelen Industrie De Oliebron B.V.,27090010,270900,5,"Oils; petroleum oils and oils obtained from bituminous minerals, crude",MARKS4771,Netherlands,Benin,Benin,6,2016,10,2016-10,2016-10-25,20161014,20161014,export,1,554875.73,324.55,kg,KG,Smeermiddelen Industrie De Oliebron B.V.,[in full dataset],Zwijndrecht,,www.oliebron.com,[in full dataset],N,AIR LIQUIDE BENIN SA,[in full dataset],Cotonou,,,,Y,Smeermiddelen Industrie De Oliebron B.V.,[in full dataset],,8705.5,8705.5,Amsterdam,Main Container Port,Cotonou,1,1,10.88,MOL TRIUMPH,IMO7715878,PA,V274,840,HMMU,HBL,MAEU427134003,MSCU364302743,FCIU9668809,45HC,OPEN TOP,HC,FCL,CY/CFS,Bollore Logistics,294.22
Export (NL seller),Kuster Tankstations B.V.,27012000,270120,7,"Briquettes, ovoids and similar solid fuels; manufactured from coal",MARKS6939,Netherlands,Barbados,Barbados,9,2016,10,2016-10,2016-10-02,20161028,20161028,export,1,2626.39,3000.09,kg,KG,Kuster Tankstations B.V.,[in full dataset],Babberich,,www.kusterenergy.com,[in full dataset],N,Sol (Barbados) Ltd.,[in full dataset],ST MICHAEL,,www.barbados.solpetroleum.com,[in full dataset],N,Kuster Tankstations B.V.,[in full dataset],,3248.1,3248.1,Rotterdam,Main Container Port,ST MICHAEL,1,1,4.06,OOCL HONG KONG,IMO7026601,PA,V848,631,EGLV,SWB,ONEY385339819,MAEU642566884,TCLU6203411,45HC,DRY,GP,FCL,CY/CY,DHL Global Forwarding,2626.39
Import (NL buyer),Dopharma B.V.,30033900,300339,7,"Medicaments; containing hormones (excluding insulin), (but not containing antibiotics), for therapeutic or prophylactic uses, not packaged for retail sale",MARKS7034,Portugal,Netherlands,Netherlands,8,2015,6,2015-06,2015-06-16,20150626,20150626,import,1,2941876.32,46198.56,kg,KG,"MSA - IMPORT EXPORT, LDA",[in full dataset],BRAGA,,,,N,Dopharma B.V.,[in full dataset],Raamsdonksveer,,www.dopharma.com,[in full dataset],Y,"MSA - IMPORT EXPORT, LDA",[in full dataset],,15687.4,15687.4,Main Container Port,Rotterdam,Raamsdonksveer,1,1,19.61,BARZAN,IMO7411336,MH,V473,142,COSU,HBL,YMLU920476369,MAEU550221620,GESU5559620,45HC,FLAT RACK,RF,FCL,CFS/CFS,Yusen Logistics,43510.54
Export (NL seller),Facilicom PPS Doetinchem OG B.V.,87149490,871494,8,"Cycles; parts thereof, brakes, including coaster braking hubs and hub-brakes, and parts thereof",MARKS4926,Netherlands,Tajikistan,Tajikistan,8,2024,1,2024-01,2024-01-27,20240127,20240127,export,1,867799.12,6807.49,kg,KG,Facilicom PPS Doetinchem OG B.V.,[in full dataset],Schiedam,,www.facilicom.nl,[in full dataset],Y,"TAJ MOTORS, OOO",[in full dataset],Dushanbe,,,,Y,Facilicom PPS Doetinchem OG B.V.,[in full dataset],,7499,7499,Rotterdam,Main Container Port,Dushanbe,1,1,9.37,COSCO UNIVERSE,IMO1914410,SG,V364,575,ONEY,MBL,MSCU890296573,HLCU209592879,FCIU5810973,20GP,REEFER,GP,LCL,CY/CY,Bollore Logistics,6405.23
Export (NL seller),TopRow B.V.,90215000,902150,5,Pacemakers; for stimulating heart muscles (excluding parts and accessories),MARKS5653,Netherlands,Belgium,Belgium,6,2020,2,2020-02,2020-02-19,20200212,20200212,export,1,117099390.53,1415.04,kg,KG,TopRow B.V.,[in full dataset],Amsterdam,,www.toprow.com,[in full dataset],Y,St. Jude Medical Coordination Center,[in full dataset],Zaventem,,www.cardiovascular.abbott,[in full dataset],Y,TopRow B.V.,[in full dataset],,9409,9409,Rotterdam,Antwerp,Zaventem,1,1,11.76,MSC GULSUN,IMO5723783,SG,V683,183,COSU,MBL,HLCU693802234,COSU499822444,BMOU1435225,40HC,OPEN TOP,RF,FCL,CFS/CFS,Expeditors,1277.54
Import (NL buyer),Genioweb B.V.,90021900,900219,9,"Lenses; objective, (other than for cameras, projectors or photographic enlargers or reducers), mounted, of any material (excluding elements of glass not optically worked)",MARKS2024,South Korea,Netherlands,Netherlands,7,2020,2,2020-02,2020-02-12,20200201,20200201,import,1,11108338.99,145638.92,kg,KG,Samsung Medical Foundation,[in full dataset],Seoul,,www.kbsmc.co.kr,[in full dataset],N,Genioweb B.V.,[in full dataset],Groede,,www.genioweb.nl,[in full dataset],Y,Samsung Medical Foundation,[in full dataset],,14032.1,14032.1,Busan,Rotterdam,Groede,1,1,17.54,YM WARRANTY,IMO2651686,LR,V299,474,MSCU,MBL,MSCU583551690,HLCU855089812,FCIU9853000,40GP,REEFER,HC,FCL,CY/CFS,Nippon Express,133901.3
Import (NL buyer),TAQA Energy Transportation B.V.,27112100,271121,9,"Petroleum gases and other gaseous hydrocarbons; in gaseous state, natural gas",MARKS8741,Iceland,Netherlands,Netherlands,6,2016,10,2016-10,2016-10-14,20161014,20161014,import,1,263255.67,15485.47,kg,KG,PCC BakkiSilicon hf.,[in full dataset],Husavik,,www.pcc.is,[in full dataset],Y,TAQA Energy Transportation B.V.,[in full dataset],Alkmaar,,www.taqaglobal.com,[in full dataset],Y,PCC BakkiSilicon hf.,[in full dataset],,12986.8,12986.8,Main Container Port,Rotterdam,Alkmaar,1,1,16.23,MAERSK MOLLER,IMO5303990,PA,V370,112,MSCU,MBL,HLCU882960355,ONEY734601243,BMOU1171398,45HC,REEFER,RF,FCL,CFS/CFS,Yusen Logistics,14506.28
Export (NL seller),Casa Interior,90221300,902213,7,"Apparatus based on the use of x-rays; including radiography or radiotherapy apparatus, for dental uses, excluding computed tomography apparatus",MARKS4702,Netherlands,Singapore,Singapore,9,2020,2,2020-02,2020-02-03,20200218,20200218,export,1,21829561.39,1317.92,kg,KG,Casa Interior,[in full dataset],Schiedam,,,,Y,REN AI GRP PTE. LTD.,[in full dataset],Singapore,,www.runai.io,[in full dataset],Y,Casa Interior,[in full dataset],,7333.3,7333.3,Amsterdam,Singapore (PSA),Singapore,1,1,9.17,ONE APUS,IMO3003712,PA,V822,561,APLU,SWB,HLCU405163969,CMDU165219488,MSCU7994293,40GP,REEFER,RF,FCL,CY/CFS,Nippon Express,1232.83
Export (NL seller),What's up je Boterham,90138040,901380,7,"Optical devices, appliances and instruments; n.e.c. in heading no. 9013",MARKS6978,Netherlands,Spain,Spain,5,2020,2,2020-02,2020-02-18,20200210,20200210,import,1,60515944.75,220.63,kg,KG,What's up je Boterham,[in full dataset],Deventer,,,,Y,WH SMITH SPAIN SL.,[in full dataset],MADRID,,,,Y,What's up je Boterham,[in full dataset],,10826.6,10826.6,Rotterdam,Valencia,MADRID,1,1,13.53,MSC GULSUN,IMO7137320,SG,V189,833,CMDU,SWB,EGLV281440618,YMLU597020742,TCLU7952257,20GP,TANK,GP,FCL,CY/CY,Yusen Logistics,200
Export (NL seller),Cosmetic Supply Trading B.V.,30061090,300610,7,"Pharmaceutical goods; sterile surgical catgut, suture materials, tissue adhesives, laminaria, laminaria tents, absorbable surgical or dental haemostatics, and surgical or dental adhesion barriers",MARKS7507,Netherlands,Uruguay,Uruguay,5,2015,6,2015-06,2015-06-20,20150603,20150603,export,1,1918600.36,1873.94,kg,KG,Cosmetic Supply Trading B.V.,[in full dataset],Willemstad NB,,www.cosmeticsupplytrading.eu,[in full dataset],Y,ADIUM PHARMA S.A.,[in full dataset],Montevideo,,www.adium.com.uy,[in full dataset],Y,Cosmetic Supply Trading B.V.,[in full dataset],,17327.9,17327.9,Amsterdam,Main Container Port,Montevideo,1,1,21.66,EVER ACME,IMO9452740,MH,V995,780,MAEU,SWB,ONEY824889287,MAEU629365305,TCLU2600330,40GP,OPEN TOP,HC,FCL,CY/CY,DHL Global Forwarding,1705.97
Import (NL buyer),Leeuwarden Onroerend Goed B.V.,73042200,730422,5,"Steel, stainless; seamless, drill pipe, of a kind used in drilling for oil or gas",MARKS5679,Nigeria,Netherlands,Netherlands,5,2021,3,2021-03,2021-03-16,20210315,20210315,import,1,47568.98,3394.01,kg,KG,QUALCHEM GLOBAL CONCEPT LTD,[in full dataset],Lagos,,www.qualchem.com.ng,[in full dataset],Y,Leeuwarden Onroerend Goed B.V.,[in full dataset],Heerenveen,,www.distil.nl,[in full dataset],N,QUALCHEM GLOBAL CONCEPT LTD,[in full dataset],,9016.5,9016.5,Main Container Port,Amsterdam,Heerenveen,1,1,11.27,MAERSK MOLLER,IMO4015390,LR,V898,691,MSCU,SWB,CMDU383589992,COSU469561536,FCIU7912491,45HC,TANK,GP,LCL,CY/CY,DB Schenker,3191.36
Import (NL buyer),Pit-Beton Heipalenfabriek Kamperland B.V.,73042910,730429,6,"Iron or steel (excluding cast iron or stainless steel); seamless, casing and tubing, of a kind used in drilling for oil or gas",MARKS2112,Philippines,Netherlands,Netherlands,9,2021,3,2021-03,2021-03-05,20210312,20210312,import,1,301502.63,3194.36,kg,KG,"EHS LENS PHILIPPINES, INC.",[in full dataset],Tanauan,,www.hoya.com,[in full dataset],Y,Pit-Beton Heipalenfabriek Kamperland B.V.,[in full dataset],Kamperland,,www.pitbeton.nl,[in full dataset],Y,"EHS LENS PHILIPPINES, INC.",[in full dataset],,23489.3,23489.3,Subic Bay,Amsterdam,Kamperland,1,1,29.36,HYUNDAI LOYALTY,IMO2633934,LR,V323,641,EGLV,HBL,HLCU140559597,EGLV963049580,BMOU8814239,40HC,DRY,RF,FCL,CY/CY,Yusen Logistics,2957.5
Export (NL seller),Syncore B.V.,84136020,841360,9,"Pumps; rotary positive displacement pumps, n.e.c. in heading no. 8413, for liquids",MARKS9015,Netherlands,Somalia,Somalia,9,2018,12,2018-12,2018-12-17,20181206,20181206,export,1,306013.26,12542.46,kg,KG,Syncore B.V.,[in full dataset],Duiven,,www.syncore.com,[in full dataset],Y,HINNA AGRI-EQUIPMENT-BUSINESS-COMPANY,[in full dataset],Mogadishu,,,,Y,Syncore B.V.,[in full dataset],,1593.1,1593.1,Amsterdam,Main Container Port,Mogadishu,1,1,1.99,MOL TRIUMPH,IMO1618294,MH,V962,777,CMDU,HBL,CMDU865027283,MSCU469060343,BMOU5120493,20GP,OPEN TOP,GP,FCL,CY/CFS,Sinotrans,11072.25
Import (NL buyer),Mooi Tweedehands,90279000,902790,5,Microtomes and parts and accessories thereof,MARKS2388,Switzerland,Netherlands,Netherlands,5,2020,2,2020-02,2020-02-08,20200214,20200214,import,1,58038661.88,49852.9,kg,KG,"M.R.S.I. Medical Research, Services & Investments SA",[in full dataset],Vouvry,,,,Y,Mooi Tweedehands,[in full dataset],Wateringen,,,,Y,"M.R.S.I. Medical Research, Services & Investments SA",[in full dataset],,21003.3,21003.3,Basel (river),Amsterdam,Wateringen,1,1,26.25,MAERSK MOLLER,IMO9744195,LR,V896,908,COSU,MBL,YMLU257944765,MSCU351041017,BMOU6239136,40GP,FLAT RACK,RF,FCL,CFS/CFS,Yusen Logistics,43572.09
Import (NL buyer),BASF Agro B.V.,38254900,382549,8,"Residual products of the chemical or allied industries, not elsewhere specified or included; waste organic solvents, other than halogenated",MARKS5586,Tunisia,Netherlands,Netherlands,8,2023,7,2023-07,2023-07-09,20230719,20230719,import,1,1271.69,1355.97,kg,KG,STE NATIONALE DE DISTRIBUTION DES PETROLES AGIL ENERGY,[in full dataset],Cite El Khadhra,,,,Y,BASF Agro B.V.,[in full dataset],Arnhem,,agro.basf.nl,[in full dataset],N,STE NATIONALE DE DISTRIBUTION DES PETROLES AGIL ENERGY,[in full dataset],,827.4,827.4,Main Container Port,Amsterdam,Arnhem,1,1,1.03,HMM ALGECIRAS,IMO7530904,PA,V866,691,ZIMU,SWB,COSU574869289,COSU289971101,MSCU8749297,40HC,DRY,HC,LCL,CFS/CFS,Sinotrans,1271.69
Export (NL seller),Nederlandse Drogisterij Service B.V.,30034200,300342,6,"Medicaments; containing alkaloids or their derivatives, containing pseudoephedrine (INN) or its salts, for therapeutic or prophylactic uses, (not packaged for retail sale)",MARKS7055,Netherlands,Lesotho,Lesotho,9,2015,6,2015-06,2015-06-20,20150614,20150614,export,1,492317.98,5021.54,kg,KG,Nederlandse Drogisterij Service B.V.,[in full dataset],Lelystad,,www.da.nl,[in full dataset],Y,PARKSIDE PHARMACEUTICAL CARE SERVICES,[in full dataset],MASERU,,,,Y,Nederlandse Drogisterij Service B.V.,[in full dataset],,8161.4,8161.4,Amsterdam,Main Container Port,MASERU,1,1,10.2,HYUNDAI LOYALTY,IMO5206193,LR,V207,616,HLCU,HBL,CMDU648296666,YMLU496287565,MSCU6424447,45HC,OPEN TOP,GP,FCL,CY/CFS,DB Schenker,4471.16
Export (NL seller),Nefco Storage & Trading B.V.,38248100,382481,8,"Chemical products, mixtures and preparations; containing goods specified in Subheading Note 3 to this Chapter; containing oxirane (ethylene oxide)",MARKS3429,Netherlands,Congo,Congo,6,2023,7,2023-07,2023-07-07,20230722,20230722,export,1,348389,2890.04,kg,KG,Nefco Storage & Trading B.V.,[in full dataset],Waardenburg,,www.nefco.nl,[in full dataset],Y,"BRASSERIES, LIMONADERIES ET MALTERIES SARL",[in full dataset],Kinshasa,,bralima.net,[in full dataset],Y,Nefco Storage & Trading B.V.,[in full dataset],,13940.5,13940.5,Rotterdam,Main Container Port,Kinshasa,1,1,17.43,CSCL GLOBE,IMO5296324,LR,V876,932,YMLU,HBL,ONEY258628530,YMLU506916946,MSCU2460560,40HC,REEFER,RF,FCL,CY/CFS,DSV,2587.15
Export (NL seller),KP Holland HW34 B.V.,03036500,030365,7,"Fish; frozen, coalfish (Pollachius virens), excluding fillets, fish meat of 0304, and edible fish offal of subheadings 0303.91 to 0303.99",MARKS1407,Netherlands,Seychelles,Seychelles,9,2017,12,2017-12,2017-12-07,20171212,20171212,export,1,3550.77,3815.68,kg,KG,KP Holland HW34 B.V.,[in full dataset],Maasland,,www.kpholland.nl,[in full dataset],Y,ISLAND DEVELOPMENT COMPANY LIMITED,[in full dataset],Mahe,,www.idcseychelles.com,[in full dataset],Y,KP Holland HW34 B.V.,[in full dataset],,1124.4,1124.4,Amsterdam,Main Container Port,Mahe,1,1,1.41,YM WARRANTY,IMO7372689,PA,V313,849,OOLU,MBL,MSCU340709454,MSCU859281998,TCLU7162510,40GP,FLAT RACK,HC,FCL,CY/CFS,DB Schenker,3550.77
Export (NL seller),Hellemans Consultancy B.V.,27011100,270111,7,"Coal; anthracite, whether or not pulverised, but not agglomerated",MARKS1366,Netherlands,Armenia,Armenia,9,2016,10,2016-10,2016-10-27,20161008,20161008,export,1,106978.66,22844.4,kg,KG,Hellemans Consultancy B.V.,[in full dataset],Hoevelaken,,www.hellemansconsultancy.nl,[in full dataset],N,VICTORIA INVEST LIMITED LIABILITY COMPANY,[in full dataset],Erevan,,,,Y,Hellemans Consultancy B.V.,[in full dataset],,11308.3,11308.3,Amsterdam,Main Container Port,Erevan,1,1,14.14,CSCL GLOBE,IMO1731190,PA,V356,130,ZIMU,MBL,HLCU565035340,HLCU807422881,TCLU8710619,45HC,DRY,HC,LCL,CFS/CFS,DSV,20334.1
Import (NL buyer),CAN Filters B.V.,90021100,900211,8,"Lenses; objective, for cameras, projectors or photographic enlargers or reducers, mounted, being parts or fittings for instruments or apparatus, of any material (excluding glass not optically worked)",MARKS9010,Papua New Guinea,Netherlands,Netherlands,8,2019,12,2019-12,2019-12-14,20191220,20191220,import,1,609637.19,21294.35,kg,KG,TRIBAL WORLD NEW GUINEA P/L,[in full dataset],MT HAGEN,,,,Y,CAN Filters B.V.,[in full dataset],Meerkerk,,www.canfilters.nl,[in full dataset],Y,TRIBAL WORLD NEW GUINEA P/L,[in full dataset],,15571.9,15571.9,Main Container Port,Rotterdam,Meerkerk,1,1,19.46,MOL TRIUMPH,IMO4109355,MH,V742,641,MSCU,SWB,ONEY465328795,YMLU827626541,MSCU1789425,40HC,TANK,RF,FCL,CY/CY,Yusen Logistics,18802.57
Export (NL seller),Oiltree Investments Holdings B.V.,87051000,870510,5,Vehicles; crane lorries,MARKS4799,Netherlands,El Salvador,El Salvador,5,2020,3,2020-03,2020-03-26,20200327,20200327,export,1,1926.14,2063.03,kg,KG,Oiltree Investments Holdings B.V.,[in full dataset],Amsterdam,,,,Y,Grupo Q Interamerica Corporation,[in full dataset],San Salvador,,,,Y,Oiltree Investments Holdings B.V.,[in full dataset],,15485.4,15485.4,Rotterdam,Main Container Port,San Salvador,1,1,19.36,HMM ALGECIRAS,IMO4715601,MH,V875,254,ONEY,MBL,YMLU751582627,YMLU109883793,FCIU1191567,45HC,FLAT RACK,HC,FCL,CY/CY,DSV,1926.14
Export (NL seller),IJ.M.S. B.V.,32091000,320910,5,"Paints and varnishes; based on acrylic or vinyl polymers, dispersed or dissolved in an aqueous medium",MARKS4232,Netherlands,Venezuela,Venezuela,7,2026,2,2026-02,2026-02-10,20260206,20260206,export,1,68706.61,223.35,kg,KG,IJ.M.S. B.V.,[in full dataset],IJmuiden,,www.ijms.nl,[in full dataset],Y,"Casa de Lacas Sevema, SRL",[in full dataset],CARACAS,,,,N,IJ.M.S. B.V.,[in full dataset],,8533.4,8533.4,Amsterdam,Main Container Port,CARACAS,1,1,10.67,MSC OSCAR,IMO8852237,PA,V785,988,YMLU,SWB,HLCU735411067,COSU152938631,FCIU2787166,45HC,OPEN TOP,RF,FCL,CFS/CFS,DSV,200
Export (NL seller),Applied Biosystems B.V.,30032000,300320,5,"Medicaments; containing antibiotics other than penicillins, streptomycins and their derivatives, for therapeutic or prophylactic uses, (not in measured doses, not packaged for retail sale)",MARKS6289,Netherlands,Somalia,Somalia,9,2015,6,2015-06,2015-06-20,20150613,20150613,export,1,348512.37,21239.38,kg,KG,Applied Biosystems B.V.,[in full dataset],Bleiswijk,,www.appliedbiosystems.nl,[in full dataset],Y,AL TOWBA TRADING COMPANY LLC,[in full dataset],Banaadir,,www.altowbagroup.com,[in full dataset],Y,Applied Biosystems B.V.,[in full dataset],,4281,4281,Rotterdam,Main Container Port,Banaadir,1,1,5.35,HMM ALGECIRAS,IMO3753369,LR,V585,850,COSU,HBL,CMDU549788610,ONEY722081123,CAIU3858887,40HC,TANK,RF,FCL,CY/CY,Kuehne + Nagel,18504.17
Export (NL seller),Vattenfall Energy Sourcing Netherlands N.V.,27011900,270119,8,"Coal; (other than anthracite and bituminous), whether or not pulverised but not agglomerated",MARKS6494,Netherlands,Lithuania,Lithuania,8,2025,10,2025-10,2025-10-08,20251015,20251015,export,1,17375100.82,5281.43,kg,KG,Vattenfall Energy Sourcing Netherlands N.V.,[in full dataset],Amsterdam,,,,Y,"ORLEN LIETUVA, AB",[in full dataset],Juodeikiu k.,,www.nafta.lt,[in full dataset],Y,Vattenfall Energy Sourcing Netherlands N.V.,[in full dataset],,13672,13672,Rotterdam,Main Container Port,Juodeikiu k.,1,1,17.09,MOL TRIUMPH,IMO4735017,SG,V938,78,ONEY,MBL,CMDU659242568,MAEU568015722,FCIU1826684,45HC,DRY,RF,FCL,CY/CFS,Kuehne + Nagel,4865.59
Export (NL seller),Attarat Mining Company B.V.,73231000,732310,5,"Iron or steel; wool, pot scourers and scouring or polishing pads, gloves and the like",MARKS2036,Netherlands,Burkina Faso,Burkina Faso,7,2021,3,2021-03,2021-03-03,20210318,20210318,export,1,138492.28,3640.08,kg,KG,Attarat Mining Company B.V.,[in full dataset],AMSTERDAM-DUIVENDRECHT,,,,Y,SOCIETE DES MINES DE SANBRADO SA,[in full dataset],Ouagadougou,,www.westafricanresources.com,[in full dataset],Y,Attarat Mining Company B.V.,[in full dataset],,9013,9013,Rotterdam,Main Container Port,Ouagadougou,1,1,11.27,APL MEXICO CITY,IMO6140348,PA,V457,843,EGLV,HBL,YMLU711833951,EGLV267184316,TGHU4926795,20GP,REEFER,HC,FCL,CY/CY,Nippon Express,3184.1
Export (NL seller),Ok Gas B.V.,27011900,270119,8,"Coal; (other than anthracite and bituminous), whether or not pulverised but not agglomerated",MARKS9858,Netherlands,Oman,Oman,7,2016,10,2016-10,2016-10-07,20161003,20161003,export,1,28310.36,31595.06,kg,KG,Ok Gas B.V.,[in full dataset],Waardenburg,,www.ok-energy.nl,[in full dataset],Y,OCCIDENATAL OMAN BLOCK 72 LLC,[in full dataset],Bousher,,,,Y,Ok Gas B.V.,[in full dataset],,8629.2,8629.2,Amsterdam,Main Container Port,Bousher,1,1,10.79,MSC GULSUN,IMO3290372,PA,V126,374,ONEY,MBL,COSU286628177,YMLU294850347,TCLU7461426,20GP,DRY,GP,FCL,CY/CFS,Kuehne + Nagel,28310.36
Import (NL buyer),Spaansen Industriezand en -grind B.V.,73194000,731940,7,Safety pins and other pins; of iron or steel,MARKS1549,Saudi Arabia,Netherlands,Netherlands,6,2021,3,2021-03,2021-03-03,20210316,20210316,export,1,126480,19571.41,kg,KG,SAUDI ARABIAN MINING COMPANY (MA'ADEN),[in full dataset],Riyadh,,www.maaden.com,[in full dataset],N,Spaansen Industriezand en -grind B.V.,[in full dataset],Harlingen,,,,Y,SAUDI ARABIAN MINING COMPANY (MA'ADEN),[in full dataset],,6689.3,6689.3,Jeddah,Rotterdam,Harlingen,1,1,8.36,APL MEXICO CITY,IMO8236547,PA,V323,636,YMLU,SWB,YMLU404112344,HLCU474214385,MSCU4591063,20GP,TANK,RF,LCL,CY/CY,Bollore Logistics,17160.07
Import (NL buyer),Avery Dennison Materials Europe B.V.,38040000,380400,6,"Lyes, residual; from the manufacture of wood pulp, whether or not concentrated, desugared or chemically treated, including lignin sulphonates but excluding tall oil of heading no. 3803",MARKS7632,Slovakia,Netherlands,Netherlands,6,2023,7,2023-07,2023-07-14,20230713,20230713,import,1,160466.92,62882.5,kg,KG,"SPOLCHEMIE SK, s. r. o.",[in full dataset],Bratislava,,,,Y,Avery Dennison Materials Europe B.V.,[in full dataset],Oegstgeest,,www.averydennison.com,[in full dataset],Y,"SPOLCHEMIE SK, s. r. o.",[in full dataset],,23589.5,23589.5,Main Container Port,Amsterdam,Oegstgeest,1,1,29.49,ONE APUS,IMO6352939,PA,V986,688,HLCU,SWB,MAEU273075662,YMLU691711909,CAIU1424481,20GP,DRY,RF,LCL,CFS/CFS,Sinotrans,59253.24
Export (NL seller),Heijne Import B.V.,30069300,300693,5,"Pharmaceutical goods; placebos and blinded (or double-blinded) clinical trial kits for a recognised clinical trial, put up in measured doses",MARKS7132,Netherlands,Saudi Arabia,Saudi Arabia,8,2015,6,2015-06,2015-06-07,20150626,20150626,import,1,4928847.5,4100.67,kg,KG,Heijne Import B.V.,[in full dataset],Tynaarlo,,www.heijne-import.nl,[in full dataset],Y,"ASTRA INDUSTRIAL GROUP COMPANY, JOINT STOCK COMPANY",[in full dataset],Riyadh,,www.aig.sa,[in full dataset],N,Heijne Import B.V.,[in full dataset],,20871.5,20871.5,Amsterdam,Jeddah,Riyadh,1,1,26.09,EVER GIVEN,IMO6141725,MH,V582,403,MAEU,SWB,COSU590007488,COSU341539182,TCLU1926196,40HC,OPEN TOP,HC,FCL,CY/CY,Kuehne + Nagel,3732.48
Import (NL buyer),Hedin Automotive 4V B.V.,87037000,870370,8,"Vehicles; with both compression-ignition internal combustion piston engine (diesel or semi-diesel) and electric motor for propulsion, capable of being charged by plugging to external source of electric power",MARKS7391,Greece,Netherlands,Netherlands,6,2024,1,2024-01,2024-01-16,20240112,20240112,import,1,1081556.15,46126.42,kg,KG,ITALIAN MOTION SINGLE MEMBER S.A.,[in full dataset],Kifissia,,www.fiat.gr,[in full dataset],Y,Hedin Automotive 4V B.V.,[in full dataset],Haarlem,,www.hedinautomotive.nl,[in full dataset],Y,ITALIAN MOTION SINGLE MEMBER S.A.,[in full dataset],,1097.3,1097.3,Main Container Port,Rotterdam,Haarlem,1,1,1.37,MOL TRIUMPH,IMO4854552,LR,V560,792,CMDU,SWB,HLCU265160286,COSU274582242,TGHU5983699,20GP,OPEN TOP,RF,LCL,CFS/CFS,Kuehne + Nagel,43842.47
Export (NL seller),Mol Schuddebeurs B.V.,27073000,270730,5,Oils and products of the distillation of high temperature coal tar; xylol (xylenes),MARKS1100,Netherlands,United Arab Emirates,United Arab Emirates,8,2025,10,2025-10,2025-10-01,20251007,20251007,export,1,11311933.02,2253.03,kg,KG,Mol Schuddebeurs B.V.,[in full dataset],Noordgouwe,,www.mol-olie.nl,[in full dataset],Y,ABU DHABI NATIONAL ENERGY COMPANY - P.J.S.C,[in full dataset],Dubai,,www.taqa.com,[in full dataset],Y,Mol Schuddebeurs B.V.,[in full dataset],,20908.4,20908.4,Amsterdam,"Khalifa, Abu Dhabi",Dubai,1,1,26.14,MSC GULSUN,IMO6349311,PA,V266,625,MAEU,HBL,CMDU177264167,COSU853287165,GESU9900958,20GP,TANK,RF,FCL,CY/CFS,CEVA Logistics,1986.41
Export (NL seller),SHELL Gas Nigeria B.V.,27111310,271113,5,"Petroleum gases and other gaseous hydrocarbons; liquefied, butanes",MARKS7374,Netherlands,Brazil,Brazil,7,2025,10,2025-10,2025-10-17,20251028,20251028,import,1,26536777,1480.48,kg,KG,SHELL Gas Nigeria B.V.,[in full dataset],'s-Gravenhage,,,,Y,COPA ENERGIA S.A.,[in full dataset],SAO PAULO,,www.copaenergia.com.br,[in full dataset],Y,SHELL Gas Nigeria B.V.,[in full dataset],,11043.4,11043.4,Rotterdam,Suape,SAO PAULO,1,1,13.8,CMA CGM JULES VERNE,IMO9826725,LR,V147,577,HLCU,HBL,COSU717802805,MAEU858769820,TCLU9931167,20GP,OPEN TOP,RF,FCL,CY/CY,CEVA Logistics,1384.88
Export (NL seller),GL Nederland B.V.,90071000,900710,6,"Cameras, cinematographic; whether or not incorporating sound recording apparatus",MARKS1758,Netherlands,Singapore,Singapore,7,2020,2,2020-02,2020-02-12,20200204,20200204,export,1,21829561.39,222.85,kg,KG,GL Nederland B.V.,[in full dataset],Velp GLD,,,,Y,PANASONIC APPLIANCES REFRIGERATION DEVICES SINGAPORE,[in full dataset],Singapore,,www.panasonic.com.sg,[in full dataset],N,GL Nederland B.V.,[in full dataset],,6787.8,6787.8,Amsterdam,Singapore (PSA),Singapore,1,1,8.48,BARZAN,IMO5009316,PA,V974,912,OOLU,HBL,CMDU522284468,ONEY228962572,GESU2126340,20GP,DRY,RF,LCL,CFS/CFS,Kuehne + Nagel,200
Export (NL seller),Fokker Technologies Group B.V.,87053000,870530,5,Vehicles; fire fighting vehicles,MARKS6179,Netherlands,Colombia,Colombia,7,2024,1,2024-01,2024-01-22,20240127,20240127,export,1,437604.58,19359.6,kg,KG,Fokker Technologies Group B.V.,[in full dataset],Papendrecht,,www.gkn.com,[in full dataset],Y,AUTOLAND S A S,[in full dataset],BOGOTA,,,,Y,Fokker Technologies Group B.V.,[in full dataset],,16038.2,16038.2,Rotterdam,Buenaventura,BOGOTA,1,1,20.05,CSCL GLOBE,IMO1994196,PA,V105,69,EGLV,HBL,HLCU498599647,MAEU196222557,BMOU3132495,40GP,FLAT RACK,HC,FCL,CY/CY,Expeditors,17196.06
Import (NL buyer),Romein Beton B.V.,27073000,270730,8,Oils and products of the distillation of high temperature coal tar; xylol (xylenes),MARKS5447,South Africa,Netherlands,Netherlands,6,2025,10,2025-10,2025-10-17,20251002,20251002,export,1,1318255.63,3085.34,kg,KG,NG GLOBAL ENERGY SOLUTIONS (PTY) LTD,[in full dataset],GLENSTANTIA,,www.ngglobal.co.za,[in full dataset],N,Romein Beton B.V.,[in full dataset],Dodewaard,,www.romein.nl,[in full dataset],Y,NG GLOBAL ENERGY SOLUTIONS (PTY) LTD,[in full dataset],,7948,7948,Ngqura,Rotterdam,Dodewaard,1,1,9.94,HMM ALGECIRAS,IMO4801633,MH,V467,786,COSU,SWB,MSCU862479233,EGLV707241636,FCIU8486471,45HC,REEFER,RF,FCL,CY/CY,Sinotrans,2687.77
Export (NL seller),Veenman Financial Services B.V.,84595900,845959,7,"Machine-tools; for milling by removing metal, knee-type, other than numerically controlled",MARKS9792,Netherlands,Equatorial Guinea,Equatorial Guinea,5,2018,12,2018-12,2018-12-12,20181204,20181204,export,1,332481.54,65559.45,kg,KG,Veenman Financial Services B.V.,[in full dataset],De Meern,,www.veenman.nl,[in full dataset],Y,Fmc Subsea Services Inc - Malabo Branch,[in full dataset],Malabo,,www.technipfmc.com,[in full dataset],Y,Veenman Financial Services B.V.,[in full dataset],,5075.7,5075.7,Amsterdam,Main Container Port,Malabo,1,1,6.34,MAERSK MOLLER,IMO3837064,PA,V237,217,CMDU,HBL,MAEU448431340,MSCU416079732,FCIU8450971,20GP,DRY,RF,FCL,CFS/CFS,Yusen Logistics,58467.66
Import (NL buyer),Future Pipe Industries B.V.,73241000,732410,9,"Steel; sinks and wash basins, of stainless steel",MARKS8886,Australia,Netherlands,Netherlands,5,2021,3,2021-03,2021-03-26,20210325,20210325,export,1,311100.99,8840.9,kg,KG,WEST AFRICAN RESOURCES LTD,[in full dataset],Subiaco,,www.westafricanresources.com,[in full dataset],Y,Future Pipe Industries B.V.,[in full dataset],Hardenberg,,www.futurepipe.com,[in full dataset],Y,WEST AFRICAN RESOURCES LTD,[in full dataset],,8337.6,8337.6,Sydney,Amsterdam,Hardenberg,1,1,10.42,CSCL GLOBE,IMO8206941,LR,V151,503,APLU,HBL,CMDU703174706,YMLU127903396,FCIU8936543,45HC,DRY,RF,LCL,CY/CY,Sinotrans,7968.8
Import (NL buyer),Ph. Hoogstad,76051100,760511,7,"Aluminium; (not alloyed), wire, maximum cross-sectional dimension exceeds 7mm",MARKS6793,Turkiye,Netherlands,Netherlands,8,2022,11,2022-11,2022-11-05,20221108,20221108,export,1,16300433,51321.59,kg,KG,ALCAS METAL SANAYI ANONIM SIRKETI,[in full dataset],Istanbul (Europe),,www.nur.com.tr,[in full dataset],Y,Ph. Hoogstad,[in full dataset],Vlijmen,,,,Y,ALCAS METAL SANAYI ANONIM SIRKETI,[in full dataset],,15445.6,15445.6,Main Container Port,Amsterdam,Vlijmen,1,1,19.31,APL MEXICO CITY,IMO1618616,PA,V141,934,ONEY,SWB,EGLV549893576,COSU800253624,TGHU9742967,20GP,OPEN TOP,HC,LCL,CFS/CFS,Nippon Express,45852.37
Import (NL buyer),Kiwa Assurance B.V.,90299000,902990,8,"Meters and counters; parts and accessories for revolution and production counters, taximeters, mileometers, pedometers and the like; speed indicators, tachometers (excluding heading no. 9015), stroboscopes",MARKS3359,Ghana,Netherlands,Netherlands,9,2019,12,2019-12,2019-12-15,20191227,20191227,import,1,39231.59,41477.13,kg,KG,SET US LOOSE LTD,[in full dataset],Accra,,,,Y,Kiwa Assurance B.V.,[in full dataset],Rijswijk ZH,,www.kiwa.com,[in full dataset],Y,SET US LOOSE LTD,[in full dataset],,1737.1,1737.1,Main Container Port,Amsterdam,Rijswijk ZH,1,1,2.17,CSCL GLOBE,IMO5609362,PA,V670,459,HLCU,HBL,HLCU293013608,COSU352058918,TCLU5284760,40HC,DRY,RF,FCL,CY/CFS,Yusen Logistics,39231.59
Import (NL buyer),Apotheek Van Hulten B.V.,30063000,300630,9,"Pharmaceutical goods; opacifying preparations for x-ray examinations, diagnostic reagents designed to be administered to the patient",MARKS4019,Mexico,Netherlands,Netherlands,8,2015,6,2015-06,2015-06-13,20150609,20150609,export,1,446089,10024.93,kg,KG,"Farmacia Guadalajara, S.A. de C.V.",[in full dataset],Guadalajara,,www.farmaciasguadalajara.com.mx,[in full dataset],N,Apotheek Van Hulten B.V.,[in full dataset],Joure,,www.medique.nl,[in full dataset],Y,"Farmacia Guadalajara, S.A. de C.V.",[in full dataset],,23605.4,23605.4,Altamira,Rotterdam,Joure,1,1,29.51,APL MEXICO CITY,IMO5220267,PA,V299,890,MSCU,HBL,EGLV442880478,CMDU465168379,TGHU5651424,20GP,TANK,GP,LCL,CY/CY,Bollore Logistics,8876.34
Export (NL seller),LMC Lysozyme Manufacturing Company B.V.,30064000,300640,7,"Pharmaceutical goods; dental cements and other dental fillings, bone reconstruction cements",MARKS3335,Netherlands,Ukraine,Ukraine,8,2015,6,2015-06,2015-06-11,20150609,20150609,export,1,4044863.25,832.01,kg,KG,LMC Lysozyme Manufacturing Company B.V.,[in full dataset],Nunspeet,,www.lmcbv.com,[in full dataset],Y,KYIVSKA DYSTRYBUTSIINA KOMPANIIA TOV,[in full dataset],Kyiv,,,,Y,LMC Lysozyme Manufacturing Company B.V.,[in full dataset],,14550.4,14550.4,Amsterdam,Main Container Port,Kyiv,1,1,18.19,APL MEXICO CITY,IMO8390089,MH,V618,650,OOLU,MBL,COSU612312422,YMLU219694701,TCLU1692755,20GP,OPEN TOP,RF,FCL,CFS/CFS,DSV,764.37
Export (NL seller),Dalli-De Klok B.V.,38254100,382541,9,"Residual products of the chemical or allied industries, not elsewhere specified or included; halogenated waste organic solvents",MARKS2341,Netherlands,Democratic Republic Of The Congo,Democratic Republic Of The Congo,8,2023,7,2023-07,2023-07-07,20230712,20230712,export,1,112829.55,386.75,kg,KG,Dalli-De Klok B.V.,[in full dataset],Heerde,,www.dalli-group.com,[in full dataset],Y,999 MINING,[in full dataset],Lubumbashi,,,,Y,Dalli-De Klok B.V.,[in full dataset],,4172.9,4172.9,Amsterdam,Main Container Port,Lubumbashi,1,1,5.22,HMM ALGECIRAS,IMO9120648,MH,V777,921,EGLV,MBL,MSCU193417713,YMLU212994621,FCIU5376845,45HC,FLAT RACK,GP,FCL,CFS/CFS,DHL Global Forwarding,366.5
Export (NL seller),Vissers Energy B.V.,27132000,271320,7,Petroleum bitumen; obtained from bituminous minerals,MARKS5461,Netherlands,Congo,Congo,5,2016,10,2016-10,2016-10-26,20161013,20161013,export,1,94450.92,288.55,kg,KG,Vissers Energy B.V.,[in full dataset],Horst,,www.vissersenergygroup.nl,[in full dataset],N,SOCIETE NATIONALE DES PETROLES DU CONGO,[in full dataset],Brazzaville,,www.snpc-group.com,[in full dataset],Y,Vissers Energy B.V.,[in full dataset],,18055.4,18055.4,Amsterdam,Main Container Port,Brazzaville,1,1,22.57,CMA CGM JULES VERNE,IMO6214333,SG,V917,500,EGLV,HBL,COSU866193860,EGLV245979513,TGHU9179591,20GP,OPEN TOP,HC,FCL,CFS/CFS,Yusen Logistics,269.77
Import (NL buyer),De Oud-Beijerlandse Bereider B.V.,30044200,300442,6,"Medicaments; containing alkaloids or their derivatives, containing pseudoephedrine (INN) or its salts, for therapeutic or prophylactic uses, packaged for retail sale",MARKS6817,New Zealand,Netherlands,Netherlands,7,2015,6,2015-06,2015-06-11,20150608,20150608,import,1,525104.79,330988.7,kg,KG,PHARMACY RETAILING (NZ) LIMITED,[in full dataset],Christchurch,,www.propharma.co.nz,[in full dataset],Y,De Oud-Beijerlandse Bereider B.V.,[in full dataset],Oud Beijerland,,,,N,PHARMACY RETAILING (NZ) LIMITED,[in full dataset],,9088.7,9088.7,Tauranga,Rotterdam,Oud Beijerland,1,1,11.36,CMA CGM JULES VERNE,IMO8658229,PA,V984,34,OOLU,HBL,MAEU316025833,ONEY469335851,TCLU1436792,45HC,REEFER,HC,FCL,CY/CY,Nippon Express,296463.34
Export (NL seller),Polyganics IP B.V.,30025100,300251,9,"Cell cultures, whether or not modified; cell therapy products",MARKS6760,Netherlands,Estonia,Estonia,9,2015,6,2015-06,2015-06-05,20150622,20150622,export,1,608615.85,7766.05,kg,KG,Polyganics IP B.V.,[in full dataset],Groningen,,www.regenity.com,[in full dataset],Y,Aaloe Apteegid OU,[in full dataset],Tallinn,,,,Y,Polyganics IP B.V.,[in full dataset],,23963.2,23963.2,Rotterdam,Main Container Port,Tallinn,1,1,29.95,APL MEXICO CITY,IMO9458436,MH,V191,282,CMDU,MBL,MSCU645759319,CMDU112777817,TGHU2216416,40HC,TANK,GP,FCL,CY/CY,Yusen Logistics,7133.82
Import (NL buyer),PQ Silicas B.V.,38248600,382486,6,"Chemical products, mixtures and preparations; containing goods specified in Subheading Note 3 to this Chapter; containing pentachlorobenzene (ISO) or hexachlorobenzene (ISO)",MARKS5354,Saudi Arabia,Netherlands,Netherlands,6,2023,7,2023-07,2023-07-10,20230710,20230710,export,1,133562.4,83506.27,kg,KG,SAUDI ARABIAN OIL COMPANY (SAUDI ARAMCO) A SAUDI JOINT-STOCK COMPANY,[in full dataset],Dhahran,,www.saudiaramco.com,[in full dataset],N,PQ Silicas B.V.,[in full dataset],Eijsden,,,,Y,SAUDI ARABIAN OIL COMPANY (SAUDI ARAMCO) A SAUDI JOINT-STOCK COMPANY,[in full dataset],,17069.9,17069.9,Jeddah,Rotterdam,Eijsden,1,1,21.34,EVER GIVEN,IMO5826617,MH,V837,772,ONEY,MBL,EGLV821918584,MAEU256400230,GESU2697197,40HC,OPEN TOP,GP,LCL,CY/CFS,DB Schenker,77029.06
Import (NL buyer),Bergman Medical Care B.V.,90149000,901490,5,Navigational instruments and appliances; parts and accessories,MARKS7379,Pakistan,Netherlands,Netherlands,8,2019,12,2019-12,2019-12-15,20191214,20191214,import,1,344319.13,9369.02,kg,KG,JW HOLDINGS (PRIVATE) LIMITED,[in full dataset],Rawalpindi,,www.jwholdings.co,[in full dataset],Y,Bergman Medical Care B.V.,[in full dataset],Naarden,,www.bergmanclinics.nl,[in full dataset],N,JW HOLDINGS (PRIVATE) LIMITED,[in full dataset],,19000.7,19000.7,Gwadar,Rotterdam,Naarden,1,1,23.75,CSCL GLOBE,IMO5794634,LR,V653,579,ZIMU,SWB,EGLV291612677,MSCU322215849,TGHU1734587,45HC,DRY,HC,FCL,CY/CY,CEVA Logistics,8349.71
Export (NL seller),Eni Energy Egypt B.V.,27101250,271012,8,"Petroleum oils and oils from bituminous minerals, not containing biodiesel, not crude, not waste oils; preparations n.e.c, containing by weight 70% or more of petroleum oils or oils from bituminous minerals; light oils and preparations",MARKS7764,Netherlands,Lithuania,Lithuania,6,2016,10,2016-10,2016-10-23,20161028,20161028,export,1,387545.16,20011.79,kg,KG,Eni Energy Egypt B.V.,[in full dataset],'s-Gravenhage,,,,Y,"ORLEN LIETUVA, AB",[in full dataset],Juodeikiu k.,,www.nafta.lt,[in full dataset],Y,Eni Energy Egypt B.V.,[in full dataset],,10337.9,10337.9,Rotterdam,Main Container Port,Juodeikiu k.,1,1,12.92,ONE APUS,IMO2298640,MH,V896,612,OOLU,MBL,EGLV381404715,CMDU769674320,MSCU5173599,40HC,FLAT RACK,RF,LCL,CY/CFS,Kuehne + Nagel,17538.4
Import (NL buyer),Louwman MZ B.V.,87168000,871680,6,Vehicles; n.e.c. in heading no. 8716,MARKS8989,Australia,Netherlands,Netherlands,6,2024,1,2024-01,2024-01-17,20240101,20240101,import,1,167567.23,25128.91,kg,KG,VR AUSTRALIA HOLDINGS PTY LTD,[in full dataset],CITY,,,,Y,Louwman MZ B.V.,[in full dataset],'s-Gravenhage,,www.louwman.nl,[in full dataset],Y,VR AUSTRALIA HOLDINGS PTY LTD,[in full dataset],,6473.1,6473.1,Sydney,Amsterdam,'s-Gravenhage,1,1,8.09,MSC GULSUN,IMO6782852,MH,V609,388,HLCU,HBL,HLCU939398500,HLCU410753382,BMOU1248956,45HC,FLAT RACK,RF,LCL,CFS/CFS,Bollore Logistics,22868.1
Export (NL seller),Epicus Trading B.V.,27131200,271312,5,"Petroleum coke; calcined, obtained from bituminous minerals",MARKS7769,Netherlands,South Africa,South Africa,5,2025,10,2025-10,2025-10-15,20251027,20251027,export,1,37800448.32,574.96,kg,KG,Epicus Trading B.V.,[in full dataset],Amsterdam,,www.epicus.nl,[in full dataset],N,NG GLOBAL ENERGY SOLUTIONS (PTY) LTD,[in full dataset],GLENSTANTIA,,www.ngglobal.co.za,[in full dataset],Y,Epicus Trading B.V.,[in full dataset],,7264.2,7264.2,Amsterdam,Ngqura,GLENSTANTIA,1,1,9.08,HMM ALGECIRAS,IMO9703286,LR,V623,955,ZIMU,MBL,COSU385758789,ONEY331518785,GESU7225194,40GP,REEFER,GP,FCL,CFS/CFS,Yusen Logistics,510.13
Export (NL seller),VDS Auto Export Services B.V.,87019390,870193,6,Tractors; n.e.c. in heading no 8701 (other than tractors of heading no 8709); of an engine power exceeding 37kW but not exceeding 75kW,MARKS8551,Netherlands,Ivory Coast,Ivory Coast,5,2024,1,2024-01,2024-01-14,20240108,20240108,export,1,1019640.06,216.27,kg,KG,VDS Auto Export Services B.V.,[in full dataset],Benthuizen,,www.vdsautoexportservices.nl,[in full dataset],Y,CFAO MOBILITY COTE D'IVOIRE,[in full dataset],Abidjan,,www.cfaogroup.com,[in full dataset],Y,VDS Auto Export Services B.V.,[in full dataset],,7846.4,7846.4,Rotterdam,Main Container Port,Abidjan,1,1,9.81,MOL TRIUMPH,IMO7419140,MH,V280,337,ZIMU,HBL,CMDU385006282,ONEY684425656,CAIU6153439,40HC,REEFER,GP,LCL,CFS/CFS,Yusen Logistics,200
Import (NL buyer),Atlantic Aardolieproducten Maatschappij B.V.,38279000,382790,5,"Mixtures containing halogenated derivatives of methane, ethane or propane; n.e.c. in subheading no 3827",MARKS9329,Luxembourg,Netherlands,Netherlands,9,2023,7,2023-07,2023-07-11,20230721,20230721,import,1,354301.79,25220.86,kg,KG,Am Mining,[in full dataset],Luxembourg,,,,Y,Atlantic Aardolieproducten Maatschappij B.V.,[in full dataset],Pernis Rotterdam,,www.fastware.nl,[in full dataset],Y,Am Mining,[in full dataset],,16756.1,16756.1,Main Container Port,Rotterdam,Pernis Rotterdam,1,1,20.95,OOCL HONG KONG,IMO6409348,PA,V535,301,HLCU,HBL,EGLV302875312,EGLV723652203,BMOU2345325,20GP,OPEN TOP,HC,FCL,CY/CY,Bollore Logistics,23109.93
Export (NL seller),Worley Nederland B.V.,27101991,271019,9,"Petroleum oils and oils from bituminous minerals, not containing biodiesel, not crude, not waste oils; preparations n.e.c, containing by weight 70% or more of petroleum oils or oils from bituminous minerals; not light oils and preparations",MARKS3251,Netherlands,Bosnia-Herzegovina,Bosnia-Herzegovina,6,2016,10,2016-10,2016-10-04,20161018,20161018,export,1,60186.52,23133.02,kg,KG,Worley Nederland B.V.,[in full dataset],'s-Gravenhage,,www.worley.com,[in full dataset],Y,"RU ""Gracanica"" d.o.o. Gornji Vakuf - Uskoplje",[in full dataset],Gornji Vakuf-Uskoplje,,,,N,Worley Nederland B.V.,[in full dataset],,19905.4,19905.4,Amsterdam,Main Container Port,Gornji Vakuf-Uskoplje,1,1,24.88,MAERSK MOLLER,IMO5662418,PA,V603,463,ZIMU,MBL,COSU295144905,YMLU542871522,TCLU2800796,40HC,DRY,RF,LCL,CY/CFS,Kuehne + Nagel,20411.91
Export (NL seller),Kaaij Vierpolders B.V.,03043200,030432,8,"Fish fillets; fresh or chilled, catfish (Pangasius spp., Silurus spp., Clarias spp., Ictalurus spp.)",MARKS5685,Netherlands,Singapore,Singapore,7,2017,7,2017-07,2017-07-16,20170710,20170710,export,1,27653.21,30223.5,kg,KG,Kaaij Vierpolders B.V.,[in full dataset],Vierpolders,,www.redstar.nl,[in full dataset],Y,TRI-MARINE INTERNATIONAL (PTE) LTD,[in full dataset],Singapore,,www.trimarinegroup.com,[in full dataset],Y,Kaaij Vierpolders B.V.,[in full dataset],,1149.2,1149.2,Rotterdam,Singapore (PSA),Singapore,1,1,1.44,EVER GIVEN,IMO6071927,SG,V692,66,COSU,MBL,HLCU797811978,HLCU243841669,BMOU6664079,40GP,DRY,GP,FCL,CFS/CFS,Yusen Logistics,27653.21
Export (NL seller),ASR Real Estate B.V.,87024000,870240,5,"Vehicles; public transport type (carries 10 or more persons, including driver), with only electric motor for propulsion, new or used",MARKS6194,Netherlands,Guinea,Guinea,9,2024,1,2024-01,2024-01-01,20240110,20240110,export,1,262958.82,2728.71,kg,KG,ASR Real Estate B.V.,[in full dataset],Utrecht,,www.asrrealestate.nl,[in full dataset],Y,AISSATOU DIALLO AUTOMOTIVE,[in full dataset],Kaloum,,,,Y,ASR Real Estate B.V.,[in full dataset],,21700.5,21700.5,Rotterdam,Main Container Port,Kaloum,1,1,27.13,ONE APUS,IMO5553391,PA,V826,536,ZIMU,SWB,YMLU724044028,YMLU792796639,GESU5314253,40HC,REEFER,HC,FCL,CY/CFS,CEVA Logistics,2522.67
Export (NL seller),AM Vastgoedontwikkeling B.V.,27011900,270119,7,"Coal; (other than anthracite and bituminous), whether or not pulverised but not agglomerated",MARKS8763,Netherlands,Lithuania,Lithuania,8,2016,10,2016-10,2016-10-11,20161026,20161026,export,1,387545.16,2182.52,kg,KG,AM Vastgoedontwikkeling B.V.,[in full dataset],Utrecht,,www.am.nl,[in full dataset],Y,"ORLEN LIETUVA, AB",[in full dataset],Juodeikiu k.,,www.nafta.lt,[in full dataset],Y,AM Vastgoedontwikkeling B.V.,[in full dataset],,21707,21707,Amsterdam,Main Container Port,Juodeikiu k.,1,1,27.13,COSCO UNIVERSE,IMO5664086,MH,V786,655,APLU,SWB,MAEU420405384,ONEY352183654,BMOU7702812,40HC,OPEN TOP,HC,LCL,CFS/CFS,Bollore Logistics,1918.39
Export (NL seller),Phase Factory,90301000,903010,9,Instruments and apparatus; for measuring or detecting ionising radiations,MARKS3904,Netherlands,India,India,9,2020,2,2020-02,2020-02-16,20200213,20200213,export,1,59249424.4,1455.49,kg,KG,Phase Factory,[in full dataset],Rotterdam,,,,Y,B.J. GOVT MEDICAL COLLEGE & SASSOON GENERAL HOSPITAL,[in full dataset],Pune,,www.bjmcpune.org,[in full dataset],Y,Phase Factory,[in full dataset],,23204.1,23204.1,Rotterdam,Kolkata,Pune,1,1,29.01,MAERSK MOLLER,IMO7881283,MH,V813,315,ONEY,SWB,YMLU290066894,HLCU643805230,TGHU9121231,40GP,OPEN TOP,HC,FCL,CY/CFS,DHL Global Forwarding,1365.77
Export (NL seller),Goes Balances,90079200,900792,7,"Projectors, cinematographic; parts and accessories, whether or not incorporating sound reproducing apparatus",MARKS1001,Netherlands,Egypt,Egypt,6,2019,12,2019-12,2019-12-24,20191211,20191211,export,1,9750984.37,212.15,kg,KG,Goes Balances,[in full dataset],Giessenburg,,,,Y,ALFA MEDICAL GROUP - ALFA LABORATORIES EGYPT S.A.E,[in full dataset],Giza,,www.alfalaboratory.com,[in full dataset],Y,Goes Balances,[in full dataset],,2025.3,2025.3,Amsterdam,Sokhna,Giza,1,1,2.53,CSCL GLOBE,IMO2436588,MH,V412,818,APLU,MBL,HLCU459351003,YMLU532230732,FCIU4492910,45HC,REEFER,RF,FCL,CFS/CFS,Nippon Express,200
Export (NL seller),Eurus Energy Europe B.V.,27160000,271600,6,Electrical energy,MARKS9851,Netherlands,Vietnam,Vietnam,9,2025,10,2025-10,2025-10-17,20251001,20251001,export,1,49681.73,11997.67,kg,KG,Eurus Energy Europe B.V.,[in full dataset],Amsterdam,,www.eurus-europe.com,[in full dataset],Y,VIETNAM NATIONAL PETROLEUM GROUP,[in full dataset],Ha Noi,,petrolimex.com.vn,[in full dataset],Y,Eurus Energy Europe B.V.,[in full dataset],,22224.9,22224.9,Rotterdam,Da Nang,Ha Noi,1,1,27.78,ONE APUS,IMO2312456,SG,V278,123,EGLV,MBL,ONEY795674108,HLCU572760858,FCIU6395932,45HC,TANK,GP,FCL,CY/CFS,Bollore Logistics,10720.55
Export (NL seller),Dutch Foreigner Care B.V.,87053000,870530,9,Vehicles; fire fighting vehicles,MARKS4890,Netherlands,Nigeria,Nigeria,9,2024,1,2024-01,2024-01-09,20240125,20240125,export,1,940771.93,3800.24,kg,KG,Dutch Foreigner Care B.V.,[in full dataset],Noordwijkerhout,,www.fhs.nl,[in full dataset],N,AFRICAN ALLIANCE INSURANCE PLC,[in full dataset],Lagos,,www.africanallianceplc.com,[in full dataset],Y,Dutch Foreigner Care B.V.,[in full dataset],,12246,12246,Rotterdam,Main Container Port,Lagos,1,1,15.31,MSC OSCAR,IMO1754083,MH,V945,372,HMMU,HBL,ONEY575779059,COSU367768781,MSCU1941602,20GP,REEFER,GP,FCL,CY/CY,Nippon Express,3599.32
Export (NL seller),Vetus B.V.,38260010,382600,8,Biodiesel and mixtures thereof; not containing or containing less than 70% by weight of petroleum oils or oils obtained from bituminous minerals,MARKS3669,Netherlands,Iran,Iran,5,2023,7,2023-07,2023-07-26,20230712,20230712,export,1,158550.55,3635.77,kg,KG,Vetus B.V.,[in full dataset],Schiedam,,www.vetus.com,[in full dataset],Y,Nasr Mobtakeran Technical & Engineering Facilities,[in full dataset],Ahwaz,,www.nasr-mobtakeran.com,[in full dataset],N,Vetus B.V.,[in full dataset],,8838.9,8838.9,Rotterdam,Bushehr,Ahwaz,1,1,11.05,BARZAN,IMO2844482,LR,V504,625,MSCU,SWB,YMLU881331602,MSCU940726295,CAIU2905426,40HC,REEFER,GP,FCL,CY/CY,Yusen Logistics,3393.64
Import (NL buyer),Bourguignon Bikes & Scooters B.V.,90065900,900659,9,"Cameras, photographic (excluding cinematographic); n.e.c. in heading no 9006",MARKS5413,Latvia,Netherlands,Netherlands,7,2019,12,2019-12,2019-12-07,20191212,20191212,import,1,449297.89,14109.35,kg,KG,Erica Synths SIA,[in full dataset],Riga,,www.ericasynths.lv,[in full dataset],Y,Bourguignon Bikes & Scooters B.V.,[in full dataset],Leeuwarden,,,,N,Erica Synths SIA,[in full dataset],,11670,11670,Main Container Port,Amsterdam,Leeuwarden,1,1,14.59,CMA CGM JULES VERNE,IMO6704297,PA,V163,921,APLU,SWB,ONEY586530180,ONEY280043793,TCLU7838002,20GP,OPEN TOP,GP,FCL,CY/CY,Sinotrans,12860.3
Import (NL buyer),Rolugro Pitch Equipment B.V.,27071000,270710,6,Oils and products of the distillation of high temperature coal tar; benzol (benzene),MARKS1014,Georgia,Netherlands,Netherlands,5,2025,10,2025-10,2025-10-04,20251018,20251018,import,1,13035507.63,12455.39,kg,KG,"GEORGIAN OIL AND GAS CORPORATION, JSC",[in full dataset],Tbilisi,,www.gogc.ge,[in full dataset],Y,Rolugro Pitch Equipment B.V.,[in full dataset],Groenlo,,www.rolugro.nl,[in full dataset],Y,"GEORGIAN OIL AND GAS CORPORATION, JSC",[in full dataset],,22538.8,22538.8,Main Container Port,Rotterdam,Groenlo,1,1,28.17,EVER GIVEN,IMO4440064,LR,V623,443,ONEY,SWB,COSU369411160,MSCU438273294,TCLU3364294,40HC,DRY,RF,FCL,CY/CFS,DB Schenker,11641.31
Export (NL seller),Sun Pharmaceutical Industries (Europe) B.V.,30024110,300241,5,"Vaccines, toxins, cultures of micro-organisms (excluding yeasts) and similar products; for human medicine",MARKS7146,Netherlands,Hong Kong,Hong Kong,7,2015,6,2015-06,2015-06-14,20150617,20150617,export,1,4935840.38,452.73,kg,KG,Sun Pharmaceutical Industries (Europe) B.V.,[in full dataset],Hoofddorp,,www.sunpharma-europe.com,[in full dataset],Y,Alibaba Health Information Technology Limited,[in full dataset],Causeway Bay,,,,Y,Sun Pharmaceutical Industries (Europe) B.V.,[in full dataset],,4747.2,4747.2,Amsterdam,Hong Kong (Kwai Tsing),Causeway Bay,1,1,5.93,MSC GULSUN,IMO4318441,MH,V380,378,EGLV,HBL,YMLU194836064,MAEU218007495,FCIU7675835,20GP,REEFER,GP,FCL,CFS/CFS,Nippon Express,420.41
Export (NL seller),Troy Chemical Company B.V.,38254900,382549,8,"Residual products of the chemical or allied industries, not elsewhere specified or included; waste organic solvents, other than halogenated",MARKS8862,Netherlands,Cameroon,Cameroon,9,2023,7,2023-07,2023-07-07,20230717,20230717,export,1,49938.57,26149.53,kg,KG,Troy Chemical Company B.V.,[in full dataset],Delft,,www.troycorp.com,[in full dataset],Y,Chemicals Supply Ltd,[in full dataset],LIMBE,,,,N,Troy Chemical Company B.V.,[in full dataset],,11430.7,11430.7,Rotterdam,Main Container Port,LIMBE,1,1,14.29,CSCL GLOBE,IMO9923331,MH,V817,208,HMMU,MBL,MSCU459885792,HLCU794224421,BMOU8165177,20GP,REEFER,HC,FCL,CFS/CFS,Expeditors,24603.97
Import (NL buyer),Medcor Pharmaceuticals B.V.,30069300,300693,8,"Pharmaceutical goods; placebos and blinded (or double-blinded) clinical trial kits for a recognised clinical trial, put up in measured doses",MARKS5529,Slovenia,Netherlands,Netherlands,9,2015,6,2015-06,2015-06-01,20150615,20150615,import,1,3112417.08,6441.56,kg,KG,Lek d.d.,[in full dataset],Ljubljana-Lek,,www.lek.si,[in full dataset],Y,Medcor Pharmaceuticals B.V.,[in full dataset],Lelystad,,www.medcor.nl,[in full dataset],Y,Lek d.d.,[in full dataset],,22699.8,22699.8,Main Container Port,Rotterdam,Lelystad,1,1,28.37,EVER ACME,IMO1581743,SG,V499,363,EGLV,SWB,COSU496245082,MAEU673738732,CAIU1748408,45HC,TANK,GP,FCL,CY/CY,Yusen Logistics,5800.28
Import (NL buyer),Kiwa Services B.V.,84592100,845921,6,"Machine-tools; for drilling by removing metal, numerically controlled",MARKS9246,Gabon,Netherlands,Netherlands,5,2018,12,2018-12,2018-12-03,20181211,20181211,import,1,91669.07,32420.39,kg,KG,LINK INFORMATIQUE SARL,[in full dataset],LIBREVILLE,,,,Y,Kiwa Services B.V.,[in full dataset],Rijswijk ZH,,www.kiwa.com,[in full dataset],Y,LINK INFORMATIQUE SARL,[in full dataset],,24284.9,24284.9,Main Container Port,Amsterdam,Rijswijk ZH,1,1,30.36,MSC OSCAR,IMO2002769,SG,V106,334,MSCU,SWB,EGLV984381504,MSCU174709141,GESU9753435,40HC,DRY,HC,FCL,CY/CY,Sinotrans,29557.9
Import (NL buyer),Teva Nederland B.V.,30025900,300259,8,"Cell cultures, whether or not modified; other cell cultures not including cell therapy products",MARKS5947,Poland,Netherlands,Netherlands,5,2015,6,2015-06,2015-06-06,20150616,20150616,export,1,3035280,19691.61,kg,KG,FM POLSKA SP Z O O,[in full dataset],Mszczonów,,www.fmlogistic.com,[in full dataset],N,Teva Nederland B.V.,[in full dataset],Haarlem,,www.teva.nl,[in full dataset],Y,FM POLSKA SP Z O O,[in full dataset],,17437.1,17437.1,Gdynia,Amsterdam,Haarlem,1,1,21.8,MAERSK MOLLER,IMO3050168,SG,V431,152,ONEY,SWB,EGLV222754747,MAEU957785148,TCLU4056743,40HC,DRY,RF,FCL,CFS/CFS,DSV,17158.57
Export (NL seller),Sustainable Seafood Corporation B.V.,03032300,030323,8,"Fish; frozen, tilapias (Oreochromis spp.), excluding fillets, fish meat of 0304, and edible fish offal of subheadings 0303.91 to 0303.99",MARKS7259,Netherlands,Australia,Australia,8,2017,12,2017-12,2017-12-06,20171226,20171226,export,1,1453.45,1659.44,kg,KG,Sustainable Seafood Corporation B.V.,[in full dataset],Yerseke,,,,Y,SANFORD AUSTRALIA PTY. LTD.,[in full dataset],FOOTSCRAY,,www.sanford.co.nz,[in full dataset],N,Sustainable Seafood Corporation B.V.,[in full dataset],,2458.3,2458.3,Amsterdam,Fremantle,FOOTSCRAY,1,1,3.07,YM WARRANTY,IMO4502336,SG,V837,434,MSCU,SWB,CMDU816579532,YMLU790923683,MSCU2722430,40GP,TANK,RF,FCL,CFS/CFS,Yusen Logistics,1453.45
Export (NL seller),KPH-WP B.V.,03047950,030479,6,"Fish fillets; frozen, of the families Bregmacerotidae, Euclichthyidae, Gadidae, Macrouridae, Melanonidae, Merlucciidae, Moridae and Muraenolepididae other than cod, haddock, coalfish, hake, and Alaska pollock",MARKS5250,Netherlands,Australia,Australia,6,2017,4,2017-04,2017-04-15,20170428,20170428,import,1,64711.63,2369.48,kg,KG,KPH-WP B.V.,[in full dataset],Kwintsheul,,,,Y,KB AUSTRALIA HOLDING PTY LTD,[in full dataset],Canning Vale,,,,Y,KPH-WP B.V.,[in full dataset],,5828.4,5828.4,Rotterdam,Melbourne,Canning Vale,1,1,7.29,EVER GIVEN,IMO1850701,MH,V705,113,APLU,MBL,COSU221282051,COSU296419945,BMOU7933413,40HC,OPEN TOP,HC,FCL,CY/CFS,Yusen Logistics,2076.13
Export (NL seller),American Discount Book Centers B.V.,90222900,902229,5,"Apparatus based on the use of alpha, beta, gamma or other ionising radiations, including radiography or radiotherapy apparatus; (for other than medical, surgical, dental or veterinary uses)",MARKS2889,Netherlands,Turkiye,Turkiye,9,2019,12,2019-12,2019-12-03,20191223,20191223,export,1,38035953.77,770.8,kg,KG,American Discount Book Centers B.V.,[in full dataset],Amsterdam,,www.abc.nl,[in full dataset],N,MLP SAGLIK HIZMETLERI ANONIM SIRKETI,[in full dataset],Istanbul (Europe),,www.mlpcare.com,[in full dataset],Y,American Discount Book Centers B.V.,[in full dataset],,15171.3,15171.3,Amsterdam,Main Container Port,Istanbul (Europe),1,1,18.96,CMA CGM JULES VERNE,IMO3330428,MH,V381,181,YMLU,MBL,HLCU829247079,MAEU165310119,CAIU7061294,40HC,REEFER,GP,FCL,CFS/CFS,DHL Global Forwarding,701.05
Export (NL seller),Wind-Fix Europe B.V.,73110091,731100,5,"Containers for compressed or liquefied gas, of iron or steel",MARKS3029,Netherlands,Aruba,Aruba,5,2021,3,2021-03,2021-03-17,20210325,20210325,export,1,317678.25,222.17,kg,KG,Wind-Fix Europe B.V.,[in full dataset],Bergeijk,,www.multifixgroup.com,[in full dataset],Y,ANCHAELLA CARREAN HIEROMS,[in full dataset],Noord,,,,Y,Wind-Fix Europe B.V.,[in full dataset],,13619.3,13619.3,Amsterdam,Main Container Port,Noord,1,1,17.02,EVER GIVEN,IMO4233181,PA,V682,726,YMLU,HBL,CMDU535423082,HLCU761966129,FCIU1673742,40GP,FLAT RACK,RF,LCL,CFS/CFS,CEVA Logistics,200
Export (NL seller),Handelmaatschappij A. Smit en Zoon B.V.,38086100,380861,6,Insecticides and the like; containing goods specified in Subheading Note 2 to this Chapter; in packings of a net weight content not exceeding 300g; for retail sale or as preparations or articles,MARKS5468,Netherlands,Zimbabwe,Zimbabwe,9,2023,7,2023-07,2023-07-13,20230727,20230727,export,1,168141.27,1991.68,kg,KG,Handelmaatschappij A. Smit en Zoon B.V.,[in full dataset],Weesp,,www.smitzoon.com,[in full dataset],Y,CHILMUND CHEMICALS (PRIVATE) LIMITED,[in full dataset],Harare,,,,Y,Handelmaatschappij A. Smit en Zoon B.V.,[in full dataset],,8449.2,8449.2,Amsterdam,Main Container Port,Harare,1,1,10.56,HMM ALGECIRAS,IMO7547095,PA,V277,393,YMLU,HBL,MAEU313035074,YMLU584957976,TGHU7504943,40HC,OPEN TOP,RF,LCL,CFS/CFS,DHL Global Forwarding,1885.95
Import (NL buyer),Cornelis Vrolijk Seafood Holding B.V.,03044210,030442,5,"Fish fillets; fresh or chilled, trout (Salmo trutta, Oncorhynchus mykiss, Oncorhynchus clarki, Oncorhynchus aguabonita, Oncorhynchus gilae, Oncorhynchus apache and Oncorhynchus chrysogaster)",MARKS4632,Finland,Netherlands,Netherlands,9,2017,9,2017-09,2017-09-20,20170927,20170927,import,1,1547.69,1663.65,kg,KG,Nordic Fish Oy,[in full dataset],SASTAMALA,,www.nordictrout.com,[in full dataset],Y,Cornelis Vrolijk Seafood Holding B.V.,[in full dataset],IJmuiden,,www.seafoodparlevliet.nl,[in full dataset],Y,Nordic Fish Oy,[in full dataset],,23715.1,23715.1,Main Container Port,Amsterdam,IJmuiden,1,1,29.64,CSCL GLOBE,IMO9499194,SG,V308,546,MAEU,HBL,COSU893448356,MAEU155622424,TCLU2021249,45HC,OPEN TOP,RF,FCL,CY/CY,DHL Global Forwarding,1547.69
Import (NL buyer),Haico Tweewielers,90181300,901813,5,"Medical, surgical instruments and appliances; magnetic resonance imaging apparatus",MARKS5172,Czech Republic,Netherlands,Netherlands,9,2022,6,2022-06,2022-06-14,20220611,20220611,import,1,45968124.74,27987.18,kg,KG,GLOBAL ASSISTANCE a.s.,[in full dataset],Praha,,www.globalassistance.cz,[in full dataset],Y,Haico Tweewielers,[in full dataset],Soest,,,,N,GLOBAL ASSISTANCE a.s.,[in full dataset],,3012.4,3012.4,Main Container Port,Rotterdam,Soest,1,1,3.77,BARZAN,IMO9296178,SG,V965,584,ZIMU,MBL,CMDU497272864,HLCU301637420,MSCU8938491,45HC,FLAT RACK,HC,FCL,CFS/CFS,Nippon Express,24535.36
Export (NL seller),AV product van der Heide,90308200,903082,5,Instruments and apparatus; for measuring or checking semiconductor wafers or devices (including integrated circuits),MARKS5875,Netherlands,Turkiye,Turkiye,9,2019,12,2019-12,2019-12-09,20191228,20191228,export,1,38035953.77,224.64,kg,KG,AV product van der Heide,[in full dataset],Buitenpost,,,,Y,MLP SAGLIK HIZMETLERI ANONIM SIRKETI,[in full dataset],Istanbul (Europe),,www.mlpcare.com,[in full dataset],Y,AV product van der Heide,[in full dataset],,14499.2,14499.2,Amsterdam,Main Container Port,Istanbul (Europe),1,1,18.12,CSCL GLOBE,IMO9474627,MH,V454,126,OOLU,SWB,EGLV753649659,EGLV484624784,MSCU5334792,40GP,REEFER,RF,FCL,CFS/CFS,DSV,206.4
Import (NL buyer),Van der Valk Vis B.V.,03032900,030329,5,"Fish; frozen, Nile perch (Lates niloticus) and snakeheads (Channa spp.), excluding fillets, fish meat of 0304, and edible fish offal of subheadings 0303.91 to 0303.99",MARKS9876,Romania,Netherlands,Netherlands,6,2017,1,2017-01,2017-01-27,20170127,20170127,import,1,9566.4,10403.72,kg,KG,JONES LANG LASALLE SERVICES SRL,[in full dataset],Bucuresti,,www.jll.ro,[in full dataset],Y,Van der Valk Vis B.V.,[in full dataset],IJmuiden,,,,N,JONES LANG LASALLE SERVICES SRL,[in full dataset],,9665.9,9665.9,Main Container Port,Rotterdam,IJmuiden,1,1,12.08,ONE APUS,IMO9268694,MH,V288,304,ZIMU,SWB,CMDU975061923,EGLV584511436,GESU7656464,45HC,REEFER,HC,LCL,CY/CFS,Nippon Express,9566.4
Export (NL seller),Stichting Bedrijfstakpensioenfonds Waterbouw,87042139,870421,6,"Vehicles; with only compression-ignition internal combustion piston engine (diesel or semi-diesel), for transport of goods, (of a gvw not exceeding 5 tonnes), n.e.c. in item no 8704.1",MARKS7780,Netherlands,Egypt,Egypt,7,2024,1,2024-01,2024-01-27,20240119,20240119,import,1,1014152.06,326.08,kg,KG,Stichting Bedrijfstakpensioenfonds Waterbouw,[in full dataset],Badhoevedorp,,www.bpfwaterbouw.nl,[in full dataset],N,manfactuer commercial vehicle,[in full dataset],Cairo,,,,N,Stichting Bedrijfstakpensioenfonds Waterbouw,[in full dataset],,19762.3,19762.3,Rotterdam,Port Said,Cairo,1,1,24.7,COSCO UNIVERSE,IMO1023744,PA,V691,590,MAEU,HBL,ONEY776015981,CMDU121559230,GESU3371290,40GP,DRY,HC,LCL,CY/CFS,DHL Global Forwarding,285.9
Import (NL buyer),Snijtech Assemblage Nr. 1 B.V.,73160000,731600,9,"Iron or steel; anchors, grapnels and parts thereof",MARKS5602,Philippines,Netherlands,Netherlands,5,2021,3,2021-03,2021-03-08,20210319,20210319,import,1,301502.63,9459.45,kg,KG,SIGBANOG MINERAL RESOURCES AND CONSTRUCTION CORP.,[in full dataset],Surigao City,,,,Y,Snijtech Assemblage Nr. 1 B.V.,[in full dataset],Joure,,www.snijtech.nl,[in full dataset],Y,SIGBANOG MINERAL RESOURCES AND CONSTRUCTION CORP.,[in full dataset],,13687.7,13687.7,Manila North/South Harbor,Amsterdam,Joure,1,1,17.11,HMM ALGECIRAS,IMO7074777,MH,V351,416,APLU,HBL,HLCU213545798,MAEU213816907,MSCU3413653,40GP,DRY,HC,FCL,CFS/CFS,Yusen Logistics,8929.86
Export (NL seller),"Stichting Bedrijfstakpensioenfonds voor het Schilders-, Afwerkings- en Glaszetbedrijf",87012210,870122,7,"Tractors; road tractors for semi-trailers, with both compression-ignition internal combustion piston engine (diesel or semi-diesel) and electric motors for propulsion",MARKS2760,Netherlands,Maldives,Maldives,6,2020,3,2020-03,2020-03-17,20200301,20200301,export,1,22363.58,24399.79,kg,KG,"Stichting Bedrijfstakpensioenfonds voor het Schilders-, Afwerkings- en Glaszetbedrijf",[in full dataset],Zeist,,www.bpfschilders.nl,[in full dataset],Y,ASMAN PVT LTD,[in full dataset],Male,,,,Y,"Stichting Bedrijfstakpensioenfonds voor het Schilders-, Afwerkings- en Glaszetbedrijf",[in full dataset],,8419.5,8419.5,Amsterdam,Main Container Port,Male,1,1,10.52,CMA CGM JULES VERNE,IMO4505668,LR,V372,97,ZIMU,SWB,CMDU124425446,MAEU980517884,TCLU1224536,40GP,FLAT RACK,HC,FCL,CFS/CFS,Expeditors,22363.58
Export (NL seller),Chicks and Balances,90212900,902129,6,Dental fittings; other than artificial teeth,MARKS3192,Netherlands,Denmark,Denmark,8,2019,12,2019-12,2019-12-10,20191207,20191207,export,1,36831995.95,432.68,kg,KG,Chicks and Balances,[in full dataset],Delft,,,,Y,Tag-IT ApS,[in full dataset],Kastrup,,www.tag-it.nu,[in full dataset],Y,Chicks and Balances,[in full dataset],,5580.8,5580.8,Rotterdam,Main Container Port,Kastrup,1,1,6.98,YM WARRANTY,IMO1186453,SG,V963,978,OOLU,HBL,COSU473870225,EGLV927473163,FCIU1566054,40GP,REEFER,HC,FCL,CY/CY,Sinotrans,387.17
Export (NL seller),Trelleborg Pipe Seals Lelystad B.V.,73262000,732620,6,Iron or steel; wire articles,MARKS3656,Netherlands,Bahrain,Bahrain,5,2021,3,2021-03,2021-03-10,20210325,20210325,export,1,222416.54,397.67,kg,KG,Trelleborg Pipe Seals Lelystad B.V.,[in full dataset],Lelystad,,,,Y,APRIL ALUMANIUM FACTORY W.L.L,[in full dataset],Al Hamalah,,,,Y,Trelleborg Pipe Seals Lelystad B.V.,[in full dataset],,8618.8,8618.8,Amsterdam,Main Container Port,Al Hamalah,1,1,10.77,ONE APUS,IMO4433065,PA,V606,158,COSU,MBL,HLCU465932456,MSCU448400462,TGHU3110592,45HC,DRY,HC,LCL,CFS/CFS,Nippon Express,359.79
Import (NL buyer),Wolters Kluwer Technology B.V.,84169000,841690,7,"Furnaces; parts of furnace burners, for liquid fuel, pulverized solid fuel or gas, mechanical stokers, grates, ash dischargers and the like",MARKS1260,Togo,Netherlands,Netherlands,5,2018,12,2018-12,2018-12-15,20181226,20181226,import,1,4528.64,4907.98,kg,KG,LA GLOIRE DE DIEU NYUIEPE,[in full dataset],Aflao-Sagbado,,,,Y,Wolters Kluwer Technology B.V.,[in full dataset],Alphen aan den Rijn,,www.wolterskluwer.com,[in full dataset],Y,LA GLOIRE DE DIEU NYUIEPE,[in full dataset],,9482.2,9482.2,Main Container Port,Rotterdam,Alphen aan den Rijn,1,1,11.85,EVER ACME,IMO5296658,SG,V404,631,ONEY,HBL,MAEU152192459,CMDU940681557,TCLU4435703,40GP,OPEN TOP,RF,FCL,CY/CY,CEVA Logistics,4528.64
Export (NL seller),Intertek Polychemlab B.V.,30036000,300360,9,"Medicaments; containing antimalarial active principles described in subheading note 2 to this chapter, for therapeutic or prophylactic uses, (not packaged for retail sale)",MARKS8830,Netherlands,Canada,Canada,7,2015,6,2015-06,2015-06-25,20150627,20150627,import,1,7700666.75,2124.43,kg,KG,Intertek Polychemlab B.V.,[in full dataset],Geleen,,www.intertek.com,[in full dataset],Y,SHQ Solutions Inc,[in full dataset],Victoriaville,,www.shq.solutions,[in full dataset],Y,Intertek Polychemlab B.V.,[in full dataset],,21395,21395,Rotterdam,"Montreal, QC",Victoriaville,1,1,26.74,YM WARRANTY,IMO1954245,LR,V693,775,EGLV,HBL,MAEU113964504,ONEY155996732,GESU9663218,40HC,FLAT RACK,HC,FCL,CFS/CFS,Bollore Logistics,1975.35
Import (NL buyer),Bowling- en Kegelcentrum Nijmegen B.V.,90173000,901730,9,"Mathematical equipment; micrometers, callipers and gauges",MARKS7307,China,Netherlands,Netherlands,9,2020,2,2020-02,2020-02-21,20200218,20200218,import,1,80681894.39,12428.07,kg,KG,"Gree Electric Appliances, Inc. Of Zhuhai",[in full dataset],Zhuhai,,www.gree.com.cn,[in full dataset],Y,Bowling- en Kegelcentrum Nijmegen B.V.,[in full dataset],Nijmegen,,,,Y,"Gree Electric Appliances, Inc. Of Zhuhai",[in full dataset],,8513.8,8513.8,Qingdao,Rotterdam,Nijmegen,1,1,10.64,HMM ALGECIRAS,IMO6664788,SG,V635,378,COSU,MBL,MSCU170107602,CMDU832190204,MSCU4265280,40GP,REEFER,HC,FCL,CFS/CFS,DHL Global Forwarding,11202.38
Export (NL seller),Tethys Oil Middle East North Africa B.V.,27071000,270710,6,Oils and products of the distillation of high temperature coal tar; benzol (benzene),MARKS5558,Netherlands,Morocco,Morocco,5,2025,10,2025-10,2025-10-13,20251027,20251027,export,1,7042685.35,315.44,kg,KG,Tethys Oil Middle East North Africa B.V.,[in full dataset],Onbekend,,www.tethysoil.com,[in full dataset],Y,BGN ENERGY MAROC,[in full dataset],Anfa (AR),,,,Y,Tethys Oil Middle East North Africa B.V.,[in full dataset],,19637.8,19637.8,Amsterdam,Tangier-Med,Anfa (AR),1,1,24.55,MADRID MAERSK,IMO5352181,SG,V812,78,COSU,SWB,COSU759698574,MAEU608479575,MSCU2434083,20GP,FLAT RACK,RF,FCL,CY/CFS,Expeditors,286.91
Export (NL seller),"Interchemie Werken ""De Adelaar"" B.V.",30039000,300390,9,"Medicaments; (not containing antibiotics, hormones, alkaloids or their derivatives), for therapeutic or prophylactic uses, (not packaged for retail sale)",MARKS2569,Netherlands,Indonesia,Indonesia,7,2015,6,2015-06,2015-06-17,20150602,20150602,import,1,3564899,3106.42,kg,KG,"Interchemie Werken ""De Adelaar"" B.V.",[in full dataset],Venray,,www.interchemie.com,[in full dataset],Y,PT DUTA INTIDAYA TBK,[in full dataset],Kota Administrasi Jakarta Selatan,,www.watsons.biz.id,[in full dataset],Y,"Interchemie Werken ""De Adelaar"" B.V.",[in full dataset],,18956.6,18956.6,Rotterdam,"Tanjung Perak, Surabaya",Kota Administrasi Jakarta Selatan,1,1,23.7,MSC OSCAR,IMO5428176,PA,V247,975,MSCU,MBL,MAEU866982950,HLCU413377168,TCLU8092229,20GP,FLAT RACK,HC,LCL,CFS/CFS,DB Schenker,2776.6
Export (NL seller),Euro-Mit Staal B.V.,73129000,731290,6,"Iron or steel; plaited bands, slings and the like, not electrically insulated",MARKS5953,Netherlands,Kazakhstan,Kazakhstan,9,2021,3,2021-03,2021-03-20,20210306,20210306,export,1,176534.85,1251.96,kg,KG,Euro-Mit Staal B.V.,[in full dataset],Ritthem,,www.euro-mit-staal.com,[in full dataset],N,"KAZAKHALTYN, TOO",[in full dataset],Stepnogorsk,,www.atsemsk.kz,[in full dataset],N,Euro-Mit Staal B.V.,[in full dataset],,16064.2,16064.2,Rotterdam,Main Container Port,Stepnogorsk,1,1,20.08,OOCL HONG KONG,IMO3008181,PA,V917,468,CMDU,SWB,MSCU895327170,MSCU426202966,GESU1478502,45HC,DRY,GP,FCL,CFS/CFS,Expeditors,1108.05
Export (NL seller),JL Media,90308200,903082,6,Instruments and apparatus; for measuring or checking semiconductor wafers or devices (including integrated circuits),MARKS2367,Netherlands,Sweden,Sweden,6,2019,12,2019-12,2019-12-06,20191219,20191219,export,1,56849353.16,216.01,kg,KG,JL Media,[in full dataset],Amsterdam,,,,Y,WS WeSports Group AB (publ),[in full dataset],Malmö,,www.worldgym.com,[in full dataset],Y,JL Media,[in full dataset],,2701.1,2701.1,Amsterdam,Gothenburg,Malmö,1,1,3.38,HYUNDAI LOYALTY,IMO5046608,SG,V236,525,COSU,SWB,CMDU594920688,HLCU999533471,TGHU2351608,45HC,REEFER,GP,FCL,CY/CY,Bollore Logistics,200
Export (NL seller),Global Inspiration B.V.,30024900,300249,7,"Toxins, cultures of micro-organisms (excluding yeasts) and similar products; n.e.c. in item 3002.3",MARKS2648,Netherlands,Philippines,Philippines,7,2015,6,2015-06,2015-06-09,20150623,20150623,import,1,4682055,340.16,kg,KG,Global Inspiration B.V.,[in full dataset],Waardenburg,,,,Y,THE RAP RITEAID PHARMACEUTICAL CORP.,[in full dataset],Taytay,,,,Y,Global Inspiration B.V.,[in full dataset],,18131.1,18131.1,Rotterdam,Cebu,Taytay,1,1,22.66,YM WARRANTY,IMO5396875,MH,V984,759,APLU,HBL,HLCU102090230,MAEU195203265,GESU5792325,40HC,DRY,HC,LCL,CY/CY,Nippon Express,299.73
Export (NL seller),OQ Value B.V.,27112900,271129,8,"Petroleum gases and other gaseous hydrocarbons; in gaseous state, other than natural gas",MARKS6832,Netherlands,Malta,Malta,7,2025,10,2025-10,2025-10-09,20251009,20251009,export,1,35518433.73,1500.01,kg,KG,OQ Value B.V.,[in full dataset],Sas van Gent,,www.oqvalue.nl,[in full dataset],Y,ALKAGESTA LTD,[in full dataset],SLIEMA,,www.alkagesta.com,[in full dataset],N,OQ Value B.V.,[in full dataset],,11411.7,11411.7,Amsterdam,Main Container Port,SLIEMA,1,1,14.26,EVER GIVEN,IMO9009243,MH,V132,823,MSCU,SWB,MAEU657608456,CMDU593010969,CAIU9308645,40HC,FLAT RACK,RF,LCL,CFS/CFS,DB Schenker,1416.13
Export (NL seller),Smeets M.B. Zuid-Limburg B.V.,87046000,870460,6,Vehicles; with only electric motor for propulsion,MARKS1441,Netherlands,Nigeria,Nigeria,8,2024,1,2024-01,2024-01-09,20240116,20240116,export,1,940771.93,6494.15,kg,KG,Smeets M.B. Zuid-Limburg B.V.,[in full dataset],Hoensbroek,,www.smeets-autogroep.nl,[in full dataset],Y,CUSTODIAN AND ALLIED INSURANCE LIMITED,[in full dataset],Yaba,,www.custodianplc.com.ng,[in full dataset],Y,Smeets M.B. Zuid-Limburg B.V.,[in full dataset],,12798.3,12798.3,Rotterdam,Main Container Port,Yaba,1,1,16,MSC GULSUN,IMO4860368,LR,V701,721,OOLU,HBL,MAEU404125629,CMDU891534116,TGHU2605673,45HC,REEFER,GP,LCL,CY/CY,Nippon Express,6067.95
Import (NL buyer),Henkel Global Supply Chain B.V.,30033900,300339,9,"Medicaments; containing hormones (excluding insulin), (but not containing antibiotics), for therapeutic or prophylactic uses, not packaged for retail sale",MARKS2261,South Africa,Netherlands,Netherlands,9,2015,6,2015-06,2015-06-25,20150627,20150627,import,1,59238.28,67340.74,kg,KG,JODECA HOLDINGS (PTY) LTD,[in full dataset],ALBERTON,,,,Y,Henkel Global Supply Chain B.V.,[in full dataset],Amsterdam,,www.henkel.nl,[in full dataset],Y,JODECA HOLDINGS (PTY) LTD,[in full dataset],,13150.2,13150.2,Durban,Rotterdam,Amsterdam,1,1,16.44,COSCO UNIVERSE,IMO4857265,MH,V707,611,ONEY,MBL,COSU387447695,CMDU143099817,FCIU6964485,40GP,OPEN TOP,GP,LCL,CY/CFS,Expeditors,59238.28
Import (NL buyer),Oostendorp Jos van Boxtel Oss B.V.,87119000,871190,6,"Motorcycles (including mopeds) and cycles; n.e.c. in heading no. 8711, fitted with auxiliary motor, with or without side-cars; side-cars",MARKS6284,Greece,Netherlands,Netherlands,6,2024,1,2024-01,2024-01-27,20240116,20240116,import,1,1081556.15,32201.1,kg,KG,FORD MOTOR ELLAS SOLE SHAREHOLDER CO. S.A.I.C.,[in full dataset],Metamorfosi Attikis,,www.ford.gr,[in full dataset],Y,Oostendorp Jos van Boxtel Oss B.V.,[in full dataset],Oss,,www.oostendorp-autogroep.nl,[in full dataset],N,FORD MOTOR ELLAS SOLE SHAREHOLDER CO. S.A.I.C.,[in full dataset],,24740.5,24740.5,Main Container Port,Amsterdam,Oss,1,1,30.93,COSCO UNIVERSE,IMO1290752,PA,V700,29,APLU,SWB,YMLU756379997,ONEY548342042,GESU4407385,40HC,REEFER,RF,FCL,CY/CFS,Sinotrans,30316.21
Import (NL buyer),De IJzeren Man Beheer B.V.,73030010,730300,6,"Cast iron; tubes, pipes and hollow profiles",MARKS4109,Australia,Netherlands,Netherlands,5,2021,3,2021-03,2021-03-15,20210327,20210327,import,1,116162.46,2097.41,kg,KG,BROAD CONSTRUCTION PTY LTD,[in full dataset],Perth,,www.broad.com.au,[in full dataset],N,De IJzeren Man Beheer B.V.,[in full dataset],Joure,,www.deijzerenman.nl,[in full dataset],Y,BROAD CONSTRUCTION PTY LTD,[in full dataset],,14469.6,14469.6,Fremantle,Amsterdam,Joure,1,1,18.09,MSC OSCAR,IMO9243705,PA,V934,73,ONEY,MBL,YMLU457654587,MSCU408286163,MSCU4470268,40GP,FLAT RACK,HC,FCL,CY/CY,Nippon Express,1952.98
Export (NL seller),Sif Netherlands B.V.,73090030,730900,7,"Reservoirs, tanks, vats and similar containers; for any material (excluding compressed or liquefied gas), of iron or steel, capacity exceeding 300l, whether or not lined or heat insulated",MARKS2605,Netherlands,Bahamas,Bahamas,8,2021,3,2021-03,2021-03-20,20210306,20210306,export,1,6087.57,6461.58,kg,KG,Sif Netherlands B.V.,[in full dataset],Roermond,,www.sif-group.com,[in full dataset],N,ENERGO CONSTRUCTION S.A.,,,,,,Y,Sif Netherlands B.V.,,,2286.8,2286.8,Rotterdam,Main Container Port,,1,1,2.86,CSCL GLOBE,IMO1505872,MH,V211,336,MAEU,HBL,MSCU322599725,YMLU207974254,TGHU4452447,20GP,REEFER,GP,FCL,CY/CY,Bollore Logistics,6087.57
Import (NL buyer),SV Racketservice,90173000,901730,8,"Mathematical equipment; micrometers, callipers and gauges",MARKS5433,Singapore,Netherlands,Netherlands,9,2020,2,2020-02,2020-02-24,20200221,20200221,export,1,118675212.58,13346.36,kg,KG,ARISE OPERATING E-COMMERCE PRIVATE LIMITED,[in full dataset],Singapore,,,,Y,SV Racketservice,[in full dataset],Rijen,,,,Y,ARISE OPERATING E-COMMERCE PRIVATE LIMITED,[in full dataset],,9849.4,9849.4,Singapore (PSA),Amsterdam,Rijen,1,1,12.31,APL MEXICO CITY,IMO8836828,LR,V399,991,HMMU,SWB,MSCU849309363,COSU526594843,GESU7990609,20GP,DRY,HC,FCL,CY/CY,Sinotrans,11963.78
Export (NL seller),Fugro Marine Services B.V.,84181080,841810,9,"Refrigerators and freezers; combined refrigerator-freezers, fitted with separate external doors, electric or other",MARKS8499,Netherlands,Andorra,Andorra,6,2022,6,2022-06,2022-06-20,20220615,20220615,export,1,61499.4,9522.14,kg,KG,Fugro Marine Services B.V.,[in full dataset],Nootdorp,,www.fugro.com,[in full dataset],Y,"COMERMA PYRENEES, SL",[in full dataset],ESCALDES-ENGORDANY,,,,Y,Fugro Marine Services B.V.,[in full dataset],,3296.1,3296.1,Rotterdam,Main Container Port,ESCALDES-ENGORDANY,1,1,4.12,HMM ALGECIRAS,IMO1710778,PA,V230,214,EGLV,SWB,MAEU365328619,EGLV325463094,GESU4184939,40GP,DRY,RF,FCL,CFS/CFS,Kuehne + Nagel,9068.25
Import (NL buyer),D & A Medical Group B.V.,90318020,903180,6,"Instruments, appliances and machines; for measuring or checking n.e.c. in chapter 90",MARKS9060,Bosnia-Herzegovina,Netherlands,Netherlands,6,2019,12,2019-12,2019-12-27,20191216,20191216,import,1,122197.94,127153.11,kg,KG,"""GLAS SRPSKI - TRGOVINA"" a.d. Banja Luka",[in full dataset],Banja Luka,,,,Y,D & A Medical Group B.V.,[in full dataset],Waardenburg,,www.conclusion.nl,[in full dataset],N,"""GLAS SRPSKI - TRGOVINA"" a.d. Banja Luka",[in full dataset],,21641.3,21641.3,Main Container Port,Rotterdam,Waardenburg,1,1,27.05,YM WARRANTY,IMO1824133,SG,V634,474,ZIMU,MBL,MAEU456160121,MSCU336313961,GESU1677292,40HC,DRY,HC,LCL,CY/CY,Bollore Logistics,116100.73
Import (NL buyer),Bonus Bikes Almere B.V.,90019000,900190,5,"Optical elements; lenses n.e.c. in heading no. 9001, prisms, mirrors and other optical elements, unmounted, of any material (excluding elements of glass not optically worked)",MARKS8101,United Kingdom,Netherlands,Netherlands,9,2020,2,2020-02,2020-02-15,20200203,20200203,import,1,80111489.83,14750.98,kg,KG,GE MEDICAL SYSTEMS LIMITED,[in full dataset],CHALFONT ST GILES,,www.gehealthcare.com,[in full dataset],N,Bonus Bikes Almere B.V.,[in full dataset],Almere,,www.profilevanderlinde.nl,[in full dataset],Y,GE MEDICAL SYSTEMS LIMITED,[in full dataset],,18243.9,18243.9,Liverpool,Rotterdam,Almere,1,1,22.8,YM WARRANTY,IMO7186218,MH,V957,867,ONEY,HBL,EGLV642380454,MAEU657613812,TGHU7745846,40GP,FLAT RACK,GP,FCL,CY/CY,Nippon Express,12932.55
Import (NL buyer),NL Mental Care Group B.V.,87142000,871420,5,Carriages for disabled persons; parts and accessories thereof,MARKS7894,Bosnia-Herzegovina,Netherlands,Netherlands,7,2024,1,2024-01,2024-01-12,20240122,20240122,import,1,1151840.84,80099.53,kg,KG,Porsche BH d.o.o. Sarajevo,[in full dataset],Sarajevo Dio,,www.porsche.com/international/_bosnia,[in full dataset],N,NL Mental Care Group B.V.,[in full dataset],Hilversum,,,,Y,Porsche BH d.o.o. Sarajevo,[in full dataset],,5077.9,5077.9,Main Container Port,Rotterdam,Hilversum,1,1,6.35,ONE APUS,IMO8623639,MH,V559,854,MAEU,MBL,MAEU619722256,CMDU541505112,FCIU2844815,45HC,FLAT RACK,GP,LCL,CY/CY,Yusen Logistics,71655.8
Export (NL seller),Touwen & Co B.V.,38119000,381190,5,"Oxidation and gum inhibitors, viscosity improvers, anti-corrosive preparations, other prepared additives for mineral oils or liquids used as mineral oils (including gasoline), n.e.c. in heading no. 3811",MARKS1123,Netherlands,Philippines,Philippines,7,2023,7,2023-07,2023-07-03,20230713,20230713,import,1,245773,3048.55,kg,KG,Touwen & Co B.V.,[in full dataset],Zeewolde,,www.tenco.nl,[in full dataset],Y,QUEENREINAS COSMECEUTICALS MANUFACTURING CORP.,[in full dataset],Sta. Maria,,,,N,Touwen & Co B.V.,[in full dataset],,10250.2,10250.2,Amsterdam,Manila North/South Harbor,Sta. Maria,1,1,12.81,MAERSK MOLLER,IMO3701292,MH,V784,126,MSCU,MBL,ONEY782339936,EGLV683160829,CAIU1863456,40HC,REEFER,GP,FCL,CY/CFS,Bollore Logistics,2853.45
Import (NL buyer),Van de Ligt-Leeijen B.V.,90141000,901410,8,Navigational instruments and appliances; direction finding compasses,MARKS8862,South Africa,Netherlands,Netherlands,6,2019,12,2019-12,2019-12-01,20191217,20191217,export,1,1587958.54,4935.69,kg,KG,DRAWING DOCTOR CC,[in full dataset],YELLOWWOOD PARK,,,,Y,Van de Ligt-Leeijen B.V.,[in full dataset],Ede GLD,,www.petsplace.nl,[in full dataset],Y,DRAWING DOCTOR CC,[in full dataset],,12759,12759,Durban,Rotterdam,Ede GLD,1,1,15.95,APL MEXICO CITY,IMO1411226,PA,V303,987,HMMU,HBL,ONEY353830064,MSCU759173782,TCLU9247499,45HC,DRY,GP,LCL,CFS/CFS,DHL Global Forwarding,4298.65
Import (NL buyer),Antiek en Oude Kunst Ad van der Schoot,90031900,900319,7,"Frames and mountings; for spectacles, goggles or the like, of materials other than plastics",MARKS1234,Ireland,Netherlands,Netherlands,9,2020,2,2020-02,2020-02-04,20200228,20200228,import,1,272882973.04,43539.82,kg,KG,BOSTON SCIENTIFIC MEDICAL DEVICE LIMITED,[in full dataset],Galway,,,,Y,Antiek en Oude Kunst Ad van der Schoot,[in full dataset],Moergestel,,,,Y,BOSTON SCIENTIFIC MEDICAL DEVICE LIMITED,[in full dataset],,14649.2,14649.2,Dublin,Rotterdam,Moergestel,1,1,18.31,CMA CGM JULES VERNE,IMO9963583,LR,V953,116,MAEU,HBL,COSU423421911,MSCU497530607,BMOU2468530,45HC,FLAT RACK,GP,FCL,CFS/CFS,CEVA Logistics,39795.54
Import (NL buyer),Kroon-Oil B.V.,27112900,271129,9,"Petroleum gases and other gaseous hydrocarbons; in gaseous state, other than natural gas",MARKS6385,Lithuania,Netherlands,Netherlands,8,2016,10,2016-10,2016-10-19,20161002,20161002,import,1,280169.56,19574.83,kg,KG,"ORLEN LIETUVA, AB",[in full dataset],Juodeikiu k.,,www.nafta.lt,[in full dataset],Y,Kroon-Oil B.V.,[in full dataset],Almelo,,www.kroon-oil.com,[in full dataset],Y,"ORLEN LIETUVA, AB",[in full dataset],,10524.1,10524.1,Main Container Port,Amsterdam,Almelo,1,1,13.16,BARZAN,IMO7848345,MH,V912,405,MSCU,SWB,MAEU399516409,CMDU974858268,BMOU4782505,40GP,DRY,GP,FCL,CFS/CFS,DSV,17592.6
Export (NL seller),Agro Care Participaties B.V.,03039900,030399,6,"Fish; frozen, fish fins (other than shark fins), heads, tails, maws and other edible fish offal",MARKS5450,Netherlands,Angola,Angola,9,2017,1,2017-01,2017-01-10,20170110,20170110,export,1,16605.6,17445.86,kg,KG,Agro Care Participaties B.V.,[in full dataset],Wateringen,,www.agrocare.nl,[in full dataset],Y,TEMPG - TECNOLOGIA DE EXPLORACAO MINEIRA PETROLEO E GAS LDA,[in full dataset],Luanda,,,,Y,Agro Care Participaties B.V.,[in full dataset],,20726.1,20726.1,Amsterdam,Main Container Port,Luanda,1,1,25.91,CSCL GLOBE,IMO1251814,SG,V336,584,HLCU,MBL,YMLU557913151,COSU985655894,FCIU8899595,45HC,TANK,HC,FCL,CY/CFS,Kuehne + Nagel,16605.6
Export (NL seller),Terberg Special Vehicles Holding B.V.,87012410,870124,5,"Tractors; road tractors for semi-trailers, with only electric motors for propulsion",MARKS8290,Netherlands,Cyprus,Cyprus,8,2024,1,2024-01,2024-01-21,20240110,20240110,export,1,1079344.59,23801.62,kg,KG,Terberg Special Vehicles Holding B.V.,[in full dataset],IJsselstein UT,,,,Y,MOTORAMA ENTERPRISES LIMITED,[in full dataset],Strovolos,,,,Y,Terberg Special Vehicles Holding B.V.,[in full dataset],,19710.2,19710.2,Rotterdam,Main Container Port,Strovolos,1,1,24.64,OOCL HONG KONG,IMO8743048,PA,V994,908,EGLV,SWB,COSU748679858,HLCU330023844,FCIU3002063,20GP,OPEN TOP,HC,LCL,CY/CY,Sinotrans,20806.48
Export (NL seller),VD Bike B.V.,90268020,902680,7,"Instruments and apparatus; for measuring or checking variables of liquids or gases (excluding pressure or the flow and level of liquids and those of heading no. 9014, 9015, 9028 and 9032)",MARKS8619,Netherlands,Italy,Italy,8,2022,6,2022-06,2022-06-12,20220606,20220606,import,1,207309432.92,641.25,kg,KG,VD Bike B.V.,[in full dataset],Beverwijk,,,,N,DE' LONGHI APPLIANCES SRL,[in full dataset],TREVISO,,www.delonghigroup.com,[in full dataset],Y,VD Bike B.V.,[in full dataset],,19753.2,19753.2,Rotterdam,La Spezia,TREVISO,1,1,24.69,COSCO UNIVERSE,IMO8584506,LR,V117,349,HLCU,SWB,ONEY939918343,EGLV266846276,MSCU8289927,20GP,TANK,HC,FCL,CFS/CFS,CEVA Logistics,591.21
Export (NL seller),Gebr. Th. en R. van Vliet B.V.,03099000,030990,9,"Flours, meals and pellets of crustaceans, molluscs and other aquatic invertebrates, fit for human consumption",MARKS4637,Netherlands,Congo,Congo,5,2017,1,2017-01,2017-01-23,20170126,20170126,export,1,29847.63,13437.86,kg,KG,Gebr. Th. en R. van Vliet B.V.,[in full dataset],Maasdijk,,www.comivliet.nl,[in full dataset],Y,CONGOLAISE DE RAFFINAGE S A,[in full dataset],Pointe-Noire,,www.coraf.cg,[in full dataset],Y,Gebr. Th. en R. van Vliet B.V.,[in full dataset],,4515.9,4515.9,Rotterdam,Main Container Port,Pointe-Noire,1,1,5.64,MSC GULSUN,IMO2197361,LR,V784,505,CMDU,SWB,MAEU487642881,MAEU380403691,TGHU6656660,40GP,FLAT RACK,GP,FCL,CY/CFS,Expeditors,11959.88
Export (NL seller),Knoops Business B.V.,90302000,903020,7,Oscilloscopes and oscillographs,MARKS3772,Netherlands,Ireland,Ireland,6,2019,12,2019-12,2019-12-18,20191216,20191216,export,1,23716699.09,316.7,kg,KG,Knoops Business B.V.,[in full dataset],Helmond,,www.knoopsbouw.nl,[in full dataset],Y,COOK MEDICAL EMEA GROUP LIMITED,[in full dataset],LIMERICK,,www.cookgroup.com,[in full dataset],Y,Knoops Business B.V.,[in full dataset],,1020.3,1020.3,Amsterdam,Cork,LIMERICK,1,1,1.28,APL MEXICO CITY,IMO2387161,LR,V876,632,MAEU,MBL,YMLU116510642,CMDU851130760,GESU3171110,45HC,OPEN TOP,HC,FCL,CY/CFS,DHL Global Forwarding,294.23
Import (NL buyer),WinEnergy B.V.,27021000,270210,7,"Lignite; whether or not pulverised, but not agglomerated, excluding jet",MARKS8562,Bahrain,Netherlands,Netherlands,6,2025,10,2025-10,2025-10-26,20251005,20251005,import,1,6723540.4,1667.6,kg,KG,The Coca-Cola Bottling Co. of Bahrain,[in full dataset],Manama,,,,Y,WinEnergy B.V.,[in full dataset],Winterswijk Woold,,www.winterwarm.nl,[in full dataset],Y,The Coca-Cola Bottling Co. of Bahrain,[in full dataset],,24956.2,24956.2,Main Container Port,Rotterdam,Winterswijk Woold,1,1,31.2,EVER ACME,IMO3428753,LR,V419,85,ONEY,SWB,HLCU768769160,ONEY643509109,MSCU3382708,20GP,REEFER,HC,FCL,CY/CY,DB Schenker,1541.8
Import (NL buyer),Vos Vis B.V.,03047300,030473,8,"Fish fillets; frozen, coalfish (Pollachius virens)",MARKS4607,Seychelles,Netherlands,Netherlands,6,2017,11,2017-11,2017-11-08,20171122,20171122,import,1,5080.21,5752.62,kg,KG,ISLAND DEVELOPMENT COMPANY LIMITED,[in full dataset],Mahe,,www.idcseychelles.com,[in full dataset],Y,Vos Vis B.V.,[in full dataset],Nijmegen,,www.chefsculinar.nl,[in full dataset],Y,ISLAND DEVELOPMENT COMPANY LIMITED,[in full dataset],,14881.3,14881.3,Main Container Port,Amsterdam,Nijmegen,1,1,18.6,MOL TRIUMPH,IMO7564451,SG,V230,247,OOLU,HBL,YMLU120107223,MAEU617981365,TGHU6600649,20GP,DRY,HC,FCL,CFS/CFS,DHL Global Forwarding,5080.21
Export (NL seller),Bannerman Energy (Netherlands) B.V.,27081000,270810,9,Pitch; obtained from coal tar or from other mineral tars,MARKS7734,Netherlands,Czech Republic,Czech Republic,9,2025,10,2025-10,2025-10-22,20251012,20251012,export,1,6852991.79,234.02,kg,KG,Bannerman Energy (Netherlands) B.V.,[in full dataset],Breda,,,,Y,ALPIQ ENERGY SE,[in full dataset],Praha,,www.alpiq.cz,[in full dataset],Y,Bannerman Energy (Netherlands) B.V.,[in full dataset],,16703.1,16703.1,Rotterdam,Main Container Port,Praha,1,1,20.88,YM WARRANTY,IMO2278585,LR,V286,120,YMLU,MBL,MSCU484748122,EGLV133021472,GESU2816074,40GP,FLAT RACK,GP,FCL,CY/CFS,Kuehne + Nagel,206.73
Import (NL buyer),Audax Energy Nederland B.V.,27090010,270900,9,"Oils; petroleum oils and oils obtained from bituminous minerals, crude",MARKS6209,Lithuania,Netherlands,Netherlands,7,2016,10,2016-10,2016-10-18,20161027,20161027,import,1,280169.56,18827.78,kg,KG,"ORLEN LIETUVA, AB",[in full dataset],Juodeikiu k.,,www.nafta.lt,[in full dataset],Y,Audax Energy Nederland B.V.,[in full dataset],Almere,,,,Y,"ORLEN LIETUVA, AB",[in full dataset],,17267.2,17267.2,Main Container Port,Rotterdam,Almere,1,1,21.58,CMA CGM JULES VERNE,IMO7970759,MH,V437,156,ZIMU,SWB,MSCU230449560,CMDU587366330,TCLU1864650,40GP,FLAT RACK,RF,LCL,CY/CFS,Kuehne + Nagel,17648.17
Import (NL buyer),Be-Doodle,90119000,901190,8,"Microscopes, compound optical; parts and accessories (including those for photomicrography, cinephotomicrography or microprojection)",MARKS5537,Belgium,Netherlands,Netherlands,6,2020,2,2020-02,2020-02-03,20200227,20200227,import,1,66573294.38,4967.65,kg,KG,JD Sports Fashion Belgium,[in full dataset],Antwerpen,,www.jdsports.be,[in full dataset],Y,Be-Doodle,[in full dataset],Hoofddorp,,,,Y,JD Sports Fashion Belgium,[in full dataset],,12860.2,12860.2,Zeebrugge,Amsterdam,Hoofddorp,1,1,16.08,YM WARRANTY,IMO7240112,MH,V184,888,CMDU,HBL,YMLU965970977,CMDU350881764,MSCU9696220,40HC,OPEN TOP,HC,FCL,CY/CY,Expeditors,4358.22
Import (NL buyer),Avantium Chemicals B.V.,38272000,382720,8,"Mixtures containing halogenated derivatives of methane, ethane or propane, not elsewhere specified or included; containing bromochlorodifluoromethane (Halon-1211), bromotrifluoromethane (Halon-1301) or dibromotetrafluoroethanes (Halon-2402)",MARKS3093,Greece,Netherlands,Netherlands,5,2023,7,2023-07,2023-07-22,20230719,20230719,import,1,224869.55,3741.53,kg,KG,HELLAGROLIP COMMERCIAL AND INDUSTRIAL COMPANY S.A.,[in full dataset],Palaio Faliro,,www.hellagrolip.com,[in full dataset],Y,Avantium Chemicals B.V.,[in full dataset],Farmsum,,www.avantium.com,[in full dataset],Y,HELLAGROLIP COMMERCIAL AND INDUSTRIAL COMPANY S.A.,[in full dataset],,10651.8,10651.8,Main Container Port,Amsterdam,Farmsum,1,1,13.31,MAERSK MOLLER,IMO7380416,SG,V752,918,MAEU,SWB,CMDU655262878,HLCU357583227,TGHU6651676,20GP,REEFER,GP,FCL,CY/CY,Bollore Logistics,3320.28
Import (NL buyer),Re/Gent B.V.,90089000,900890,8,"Photographic (other than cinematographic) image projectors, enlargers, and reducers; parts and accessories",MARKS8592,Ireland,Netherlands,Netherlands,7,2020,2,2020-02,2020-02-01,20200215,20200215,export,1,312628782.05,12762.9,kg,KG,DECATHLON SPORTS IRELAND LIMITED,[in full dataset],Dublin 11,,www.decathlon.ie,[in full dataset],Y,Re/Gent B.V.,[in full dataset],Helmond,,www.re-gent.nl,[in full dataset],Y,DECATHLON SPORTS IRELAND LIMITED,[in full dataset],,4920.5,4920.5,Dublin,Amsterdam,Helmond,1,1,6.15,OOCL HONG KONG,IMO8613464,LR,V406,66,CMDU,MBL,ONEY614352749,HLCU102918451,GESU9142665,40HC,DRY,HC,LCL,CY/CY,DB Schenker,11886.87
Export (NL seller),ENVIEM Oil Nederland B.V.,27072000,270720,5,Oils and products of the distillation of high temperature coal tar; toluol (toluene),MARKS6375,Netherlands,Lithuania,Lithuania,7,2016,10,2016-10,2016-10-13,20161022,20161022,export,1,387545.16,8455.19,kg,KG,ENVIEM Oil Nederland B.V.,[in full dataset],Den Helder,,,,Y,"ORLEN LIETUVA, AB",[in full dataset],Juodeikiu k.,,www.nafta.lt,[in full dataset],Y,ENVIEM Oil Nederland B.V.,[in full dataset],,9606.3,9606.3,Rotterdam,Main Container Port,Juodeikiu k.,1,1,12.01,MSC GULSUN,IMO2131625,PA,V911,366,HLCU,SWB,YMLU716643535,COSU735444322,TGHU5358138,40GP,REEFER,RF,FCL,CY/CY,Nippon Express,7891.56
Export (NL seller),Amoco Canada International Holdings B.V.,27101245,271012,9,"Petroleum oils and oils from bituminous minerals, not containing biodiesel, not crude, not waste oils; preparations n.e.c, containing by weight 70% or more of petroleum oils or oils from bituminous minerals; light oils and preparations",MARKS3877,Netherlands,Austria,Austria,5,2025,10,2025-10,2025-10-22,20251010,20251010,export,1,23303357.9,724.87,kg,KG,Amoco Canada International Holdings B.V.,[in full dataset],Europoort Rotterdam,,,,N,BP Europa SE,[in full dataset],Wiener Neudorf,,www.bp.com,[in full dataset],N,Amoco Canada International Holdings B.V.,[in full dataset],,20227.4,20227.4,Amsterdam,Main Container Port,Wiener Neudorf,1,1,25.28,BARZAN,IMO7353673,PA,V625,5,ONEY,MBL,CMDU432392119,CMDU460909088,MSCU5036302,45HC,OPEN TOP,HC,LCL,CY/CFS,Bollore Logistics,681.06
Export (NL seller),Van Mossel FJA-OPC B.V.,87045191,870451,7,"Vehicles; with both spark-ignition internal combustion piston engine and electric motors for propulsion, of a g.v.w. not exceeding 5,000kg",MARKS5943,Netherlands,Russia,Russia,6,2024,1,2024-01,2024-01-10,20240118,20240118,export,1,100726.38,2438.76,kg,KG,Van Mossel FJA-OPC B.V.,[in full dataset],Waalwijk,,www.opcoosterhout.nl,[in full dataset],Y,AUTOMOTIVE PLANT AGR LLC,[in full dataset],St. Petersburg,,,,Y,Van Mossel FJA-OPC B.V.,[in full dataset],,6686.6,6686.6,Amsterdam,Vladivostok,St. Petersburg,1,1,8.36,APL MEXICO CITY,IMO3439094,LR,V418,651,CMDU,MBL,CMDU384401545,EGLV397369455,TCLU4160495,40HC,DRY,GP,LCL,CFS/CFS,Nippon Express,2150.91
Export (NL seller),Inalfa Roof Systems B.V.,84622900,846229,7,"Machine-tools; bending, folding, straightening or flattening machines (including press brakes), for working metal, numerically controlled n.e.c. in item 84.62.2",MARKS4641,Netherlands,Maldives,Maldives,7,2018,12,2018-12,2018-12-06,20181223,20181223,export,1,117815.19,51772.99,kg,KG,Inalfa Roof Systems B.V.,[in full dataset],Oostrum LB,,www.inalfa-roofsystems.nl,[in full dataset],N,M A SERVICES PVT LTD,[in full dataset],Male,,www.maservices.com.mv,[in full dataset],N,Inalfa Roof Systems B.V.,[in full dataset],,10934.8,10934.8,Rotterdam,Main Container Port,Male,1,1,13.67,COSCO UNIVERSE,IMO8925292,LR,V335,63,HLCU,SWB,YMLU624568270,EGLV254489716,BMOU5857765,45HC,OPEN TOP,RF,FCL,CY/CY,CEVA Logistics,45824.45
Import (NL buyer),Pwr Lab B.V.,90258020,902580,9,"Hydrometers and similar floating instruments, barometers, hygrometers, psychrometers, thermometers, pyrometers; recording or not, any combination of these instruments (excluding thermometers and barometers not combined with other instruments)",MARKS6727,Australia,Netherlands,Netherlands,7,2019,12,2019-12,2019-12-24,20191219,20191219,import,1,13335137.57,28178.42,kg,KG,SHALOM MEDICAL CENTRE PTY LTD,[in full dataset],MANDURAH,,www.openappointments.com.au/shalomdrs,[in full dataset],Y,Pwr Lab B.V.,[in full dataset],Sittard,,,,Y,SHALOM MEDICAL CENTRE PTY LTD,[in full dataset],,8306.3,8306.3,Brisbane,Amsterdam,Sittard,1,1,10.38,YM WARRANTY,IMO7398812,MH,V330,591,APLU,MBL,HLCU543215837,HLCU347241523,MSCU5941556,40GP,TANK,HC,FCL,CY/CY,DHL Global Forwarding,25384.73
Export (NL seller),Brunel Energy Holding B.V.,27011900,270119,8,"Coal; (other than anthracite and bituminous), whether or not pulverised but not agglomerated",MARKS5436,Netherlands,El Salvador,El Salvador,9,2016,10,2016-10,2016-10-05,20161020,20161020,export,1,38314.25,42784.17,kg,KG,Brunel Energy Holding B.V.,[in full dataset],Amsterdam,,,,Y,"Advanced Energy de El Salvador, S.A. de C.V.",[in full dataset],Nuevo Cuscatlan Huizucar,,www.aenext.com,[in full dataset],Y,Brunel Energy Holding B.V.,[in full dataset],,8090.4,8090.4,Amsterdam,Main Container Port,Nuevo Cuscatlan Huizucar,1,1,10.11,MSC GULSUN,IMO4636579,PA,V411,690,YMLU,MBL,CMDU773021628,EGLV507471156,GESU3715587,40GP,REEFER,HC,FCL,CY/CFS,DB Schenker,38314.25
Import (NL buyer),Van Kempen Koudetechniek B.V.,84701000,847010,5,"Calculating machines; electronic calculators capable of operation without an external source of electric power and pocket-size data recording, reproducing and displaying machines with calculating functions",MARKS5301,Sri Lanka,Netherlands,Netherlands,6,2018,12,2018-12,2018-12-12,20181203,20181203,import,1,21363.61,22671.6,kg,KG,VIRTUSA PVT. LTD.,[in full dataset],Colombo,,www.virtusa.com/,[in full dataset],Y,Van Kempen Koudetechniek B.V.,[in full dataset],Tiel,,www.vkkt.nl,[in full dataset],Y,VIRTUSA PVT. LTD.,[in full dataset],,1082.4,1082.4,Main Container Port,Amsterdam,Tiel,1,1,1.35,ONE APUS,IMO8436003,SG,V693,137,EGLV,MBL,HLCU782590136,ONEY470356301,TCLU7726817,20GP,OPEN TOP,HC,LCL,CY/CY,DB Schenker,21363.61
Import (NL buyer),Yellowgold,90223000,902230,5,X-ray tubes,MARKS2035,Vietnam,Netherlands,Netherlands,5,2019,12,2019-12,2019-12-04,20191210,20191210,import,1,21282711.29,1549.87,kg,KG,PHU NHUAN JEWELRY JOINT STOCK COMPANY - PNJ HA NOI BRANCH,[in full dataset],Ha Noi,,www.pnj.com.vn,[in full dataset],Y,Yellowgold,[in full dataset],Zoetermeer,,,,Y,PHU NHUAN JEWELRY JOINT STOCK COMPANY - PNJ HA NOI BRANCH,[in full dataset],,10272.9,10272.9,Da Nang,Amsterdam,Zoetermeer,1,1,12.84,MADRID MAERSK,IMO9253763,LR,V428,112,HLCU,MBL,ONEY678947825,EGLV281563226,MSCU6083510,40HC,OPEN TOP,RF,FCL,CFS/CFS,DB Schenker,1446.97
Import (NL buyer),European Metal Recycling B.V.,73030090,730300,5,"Cast iron; tubes, pipes and hollow profiles",MARKS7921,Bangladesh,Netherlands,Netherlands,8,2021,3,2021-03,2021-03-06,20210304,20210304,import,1,1650.4,1795.54,kg,KG,WAHID CONSTRUCTION LTD.,[in full dataset],Dhaka,,www.karimgroup.com,[in full dataset],Y,European Metal Recycling B.V.,[in full dataset],Botlek Rotterdam,,uk.emrgroup.com,[in full dataset],Y,WAHID CONSTRUCTION LTD.,[in full dataset],,22485.5,22485.5,Mongla,Rotterdam,Botlek Rotterdam,1,1,28.11,BARZAN,IMO6542186,SG,V366,411,MAEU,MBL,EGLV260102270,YMLU741699641,CAIU7413783,40HC,REEFER,GP,FCL,CFS/CFS,Yusen Logistics,1650.4
Import (NL buyer),Hedin Automotive 1ME B.V.,87163100,871631,9,Tanker trailers and tanker semi-trailers,MARKS3208,Ghana,Netherlands,Netherlands,7,2024,1,2024-01,2024-01-21,20240119,20240119,import,1,65430.82,68885.18,kg,KG,MECHANICAL LLOYD PLC,[in full dataset],Accra,,www.mechanical-lloyd.com,[in full dataset],Y,Hedin Automotive 1ME B.V.,[in full dataset],Amsterdam,,www.hedinautomotive.nl,[in full dataset],Y,MECHANICAL LLOYD PLC,[in full dataset],,2843,2843,Main Container Port,Rotterdam,Amsterdam,1,1,3.55,APL MEXICO CITY,IMO6274144,PA,V959,434,ONEY,HBL,COSU119016511,EGLV607718232,FCIU3792674,40HC,FLAT RACK,HC,FCL,CY/CY,CEVA Logistics,65430.82
Export (NL seller),Vriesia B.V.,30034300,300343,9,"Medicaments; containing alkaloids or their derivatives, containing norephedrine or its salts, for therapeutic or prophylactic uses, (not packaged for retail sale)",MARKS6343,Netherlands,Egypt,Egypt,8,2015,6,2015-06,2015-06-16,20150616,20150616,export,1,11873491.67,2596.2,kg,KG,Vriesia B.V.,[in full dataset],Alkmaar,,www.vriesia.nl,[in full dataset],N,Eva Pharma for Pharmaceuticals,[in full dataset],giza,,,,Y,Vriesia B.V.,[in full dataset],,1685.6,1685.6,Rotterdam,Sokhna,giza,1,1,2.11,BARZAN,IMO3215942,MH,V527,412,HLCU,MBL,YMLU477238593,EGLV298645473,TGHU9869576,40GP,DRY,HC,FCL,CFS/CFS,Yusen Logistics,2404.15
Import (NL buyer),Bochane Groep B.V.,87012310,870123,7,"Tractors; road tractors for semi-trailers, with both spark-ignition internal combustion piston engine and electric motors for propulsion",MARKS6280,Philippines,Netherlands,Netherlands,9,2024,1,2024-01,2024-01-15,20240102,20240102,export,1,1106919,30443.29,kg,KG,16TH AVENUE AUTOSHOP INC.,[in full dataset],Quezon City,,,,Y,Bochane Groep B.V.,[in full dataset],Veenendaal,,www.bochane.nl,[in full dataset],Y,16TH AVENUE AUTOSHOP INC.,[in full dataset],,18010.7,18010.7,Manila North/South Harbor,Amsterdam,Veenendaal,1,1,22.51,APL MEXICO CITY,IMO7832501,MH,V288,889,HLCU,HBL,MAEU817890799,COSU530951603,GESU5801172,20GP,OPEN TOP,HC,LCL,CY/CFS,Sinotrans,27392.17
Import (NL buyer),Philips Warehouse & Services B.V.,84209900,842099,7,"Machines; parts, (other than cylinders), for calendering or other rolling machines, for other than metal or glass",MARKS1182,Greenland,Netherlands,Netherlands,5,2018,12,2018-12,2018-12-03,20181214,20181214,import,1,1086.05,1216.09,kg,KG,Fitness Center,[in full dataset],Qasigiannguit,,,,Y,Philips Warehouse & Services B.V.,[in full dataset],Eindhoven,,,,Y,Fitness Center,[in full dataset],,2898.3,2898.3,Main Container Port,Rotterdam,Eindhoven,1,1,3.62,COSCO UNIVERSE,IMO7713168,LR,V438,623,APLU,SWB,HLCU326473249,CMDU722234923,TCLU7615651,45HC,FLAT RACK,RF,LCL,CFS/CFS,CEVA Logistics,1086.05
Import (NL buyer),Van der Pluijm Sport Outletstore B.V.,90189075,901890,9,"Medical, surgical or dental instruments and appliances; n.e.c. in heading no. 9018",MARKS6579,Ireland,Netherlands,Netherlands,6,2020,2,2020-02,2020-02-01,20200214,20200214,import,1,272882973.04,99654.82,kg,KG,BOSTON SCIENTIFIC MEDICAL DEVICE LIMITED,[in full dataset],Galway,,,,Y,Van der Pluijm Sport Outletstore B.V.,[in full dataset],Made,,www.letsgoshoes.nl,[in full dataset],N,BOSTON SCIENTIFIC MEDICAL DEVICE LIMITED,[in full dataset],,10852.1,10852.1,Cork,Amsterdam,Made,1,1,13.57,EVER GIVEN,IMO7046348,MH,V835,349,ZIMU,MBL,ONEY390735908,CMDU291781344,MSCU8300874,40HC,OPEN TOP,RF,LCL,CY/CY,Nippon Express,92581.6
Import (NL buyer),EE Zinken goten & Boei renovatie,76031000,760310,9,Aluminium; powders of non-lamellar structure,MARKS8579,Israel,Netherlands,Netherlands,6,2022,11,2022-11,2022-11-04,20221119,20221119,import,1,997597.76,3388.68,kg,KG,OL - ALUM PROJECTS LTD,[in full dataset],JULIS,,,,Y,EE Zinken goten & Boei renovatie,[in full dataset],Enschede,,,,Y,OL - ALUM PROJECTS LTD,[in full dataset],,24767.1,24767.1,Ashdod,Amsterdam,Enschede,1,1,30.96,MOL TRIUMPH,IMO8324050,SG,V171,589,ZIMU,HBL,MSCU326137444,YMLU409020888,FCIU9327847,40GP,DRY,GP,FCL,CY/CY,DB Schenker,3116.84
Import (NL buyer),Halma Agro B.V.,27121090,271210,9,Petroleum jelly,MARKS2756,Ivory Coast,Netherlands,Netherlands,6,2025,10,2025-10,2025-10-14,20251009,20251009,import,1,9993117.31,7252,kg,KG,VIVO ENERGY COTE D'IVOIRE S.A,[in full dataset],Abidjan,,www.vivoenergy.com,[in full dataset],Y,Halma Agro B.V.,[in full dataset],St.Annaparochie,,www.halmaolie.nl,[in full dataset],Y,VIVO ENERGY COTE D'IVOIRE S.A,[in full dataset],,19710.8,19710.8,Main Container Port,Amsterdam,St.Annaparochie,1,1,24.64,COSCO UNIVERSE,IMO2157747,LR,V210,130,COSU,SWB,HLCU177220762,YMLU610988766,MSCU2490990,20GP,REEFER,GP,LCL,CY/CY,DB Schenker,6838.35
Export (NL seller),Snijtech Assemblage Nr. 2 B.V.,73143900,731439,8,"Iron or steel wire; grill, netting and fencing, welded at the intersection, n.e.c. in item no. 7314.20, (other than plated or coated with zinc)",MARKS1614,Netherlands,Brunei,Brunei,5,2021,3,2021-03,2021-03-24,20210313,20210313,export,1,143714.79,1853.92,kg,KG,Snijtech Assemblage Nr. 2 B.V.,[in full dataset],Joure,,www.smijtech.nl,[in full dataset],Y,Chip Soon Construction (B) Sdn Bhd,[in full dataset],Brunei Muara,,,,Y,Snijtech Assemblage Nr. 2 B.V.,[in full dataset],,7716.9,7716.9,Rotterdam,Main Container Port,Brunei Muara,1,1,9.65,MSC OSCAR,IMO1352898,SG,V554,685,MSCU,HBL,ONEY461242119,ONEY596151346,TGHU5195792,40HC,OPEN TOP,GP,FCL,CFS/CFS,DHL Global Forwarding,1655.58
Import (NL buyer),Venlo Fresh Logistics B.V.,03078800,030788,8,"Molluscs; stromboid conchs (Strombus spp.), whether in shell or not, dried, salted, in brine, or smoked, cooked or not before or during the smoking process",MARKS6915,Finland,Netherlands,Netherlands,6,2017,6,2017-06,2017-06-15,20170614,20170614,import,1,3472.01,3740.11,kg,KG,Nordic Fish Oy,[in full dataset],SASTAMALA,,www.nordictrout.com,[in full dataset],Y,Venlo Fresh Logistics B.V.,[in full dataset],Venlo,,,,Y,Nordic Fish Oy,[in full dataset],,5945.8,5945.8,Main Container Port,Amsterdam,Venlo,1,1,7.43,ONE APUS,IMO9136811,LR,V353,368,APLU,HBL,CMDU783329436,EGLV648214988,GESU5009227,40HC,TANK,RF,FCL,CFS/CFS,Kuehne + Nagel,3472.01
Import (NL buyer),Avania B.V.,90063000,900630,9,"Cameras, photographic (excluding cinematographic); specially designed for underwater use, aerial survey, medical or surgical examination of internal organs; comparison cameras for forensic or criminological use",MARKS2684,Iceland,Netherlands,Netherlands,5,2019,12,2019-12,2019-12-19,20191223,20191223,import,1,3742826.59,175658.42,kg,KG,Embla Medical hf.,[in full dataset],Reykjavik,,www.ossur.com,[in full dataset],Y,Avania B.V.,[in full dataset],Bilthoven,,www.hvexposition.com,[in full dataset],Y,Embla Medical hf.,[in full dataset],,16315.6,16315.6,Main Container Port,Amsterdam,Bilthoven,1,1,20.39,MOL TRIUMPH,IMO5895920,PA,V783,774,EGLV,HBL,CMDU615565320,ONEY640906383,TGHU3612682,40HC,REEFER,HC,FCL,CY/CFS,CEVA Logistics,156034.48
Export (NL seller),BAM Bouw en Techniek B.V.,84622400,846224,9,"Machine-tools; bending, folding, straightening or flattening machines (including presses), for working metal, numerically controlled panel benders",MARKS4503,Netherlands,Cambodia,Cambodia,9,2018,12,2018-12,2018-12-21,20181225,20181225,export,1,201813.58,37801.56,kg,KG,BAM Bouw en Techniek B.V.,[in full dataset],Bunnik,,www.bambouwentechniek.nl,[in full dataset],Y,"LOMA TECHNOLOGY CO., LTD.",[in full dataset],Phnom Penh,,www.lomatechnology.com,[in full dataset],Y,BAM Bouw en Techniek B.V.,[in full dataset],,8415,8415,Amsterdam,Main Container Port,Phnom Penh,1,1,10.52,EVER GIVEN,IMO7231747,MH,V832,620,OOLU,HBL,ONEY731349485,MSCU581752603,MSCU4014696,20GP,DRY,GP,LCL,CY/CY,Sinotrans,32943.22
Import (NL buyer),Inventum Huishoudelijke Apparaten B.V.,90106000,901060,9,Photographic laboratory apparatus and equipment (including cinematographic); projection screens,MARKS3880,Morocco,Netherlands,Netherlands,5,2019,12,2019-12,2019-12-22,20191217,20191217,import,1,242834.44,3114.24,kg,KG,ASSILE HOUSE,[in full dataset],Kénitra (M),,,,N,Inventum Huishoudelijke Apparaten B.V.,[in full dataset],Arnhem,,www.inventum.eu,[in full dataset],N,ASSILE HOUSE,[in full dataset],,20935.6,20935.6,Tangier-Med,Amsterdam,Arnhem,1,1,26.17,MADRID MAERSK,IMO3761417,MH,V344,853,OOLU,SWB,CMDU210420000,HLCU926120818,MSCU4060594,20GP,FLAT RACK,GP,FCL,CY/CY,Yusen Logistics,2728.43
Import (NL buyer),Mundipharma DC B.V.,30059050,300590,6,"Wadding, gauze, bandages and similar articles; (excluding adhesive dressings), impregnated or coated with pharmaceutical substances, packaged for retail sale",MARKS5816,Indonesia,Netherlands,Netherlands,5,2015,6,2015-06,2015-06-12,20150610,20150610,import,1,812044.34,3064.39,kg,KG,PT DOS-NI-ROHA,[in full dataset],Kota Administrasi Jakarta Selatan,,www.dnr.id/about/company-overview,[in full dataset],Y,Mundipharma DC B.V.,[in full dataset],Leusden,,,,N,PT DOS-NI-ROHA,[in full dataset],,12307,12307,Makassar,Amsterdam,Leusden,1,1,15.38,APL MEXICO CITY,IMO9052149,SG,V407,973,OOLU,SWB,ONEY997450729,CMDU132215074,CAIU7208399,45HC,FLAT RACK,HC,LCL,CY/CY,DHL Global Forwarding,2834.03
Export (NL seller),AA Installatietechniek Nederland B.V.,84795000,847950,9,"Machinery and mechanical appliances; industrial robots, n.e.c. or included",MARKS9374,Netherlands,Chad,Chad,6,2018,12,2018-12,2018-12-13,20181215,20181215,export,1,151971.23,26414.59,kg,KG,AA Installatietechniek Nederland B.V.,[in full dataset],Numansdorp,,www.aatech.nl,[in full dataset],Y,COMPUTER CENTER,[in full dataset],N DJAMENA,,,,Y,AA Installatietechniek Nederland B.V.,[in full dataset],,19306.3,19306.3,Amsterdam,Main Container Port,N DJAMENA,1,1,24.13,MOL TRIUMPH,IMO1519261,LR,V121,228,EGLV,HBL,MAEU894449604,CMDU336803906,CAIU2937181,40HC,REEFER,RF,LCL,CY/CFS,Kuehne + Nagel,23337.66
Export (NL seller),Alblas Internationaal Koel- en Vriestransport B.V.,27030000,270300,5,"Peat; (including peat litter), whether or not agglomerated",MARKS6780,Netherlands,Portugal,Portugal,7,2025,10,2025-10,2025-10-26,20251011,20251011,export,1,14966909.97,408.21,kg,KG,Alblas Internationaal Koel- en Vriestransport B.V.,[in full dataset],'s-Gravendeel,,www.alblas.nl,[in full dataset],Y,"MO.RE.DA. - OILS, LDA",[in full dataset],PORTO,,,,Y,Alblas Internationaal Koel- en Vriestransport B.V.,[in full dataset],,21123.5,21123.5,Amsterdam,Main Container Port,PORTO,1,1,26.4,ONE APUS,IMO1113383,MH,V220,329,ONEY,MBL,MAEU125653208,CMDU771370003,GESU3806842,20GP,OPEN TOP,GP,FCL,CFS/CFS,CEVA Logistics,359.08
Export (NL seller),Infrastructure Services & Projects B.V.,84601900,846019,7,"Machine-tools; flat-surface grinding machines, other than numerically controlled",MARKS9793,Netherlands,Honduras,Honduras,5,2018,12,2018-12,2018-12-05,20181213,20181213,export,1,111825.96,24972.67,kg,KG,Infrastructure Services & Projects B.V.,[in full dataset],Utrecht,,,,Y,Creacion SA,[in full dataset],Tegucigalpa,,www.4amsaatchi.com,[in full dataset],N,Infrastructure Services & Projects B.V.,[in full dataset],,22394.1,22394.1,Amsterdam,Main Container Port,Tegucigalpa,1,1,27.99,HYUNDAI LOYALTY,IMO9995827,PA,V990,709,APLU,HBL,COSU988590222,YMLU434886516,FCIU5801177,45HC,REEFER,GP,FCL,CY/CFS,Sinotrans,22920.95
Import (NL buyer),VD Leegte Metaal B.V.,84021100,840211,5,Boilers; watertube boilers with a steam production exceeding 45t per hour,MARKS8314,Egypt,Netherlands,Netherlands,8,2018,12,2018-12,2018-12-16,20181223,20181223,import,1,96497.12,45832.29,kg,KG,Principal Bank For Development And Agricultural Credit,[in full dataset],Cairo,,www.pbdac.com.eg,[in full dataset],Y,VD Leegte Metaal B.V.,[in full dataset],Hapert,,www.vdleegtemetaal.nl,[in full dataset],Y,Principal Bank For Development And Agricultural Credit,[in full dataset],,10731.6,10731.6,Sokhna,Rotterdam,Hapert,1,1,13.41,HMM ALGECIRAS,IMO4516789,LR,V532,231,ONEY,HBL,MSCU661522617,EGLV675169147,BMOU2191292,40GP,FLAT RACK,HC,FCL,CFS/CFS,DHL Global Forwarding,42474.41
Export (NL seller),WEST AFRICAN PETROLEUM CO. B.V.,27075000,270750,9,"Aromatic hydrocarbon mixtures; n.e.c. in heading no. 2707, of which 65% or more by volume (including losses) distils at 250 degrees Celsius by the ISO 3405 method (equivalent to the ASTM D 86 method)",MARKS9418,Netherlands,Switzerland,Switzerland,9,2025,10,2025-10,2025-10-23,20251011,20251011,export,1,23788181.88,1064.94,kg,KG,WEST AFRICAN PETROLEUM CO. B.V.,[in full dataset],Maasdijk,,,,N,Naftogaz Trading Europe AG,[in full dataset],Zug,,www.naftogaz.com,[in full dataset],N,WEST AFRICAN PETROLEUM CO. B.V.,[in full dataset],,7031.3,7031.3,Amsterdam,Basel (river),Zug,1,1,8.79,MADRID MAERSK,IMO3537134,SG,V729,334,COSU,MBL,HLCU420370972,HLCU220406996,CAIU6056610,45HC,TANK,HC,FCL,CY/CY,Bollore Logistics,948.5
Export (NL seller),Mammoet Global Assets B.V.,84602300,846023,6,"Machine-tools; cylindrical grinding machines (excluding flat-surface and centreless), numerically controlled",MARKS7074,Netherlands,Cape Verde,Cape Verde,8,2018,12,2018-12,2018-12-08,20181225,20181225,export,1,79898.94,17333.88,kg,KG,Mammoet Global Assets B.V.,[in full dataset],Schiedam,,www.mammoet.com,[in full dataset],Y,Nt 2000 Lda,[in full dataset],Praia,,www.hamelberg.com,[in full dataset],Y,Mammoet Global Assets B.V.,[in full dataset],,24733,24733,Rotterdam,Main Container Port,Praia,1,1,30.92,CMA CGM JULES VERNE,IMO5554088,LR,V950,75,MAEU,MBL,MSCU537062702,YMLU941748213,CAIU2500991,40HC,TANK,GP,LCL,CFS/CFS,DHL Global Forwarding,15165.92
Export (NL seller),Van Mossel MB B.V.,87168000,871680,7,Vehicles; n.e.c. in heading no. 8716,MARKS1452,Netherlands,San Marino,San Marino,9,2020,3,2020-03,2020-03-07,20200319,20200319,export,1,4477.36,4716.41,kg,KG,Van Mossel MB B.V.,[in full dataset],Waalwijk,,,,N,MULTI RANGE VARNISH GROUP SRL,[in full dataset],REPUBBLICA DI SAN MARINO,,,,Y,Van Mossel MB B.V.,[in full dataset],,3434.2,3434.2,Rotterdam,Main Container Port,REPUBBLICA DI SAN MARINO,1,1,4.29,CSCL GLOBE,IMO4257281,SG,V310,677,EGLV,HBL,YMLU806371793,CMDU271046480,GESU4495666,40GP,FLAT RACK,RF,FCL,CY/CFS,Sinotrans,4477.36
Export (NL seller),AC Tussenweg 1 Exploitatie B.V.,03077210,030772,8,"Molluscs; clams, cockles, ark shells (Arcidae, Arcticidae, Cardiidae, Donacidae, Hiatellidae, Mactridae, Mesodesmatidae, Myidae, Semelidae, Solecurtidae, Solenidae, Tridacnidae and Veneridae), whether in shell or not, frozen",MARKS2971,Netherlands,South Africa,South Africa,8,2017,9,2017-09,2017-09-27,20170920,20170920,export,1,39527.51,38837.6,kg,KG,AC Tussenweg 1 Exploitatie B.V.,[in full dataset],Maasdijk,,,,N,ELALENI PLANTATIONS CO DEV (PTY) LTD,[in full dataset],DURBAN NORTH,,,,Y,AC Tussenweg 1 Exploitatie B.V.,[in full dataset],,23496.6,23496.6,Amsterdam,Ngqura,DURBAN NORTH,1,1,29.37,COSCO UNIVERSE,IMO8726340,MH,V236,201,ZIMU,MBL,ONEY258857337,EGLV660231427,MSCU6672517,40GP,FLAT RACK,HC,FCL,CY/CFS,Sinotrans,34038.75
Export (NL seller),Xerox Manufacturing (Nederland) B.V.,84143081,841430,6,Compressors; of a kind used in refrigerating equipment,MARKS8572,Netherlands,Cambodia,Cambodia,6,2018,12,2018-12,2018-12-21,20181208,20181208,export,1,201813.58,125192.14,kg,KG,Xerox Manufacturing (Nederland) B.V.,[in full dataset],Oostrum LB,,www.xerox.nl,[in full dataset],N,SOK SOKHA COMPANY LIMITED,[in full dataset],Phnom Penh,,,,N,Xerox Manufacturing (Nederland) B.V.,[in full dataset],,19759.3,19759.3,Rotterdam,Main Container Port,Phnom Penh,1,1,24.7,EVER ACME,IMO1781867,PA,V157,757,CMDU,SWB,CMDU467013554,ONEY590412437,GESU3236325,40GP,DRY,RF,FCL,CY/CFS,Yusen Logistics,114737.4
Export (NL seller),ExxonMobil Russia Black Sea Holdings B.V.,38061000,380610,6,Rosin and resin acids,MARKS1954,Netherlands,Malta,Malta,5,2023,7,2023-07,2023-07-15,20230717,20230717,export,1,450158.2,224.95,kg,KG,ExxonMobil Russia Black Sea Holdings B.V.,[in full dataset],Botlek Rotterdam,,,,Y,TRAFIGURA NAT GAS LIMITED,[in full dataset],Marsa,,,,Y,ExxonMobil Russia Black Sea Holdings B.V.,[in full dataset],,5694.6,5694.6,Rotterdam,Main Container Port,Marsa,1,1,7.12,MSC GULSUN,IMO3053742,MH,V449,969,APLU,SWB,MAEU487121886,HLCU442951774,GESU6219985,40GP,DRY,RF,FCL,CY/CY,Expeditors,200
Export (NL seller),Pluriton Opfokintegratie B.V.,03027400,030274,6,"Fish; fresh or chilled, eels (Anguilla spp.), excluding fillets, fish meat of 0304, and edible fish offal of subheadings 0302.91 to 0302.99",MARKS1649,Netherlands,Afghanistan,Afghanistan,7,2017,9,2017-09,2017-09-25,20170925,20170925,export,1,30272.34,6991.41,kg,KG,Pluriton Opfokintegratie B.V.,[in full dataset],Lunteren,,nl.pluriton.com,[in full dataset],N,Farkhunda Dilsoz Co. Ltd,[in full dataset],Kabul,,,,Y,Pluriton Opfokintegratie B.V.,[in full dataset],,22977.5,22977.5,Rotterdam,Main Container Port,Kabul,1,1,28.72,MAERSK MOLLER,IMO7082249,MH,V642,176,HLCU,SWB,CMDU219127259,COSU917564994,BMOU1437549,40GP,OPEN TOP,HC,FCL,CY/CFS,Nippon Express,6497.12
Import (NL buyer),TotalEnergies EP Azerbaijan B.V.,27139010,271390,7,Residues; of petroleum oils or of oils obtained from bituminous minerals,MARKS3940,Cyprus,Netherlands,Netherlands,5,2016,10,2016-10,2016-10-01,20161012,20161012,import,1,4926.42,5388.48,kg,KG,HOLBORN EUROPEAN MARKETING COMPANY LIMITED,[in full dataset],Larnaca,,www.holborn.com.cy,[in full dataset],Y,TotalEnergies EP Azerbaijan B.V.,[in full dataset],'s-Gravenhage,,,,Y,HOLBORN EUROPEAN MARKETING COMPANY LIMITED,[in full dataset],,17680.4,17680.4,Main Container Port,Amsterdam,'s-Gravenhage,1,1,22.1,BARZAN,IMO6592399,SG,V406,237,HMMU,MBL,HLCU781634387,HLCU572541806,BMOU8294330,40GP,FLAT RACK,GP,FCL,CY/CY,DSV,4926.42
Export (NL seller),DCL Corporation (NL) B.V.,38221100,382211,8,"Reagents; diagnostic or laboratory reagents on a backing, prepared diagnostic or laboratory reagents whether or not on a backing, whether or not put up in the form of kits; for malaria",MARKS5748,Netherlands,New Zealand,New Zealand,9,2023,7,2023-07,2023-07-03,20230713,20230713,export,1,669356.02,2332.65,kg,KG,DCL Corporation (NL) B.V.,[in full dataset],Maastricht,,www.dominioncolour.com,[in full dataset],Y,EXXONMOBIL NEW ZEALAND HOLDINGS,[in full dataset],Auckland,,www.exxonmobilchemical.com,[in full dataset],Y,DCL Corporation (NL) B.V.,[in full dataset],,23861.7,23861.7,Amsterdam,Auckland,Auckland,1,1,29.83,MSC GULSUN,IMO4069457,PA,V716,576,ONEY,MBL,CMDU979950138,COSU760517456,BMOU7236965,20GP,OPEN TOP,GP,FCL,CFS/CFS,Nippon Express,2164.08
Export (NL seller),Energy Outsourcing Solutions B.V.,27101987,271019,5,"Petroleum oils and oils from bituminous minerals, not containing biodiesel, not crude, not waste oils; preparations n.e.c, containing by weight 70% or more of petroleum oils or oils from bituminous minerals; not light oils and preparations",MARKS1382,Netherlands,Morocco,Morocco,6,2025,10,2025-10,2025-10-20,20251007,20251007,export,1,7042685.35,742.55,kg,KG,Energy Outsourcing Solutions B.V.,[in full dataset],Alblasserdam,,www.energy-os.nl,[in full dataset],Y,OLA ENERGY MAROC,[in full dataset],CASABLANCA,,,,Y,Energy Outsourcing Solutions B.V.,[in full dataset],,4990.4,4990.4,Amsterdam,Casablanca,CASABLANCA,1,1,6.24,ONE APUS,IMO1192046,PA,V227,883,MAEU,MBL,YMLU303445935,CMDU963480045,TCLU2530483,20GP,DRY,HC,FCL,CFS/CFS,DSV,669.57
Import (NL buyer),Shell EP Holdings (EE&ME) B.V.,27021000,270210,7,"Lignite; whether or not pulverised, but not agglomerated, excluding jet",MARKS4811,Hungary,Netherlands,Netherlands,6,2025,10,2025-10,2025-10-11,20251005,20251005,export,1,5181521.71,5610.81,kg,KG,Premier Energy Wind 158 Kft.,[in full dataset],Budapest,,,,Y,Shell EP Holdings (EE&ME) B.V.,[in full dataset],'s-Gravenhage,,,,Y,Premier Energy Wind 158 Kft.,[in full dataset],,6445.5,6445.5,Koper (via SI),Rotterdam,'s-Gravenhage,1,1,8.06,EVER ACME,IMO9844330,MH,V159,69,COSU,MBL,MAEU555200528,EGLV103068087,MSCU1826644,40GP,REEFER,HC,FCL,CY/CFS,Kuehne + Nagel,4986.01
Export (NL seller),Poliklinische Apotheek Erasmus MC B.V.,30059099,300590,5,"Wadding, gauze, bandages and similar articles; (excluding adhesive dressings), impregnated or coated with pharmaceutical substances, packaged for retail sale",MARKS2909,Netherlands,Latvia,Latvia,6,2015,6,2015-06,2015-06-06,20150616,20150616,export,1,2134526.86,25290.78,kg,KG,Poliklinische Apotheek Erasmus MC B.V.,[in full dataset],Rotterdam,,,,N,Orthos Pharma SIA,[in full dataset],Riga,,,,Y,Poliklinische Apotheek Erasmus MC B.V.,[in full dataset],,11112.8,11112.8,Rotterdam,Main Container Port,Riga,1,1,13.89,APL MEXICO CITY,IMO6220679,LR,V984,890,ZIMU,SWB,CMDU819462198,COSU474884890,TCLU2882843,40GP,TANK,HC,LCL,CFS/CFS,DB Schenker,22856.01
Export (NL seller),GB Montage,90148000,901480,7,Navigational instruments and appliances; for navigation other than aeronautical or space navigation (excluding direction finding compasses),MARKS7266,Netherlands,Saudi Arabia,Saudi Arabia,9,2020,2,2020-02,2020-02-25,20200217,20200217,export,1,28447226.83,937.77,kg,KG,GB Montage,[in full dataset],Wassenaar,,,,Y,ARABELLA  MEDICAL COMPANY,[in full dataset],Al Khobar,,,,Y,GB Montage,[in full dataset],,5438.9,5438.9,Amsterdam,King Abdullah Port,Al Khobar,1,1,6.8,CSCL GLOBE,IMO1853473,LR,V372,820,MSCU,HBL,COSU452673568,MSCU924107800,CAIU7108269,40HC,OPEN TOP,RF,FCL,CFS/CFS,Kuehne + Nagel,846.29
Export (NL seller),"Autobedrijf ""Gorcum"" B.V.",84626110,846261,7,"Machine-tools; cold metal working presses, hydraulic presses",MARKS3753,Netherlands,San Marino,San Marino,7,2018,12,2018-12,2018-12-06,20181220,20181220,export,1,23655.25,25987.95,kg,KG,"Autobedrijf ""Gorcum"" B.V.",[in full dataset],Gorinchem,,www.vanmill.nl,[in full dataset],N,FORNITURE IDRAULICHE TITANO SRL,[in full dataset],REPUBBLICA DI SAN MARINO,,www.fornitureidrauliche.sm,[in full dataset],Y,"Autobedrijf ""Gorcum"" B.V.",[in full dataset],,8636.2,8636.2,Amsterdam,Main Container Port,REPUBBLICA DI SAN MARINO,1,1,10.8,CSCL GLOBE,IMO6739796,SG,V777,863,YMLU,HBL,HLCU563410749,CMDU656666216,GESU1121232,40HC,TANK,RF,FCL,CY/CY,Yusen Logistics,23655.25
Import (NL buyer),Cargill Bioindustrial B.V.,38051090,380510,6,"Terpenic oils; gum, wood or sulphate turpentine oils",MARKS1678,Romania,Netherlands,Netherlands,6,2023,7,2023-07,2023-07-11,20230724,20230724,import,1,335547.18,4568.17,kg,KG,AGROTEX SRL,[in full dataset],Carei,,,,Y,Cargill Bioindustrial B.V.,[in full dataset],Gouda,,www.cargill.com,[in full dataset],N,AGROTEX SRL,[in full dataset],,18142.4,18142.4,Main Container Port,Amsterdam,Gouda,1,1,22.68,CSCL GLOBE,IMO7075541,SG,V635,918,HLCU,SWB,YMLU492494437,MSCU754025754,MSCU8704346,40HC,REEFER,RF,FCL,CY/CFS,CEVA Logistics,4115.69
Export (NL seller),KM van zanten HODN Dierenspeciaalzaak van zanten,90258080,902580,6,"Hydrometers and similar floating instruments, barometers, hygrometers, psychrometers, thermometers, pyrometers; recording or not, any combination of these instruments (excluding thermometers and barometers not combined with other instruments)",MARKS4385,Netherlands,Thailand,Thailand,6,2019,12,2019-12,2019-12-03,20191220,20191220,export,1,9033867.9,251.52,kg,KG,KM van zanten HODN Dierenspeciaalzaak van zanten,[in full dataset],Alblasserdam,,,,Y,ARCELIK HITACHI HOME APPLIANCES (THAILAND) LIMITED,[in full dataset],KABIN BURI,,,,Y,KM van zanten HODN Dierenspeciaalzaak van zanten,[in full dataset],,5935.8,5935.8,Rotterdam,Laem Chabang,KABIN BURI,1,1,7.42,HMM ALGECIRAS,IMO3447595,PA,V168,489,EGLV,SWB,EGLV604536935,YMLU956748568,CAIU7292549,45HC,FLAT RACK,GP,FCL,CFS/CFS,Yusen Logistics,233.72
Export (NL seller),Suncor Energy (International) Holdings B.V.,27111291,271112,5,"Petroleum gases and other gaseous hydrocarbons; liquefied, propane",MARKS5032,Netherlands,Australia,Australia,6,2025,10,2025-10,2025-10-22,20251022,20251022,import,1,1430060.76,259.3,kg,KG,Suncor Energy (International) Holdings B.V.,[in full dataset],'s-Gravenhage,,,,Y,AMPOL LIMITED,[in full dataset],Alexandria,,www.ampol.com.au,[in full dataset],N,Suncor Energy (International) Holdings B.V.,[in full dataset],,3232.3,3232.3,Rotterdam,Brisbane,Alexandria,1,1,4.04,CMA CGM JULES VERNE,IMO1372844,SG,V563,937,MSCU,SWB,EGLV699700566,MAEU504837483,GESU1087139,45HC,DRY,HC,FCL,CY/CFS,Bollore Logistics,241.27
Export (NL seller),B.V. Beleggings- en Exploitatiemaatschappij G. Doeksen en Zonen,38254100,382541,9,"Residual products of the chemical or allied industries, not elsewhere specified or included; halogenated waste organic solvents",MARKS3530,Netherlands,Egypt,Egypt,6,2023,7,2023-07,2023-07-22,20230718,20230718,import,1,877675.86,1151.02,kg,KG,B.V. Beleggings- en Exploitatiemaatschappij G. Doeksen en Zonen,[in full dataset],West Terschelling,,,,Y,EL NASR COMPANY FOR PHARMACEUTICAL CHEMICALS S.AE,[in full dataset],Khanka,,www.holdipharma.com,[in full dataset],Y,B.V. Beleggings- en Exploitatiemaatschappij G. Doeksen en Zonen,[in full dataset],,20202.9,20202.9,Rotterdam,Sokhna,Khanka,1,1,25.25,MADRID MAERSK,IMO1642835,MH,V911,202,ZIMU,HBL,CMDU415921908,MSCU345210764,CAIU6889730,40HC,TANK,HC,LCL,CFS/CFS,DHL Global Forwarding,1057.75
Import (NL buyer),Camera Studio B.V.,90321080,903210,7,"Regulating or controlling instruments and apparatus; automatic type, thermostats",MARKS4924,United Kingdom,Netherlands,Netherlands,5,2020,2,2020-02,2020-02-18,20200206,20200206,export,1,75123537.8,1607.32,kg,KG,ALLIANCE MEDICAL GROUP LIMITED,[in full dataset],WARWICK,,www.alliancemedical.co.uk,[in full dataset],Y,Camera Studio B.V.,[in full dataset],Amsterdam,,,,Y,ALLIANCE MEDICAL GROUP LIMITED,[in full dataset],,9102.7,9102.7,London Gateway,Rotterdam,Amsterdam,1,1,11.38,BARZAN,IMO7937108,LR,V503,71,COSU,SWB,COSU465766979,HLCU734522259,GESU7884796,40HC,DRY,HC,FCL,CFS/CFS,Sinotrans,1399
Import (NL buyer),Quintall B.V.,76129020,761290,5,"Aluminium; casks, drums, cans, boxes and the like for any material (not compressed or liquefied gas), 300l capacity or less, whether or not lined or heat-insulated, no mechanical or thermal equipment",MARKS3623,Cyprus,Netherlands,Netherlands,7,2022,12,2022-12,2022-12-15,20221221,20221221,import,1,137677.82,18520.49,kg,KG,HELLENIC MINERALS LTD,[in full dataset],Katydata,,www.hellenicminerals.com,[in full dataset],Y,Quintall B.V.,[in full dataset],Kwintsheul,,www.quintall.nl,[in full dataset],Y,HELLENIC MINERALS LTD,[in full dataset],,24777,24777,Main Container Port,Amsterdam,Kwintsheul,1,1,30.97,HYUNDAI LOYALTY,IMO4007542,LR,V737,816,COSU,HBL,ONEY968508178,ONEY842427334,MSCU6132042,45HC,OPEN TOP,HC,FCL,CY/CY,Expeditors,17141.04
Export (NL seller),Oostendorp Auto Venray B.V.,87059080,870590,9,"Vehicles; break-down lorries, road-sweepers, spraying lorries, mobile workshops, mobile radiological units, and other special purpose vehicles n.e.c. in heading no. 8705",MARKS9079,Netherlands,Cyprus,Cyprus,5,2024,1,2024-01,2024-01-22,20240126,20240126,export,1,1079344.59,2283.27,kg,KG,Oostendorp Auto Venray B.V.,[in full dataset],Venray,,www.oostendorp-autogroep.nl,[in full dataset],Y,REMITONIA CO LIMITED,[in full dataset],Limassol,,kia.com.cy,[in full dataset],Y,Oostendorp Auto Venray B.V.,[in full dataset],,9399.5,9399.5,Rotterdam,Main Container Port,Limassol,1,1,11.75,CMA CGM JULES VERNE,IMO4993258,PA,V735,591,HMMU,HBL,CMDU830485328,MAEU148034005,MSCU2797133,40HC,OPEN TOP,RF,FCL,CY/CFS,Sinotrans,2143.69
Export (NL seller),Van Lierop B.V.,38112900,381129,8,Lubricating oil additives; not containing petroleum oils or oils obtained from bituminous minerals,MARKS5166,Netherlands,Paraguay,Paraguay,7,2023,7,2023-07,2023-07-12,20230727,20230727,export,1,38842.83,37878.27,kg,KG,Van Lierop B.V.,[in full dataset],Alphen aan den Rijn,,www.vanlierop.nl,[in full dataset],Y,INPASA DEL PARAGUAY S.A.,[in full dataset],Laurel,,www.inpasa.com.py,[in full dataset],Y,Van Lierop B.V.,[in full dataset],,14828.4,14828.4,Amsterdam,Main Container Port,Laurel,1,1,18.54,HYUNDAI LOYALTY,IMO7214729,MH,V344,660,YMLU,HBL,YMLU795838557,CMDU889452950,CAIU7586307,40HC,DRY,GP,FCL,CFS/CFS,DHL Global Forwarding,35934.31
Export (NL seller),Visserij Mij. W. van der Zwan & Zonen II B.V.,03057200,030572,6,"Fish; edible offal, fish heads, tails and maws",MARKS5094,Netherlands,Kazakhstan,Kazakhstan,8,2017,1,2017-01,2017-01-10,20170102,20170102,export,1,18017.26,19898.81,kg,KG,Visserij Mij. W. van der Zwan & Zonen II B.V.,[in full dataset],'s-Gravenhage,,www.wvanderzwan.nl,[in full dataset],Y,"UST-KAMENOGORSKAYA PTITSEFABRIKA, AO",[in full dataset],Kasym Kaisenova S. O,,www.ukpf.kz,[in full dataset],Y,Visserij Mij. W. van der Zwan & Zonen II B.V.,[in full dataset],,4873.5,4873.5,Amsterdam,Main Container Port,Kasym Kaisenova S. O,1,1,6.09,CMA CGM JULES VERNE,IMO5336143,MH,V250,446,MAEU,SWB,ONEY692525290,COSU716685702,TCLU6538624,40GP,OPEN TOP,RF,FCL,CY/CY,Bollore Logistics,18017.26
Import (NL buyer),Tetra Pak Cheese and Powder Systems B.V.,84853090,848530,5,"Machines for additive manufacturing; by plaster, cement, ceramics or glass deposit",MARKS3159,Honduras,Netherlands,Netherlands,6,2018,12,2018-12,2018-12-19,20181210,20181210,import,1,3364.03,3809.67,kg,KG,Creacion SA,[in full dataset],Tegucigalpa,,www.4amsaatchi.com,[in full dataset],Y,Tetra Pak Cheese and Powder Systems B.V.,[in full dataset],Heerenveen,,www.tetrapak.com,[in full dataset],Y,Creacion SA,[in full dataset],,23984.7,23984.7,Main Container Port,Rotterdam,Heerenveen,1,1,29.98,CSCL GLOBE,IMO2629523,PA,V314,557,MSCU,SWB,MSCU604908720,MSCU687617326,TGHU9116350,45HC,TANK,RF,FCL,CY/CFS,CEVA Logistics,3364.03
Export (NL seller),Alm Oil B.V.,27011290,270112,7,"Coal; bituminous, whether or not pulverised, but not agglomerated",MARKS4082,Netherlands,Luxembourg,Luxembourg,5,2025,10,2025-10,2025-10-20,20251022,20251022,export,1,19251321.4,404.16,kg,KG,Alm Oil B.V.,[in full dataset],Harderwijk,,www.easyfill.nl,[in full dataset],Y,ArcelorMittal Energy S.C.A.,[in full dataset],Luxembourg,,,,Y,Alm Oil B.V.,[in full dataset],,5637.6,5637.6,Amsterdam,Main Container Port,Luxembourg,1,1,7.05,BARZAN,IMO1360744,LR,V774,749,CMDU,SWB,CMDU940812368,ONEY480881774,FCIU3090987,40HC,OPEN TOP,GP,LCL,CY/CFS,Expeditors,358.16
Import (NL buyer),AZ Ocean Shipping B.V.,03044800,030448,8,"Fish fillets; fresh or chilled, rays and skates (Rajidae)",MARKS7185,Mexico,Netherlands,Netherlands,9,2017,1,2017-01,2017-01-09,20170117,20170117,import,1,6882.12,7655.54,kg,KG,"Agricola Tarriba, S. de R.L. de C.V.",[in full dataset],Culiacan,,www.farmersbest.com.mx,[in full dataset],Y,AZ Ocean Shipping B.V.,[in full dataset],'s-Gravenhage,,,,Y,"Agricola Tarriba, S. de R.L. de C.V.",[in full dataset],,5256.8,5256.8,Lazaro Cardenas,Rotterdam,'s-Gravenhage,1,1,6.57,CSCL GLOBE,IMO9606591,PA,V692,25,MSCU,MBL,MSCU546002971,ONEY885849449,MSCU2370900,20GP,REEFER,GP,LCL,CFS/CFS,Kuehne + Nagel,6882.12
Export (NL seller),EG Retail (Netherlands) B.V.,27081000,270810,9,Pitch; obtained from coal tar or from other mineral tars,MARKS1913,Netherlands,Burkina Faso,Burkina Faso,7,2016,10,2016-10,2016-10-17,20161004,20161004,export,1,84673.06,8489.41,kg,KG,EG Retail (Netherlands) B.V.,[in full dataset],Breda,,www.go-fuelcard.com,[in full dataset],N,NEGOTIUM INTERNATIONAL,[in full dataset],Ouagadougou,,,,Y,EG Retail (Netherlands) B.V.,[in full dataset],,24068.8,24068.8,Rotterdam,Main Container Port,Ouagadougou,1,1,30.09,CSCL GLOBE,IMO5337496,PA,V918,531,MSCU,HBL,HLCU735849214,COSU947665605,FCIU6931899,40GP,FLAT RACK,GP,FCL,CY/CFS,DSV,7756.05
Export (NL seller),Boskalis Westminster Shipping B.V.,73182900,731829,9,"Iron or steel; non-threaded articles, n.e.c. in item no. 7318.2",MARKS7544,Netherlands,Mauritania,Mauritania,5,2021,3,2021-03,2021-03-20,20210303,20210303,export,1,67248.88,11754.84,kg,KG,Boskalis Westminster Shipping B.V.,[in full dataset],Papendrecht,,www.boskalis.com,[in full dataset],Y,SOCIETE ARABE DE FER ET DE L'ACIER S.A.,[in full dataset],Nouadhibou,,www.safa-mr.com,[in full dataset],Y,Boskalis Westminster Shipping B.V.,[in full dataset],,4588.8,4588.8,Amsterdam,Main Container Port,Nouadhibou,1,1,5.74,MSC OSCAR,IMO5558515,MH,V718,392,OOLU,SWB,ONEY861954823,COSU525026066,TCLU3630581,40HC,FLAT RACK,HC,FCL,CFS/CFS,DHL Global Forwarding,10389.03
Import (NL buyer),Batenburg Energietechniek B.V.,27111211,271112,9,"Petroleum gases and other gaseous hydrocarbons; liquefied, propane",MARKS6636,Hungary,Netherlands,Netherlands,7,2016,10,2016-10,2016-10-03,20161027,20161027,import,1,582225.72,3866.12,kg,KG,Premier Energy Wind 158 Kft.,[in full dataset],Budapest,,,,Y,Batenburg Energietechniek B.V.,[in full dataset],Capelle aan den IJssel,,www.batenburg-energietechniek.nl,[in full dataset],N,Premier Energy Wind 158 Kft.,[in full dataset],,21199,21199,Koper (via SI),Rotterdam,Capelle aan den IJssel,1,1,26.5,MSC GULSUN,IMO7760778,MH,V383,844,APLU,MBL,MAEU924276810,HLCU168334221,GESU6847274,45HC,OPEN TOP,RF,FCL,CY/CFS,Sinotrans,3388.35
Import (NL buyer),Diamond Bubbles BIOPHARMACEUTICALS B.V.,90279000,902790,6,Microtomes and parts and accessories thereof,MARKS7608,Switzerland,Netherlands,Netherlands,8,2020,2,2020-02,2020-02-02,20200210,20200210,import,1,58038661.88,35205.4,kg,KG,Coop Genossenschaft,[in full dataset],Jegenstorf,,www.interdiscount.ch,[in full dataset],Y,Diamond Bubbles BIOPHARMACEUTICALS B.V.,[in full dataset],Maastricht,,,,Y,Coop Genossenschaft,[in full dataset],,9047,9047,Zurich (air),Rotterdam,Maastricht,1,1,11.31,EVER ACME,IMO9308320,SG,V518,544,APLU,HBL,YMLU326508257,MSCU989422288,MSCU4411434,20GP,FLAT RACK,RF,FCL,CY/CY,DB Schenker,30853.23
Import (NL buyer),Shell Lubricants Supply Company B.V.,27011100,270111,5,"Coal; anthracite, whether or not pulverised, but not agglomerated",MARKS7532,Iceland,Netherlands,Netherlands,7,2016,10,2016-10,2016-10-02,20161020,20161020,import,1,263255.67,63534.32,kg,KG,Skel fjarfestingafelag hf.,[in full dataset],Reykjavik,,www.skeljungur.is,[in full dataset],N,Shell Lubricants Supply Company B.V.,[in full dataset],Rotterdam,,,,Y,Skel fjarfestingafelag hf.,[in full dataset],,18773.1,18773.1,Main Container Port,Amsterdam,Rotterdam,1,1,23.47,CMA CGM JULES VERNE,IMO9185610,SG,V929,628,OOLU,MBL,MAEU226007698,COSU471899305,TGHU5035956,45HC,OPEN TOP,HC,FCL,CY/CFS,DSV,59869.24
Export (NL seller),G-Pharmaceuticals B.V.,30046000,300460,7,"Medicaments; containing antimalarial active principles described in Subheading Note 2 to this Chapter, for therapeutic or prophylactic uses, packaged for retail sale",MARKS4811,Netherlands,Democratic Republic Of The Congo,Democratic Republic Of The Congo,7,2015,6,2015-06,2015-06-12,20150617,20150617,export,1,289258.4,6641.34,kg,KG,G-Pharmaceuticals B.V.,[in full dataset],Lelystad,,www.g-pharmaceuticals.com,[in full dataset],Y,FABRICATION EMBALLAGE MONYAGE ET CONDITIONNEMET,[in full dataset],Kinshasa,,www.femcocosmetics.com,[in full dataset],Y,G-Pharmaceuticals B.V.,[in full dataset],,5715,5715,Rotterdam,Main Container Port,Kinshasa,1,1,7.14,COSCO UNIVERSE,IMO4545042,SG,V235,828,APLU,MBL,HLCU416514460,CMDU752114820,FCIU3941318,20GP,OPEN TOP,HC,FCL,CFS/CFS,Yusen Logistics,5831.41
Import (NL buyer),Wealer B.V.,38109090,381090,5,"Fluxes and other auxiliary preparations; for soldering, brazing or welding, or preparations used as cores or coatings for welding electrodes or rods",MARKS1436,Luxembourg,Netherlands,Netherlands,9,2023,7,2023-07,2023-07-09,20230720,20230720,import,1,354301.79,17079.56,kg,KG,Am Mining,[in full dataset],Luxembourg,,,,Y,Wealer B.V.,[in full dataset],Heerlen,,www.wealer.nl,[in full dataset],Y,Am Mining,[in full dataset],,12075.5,12075.5,Main Container Port,Amsterdam,Heerlen,1,1,15.09,MSC OSCAR,IMO3482229,LR,V905,972,ZIMU,HBL,MAEU880922984,CMDU354921595,TCLU2298977,20GP,OPEN TOP,GP,LCL,CY/CY,DSV,15440.33
Export (NL seller),Liefde Voor Je Fiets,90303320,903033,5,"Instruments and apparatus; for measuring or checking voltage, current, resistance or power, without a recording device (excluding multimeters)",MARKS3019,Netherlands,Italy,Italy,8,2020,2,2020-02,2020-02-22,20200227,20200227,import,1,175413200.83,357.27,kg,KG,Liefde Voor Je Fiets,[in full dataset],Amersfoort,,,,Y,TECHNOGYM SPA,[in full dataset],CESENA,,www.technogym.com,[in full dataset],Y,Liefde Voor Je Fiets,[in full dataset],,3931.1,3931.1,Amsterdam,Gioia Tauro,CESENA,1,1,4.91,APL MEXICO CITY,IMO7629301,MH,V424,286,ONEY,SWB,HLCU371602575,EGLV475064061,CAIU3111535,40HC,TANK,GP,FCL,CY/CFS,Expeditors,317.03
Import (NL buyer),Voetbalshop Breda B.V.,90021100,900211,7,"Lenses; objective, for cameras, projectors or photographic enlargers or reducers, mounted, being parts or fittings for instruments or apparatus, of any material (excluding glass not optically worked)",MARKS9938,United Kingdom,Netherlands,Netherlands,9,2020,2,2020-02,2020-02-25,20200225,20200225,export,1,75123537.8,6872.04,kg,KG,OVO GAS LTD,[in full dataset],BRISTOL,,www.ovoenergy.com,[in full dataset],Y,Voetbalshop Breda B.V.,[in full dataset],Breda,,,,N,OVO GAS LTD,[in full dataset],,20056.5,20056.5,Southampton,Amsterdam,Breda,1,1,25.07,COSCO UNIVERSE,IMO6174708,SG,V769,157,CMDU,HBL,YMLU342387583,EGLV245101475,TGHU3007726,40GP,REEFER,HC,FCL,CY/CFS,DSV,5998.56
Import (NL buyer),ExxonMobil Chemical Holland B.V.,38119000,381190,6,"Oxidation and gum inhibitors, viscosity improvers, anti-corrosive preparations, other prepared additives for mineral oils or liquids used as mineral oils (including gasoline), n.e.c. in heading no. 3811",MARKS9637,Guatemala,Netherlands,Netherlands,5,2023,7,2023-07,2023-07-10,20230711,20230711,import,1,93749.83,41135.87,kg,KG,Unilever de Centroamerica S.A.,[in full dataset],Guatemala,,www.unilever-middleamericas.com,[in full dataset],Y,ExxonMobil Chemical Holland B.V.,[in full dataset],Botlek Rotterdam,,corporate.exxonmobil.com,[in full dataset],Y,Unilever de Centroamerica S.A.,[in full dataset],,18526.1,18526.1,Main Container Port,Rotterdam,Botlek Rotterdam,1,1,23.16,YM WARRANTY,IMO3403611,PA,V447,638,HMMU,SWB,CMDU256646389,ONEY723885273,TCLU2129282,20GP,DRY,RF,FCL,CY/CY,Bollore Logistics,39055.78
Export (NL seller),Premier Oil Pakistan Offshore B.V.,27090090,270900,7,"Oils; petroleum oils and oils obtained from bituminous minerals, crude",MARKS3827,Netherlands,Czech Republic,Czech Republic,6,2025,10,2025-10,2025-10-12,20251007,20251007,export,1,6852991.79,694.06,kg,KG,Premier Oil Pakistan Offshore B.V.,[in full dataset],Rijswijk ZH,,,,Y,C-energy s.r.o.,[in full dataset],Planá nad Lužnicí,,www.c-energy.cz,[in full dataset],Y,Premier Oil Pakistan Offshore B.V.,[in full dataset],,17514.7,17514.7,Rotterdam,Main Container Port,Planá nad Lužnicí,1,1,21.89,CSCL GLOBE,IMO3504973,PA,V613,733,OOLU,HBL,MAEU733278335,EGLV817981391,BMOU5000976,40GP,DRY,GP,FCL,CY/CFS,DSV,613.03
Export (NL seller),Chiesi Pharmaceuticals B.V.,30012090,300120,8,"Glands and other organs; extracts of glands or other organs or of their secretions, for organo-therapeutic uses",MARKS9140,Netherlands,Uzbekistan,Uzbekistan,5,2015,6,2015-06,2015-06-11,20150601,20150601,export,1,1293644.93,296.27,kg,KG,Chiesi Pharmaceuticals B.V.,[in full dataset],,,www.chiesi.nl,[in full dataset],Y,"ULUG'BEK VET AGRO SERVIS, XUSUSIY KORXONASI",[in full dataset],Selskie skhody grazhdan Kuvins,,,,Y,Chiesi Pharmaceuticals B.V.,[in full dataset],,20186.2,20186.2,Amsterdam,Main Container Port,Selskie skhody grazhdan Kuvins,1,1,25.23,EVER GIVEN,IMO1793908,PA,V364,81,OOLU,MBL,ONEY952983477,COSU304838832,CAIU8597615,40HC,DRY,RF,FCL,CY/CFS,Yusen Logistics,281.7
Export (NL seller),Distilled Trading International B.V.,87149500,871495,8,"Cycles; parts thereof, saddles",MARKS2266,Netherlands,Seychelles,Seychelles,6,2020,3,2020-03,2020-03-08,20200303,20200303,export,1,5427.71,5990.04,kg,KG,Distilled Trading International B.V.,[in full dataset],Amsterdam,,,,Y,SJ MARINE CO LTD,[in full dataset],Mahe,,www.intershore.com,[in full dataset],Y,Distilled Trading International B.V.,[in full dataset],,13131.1,13131.1,Rotterdam,Main Container Port,Mahe,1,1,16.41,YM WARRANTY,IMO6251198,SG,V678,543,ZIMU,SWB,YMLU422465012,EGLV140220345,TCLU6136398,20GP,OPEN TOP,HC,FCL,CY/CFS,Kuehne + Nagel,5427.71
Import (NL buyer),Resort Limburg B.V.,87012310,870123,7,"Tractors; road tractors for semi-trailers, with both spark-ignition internal combustion piston engine and electric motors for propulsion",MARKS2101,Bosnia-Herzegovina,Netherlands,Netherlands,6,2024,1,2024-01,2024-01-13,20240107,20240107,import,1,1151840.84,14097.59,kg,KG,AS-KRAMAR d.o.o. LJUBUSKI,[in full dataset],Hrasljani,,,,Y,Resort Limburg B.V.,[in full dataset],Susteren,,www.europarcs.nl,[in full dataset],Y,AS-KRAMAR d.o.o. LJUBUSKI,[in full dataset],,18314.3,18314.3,Main Container Port,Amsterdam,Susteren,1,1,22.89,YM WARRANTY,IMO3953630,LR,V276,956,HLCU,SWB,MAEU780978723,MAEU366721879,TGHU3651566,40HC,OPEN TOP,HC,FCL,CY/CFS,DSV,12554.53
Import (NL buyer),Ebag Helicopters B.V.,88062300,880623,7,"Unmanned aircraft; for remote-controlled flight only, for other than for carriage of passengers, with the maximum take-off weight of more than 7kg but not more than 25kg",MARKS5132,Italy,Netherlands,Netherlands,5,2018,11,2018-11,2018-11-17,20181101,20181101,export,1,695019.83,184643.89,kg,KG,AIRBUS HELICOPTERS ITALIA SRL,[in full dataset],VILLAFRANCA DI VERONA,,www.airbus.com,[in full dataset],Y,Ebag Helicopters B.V.,[in full dataset],Ede GLD,,,,Y,AIRBUS HELICOPTERS ITALIA SRL,[in full dataset],,6619.1,6619.1,La Spezia,Amsterdam,Ede GLD,1,1,8.27,COSCO UNIVERSE,IMO3378630,MH,V937,113,APLU,HBL,EGLV514322047,MAEU496111854,MSCU2970816,45HC,OPEN TOP,RF,FCL,CY/CFS,DB Schenker,167136.83
Import (NL buyer),Bascom Camera's B.V.,90215000,902150,6,Pacemakers; for stimulating heart muscles (excluding parts and accessories),MARKS8259,Poland,Netherlands,Netherlands,5,2019,12,2019-12,2019-12-04,20191220,20191220,import,1,12434183.51,17098.51,kg,KG,SELIGA MICROSCOPES SP Z O O,[in full dataset],Łódź,,www.seliga.pl,[in full dataset],Y,Bascom Camera's B.V.,[in full dataset],Nieuwegein,,www.bewakingscamera.nl,[in full dataset],Y,SELIGA MICROSCOPES SP Z O O,[in full dataset],,2562.7,2562.7,Gdynia,Rotterdam,Nieuwegein,1,1,3.2,CSCL GLOBE,IMO1483801,SG,V475,435,HLCU,HBL,ONEY706195583,CMDU812782274,MSCU5653001,40GP,FLAT RACK,GP,LCL,CY/CFS,CEVA Logistics,15563.14
Export (NL seller),Eni Energy Jakarta B.V.,27011290,270112,7,"Coal; bituminous, whether or not pulverised, but not agglomerated",MARKS5053,Netherlands,Kazakhstan,Kazakhstan,5,2016,10,2016-10,2016-10-18,20161002,20161002,export,1,241257.7,2982.73,kg,KG,Eni Energy Jakarta B.V.,[in full dataset],'s-Gravenhage,,www.neptuneenergy.com,[in full dataset],Y,"MANGISTAUMUNAIGAZ, AO",[in full dataset],Aktau,,mmg.kz,[in full dataset],N,Eni Energy Jakarta B.V.,[in full dataset],,21511.4,21511.4,Rotterdam,Main Container Port,Aktau,1,1,26.89,HYUNDAI LOYALTY,IMO8621947,PA,V728,538,COSU,SWB,MSCU598090190,EGLV250656774,TCLU9036562,40HC,REEFER,GP,FCL,CFS/CFS,Bollore Logistics,2665.74
Import (NL buyer),Ocean Fish B.V.,03046900,030469,6,"Fish fillets; frozen, carp (Cyprinus/Carassius/Ctenopharyngodon idellus/Hypophthalmichthys/Cirrhinus/Mylopharyngodon piceus/Catla catla/Labeo/Osteochilus hasselti/Leptobarbus hoeveni/Megalobrama), eels (Anguilla) and snakeheads (Channa)",MARKS7859,Hong Kong,Netherlands,Netherlands,5,2017,8,2017-08,2017-08-20,20170814,20170814,import,1,7625.64,8387.2,kg,KG,YuanShengTai Dairy Farm Limited,[in full dataset],North Point,,www.ystdfarm.com,[in full dataset],Y,Ocean Fish B.V.,[in full dataset],Wageningen,,www.oceanfish.nl,[in full dataset],N,YuanShengTai Dairy Farm Limited,[in full dataset],,20582,20582,Hong Kong (Kwai Tsing),Amsterdam,Wageningen,1,1,25.73,MOL TRIUMPH,IMO6400131,LR,V402,706,ZIMU,MBL,YMLU655048201,ONEY529018113,TCLU4413870,40GP,DRY,GP,LCL,CY/CFS,DHL Global Forwarding,7625.64
Export (NL seller),Osprey Energy Supply & Trade B.V.,27109900,271099,7,"Waste Oils; of petroleum or obtained from bituminous minerals, not crude and preparations n.e.c., weight 70% or preparations of the same, not containing polychlorinated biphenyls (PCBs), polychorinated terphenyls (PCTs) or polybrominated biphenyls (PBBs)",MARKS6299,Netherlands,South Africa,South Africa,5,2025,10,2025-10,2025-10-15,20251024,20251024,import,1,23758643.52,1050.33,kg,KG,Osprey Energy Supply & Trade B.V.,[in full dataset],Dordrecht,,,,Y,NG GLOBAL ENERGY SOLUTIONS (PTY) LTD,[in full dataset],GLENSTANTIA,,www.ngglobal.co.za,[in full dataset],Y,Osprey Energy Supply & Trade B.V.,[in full dataset],,17575.6,17575.6,Amsterdam,Cape Town,GLENSTANTIA,1,1,21.97,HYUNDAI LOYALTY,IMO4824913,PA,V981,695,CMDU,HBL,MSCU264015705,CMDU835173749,TCLU8569598,40GP,TANK,RF,FCL,CFS/CFS,CEVA Logistics,935.93
Import (NL buyer),KRAMERS' Seafood Trading B.V.,03025200,030252,5,"Fish; fresh or chilled, haddock (Melanogrammus aeglefinus), excluding fillets, fish meat of 0304, and edible fish offal of subheadings 0302.91 to 0302.99",MARKS5042,Hungary,Netherlands,Netherlands,7,2017,6,2017-06,2017-06-27,20170616,20170616,import,1,1756.22,1862.67,kg,KG,Megyer Agro Kft.,[in full dataset],Győr,,,,Y,KRAMERS' Seafood Trading B.V.,[in full dataset],Urk,,www.kramersseafood.com,[in full dataset],Y,Megyer Agro Kft.,[in full dataset],,6433.2,6433.2,Budapest (inland),Amsterdam,Urk,1,1,8.04,COSCO UNIVERSE,IMO7467100,SG,V201,929,HLCU,SWB,ONEY756152594,EGLV856701211,TGHU9592855,40HC,FLAT RACK,HC,FCL,CY/CFS,DHL Global Forwarding,1756.22
Export (NL seller),Elha Cosmetics B.V.,30025900,300259,9,"Cell cultures, whether or not modified; other cell cultures not including cell therapy products",MARKS2947,Netherlands,Algeria,Algeria,9,2015,6,2015-06,2015-06-20,20150605,20150605,export,1,10054230.64,726.04,kg,KG,Elha Cosmetics B.V.,[in full dataset],Burgerveen,,www.elha-cosmetics.nl,[in full dataset],Y,LA GENERALE PHARMACIE SKIKDA,[in full dataset],Skikda,,,,Y,Elha Cosmetics B.V.,[in full dataset],,24780.7,24780.7,Rotterdam,Main Container Port,Skikda,1,1,30.98,EVER ACME,IMO6821965,PA,V412,802,APLU,MBL,COSU785355420,CMDU997932889,TCLU6958778,20GP,FLAT RACK,GP,LCL,CY/CFS,Kuehne + Nagel,640.99
Import (NL buyer),Kruidvat Health Services B.V.,30044300,300443,5,"Medicaments; containing alkaloids or their derivatives, containing norephedrine or its salts, for therapeutic or prophylactic uses, packaged for retail sale",MARKS9700,Panama,Netherlands,Netherlands,6,2015,6,2015-06,2015-06-26,20150620,20150620,import,1,75940.04,85335.97,kg,KG,"Divine Skin Laboratories, S.A.",[in full dataset],Panama,,,,Y,Kruidvat Health Services B.V.,[in full dataset],Renswoude,,www.kruidvat.nl,[in full dataset],Y,"Divine Skin Laboratories, S.A.",[in full dataset],,10770.3,10770.3,Main Container Port,Amsterdam,Renswoude,1,1,13.46,HMM ALGECIRAS,IMO6597908,SG,V867,491,HLCU,HBL,MSCU347273687,MSCU170599664,MSCU9939515,40GP,REEFER,GP,LCL,CY/CY,Sinotrans,75940.04
Export (NL seller),Pothelm,90303370,903033,7,"Instruments and apparatus; for measuring or checking voltage, current, resistance or power, without a recording device (excluding multimeters)",MARKS6959,Netherlands,Russia,Russia,6,2019,12,2019-12,2019-12-04,20191212,20191212,export,1,63854945.3,567.61,kg,KG,Pothelm,[in full dataset],Hengelo OV,,,,Y,"MOSENERGOSBYT, AO",[in full dataset],Moscow,,www.mosenergosbyt.ru,[in full dataset],Y,Pothelm,[in full dataset],,16591,16591,Amsterdam,Saint Petersburg,Moscow,1,1,20.74,MOL TRIUMPH,IMO7581705,SG,V272,846,EGLV,MBL,EGLV472377106,MSCU738276325,BMOU3251727,45HC,REEFER,RF,FCL,CFS/CFS,Nippon Express,522.06
Import (NL buyer),Transport & Offshore Services Energy B.V.,27102032,271020,6,"Petroleum oils and oils from bituminous minerals, containing biodiesel, not crude, not waste oils; preparations n.e.c, containing by weight 70% or more of petroleum oils or oils from bituminous minerals",MARKS9361,Japan,Netherlands,Netherlands,5,2025,10,2025-10,2025-10-05,20251022,20251022,import,1,358945.46,53391.53,kg,KG,"COSMO ENERGY HOLDINGS COMPANY,LIMITED",[in full dataset],CHUO-KU,,www.cosmo-energy.co.jp,[in full dataset],Y,Transport & Offshore Services Energy B.V.,[in full dataset],Rotterdam,,www.tospeople.com,[in full dataset],Y,"COSMO ENERGY HOLDINGS COMPANY,LIMITED",[in full dataset],,6723.3,6723.3,Kobe,Rotterdam,Rotterdam,1,1,8.4,MSC OSCAR,IMO9015188,PA,V346,737,MAEU,MBL,CMDU136191276,CMDU215943817,GESU1988769,40GP,TANK,RF,LCL,CFS/CFS,CEVA Logistics,49334.91
Import (NL buyer),Kuijpers Kip B.V.,03063210,030632,6,"Crustaceans; live, fresh or chilled, lobsters (Homarus spp.), whether in shell or not",MARKS8577,Israel,Netherlands,Netherlands,5,2017,7,2017-07,2017-07-27,20170707,20170707,import,1,10456.72,11190.05,kg,KG,TIV TAAM HACARMEL HOLDINGS LTD.,[in full dataset],Emek Hefer Industrial Park,,www.tivtaam.co.il,[in full dataset],Y,Kuijpers Kip B.V.,[in full dataset],Heeswijk Dinther,,www.kuijperskip.com,[in full dataset],Y,TIV TAAM HACARMEL HOLDINGS LTD.,[in full dataset],,18656.9,18656.9,Ashdod,Rotterdam,Heeswijk Dinther,1,1,23.32,YM WARRANTY,IMO5361971,SG,V809,589,ONEY,SWB,MAEU337531133,MSCU957476573,TGHU2353147,40HC,TANK,RF,LCL,CFS/CFS,Nippon Express,10456.72
Import (NL buyer),E-Zorg B.V.,90079100,900791,8,"Cameras, cinematographic; parts and accessories, whether or not incorporating sound recording apparatus",MARKS2747,Colombia,Netherlands,Netherlands,5,2019,12,2019-12,2019-12-08,20191217,20191217,import,1,4234.22,4472.98,kg,KG,COMPANIA MULTINACIONAL DE TRANSPORTE MASIVO S A S,[in full dataset],BOGOTA,,,,Y,E-Zorg B.V.,[in full dataset],Amersfoort,,www.ezorg.nl,[in full dataset],Y,COMPANIA MULTINACIONAL DE TRANSPORTE MASIVO S A S,[in full dataset],,5735.1,5735.1,Buenaventura,Amsterdam,Amersfoort,1,1,7.17,MSC OSCAR,IMO9691560,SG,V848,322,ONEY,SWB,MSCU145166278,CMDU642941819,MSCU1419075,40GP,FLAT RACK,HC,LCL,CY/CFS,Expeditors,4234.22
Import (NL buyer),VDP Retail Stores B.V.,90121000,901210,6,Microscopes (excluding optical microscopes); diffraction apparatus,MARKS2798,Germany,Netherlands,Netherlands,7,2020,2,2020-02,2020-02-24,20200225,20200225,export,1,384006144.4,36901.31,kg,KG,GEA Group Aktiengesellschaft,[in full dataset],Düsseldorf,,www.gea.com,[in full dataset],Y,VDP Retail Stores B.V.,[in full dataset],Made,,www.sportoutlet.nl,[in full dataset],Y,GEA Group Aktiengesellschaft,[in full dataset],,14239.6,14239.6,Wilhelmshaven,Rotterdam,Made,1,1,17.8,MSC GULSUN,IMO5426457,PA,V666,236,HLCU,HBL,YMLU190397500,MSCU335897606,BMOU9740359,40GP,OPEN TOP,GP,FCL,CY/CY,Bollore Logistics,32719.38
Import (NL buyer),'t Is Van Sis,90059000,900590,7,"Binoculars, monoculars, other optical telescopes, astronomical instruments (excluding those of radio-astronomy); parts and accessories (including mountings)",MARKS1956,Germany,Netherlands,Netherlands,7,2020,2,2020-02,2020-02-23,20200206,20200206,import,1,244719489.95,17071.32,kg,KG,Snap Camera GmbH,[in full dataset],Hamburg,,,,Y,'t Is Van Sis,[in full dataset],Obdam,,,,N,Snap Camera GmbH,[in full dataset],,11068.4,11068.4,Bremerhaven,Rotterdam,Obdam,1,1,13.84,CMA CGM JULES VERNE,IMO2579004,SG,V321,748,EGLV,SWB,EGLV242191050,CMDU862468841,FCIU4004488,45HC,TANK,HC,FCL,CY/CFS,CEVA Logistics,15054.08
Export (NL seller),Zusse & Zo B.V.,90154000,901540,6,Surveying equipment; photogrammetrical surveying instruments and appliances,MARKS3065,Netherlands,Turkiye,Turkiye,5,2020,2,2020-02,2020-02-12,20200204,20200204,export,1,37577920.08,524.8,kg,KG,Zusse & Zo B.V.,[in full dataset],Soest,,www.zusse.be,[in full dataset],Y,MLP SAGLIK HIZMETLERI ANONIM SIRKETI,[in full dataset],Istanbul (Europe),,www.mlpcare.com,[in full dataset],Y,Zusse & Zo B.V.,[in full dataset],,522.1,522.1,Amsterdam,Main Container Port,Istanbul (Europe),1,1,0.65,APL MEXICO CITY,IMO7549775,MH,V929,381,ZIMU,MBL,MSCU683062402,EGLV829375923,MSCU7789423,20GP,TANK,RF,FCL,CY/CY,DHL Global Forwarding,456.46
Export (NL seller),The Care Centers Europe B.V.,30066000,300660,7,"Pharmaceutical goods; chemical contraceptive preparations based on hormones, on other products of heading 2937 or on spermicides",MARKS1259,Netherlands,Thailand,Thailand,9,2015,6,2015-06,2015-06-06,20150626,20150626,export,1,8209224.56,367.98,kg,KG,The Care Centers Europe B.V.,[in full dataset],Hoogwoud,,www.thecarecenters.com,[in full dataset],Y,BERLI JUCKER PUBLIC COMPANY LIMITED,[in full dataset],KHLONG TOEI,,www.bjc.co.th,[in full dataset],Y,The Care Centers Europe B.V.,[in full dataset],,4881.4,4881.4,Amsterdam,Laem Chabang,KHLONG TOEI,1,1,6.1,MAERSK MOLLER,IMO2299196,LR,V475,349,YMLU,HBL,COSU645076750,HLCU870901878,CAIU7817031,45HC,DRY,GP,FCL,CY/CY,DHL Global Forwarding,338
Export (NL seller),Low Land B.V.,03034518,030345,7,"Fish; frozen, Atlantic and Pacific bluefin tunas (Thunnus thynnus, Thunnus orientalis), excluding fillets, fish meat of 0304, and edible fish offal of subheadings 0303.91 to 0303.99",MARKS6886,Netherlands,Aruba,Aruba,7,2017,9,2017-09,2017-09-07,20170914,20170914,export,1,43286.53,17280.97,kg,KG,Low Land B.V.,[in full dataset],IJmuiden,,,,Y,297 Farm VBA,[in full dataset],ORANJESTAD,,www.facebook.com/297Farm,[in full dataset],Y,Low Land B.V.,[in full dataset],,6648.7,6648.7,Rotterdam,Main Container Port,ORANJESTAD,1,1,8.31,EVER GIVEN,IMO2471194,SG,V903,656,CMDU,MBL,CMDU301515057,CMDU280260454,TCLU7255923,40HC,REEFER,RF,FCL,CFS/CFS,Kuehne + Nagel,16328.13
Import (NL buyer),BAM International B.V.,73181100,731811,8,Iron or steel; threaded coach screws,MARKS6574,Kazakhstan,Netherlands,Netherlands,7,2021,3,2021-03,2021-03-15,20210323,20210323,import,1,10854.35,11997.47,kg,KG,"NATSIONALNAYA ATOMNAYA KOMPANIYA KAZATOMPROM, AO",[in full dataset],Astana,,kazatomprom.kz,[in full dataset],Y,BAM International B.V.,[in full dataset],Gouda,,www.bam.com,[in full dataset],N,"NATSIONALNAYA ATOMNAYA KOMPANIYA KAZATOMPROM, AO",[in full dataset],,13193.4,13193.4,Main Container Port,Rotterdam,Gouda,1,1,16.49,MOL TRIUMPH,IMO8638030,MH,V185,74,ONEY,HBL,YMLU161396161,ONEY897543102,BMOU4629239,40HC,FLAT RACK,GP,LCL,CY/CY,Sinotrans,10854.35
Import (NL buyer),De Jong Engineering B.V.,84798100,847981,8,"Machines and mechanical appliances; for treating metal, including electric wire coil-winders",MARKS8094,Bahrain,Netherlands,Netherlands,7,2018,12,2018-12,2018-12-03,20181216,20181216,import,1,85768.64,22266.85,kg,KG,NASS CORPORATION BSC,[in full dataset],Manama,,www.nasscorporation.com,[in full dataset],Y,De Jong Engineering B.V.,[in full dataset],Hedel,,www.dejongengineering.nl,[in full dataset],Y,NASS CORPORATION BSC,[in full dataset],,24072.9,24072.9,Main Container Port,Amsterdam,Hedel,1,1,30.09,MSC OSCAR,IMO5651038,MH,V225,670,CMDU,SWB,ONEY560100894,MSCU971046621,TCLU4603327,45HC,DRY,HC,LCL,CY/CFS,Bollore Logistics,20052.47
Export (NL seller),ASSA ABLOY Entrance Systems Production Netherlands B.V.,73062900,730629,7,"Iron or steel (excluding cast iron); casing and tubing of a kind used in drilling for oil and gas (other than stainless steel or seamless), n.e.c. in chapter 73",MARKS9847,Netherlands,Cyprus,Cyprus,9,2021,3,2021-03,2021-03-06,20210317,20210317,export,1,393004.23,2069.07,kg,KG,ASSA ABLOY Entrance Systems Production Netherlands B.V.,[in full dataset],Heerhugowaard,,,,Y,NORECOM LIMITED,[in full dataset],Limassol,,www.norecom.com,[in full dataset],Y,ASSA ABLOY Entrance Systems Production Netherlands B.V.,[in full dataset],,17088.9,17088.9,Amsterdam,Main Container Port,Limassol,1,1,21.36,EVER GIVEN,IMO8639662,LR,V601,898,HMMU,MBL,ONEY258886730,MAEU761693908,TCLU6993061,40HC,FLAT RACK,GP,FCL,CFS/CFS,Sinotrans,1933.43
Export (NL seller),AgruniekRijnvallei Plant B.V.,38229000,382290,9,"Reagents; diagnostic or laboratory reagents on a backing, prepared diagnostic or laboratory reagents whether or not on a backing, or put up in the form of kits, other than those of heading 30.06; certified reference materials, n.e.c. in heading 3822",MARKS9966,Netherlands,Cambodia,Cambodia,9,2023,7,2023-07,2023-07-22,20230717,20230717,export,1,17407.73,19555.47,kg,KG,AgruniekRijnvallei Plant B.V.,[in full dataset],Waardenburg,,www.agruniekrijnvallei.nl,[in full dataset],Y,TTY AGRICULTURAL PLANT DEVELOPMENT & IMEX COMPANY LIMITED,[in full dataset],Phnom Penh,,www.ttycorp.com,[in full dataset],Y,AgruniekRijnvallei Plant B.V.,[in full dataset],,9743.6,9743.6,Amsterdam,Main Container Port,Phnom Penh,1,1,12.18,ONE APUS,IMO8231297,MH,V676,877,HMMU,HBL,COSU234148517,CMDU395491549,CAIU3764407,40GP,FLAT RACK,GP,LCL,CY/CY,Sinotrans,17407.73
Export (NL seller),Keukenloods Almere B.V.,84669280,846692,5,"Parts & accessories suited for use solely/principally for the machines of heading no. 8465, n.e.c. in heading no. 8466",MARKS9117,Netherlands,Cape Verde,Cape Verde,8,2022,6,2022-06,2022-06-06,20220615,20220615,export,1,212026.39,4636.28,kg,KG,Keukenloods Almere B.V.,[in full dataset],Almere,,www.keukenloods.nl,[in full dataset],Y,MICROMAT LDA,[in full dataset],Santiago,,,,Y,Keukenloods Almere B.V.,[in full dataset],,11811.1,11811.1,Rotterdam,Main Container Port,Santiago,1,1,14.76,COSCO UNIVERSE,IMO5998377,LR,V517,952,HLCU,HBL,EGLV917171777,MSCU458200448,MSCU6354420,20GP,TANK,HC,LCL,CY/CFS,Bollore Logistics,4068.23
Import (NL buyer),Kite Pharma EU B.V.,30043100,300431,8,"Medicaments; containing insulin, for therapeutic or prophylactic uses, packaged for retail sale",MARKS7995,Luxembourg,Netherlands,Netherlands,6,2015,6,2015-06,2015-06-07,20150627,20150627,import,1,541771.79,27278.71,kg,KG,PFIZER LUXEMBOURG SARL,[in full dataset],Luxembourg,,www.pfizer.be,[in full dataset],Y,Kite Pharma EU B.V.,[in full dataset],Hoofddorp,,www.kitepharma.com,[in full dataset],Y,PFIZER LUXEMBOURG SARL,[in full dataset],,8610.3,8610.3,Main Container Port,Rotterdam,Hoofddorp,1,1,10.76,MADRID MAERSK,IMO7232691,LR,V468,498,OOLU,HBL,HLCU584599001,CMDU257925353,FCIU7770289,45HC,REEFER,HC,FCL,CFS/CFS,DB Schenker,25001.09
Export (NL seller),Strukton Rail Equipment B.V.,84452000,844520,6,Textile machinery; spinning machines,MARKS6748,Netherlands,Antigua and Barbuda,Antigua and Barbuda,7,2022,6,2022-06,2022-06-26,20220620,20220620,export,1,271339.72,12235.07,kg,KG,Strukton Rail Equipment B.V.,[in full dataset],'s-Hertogenbosch,,www.struktonrail.com,[in full dataset],Y,Next International Limited,[in full dataset],Coolidge,,www.nextintl.com,[in full dataset],Y,Strukton Rail Equipment B.V.,[in full dataset],,16158.5,16158.5,Amsterdam,Main Container Port,Coolidge,1,1,20.2,MSC OSCAR,IMO5119707,SG,V641,242,CMDU,HBL,EGLV658249918,ONEY789252074,FCIU2921888,40GP,DRY,HC,FCL,CFS/CFS,DHL Global Forwarding,11107.4
Import (NL buyer),MTW (Montage Techniek Wooninck) B.V.,90089000,900890,5,"Photographic (other than cinematographic) image projectors, enlargers, and reducers; parts and accessories",MARKS9887,Ireland,Netherlands,Netherlands,5,2020,2,2020-02,2020-02-18,20200203,20200203,import,1,272882973.04,34237.5,kg,KG,DECATHLON SPORTS IRELAND LIMITED,[in full dataset],Dublin 11,,www.decathlon.ie,[in full dataset],Y,MTW (Montage Techniek Wooninck) B.V.,[in full dataset],Wageningen,,www.mtw-bv.nl,[in full dataset],Y,DECATHLON SPORTS IRELAND LIMITED,[in full dataset],,8209.8,8209.8,Dublin,Rotterdam,Wageningen,1,1,10.26,APL MEXICO CITY,IMO2137230,MH,V671,124,OOLU,SWB,MAEU654424570,HLCU591244062,TCLU7186341,40GP,REEFER,HC,FCL,CY/CFS,Bollore Logistics,30974.22
Import (NL buyer),PL-Strips,90311000,903110,6,Machines; for balancing mechanical parts,MARKS9068,Ireland,Netherlands,Netherlands,7,2020,2,2020-02,2020-02-18,20200205,20200205,import,1,272882973.04,4902.87,kg,KG,SOLTA MEDICAL IRELAND LIMITED,[in full dataset],DUBLIN,,,,Y,PL-Strips,[in full dataset],Nijmegen,,,,Y,SOLTA MEDICAL IRELAND LIMITED,[in full dataset],,3635.8,3635.8,Dublin,Amsterdam,Nijmegen,1,1,4.54,YM WARRANTY,IMO2102404,PA,V733,937,OOLU,SWB,HLCU802493382,YMLU676547088,TCLU5682009,45HC,OPEN TOP,GP,LCL,CFS/CFS,Sinotrans,4280.5
Export (NL seller),Basic Fit International B.V.,84743900,847439,5,"Machines; for mixing or kneading mineral substances, excluding concrete mixers and machines for mixing mineral substances with bitumen",MARKS2841,Netherlands,Brunei,Brunei,5,2022,6,2022-06,2022-06-01,20220615,20220615,export,1,264302.88,44395.08,kg,KG,Basic Fit International B.V.,[in full dataset],Hoofddorp,,,,Y,AMANIAGA RESOURCES (B) SDN BHD,[in full dataset],Kuala Belait,,www.amaniaga.com.my,[in full dataset],N,Basic Fit International B.V.,[in full dataset],,15032,15032,Amsterdam,Main Container Port,Kuala Belait,1,1,18.79,BARZAN,IMO8110941,PA,V150,137,EGLV,HBL,HLCU486310970,COSU247036266,TCLU8651632,45HC,OPEN TOP,RF,FCL,CFS/CFS,Nippon Express,39797.06
Import (NL buyer),Garfield Aluminium B.V.,76032000,760320,7,"Aluminium; powders of lamellar structure, flakes",MARKS6290,Malta,Netherlands,Netherlands,8,2022,10,2022-10,2022-10-07,20221028,20221028,import,1,3154.04,3481.92,kg,KG,INTERGOLD CO LTD,[in full dataset],Marsa,,,,Y,Garfield Aluminium B.V.,[in full dataset],Schiedam,,www.garfield.nl,[in full dataset],Y,INTERGOLD CO LTD,[in full dataset],,9198.6,9198.6,Main Container Port,Rotterdam,Schiedam,1,1,11.5,EVER GIVEN,IMO3165783,SG,V825,924,YMLU,HBL,ONEY175640023,ONEY911091738,TGHU9662802,40HC,FLAT RACK,RF,FCL,CFS/CFS,Nippon Express,3154.04
Import (NL buyer),Pon Equipment + Power Systems B.V.,84522900,845229,9,Sewing machines; not household or automatic unit type,MARKS4938,Kenya,Netherlands,Netherlands,6,2018,12,2018-12,2018-12-10,20181218,20181218,import,1,24458.97,26179.14,kg,KG,OSHO CHEMICAL INDUSTRIES LIMITED,[in full dataset],Nairobi,,www.oshochem.com,[in full dataset],Y,Pon Equipment + Power Systems B.V.,[in full dataset],Amsterdam,,,,N,OSHO CHEMICAL INDUSTRIES LIMITED,[in full dataset],,2598.4,2598.4,Main Container Port,Amsterdam,Amsterdam,1,1,3.25,CSCL GLOBE,IMO2191800,SG,V476,307,HLCU,SWB,ONEY978995914,MSCU717375916,BMOU6285048,40HC,REEFER,RF,FCL,CY/CFS,Bollore Logistics,24458.98
Export (NL seller),Varkens KI Nederland B.V.,03061799,030617,8,"Crustaceans; frozen, shrimps and prawns, excluding cold-water varieties, in shell or not, smoked, cooked or not before or during smoking; in shell, cooked by steaming or by boiling in water",MARKS3144,Netherlands,Bulgaria,Bulgaria,5,2017,5,2017-05,2017-05-14,20170524,20170524,export,1,78707.29,6118.21,kg,KG,Varkens KI Nederland B.V.,[in full dataset],'s-Hertogenbosch,,www.varkenski.nl,[in full dataset],Y,K-EI-G AD,[in full dataset],Varna,,,,Y,Varkens KI Nederland B.V.,[in full dataset],,9778,9778,Rotterdam,Main Container Port,Varna,1,1,12.22,MOL TRIUMPH,IMO9933458,PA,V235,314,MSCU,MBL,CMDU509390675,MSCU791967217,MSCU5829165,40HC,OPEN TOP,GP,FCL,CY/CY,Yusen Logistics,5473.8
Export (NL seller),Conclusion Digital B.V.,84073491,840734,6,"Engines; reciprocating piston engines, of a kind used for the propulsion of vehicles of chapter 87, of a cylinder capacity exceeding 1000cc",MARKS5235,Netherlands,Maldives,Maldives,8,2022,6,2022-06,2022-06-27,20220621,20220621,export,1,214094.12,34809.44,kg,KG,Conclusion Digital B.V.,[in full dataset],Utrecht,,www.conslusiondigital.nl,[in full dataset],Y,ASIA TECH PVT LTD,[in full dataset],Male,,,,Y,Conclusion Digital B.V.,[in full dataset],,5214.5,5214.5,Rotterdam,Main Container Port,Male,1,1,6.52,CSCL GLOBE,IMO4536455,MH,V116,686,MSCU,HBL,MAEU952235061,YMLU150975331,BMOU1354980,40GP,REEFER,RF,LCL,CFS/CFS,DHL Global Forwarding,31412.08
Export (NL seller),TBK Klimaat B.V.,84181080,841810,6,"Refrigerators and freezers; combined refrigerator-freezers, fitted with separate external doors, electric or other",MARKS2397,Netherlands,Eswatini,Eswatini,8,2022,6,2022-06,2022-06-24,20220613,20220613,export,1,304833.36,7265.28,kg,KG,TBK Klimaat B.V.,[in full dataset],Badhoevedorp,,www.t-b-k.nl,[in full dataset],Y,SWAZILAND ALLIED INDUSTRIES,[in full dataset],MANZINI,,,,Y,TBK Klimaat B.V.,[in full dataset],,16772.8,16772.8,Amsterdam,Main Container Port,MANZINI,1,1,20.97,COSCO UNIVERSE,IMO1116936,SG,V530,361,YMLU,SWB,ONEY173526898,HLCU955016061,BMOU5715727,40GP,TANK,RF,FCL,CY/CFS,Bollore Logistics,6329.64
Export (NL seller),Beheermaatschappij Kara Energy Systems B.V.,27129011,271290,5,"Paraffin wax; containing by weight 0.75% or more of oil, obtained by synthesis or by other processes, whether or not coloured",MARKS8322,Netherlands,Morocco,Morocco,7,2025,10,2025-10,2025-10-04,20251015,20251015,export,1,7042685.35,2309.64,kg,KG,Beheermaatschappij Kara Energy Systems B.V.,[in full dataset],Almelo,,,,Y,NEWMED ENERGY UK MOROCCO BRANCH,[in full dataset],Casablanca,,,,Y,Beheermaatschappij Kara Energy Systems B.V.,[in full dataset],,7348.3,7348.3,Rotterdam,Casablanca,Casablanca,1,1,9.19,HYUNDAI LOYALTY,IMO1462675,SG,V830,991,COSU,SWB,ONEY494697441,HLCU264210106,TCLU1086382,40HC,OPEN TOP,RF,FCL,CY/CFS,Bollore Logistics,2120
Export (NL seller),Tolsma Tankbouw B.V.,73239900,732399,6,"Iron or steel; table, kitchen and other household articles and parts thereof, of iron or steel n.e.c. in heading no. 7323",MARKS5328,Netherlands,Egypt,Egypt,8,2021,3,2021-03,2021-03-03,20210320,20210320,import,1,1521478.96,1411.81,kg,KG,Tolsma Tankbouw B.V.,[in full dataset],Heerenveen,,www.tolsmatanks.nl,[in full dataset],Y,EGYPTIAN METTALIC CONSTRUCTION,[in full dataset],Cairo,,www.metalco.com.eg,[in full dataset],Y,Tolsma Tankbouw B.V.,[in full dataset],,12313.4,12313.4,Rotterdam,Alexandria,Cairo,1,1,15.39,CSCL GLOBE,IMO9531179,PA,V703,974,MAEU,MBL,MSCU746888705,MSCU436550505,GESU2794010,40HC,TANK,GP,FCL,CY/CY,DHL Global Forwarding,1249.04
Export (NL seller),Den Hartogh Equipment Food B.V.,84189100,841891,5,"Refrigerating or freezing equipment; parts, furniture designed to receive refrigerating or freezing equipment",MARKS8758,Netherlands,Seychelles,Seychelles,6,2022,6,2022-06,2022-06-10,20220618,20220618,export,1,162912.24,24981.96,kg,KG,Den Hartogh Equipment Food B.V.,[in full dataset],Barneveld,,,,Y,LERTA BUSINESS INC,[in full dataset],Victoria,,,,Y,Den Hartogh Equipment Food B.V.,[in full dataset],,21942,21942,Rotterdam,Main Container Port,Victoria,1,1,27.43,COSCO UNIVERSE,IMO6387142,LR,V523,751,COSU,SWB,ONEY922637930,MSCU621847466,TGHU3458656,45HC,REEFER,RF,FCL,CY/CFS,DSV,22794
Import (NL buyer),Norwegian Seafood Europe B.V.,03061210,030612,6,"Crustaceans; frozen, lobsters (Homarus spp.), in shell or not, smoked, cooked or not before or during smoking; in shell, cooked by steaming or by boiling in water",MARKS8410,Hungary,Netherlands,Netherlands,9,2017,9,2017-09,2017-09-17,20170920,20170920,import,1,1297.49,1428.82,kg,KG,PECA FISH KFT,[in full dataset],Kelebia,,,,N,Norwegian Seafood Europe B.V.,[in full dataset],Urk,,,,Y,PECA FISH KFT,[in full dataset],,1831.5,1831.5,Budapest (inland),Rotterdam,Urk,1,1,2.29,CMA CGM JULES VERNE,IMO3274085,SG,V460,583,EGLV,HBL,HLCU469435856,ONEY191065771,MSCU8510808,20GP,TANK,RF,FCL,CY/CY,Nippon Express,1297.49
Export (NL seller),Dapper's Kantoorvakhandel B.V.,90211090,902110,7,Orthopaedic or fracture appliances,MARKS3372,Netherlands,Serbia,Serbia,8,2019,12,2019-12,2019-12-07,20191208,20191208,export,1,3074781.55,214.87,kg,KG,Dapper's Kantoorvakhandel B.V.,[in full dataset],Bilthoven,,www.lowprint.nl,[in full dataset],Y,ITX RS DOO BEOGRAD,[in full dataset],Beograd (Novi Beograd),,www.zara.com,[in full dataset],N,Dapper's Kantoorvakhandel B.V.,[in full dataset],,6303.2,6303.2,Amsterdam,Main Container Port,Beograd (Novi Beograd),1,1,7.88,EVER ACME,IMO2327349,SG,V712,242,MSCU,HBL,MSCU761757783,MAEU890862969,TGHU9441692,40HC,REEFER,HC,FCL,CY/CFS,Expeditors,200
Import (NL buyer),Stichting Amsterdam UMC,90071000,900710,9,"Cameras, cinematographic; whether or not incorporating sound recording apparatus",MARKS5392,Mauritius,Netherlands,Netherlands,6,2019,12,2019-12,2019-12-05,20191227,20191227,import,1,8452.89,9384.33,kg,KG,ELIXIR PRODUCTS DISTRIBUTION LTD,[in full dataset],Goodlands,,,,Y,Stichting Amsterdam UMC,[in full dataset],Amsterdam,,www.amsterdamumc.nl,[in full dataset],Y,ELIXIR PRODUCTS DISTRIBUTION LTD,[in full dataset],,11236.8,11236.8,Main Container Port,Amsterdam,Amsterdam,1,1,14.05,HMM ALGECIRAS,IMO9783641,LR,V849,812,EGLV,SWB,COSU684160576,HLCU511984593,TCLU5993790,20GP,REEFER,GP,FCL,CY/CY,CEVA Logistics,8452.89
Export (NL seller),De Hoeve B.V.,87120070,871200,6,"Bicycles and other cycles; including delivery tricycles, not motorised",MARKS2651,Netherlands,French Polynesia,French Polynesia,7,2024,1,2024-01,2024-01-15,20240119,20240119,export,1,198978.39,16776.82,kg,KG,De Hoeve B.V.,[in full dataset],Cuijk,,www.dehoeve.nl,[in full dataset],Y,POLYNESIAN COMPANY OF AUTOMOBILES AND TRANSPORT OR PUBLIC WORKS VEHICLES,[in full dataset],Papeete,,www.sopadep.pf,[in full dataset],Y,De Hoeve B.V.,[in full dataset],,13669.8,13669.8,Amsterdam,Main Container Port,Papeete,1,1,17.09,HYUNDAI LOYALTY,IMO8027276,PA,V325,684,EGLV,HBL,COSU181795325,MSCU289396230,CAIU6493014,40HC,DRY,RF,LCL,CFS/CFS,Bollore Logistics,15453.67
Export (NL seller),Pharma Consulting & Industries (PC&I) B.V.,30066000,300660,8,"Pharmaceutical goods; chemical contraceptive preparations based on hormones, on other products of heading 2937 or on spermicides",MARKS8473,Netherlands,Paraguay,Paraguay,7,2015,6,2015-06,2015-06-04,20150605,20150605,export,1,899103.19,793.86,kg,KG,Pharma Consulting & Industries (PC&I) B.V.,[in full dataset],Eede ZLD,,,,Y,PHARMAZEL SOCIEDAD DE RESPONSABILIDAD LIMITADA,[in full dataset],Asunción,,,,Y,Pharma Consulting & Industries (PC&I) B.V.,[in full dataset],,9621.2,9621.2,Amsterdam,Main Container Port,Asunción,1,1,12.03,YM WARRANTY,IMO6564013,PA,V737,537,APLU,HBL,MSCU325310241,EGLV490182419,GESU9801469,45HC,TANK,RF,FCL,CY/CY,Sinotrans,711.6
Export (NL seller),Van Wijnen Materieel B.V.,84595100,845951,6,"Machine-tools; for milling by removing metal, knee-type, numerically controlled",MARKS6249,Netherlands,Antigua and Barbuda,Antigua and Barbuda,6,2022,6,2022-06,2022-06-20,20220617,20220617,export,1,271339.72,31889.6,kg,KG,Van Wijnen Materieel B.V.,[in full dataset],Baarn,,www.vanwijnen.nl,[in full dataset],Y,Joseph Dew Division of Dantzler West Indies Ltd.,[in full dataset],Coolidge,,,,Y,Van Wijnen Materieel B.V.,[in full dataset],,24008.1,24008.1,Rotterdam,Main Container Port,Coolidge,1,1,30.01,EVER ACME,IMO1182472,PA,V213,584,CMDU,MBL,ONEY165750682,MSCU873370317,CAIU9326185,45HC,OPEN TOP,RF,FCL,CFS/CFS,Sinotrans,30312.52
Export (NL seller),GS Staalwerken Gerwen B.V.,73021010,730210,5,"Iron or steel, railway or tramway track construction material; rails",MARKS7714,Netherlands,Tanzania,Tanzania,8,2021,3,2021-03,2021-03-08,20210325,20210325,export,1,112929.47,911.35,kg,KG,GS Staalwerken Gerwen B.V.,[in full dataset],Nuenen,,www.gsstaalwerken.com,[in full dataset],Y,SHANTA MINING COMPANY LIMITED,[in full dataset],Dar-es-salaam,,www.shantagold.com,[in full dataset],Y,GS Staalwerken Gerwen B.V.,[in full dataset],,22914,22914,Amsterdam,Main Container Port,Dar-es-salaam,1,1,28.64,HMM ALGECIRAS,IMO3848136,SG,V516,210,MAEU,MBL,ONEY477756276,MSCU327095588,FCIU1620303,40HC,REEFER,HC,LCL,CY/CFS,DHL Global Forwarding,830.32
Import (NL buyer),Teva Pharmaceuticals Europe B.V.,30021200,300212,9,"Blood, human or animal, antisera, other blood fractions and immunological products; antisera and other blood fractions",MARKS1626,Egypt,Netherlands,Netherlands,8,2015,6,2015-06,2015-06-22,20150625,20150625,export,1,618804.39,16102.77,kg,KG,PHARMA OVERSEAS TRADING AND DISTRIBUTION OF MEDICINES S.A.E,[in full dataset],Alexandria,,www.pharmaoverseas.com,[in full dataset],Y,Teva Pharmaceuticals Europe B.V.,[in full dataset],Haarlem,,www.tevapharm.com,[in full dataset],N,PHARMA OVERSEAS TRADING AND DISTRIBUTION OF MEDICINES S.A.E,[in full dataset],,17762.6,17762.6,Port Said,Amsterdam,Haarlem,1,1,22.2,EVER GIVEN,IMO3330086,MH,V416,96,HMMU,SWB,ONEY806052726,YMLU917218653,CAIU5374433,20GP,REEFER,RF,FCL,CY/CFS,CEVA Logistics,15053.21
Export (NL seller),New Neopharm B.V.,30044300,300443,5,"Medicaments; containing alkaloids or their derivatives, containing norephedrine or its salts, for therapeutic or prophylactic uses, packaged for retail sale",MARKS6385,Netherlands,Brazil,Brazil,8,2015,6,2015-06,2015-06-27,20150612,20150612,import,1,5362603,295,kg,KG,New Neopharm B.V.,[in full dataset],Groningen,,,,Y,GRANDA PRODUTOS VETERINARIOS LTDA,[in full dataset],RIO DE JANEIRO,,,,Y,New Neopharm B.V.,[in full dataset],,5968,5968,Amsterdam,Santos,RIO DE JANEIRO,1,1,7.46,YM WARRANTY,IMO3366859,PA,V883,610,HMMU,SWB,EGLV192872108,COSU782294755,BMOU5449722,40GP,TANK,GP,FCL,CFS/CFS,Nippon Express,276.51
Import (NL buyer),Wayfinding Nederland B.V.,73242100,732421,5,"Cast iron, baths, whether or not enamelled",MARKS9386,Egypt,Netherlands,Netherlands,8,2021,3,2021-03,2021-03-01,20210304,20210304,export,1,143252.01,23542,kg,KG,Gaber Beshai Group,[in full dataset],Cairo,,,,N,Wayfinding Nederland B.V.,[in full dataset],Veghel,,www.wayfindingnederiand.ni,[in full dataset],Y,Gaber Beshai Group,[in full dataset],,4123.7,4123.7,Alexandria,Amsterdam,Veghel,1,1,5.15,HMM ALGECIRAS,IMO6318523,MH,V483,809,APLU,MBL,COSU412666146,ONEY445227950,GESU1492941,40HC,FLAT RACK,GP,FCL,CY/CY,Sinotrans,20752.82
Export (NL seller),VolkerRail Plant & Equipment B.V.,84342000,843420,7,Dairy machinery,MARKS2949,Netherlands,El Salvador,El Salvador,8,2022,6,2022-06,2022-06-25,20220605,20220605,export,1,243996.44,67448.98,kg,KG,VolkerRail Plant & Equipment B.V.,[in full dataset],Vianen UT,,www.volkerrail.nl,[in full dataset],Y,Raf S.A. de C.V.,[in full dataset],San Salvador,,www.rafenlinea.com,[in full dataset],Y,VolkerRail Plant & Equipment B.V.,[in full dataset],,22730.1,22730.1,Rotterdam,Main Container Port,San Salvador,1,1,28.41,MADRID MAERSK,IMO1847488,PA,V328,915,YMLU,MBL,YMLU391905043,ONEY380499362,TGHU9893043,40HC,DRY,GP,LCL,CFS/CFS,CEVA Logistics,59460.4
Import (NL buyer),Van de Velde Vastgoedonderhoud B.V.,32151100,321511,6,"Ink; for printing, black, whether or not concentrated or solid",MARKS9197,Suriname,Netherlands,Netherlands,6,2026,2,2026-02,2026-02-06,20260206,20260206,import,1,4224.7,4672.5,kg,KG,Vishaals Trading,[in full dataset],Paramaribo,,,,Y,Van de Velde Vastgoedonderhoud B.V.,[in full dataset],Culemborg,,www.roza.nl,[in full dataset],N,Vishaals Trading,[in full dataset],,19020,19020,Main Container Port,Rotterdam,Culemborg,1,1,23.78,YM WARRANTY,IMO7130818,SG,V270,747,ZIMU,MBL,EGLV554287799,EGLV773195249,TCLU7941420,20GP,OPEN TOP,HC,FCL,CY/CFS,DB Schenker,4224.7
Import (NL buyer),Allinq Energy B.V.,27079100,270791,9,Oils and other products of the distillation of high temperature coal tar; creosote oils,MARKS4792,Slovakia,Netherlands,Netherlands,8,2016,10,2016-10,2016-10-04,20161018,20161018,import,1,118715.84,1311.48,kg,KG,"ENERGY ONE, s. r. o.",[in full dataset],Bratislava,,www.energyone.sk,[in full dataset],Y,Allinq Energy B.V.,[in full dataset],Harderwijk,,,,Y,"ENERGY ONE, s. r. o.",[in full dataset],,13952.8,13952.8,Main Container Port,Amsterdam,Harderwijk,1,1,17.44,HMM ALGECIRAS,IMO8611951,LR,V333,533,HLCU,HBL,EGLV399136674,ONEY692906288,MSCU7124284,20GP,DRY,GP,LCL,CY/CY,Nippon Express,1174.91
Export (NL seller),Duck-To Farm B.V.,03046300,030463,9,"Fish fillets; frozen, Nile Perch (Lates niloticus)",MARKS2223,Netherlands,Indonesia,Indonesia,8,2017,6,2017-06,2017-06-12,20170613,20170613,import,1,4121,4471.33,kg,KG,Duck-To Farm B.V.,[in full dataset],Ermelo,,www.br-tomassen.com,[in full dataset],Y,PT MEGA MARINE PRIDE,[in full dataset],Kabupaten Pasuruan,,www.megamarinepride.com,[in full dataset],Y,Duck-To Farm B.V.,[in full dataset],,12736.2,12736.2,Amsterdam,Makassar,Kabupaten Pasuruan,1,1,15.92,HMM ALGECIRAS,IMO9603388,SG,V563,925,OOLU,MBL,MSCU723162131,ONEY450988398,TGHU4747589,40HC,TANK,RF,LCL,CFS/CFS,Kuehne + Nagel,4121
Import (NL buyer),Weleda Benelux SE,30045000,300450,6,"Medicaments; containing vitamins or their derivatives, for therapeutic or prophylactic use, packaged for retail sale",MARKS7277,Brazil,Netherlands,Netherlands,6,2015,6,2015-06,2015-06-21,20150608,20150608,export,1,1609859,65625.97,kg,KG,GRANDA PRODUTOS VETERINARIOS LTDA,[in full dataset],RIO DE JANEIRO,,,,Y,Weleda Benelux SE,[in full dataset],Zoetermeer,,www.weleda.nl,[in full dataset],Y,GRANDA PRODUTOS VETERINARIOS LTDA,[in full dataset],,21735.5,21735.5,Itajai,Amsterdam,Zoetermeer,1,1,27.17,MAERSK MOLLER,IMO1702213,PA,V271,637,CMDU,SWB,EGLV230389373,EGLV859470195,GESU9582421,45HC,TANK,RF,LCL,CY/CFS,Yusen Logistics,57654.28
Export (NL seller),Cloud to Cloud beheer B.V.,90072000,900720,9,"Projectors, cinematographic; whether or not incorporating sound recording or reproducing apparatus",MARKS5402,Netherlands,United States,United States,9,2020,2,2020-02,2020-02-07,20200227,20200227,export,1,298467567.58,303.91,kg,KG,Cloud to Cloud beheer B.V.,[in full dataset],Enschede,,,,N,"McLeod Regional Medical Center of The Pee Dee, Inc.",[in full dataset],Florence,,www.mcleodhealth.org,[in full dataset],Y,Cloud to Cloud beheer B.V.,[in full dataset],,3836.9,3836.9,Rotterdam,"Norfolk, VA",Florence,1,1,4.8,COSCO UNIVERSE,IMO3419547,MH,V476,812,EGLV,SWB,COSU382288583,CMDU997293742,GESU5167158,40HC,FLAT RACK,GP,LCL,CFS/CFS,Nippon Express,280.06
Export (NL seller),TAD Inox Service B.V.,73084000,730840,9,"Iron or steel; structures and parts thereof, props and similar equipment for scaffolding, shuttering or pit-propping",MARKS9114,Netherlands,Hong Kong,Hong Kong,9,2021,3,2021-03,2021-03-08,20210319,20210319,export,1,422709.11,5232.56,kg,KG,TAD Inox Service B.V.,[in full dataset],Heerlen,,www.tadinox.nl,[in full dataset],Y,China Qinfa Group Limited,[in full dataset],Wan Chai,,www.qinfagroup.com,[in full dataset],N,TAD Inox Service B.V.,[in full dataset],,8061,8061,Rotterdam,Hong Kong (Kwai Tsing),Wan Chai,1,1,10.08,MOL TRIUMPH,IMO7265489,LR,V824,316,CMDU,MBL,MSCU388442643,MSCU181051403,TGHU4803771,45HC,OPEN TOP,RF,FCL,CY/CFS,CEVA Logistics,4961.23
Export (NL seller),voestalpine Metal Forming Netherlands Holding B.V.,73053900,730539,8,"Iron or steel (excluding cast iron); tubes and pipes (other than line pipe or casing of a kind used for oil or gas pipelines), welded (not longitudinally welded), having circular cross-sections, external diameter exceeds 406.4mm, (not seamless)",MARKS4957,Netherlands,Ivory Coast,Ivory Coast,9,2021,3,2021-03,2021-03-06,20210320,20210320,export,1,236578.84,1765.71,kg,KG,voestalpine Metal Forming Netherlands Holding B.V.,[in full dataset],Bunschoten Spakenburg,,www.voestalpine.com,[in full dataset],Y,SOCIETE DE CIMENT DE COTE D'IVOIRE,[in full dataset],Anyama,,sc-ci.com/,[in full dataset],N,voestalpine Metal Forming Netherlands Holding B.V.,[in full dataset],,22647.6,22647.6,Rotterdam,Main Container Port,Anyama,1,1,28.31,BARZAN,IMO9887504,SG,V856,513,OOLU,MBL,CMDU772013021,ONEY198856621,FCIU4758086,40GP,OPEN TOP,RF,FCL,CY/CY,Bollore Logistics,1680.1
Import (NL buyer),Inalfa Roof Systems Group B.V.,87036090,870360,8,"Vehicles; with both spark-ignition internal combustion piston engine and electric motor for propulsion, capable of being charged by plugging to external source of electric power",MARKS3542,Philippines,Netherlands,Netherlands,9,2024,1,2024-01,2024-01-13,20240126,20240126,import,1,1056119.92,24982.1,kg,KG,16TH AVENUE AUTOSHOP INC.,[in full dataset],Quezon City,,,,Y,Inalfa Roof Systems Group B.V.,[in full dataset],Oostrum LB,,www.inalfa.com,[in full dataset],Y,16TH AVENUE AUTOSHOP INC.,[in full dataset],,5831,5831,Manila North/South Harbor,Rotterdam,Oostrum LB,1,1,7.29,MADRID MAERSK,IMO1432246,LR,V687,751,HMMU,MBL,YMLU240716415,CMDU179068345,BMOU4998312,20GP,OPEN TOP,GP,FCL,CY/CY,Sinotrans,22246.32
Import (NL buyer),Alcomij Logistics B.V.,76042100,760421,8,"Aluminium; alloys, hollow profiles",MARKS2562,Suriname,Netherlands,Netherlands,7,2022,7,2022-07,2022-07-06,20220704,20220704,import,1,15315.18,17282.34,kg,KG,Kuldipsingh Geveltechniek NV,[in full dataset],Paramaribo,,www.kuldipsingh.net,[in full dataset],Y,Alcomij Logistics B.V.,[in full dataset],'s-Gravenzande,,www.alcomij.nl,[in full dataset],Y,Kuldipsingh Geveltechniek NV,[in full dataset],,17688.3,17688.3,Main Container Port,Rotterdam,'s-Gravenzande,1,1,22.11,ONE APUS,IMO4731372,SG,V679,617,MSCU,MBL,YMLU523844850,YMLU738013982,CAIU8843689,40HC,TANK,HC,FCL,CY/CY,DSV,15315.18
Import (NL buyer),Bayer Medical Care B.V.,90179000,901790,7,"Drawing, marking-out equipment and mathematical instruments; parts and accessories",MARKS7055,Angola,Netherlands,Netherlands,5,2019,12,2019-12,2019-12-15,20191217,20191217,import,1,70550.4,78948.28,kg,KG,GRIFEIRA MG - PRESTACAO DE SERVICOS LDA,[in full dataset],Cazenga,,,,Y,Bayer Medical Care B.V.,[in full dataset],Maastricht,,www.bayer.com,[in full dataset],Y,GRIFEIRA MG - PRESTACAO DE SERVICOS LDA,[in full dataset],,18876.1,18876.1,Main Container Port,Amsterdam,Maastricht,1,1,23.6,YM WARRANTY,IMO6074120,LR,V204,177,ONEY,SWB,HLCU993093805,HLCU993215165,TGHU2316816,45HC,OPEN TOP,HC,FCL,CY/CFS,DB Schenker,70550.4
Import (NL buyer),Agro Care WP7 Exploitatie B.V.,03075200,030752,7,"Molluscs; octopus (Octopus spp.), frozen",MARKS4675,Senegal,Netherlands,Netherlands,7,2017,8,2017-08,2017-08-21,20170808,20170808,import,1,3552.49,3916.94,kg,KG,GIE KOR FATOU KOR GNIAROU LE N'GOLGNICK DIONG AGRO PASTORAL MBOUR,[in full dataset],Mbour,,,,Y,Agro Care WP7 Exploitatie B.V.,[in full dataset],Middenmeer,,,,Y,GIE KOR FATOU KOR GNIAROU LE N'GOLGNICK DIONG AGRO PASTORAL MBOUR,[in full dataset],,16073.3,16073.3,Main Container Port,Amsterdam,Middenmeer,1,1,20.09,MSC OSCAR,IMO2127062,LR,V426,404,EGLV,MBL,MSCU861209271,EGLV443269553,CAIU2252223,20GP,REEFER,HC,FCL,CY/CY,CEVA Logistics,3552.5
Export (NL seller),VDL Agrotech B.V.,84614039,846140,8,"Machine-tools; gear cutting, gear grinding or gear finishing machines, working by removing metal, sintered metal carbides or cermets",MARKS2025,Netherlands,Fiji,Fiji,6,2022,6,2022-06,2022-06-16,20220603,20220603,export,1,4551.75,5209.02,kg,KG,VDL Agrotech B.V.,[in full dataset],Eindhoven,,www.vdlagrotech.nl,[in full dataset],Y,SINGH ENTERPRISES LTD.,[in full dataset],LAUTOKA,,,,Y,VDL Agrotech B.V.,[in full dataset],,19932.7,19932.7,Rotterdam,Main Container Port,LAUTOKA,1,1,24.92,MOL TRIUMPH,IMO9726919,MH,V241,184,CMDU,SWB,COSU563657076,CMDU462634651,FCIU3138196,40GP,TANK,GP,FCL,CY/CFS,Nippon Express,4551.75
Export (NL seller),Van Heugten Gemert B.V.,84862000,848620,7,Machines and apparatus of a kind used solely or principally for the manufacture of semiconductor devices or of electronic integrated circuits,MARKS7535,Netherlands,Nepal,Nepal,6,2022,6,2022-06,2022-06-05,20220617,20220617,export,1,121272.35,35265.99,kg,KG,Van Heugten Gemert B.V.,[in full dataset],Gemert,,www.van-heugten.nl,[in full dataset],Y,JALAP NEPAL (P) LTD.,,,,www.jalapnepal.com,[in full dataset],Y,Van Heugten Gemert B.V.,,,12845.3,12845.3,Rotterdam,Main Container Port,,1,1,16.06,EVER ACME,IMO3407191,LR,V732,599,YMLU,MBL,COSU105729657,EGLV272633878,CAIU8658247,45HC,DRY,RF,FCL,CY/CFS,Nippon Express,33527.03
Import (NL buyer),Centrient Pharmaceuticals International B.V.,30033100,300331,6,"Medicaments; containing insulin, for therapeutic or prophylactic uses, not packaged for retail sale",MARKS8784,Uruguay,Netherlands,Netherlands,7,2015,6,2015-06,2015-06-21,20150619,20150619,import,1,459569.29,713.27,kg,KG,UNIVERSAL LAB LTDA.,[in full dataset],MONTEVIDEO,,www.laboratoriouniversal.com.uy,[in full dataset],Y,Centrient Pharmaceuticals International B.V.,[in full dataset],Delft,,www.centrient.com,[in full dataset],Y,UNIVERSAL LAB LTDA.,[in full dataset],,6578.8,6578.8,Main Container Port,Amsterdam,Delft,1,1,8.22,YM WARRANTY,IMO7616447,LR,V815,625,EGLV,HBL,CMDU880690439,MAEU261240374,FCIU9196135,40GP,TANK,RF,FCL,CFS/CFS,DHL Global Forwarding,622.61
Import (NL buyer),Jan Terpstra Cycling World B.V.,90279000,902790,9,Microtomes and parts and accessories thereof,MARKS4089,Germany,Netherlands,Netherlands,6,2020,2,2020-02,2020-02-06,20200221,20200221,import,1,244719489.95,7685.92,kg,KG,zooplus SE,[in full dataset],München,,www.zooplus.de,[in full dataset],Y,Jan Terpstra Cycling World B.V.,[in full dataset],Leeuwarden,,www.cyclingworld.nl,[in full dataset],Y,zooplus SE,[in full dataset],,6619.5,6619.5,Wilhelmshaven,Amsterdam,Leeuwarden,1,1,8.27,MSC OSCAR,IMO3228705,LR,V437,97,ONEY,MBL,HLCU651272075,COSU882193786,CAIU5052729,40HC,TANK,HC,FCL,CY/CY,DSV,7178.95
Import (NL buyer),Purac Biochem B.V.,38249980,382499,6,"Chemical products, mixtures and preparations; n.e.c. heading 3824",MARKS7417,Iceland,Netherlands,Netherlands,7,2023,7,2023-07,2023-07-26,20230722,20230722,import,1,121680.49,9673.61,kg,KG,Bioeffect hf.,[in full dataset],Kopavogi,,www.bioeffect.is,[in full dataset],N,Purac Biochem B.V.,[in full dataset],Gorinchem,,www.corbion.com,[in full dataset],Y,Bioeffect hf.,[in full dataset],,24430.3,24430.3,Main Container Port,Rotterdam,Gorinchem,1,1,30.54,ONE APUS,IMO2300185,MH,V318,315,CMDU,HBL,HLCU290114904,YMLU912205882,TGHU8267740,40GP,DRY,GP,FCL,CY/CY,Nippon Express,8533.96
Import (NL buyer),Aalberts Surface Technologies Venlo B.V.,32061100,320611,9,"Colouring matter; pigments and preparations based on titanium dioxide, containing 80% or more by weight of titanium dioxide calculated on the dry matter",MARKS6275,Ukraine,Netherlands,Netherlands,9,2026,1,2026-01,2026-01-20,20260107,20260107,import,1,1084.61,1182.01,kg,KG,DMZ KOMINMET LLC,[in full dataset],Dnipro,,dmzkominmet.com.ua,[in full dataset],Y,Aalberts Surface Technologies Venlo B.V.,[in full dataset],Lomm,,www.aalberts-st.com,[in full dataset],Y,DMZ KOMINMET LLC,[in full dataset],,20195.3,20195.3,Main Container Port,Amsterdam,Lomm,1,1,25.24,HMM ALGECIRAS,IMO4263756,PA,V317,127,CMDU,SWB,MAEU519931506,HLCU471202539,TGHU5098415,40GP,FLAT RACK,RF,FCL,CY/CY,Sinotrans,1084.61
Import (NL buyer),Stichting Bedrijfstakpensioenfonds voor de Bouwnijverheid,87012210,870122,8,"Tractors; road tractors for semi-trailers, with both compression-ignition internal combustion piston engine (diesel or semi-diesel) and electric motors for propulsion",MARKS7612,Iceland,Netherlands,Netherlands,8,2024,1,2024-01,2024-01-21,20240120,20240120,import,1,188261.91,65937.88,kg,KG,Hekla hf.,[in full dataset],Reykjavik,,www.hekla.is,[in full dataset],Y,Stichting Bedrijfstakpensioenfonds voor de Bouwnijverheid,[in full dataset],Amsterdam,,mijn.bpfbouw.nl,[in full dataset],N,Hekla hf.,[in full dataset],,14363.5,14363.5,Main Container Port,Amsterdam,Amsterdam,1,1,17.95,APL MEXICO CITY,IMO5300119,MH,V742,510,YMLU,MBL,COSU180330709,MAEU357015057,TGHU6957237,45HC,OPEN TOP,HC,FCL,CY/CFS,Sinotrans,62444.57
Export (NL seller),Kraton Chemical B.V.,38151100,381511,9,"Catalysts, supported; reaction initiators, reaction accelerators and catalytic preparations, with nickel or nickel compounds as the active substance, n.e.c. or included",MARKS8274,Netherlands,Bosnia-Herzegovina,Bosnia-Herzegovina,6,2023,7,2023-07,2023-07-25,20230711,20230711,export,1,63526.82,14856.5,kg,KG,Kraton Chemical B.V.,[in full dataset],Almere,,www.kraton.com,[in full dataset],Y,"""GREEN WOOD"" d.o.o.",[in full dataset],Cajnice,,,,N,Kraton Chemical B.V.,[in full dataset],,11185.3,11185.3,Amsterdam,Main Container Port,Cajnice,1,1,13.98,MADRID MAERSK,IMO6879511,PA,V232,639,APLU,SWB,MSCU593026674,COSU531152021,FCIU5238992,45HC,OPEN TOP,RF,FCL,CFS/CFS,DSV,13344.06
Export (NL seller),Zeevisgroothandel Urk Fish B.V.,03069400,030694,5,"Crustaceans; Norway lobsters (Nephrops norvegicus), smoked, cooked or not, whether in shell or not, whether or not cooked before or during smoking",MARKS1407,Netherlands,Bulgaria,Bulgaria,5,2017,2,2017-02,2017-02-09,20170202,20170202,export,1,80286.54,2398.63,kg,KG,Zeevisgroothandel Urk Fish B.V.,[in full dataset],Urk,,www.neerlandia.com,[in full dataset],Y,K-EI-G AD,[in full dataset],Varna,,,,Y,Zeevisgroothandel Urk Fish B.V.,[in full dataset],,23863.1,23863.1,Rotterdam,Main Container Port,Varna,1,1,29.83,APL MEXICO CITY,IMO5684899,MH,V430,321,EGLV,HBL,HLCU944672807,EGLV553453472,FCIU9495204,45HC,TANK,HC,FCL,CFS/CFS,Nippon Express,2280.95
Import (NL buyer),QS Nederland B.V.,84771000,847710,8,"Machinery; injection-moulding machines, for working rubber or plastics or for the manufacture of products from these materials",MARKS4452,Antigua and Barbuda,Netherlands,Netherlands,7,2018,12,2018-12,2018-12-26,20181211,20181211,import,1,2314.41,2463.39,kg,KG,Joseph Dew Division of Dantzler West Indies Ltd.,[in full dataset],Coolidge,,,,Y,QS Nederland B.V.,[in full dataset],Wijchen,,www.qualityservices.nl,[in full dataset],Y,Joseph Dew Division of Dantzler West Indies Ltd.,[in full dataset],,7734.2,7734.2,Main Container Port,Amsterdam,Wijchen,1,1,9.67,APL MEXICO CITY,IMO1837708,LR,V155,285,HMMU,SWB,ONEY998187245,MAEU200961212,GESU8344866,40GP,TANK,GP,FCL,CY/CY,DB Schenker,2314.41
Import (NL buyer),HEGO Walserijprodukten B.V.,76069100,760691,8,"Aluminium; plates, sheets and strip, thickness exceeding 0.2mm, not alloyed, (not rectangular or square)",MARKS6862,Iraq,Netherlands,Netherlands,9,2022,5,2022-05,2022-05-20,20220506,20220506,import,1,2263.8,2390.37,kg,KG,DARYA COMPANY,[in full dataset],Erbil,,,,Y,HEGO Walserijprodukten B.V.,[in full dataset],Almere,,www.hego.nl,[in full dataset],Y,DARYA COMPANY,[in full dataset],,24716.7,24716.7,Main Container Port,Amsterdam,Almere,1,1,30.9,CSCL GLOBE,IMO9040976,PA,V344,771,MSCU,HBL,ONEY332475053,MAEU588340445,FCIU2882354,20GP,DRY,GP,LCL,CY/CY,Nippon Express,2263.8
Export (NL seller),IJzer en Schroothandel B.V.,73160000,731600,7,"Iron or steel; anchors, grapnels and parts thereof",MARKS4388,Netherlands,Malta,Malta,6,2021,3,2021-03,2021-03-02,20210311,20210311,export,1,472465.14,789.46,kg,KG,IJzer en Schroothandel B.V.,[in full dataset],Putten,,www.ijzerenschroothandel.nl,[in full dataset],Y,ADVAITA TRADE PRIVATE LIMITED,[in full dataset],Ta' Xbiex,,,,Y,IJzer en Schroothandel B.V.,[in full dataset],,15188.7,15188.7,Rotterdam,Main Container Port,Ta' Xbiex,1,1,18.99,MADRID MAERSK,IMO8213634,MH,V189,640,HLCU,MBL,ONEY764179568,MAEU134549066,TGHU3927971,45HC,FLAT RACK,GP,FCL,CY/CFS,Sinotrans,694.36
Import (NL buyer),Advario Star Energy Oman B.V.,27102019,271020,9,"Petroleum oils and oils from bituminous minerals, containing biodiesel, not crude, not waste oils; preparations n.e.c, containing by weight 70% or more of petroleum oils or oils from bituminous minerals",MARKS2574,Malaysia,Netherlands,Netherlands,8,2025,10,2025-10,2025-10-07,20251003,20251003,import,1,3254220.08,625.13,kg,KG,DELEUM BERHAD,[in full dataset],Kuala Lumpur,,deleum.com,[in full dataset],Y,Advario Star Energy Oman B.V.,[in full dataset],Rotterdam,,,,Y,DELEUM BERHAD,[in full dataset],,7037.3,7037.3,Penang,Rotterdam,Rotterdam,1,1,8.8,MOL TRIUMPH,IMO1669038,LR,V970,474,CMDU,MBL,EGLV866954867,HLCU969377404,FCIU5781927,40GP,DRY,HC,LCL,CY/CY,CEVA Logistics,592.24
Export (NL seller),SPIE Refrigeration & Heating Services B.V.,84212920,842129,9,"Machinery; for filtering or purifying liquids, n.e.c. in item no. 8421.2",MARKS2279,Netherlands,Seychelles,Seychelles,9,2022,6,2022-06,2022-06-26,20220613,20220613,export,1,162912.24,6500.4,kg,KG,SPIE Refrigeration & Heating Services B.V.,[in full dataset],Schijndel,,www.vnd-technicalservices.com,[in full dataset],N,DYNAMIC MEDICAL CORPORATION,[in full dataset],Mahe,,,,Y,SPIE Refrigeration & Heating Services B.V.,[in full dataset],,19597.2,19597.2,Amsterdam,Main Container Port,Mahe,1,1,24.5,YM WARRANTY,IMO7558334,SG,V775,402,HMMU,HBL,CMDU935068264,EGLV302992345,GESU1773082,40HC,TANK,HC,LCL,CY/CFS,Yusen Logistics,6164.76
Import (NL buyer),Goossens Tweewielers B.V.,90222900,902229,7,"Apparatus based on the use of alpha, beta, gamma or other ionising radiations, including radiography or radiotherapy apparatus; (for other than medical, surgical, dental or veterinary uses)",MARKS5933,United Kingdom,Netherlands,Netherlands,7,2020,2,2020-02,2020-02-26,20200209,20200209,import,1,80111489.83,2542.78,kg,KG,ALLIANCE MEDICAL GROUP LIMITED,[in full dataset],WARWICK,,www.alliancemedical.co.uk,[in full dataset],Y,Goossens Tweewielers B.V.,[in full dataset],Lochem,,www.goossens-borculo.nl,[in full dataset],Y,ALLIANCE MEDICAL GROUP LIMITED,[in full dataset],,3456.4,3456.4,Southampton,Rotterdam,Lochem,1,1,4.32,EVER GIVEN,IMO1117688,PA,V819,782,OOLU,SWB,COSU627393260,ONEY600754408,MSCU5875105,40GP,REEFER,RF,FCL,CY/CY,DHL Global Forwarding,2250.78
Export (NL seller),Notarissoftware Nederland B.V.,84689000,846890,5,"Machinery and apparatus; parts, soldering, brazing or welding, whether or not capable of cutting, parts thereof",MARKS1969,Netherlands,Equatorial Guinea,Equatorial Guinea,5,2018,12,2018-12,2018-12-10,20181223,20181223,export,1,332481.54,133118.15,kg,KG,Notarissoftware Nederland B.V.,[in full dataset],Apeldoorn,,www.vanbrug.nl,[in full dataset],Y,Bokong Investment S A,[in full dataset],Baya,,,,Y,Notarissoftware Nederland B.V.,[in full dataset],,11881.7,11881.7,Amsterdam,Main Container Port,Baya,1,1,14.85,EVER GIVEN,IMO1551274,MH,V521,774,OOLU,SWB,ONEY384131668,YMLU247616192,FCIU5091300,40GP,FLAT RACK,RF,FCL,CY/CY,DHL Global Forwarding,121798.52
Export (NL seller),New Balances B.V.,90029000,900290,9,"Optical elements; n.e.c. in heading no. 9002 (e.g. prisms and mirrors), mounted, being parts or fittings for instruments or apparatus, of any material (excluding elements of glass not optically worked)",MARKS4615,Netherlands,Algeria,Algeria,8,2019,12,2019-12,2019-12-08,20191223,20191223,export,1,4313393.33,829.5,kg,KG,New Balances B.V.,[in full dataset],Epse,,,,Y,MEDICAL DEVICES REGHAL COMPANY,[in full dataset],Staoueli,,,,Y,New Balances B.V.,[in full dataset],,13022,13022,Rotterdam,Main Container Port,Staoueli,1,1,16.28,YM WARRANTY,IMO8753604,PA,V852,580,YMLU,HBL,HLCU128984991,COSU197841392,FCIU5631830,40GP,FLAT RACK,HC,LCL,CY/CFS,Expeditors,730.29
Export (NL seller),Schouten Select Cameras & Accessories B.V.,90160090,901600,6,"Balances; of a sensitivity of 5cg or better, with or without weights",MARKS3402,Netherlands,Germany,Germany,6,2022,6,2022-06,2022-06-15,20220605,20220605,export,1,522343870.89,213.96,kg,KG,Schouten Select Cameras & Accessories B.V.,[in full dataset],Soest,,www.schouten-select.com,[in full dataset],Y,Johnson & Johnson Medical GmbH,[in full dataset],Norderstedt,,www.jnjmedtech.com,[in full dataset],N,Schouten Select Cameras & Accessories B.V.,[in full dataset],,2613,2613,Rotterdam,Bremerhaven,Norderstedt,1,1,3.27,EVER ACME,IMO2459866,LR,V818,521,MSCU,MBL,HLCU897632907,COSU976988407,CAIU2400307,40HC,DRY,GP,FCL,CY/CFS,CEVA Logistics,200
Import (NL buyer),Reesink Construction Equipment NL B.V.,84539000,845390,9,"Machinery; parts of those for preparing, tanning or working hides, skins or leather, for making or repairing footwear or other articles of hides, skin or leather, other than sewing machines",MARKS1513,Maldives,Netherlands,Netherlands,6,2018,12,2018-12,2018-12-05,20181216,20181216,import,1,1889.78,2144.24,kg,KG,BLUE WATER BOAT YARD PVT LTD,[in full dataset],Alifushi,,,,Y,Reesink Construction Equipment NL B.V.,[in full dataset],De Meern,,www.kemp-groep.nl,[in full dataset],Y,BLUE WATER BOAT YARD PVT LTD,[in full dataset],,13743.8,13743.8,Main Container Port,Rotterdam,De Meern,1,1,17.18,YM WARRANTY,IMO3473119,MH,V592,529,YMLU,HBL,COSU730164796,YMLU777728810,CAIU2511184,40HC,FLAT RACK,RF,FCL,CFS/CFS,Expeditors,1889.78
Export (NL seller),Em Jee Imports B.V.,90200010,902000,7,Breathing appliances and gas masks; excluding protective masks having neither mechanical parts nor replaceable filters and excluding apparatus of item no. 9019.20,MARKS7687,Netherlands,Czech Republic,Czech Republic,8,2019,12,2019-12,2019-12-21,20191204,20191204,export,1,34859112.97,223.09,kg,KG,Em Jee Imports B.V.,[in full dataset],Rosmalen,,www.system54.com,[in full dataset],Y,FM Textil s.r.o.,[in full dataset],Plzeň,,,,Y,Em Jee Imports B.V.,[in full dataset],,15302.6,15302.6,Amsterdam,Main Container Port,Plzeň,1,1,19.13,YM WARRANTY,IMO4379423,MH,V497,86,EGLV,MBL,COSU496062432,MSCU662256212,BMOU2827304,45HC,FLAT RACK,RF,FCL,CY/CFS,DSV,200
Import (NL buyer),Nobian Chemicals B.V.,38221300,382213,8,"Reagents; diagnostic or laboratory reagents on a backing, prepared diagnostic or laboratory reagents whether or not on a backing, whether or not put up in the form of kits; for blood grouping",MARKS8548,Serbia,Netherlands,Netherlands,9,2023,7,2023-07,2023-07-07,20230715,20230715,import,1,60691.51,21415.91,kg,KG,BOM TRADE DOO NOVI SAD,[in full dataset],Novi Sad,,,,N,Nobian Chemicals B.V.,[in full dataset],Amersfoort,,www.nobian.com,[in full dataset],Y,BOM TRADE DOO NOVI SAD,[in full dataset],,23339,23339,Main Container Port,Rotterdam,Amersfoort,1,1,29.17,BARZAN,IMO9286357,LR,V613,489,HLCU,MBL,COSU530073502,MAEU577971445,BMOU1755881,40HC,TANK,HC,FCL,CY/CY,Expeditors,20098.14
Export (NL seller),Goldman Sachs Wereldwijd Mix Fonds (NL) N.V.,87131000,871310,8,Carriages for disabled persons; not mechanically propelled,MARKS2233,Netherlands,Albania,Albania,5,2024,1,2024-01,2024-01-19,20240119,20240119,export,1,1046382.72,474.2,kg,KG,Goldman Sachs Wereldwijd Mix Fonds (NL) N.V.,[in full dataset],'s-Gravenhage,,www.gsam.com,[in full dataset],Y,HYUNDAI AUTO ALBANIA SH.P.K.,[in full dataset],TIRANE,,www.hyundai-autoalbania.com.al,[in full dataset],Y,Goldman Sachs Wereldwijd Mix Fonds (NL) N.V.,[in full dataset],,3165.8,3165.8,Amsterdam,Main Container Port,TIRANE,1,1,3.96,EVER ACME,IMO5086061,MH,V726,511,ONEY,MBL,ONEY144309805,COSU168873389,BMOU6831886,20GP,TANK,HC,LCL,CY/CFS,DHL Global Forwarding,445.21
Export (NL seller),Aalsmeer Maritiem Jachthaven & Winterstalling B.V.,90281000,902810,7,"Meters; gas, supply or production meters, including calibrating meters thereof",MARKS9131,Netherlands,Japan,Japan,8,2019,12,2019-12,2019-12-19,20191226,20191226,import,1,18265030.39,2056.94,kg,KG,Aalsmeer Maritiem Jachthaven & Winterstalling B.V.,[in full dataset],Aalsmeer,,www.aalsmeermaritiem.nl,[in full dataset],Y,TOKUSHUKAI MEDICAL CORPORATION,[in full dataset],OSAKA,,www.tokushukai.or.jp/,[in full dataset],Y,Aalsmeer Maritiem Jachthaven & Winterstalling B.V.,[in full dataset],,14835.1,14835.1,Amsterdam,Tokyo,OSAKA,1,1,18.54,MSC GULSUN,IMO3233117,PA,V209,970,HMMU,HBL,COSU505041906,ONEY593553448,TGHU5089085,40HC,FLAT RACK,RF,FCL,CY/CFS,DHL Global Forwarding,1801.65
Export (NL seller),C.A.T. Control Systems B.V.,84632000,846320,7,"Machine-tools; for working metal, sintered metal carbides or cermets, without removing material, thread rolling machines",MARKS4336,Netherlands,Gibraltar,Gibraltar,9,2018,12,2018-12,2018-12-11,20181203,20181203,export,1,203583.83,50541.79,kg,KG,C.A.T. Control Systems B.V.,[in full dataset],Zaandam,,www.catcontrolsystems.nl,[in full dataset],Y,TSE Services Limited,[in full dataset],Gibraltar,,,,Y,C.A.T. Control Systems B.V.,[in full dataset],,1551.3,1551.3,Rotterdam,Main Container Port,Gibraltar,1,1,1.94,OOCL HONG KONG,IMO3114844,MH,V478,964,ZIMU,MBL,MAEU975823643,COSU441206683,GESU7588746,40HC,REEFER,GP,FCL,CY/CY,DHL Global Forwarding,45358.48
Import (NL buyer),European Airfilter Holland B.V.,90178090,901780,6,Mathematical instruments and equipment; n.e.c. in heading no. 9017,MARKS5611,Sweden,Netherlands,Netherlands,9,2019,12,2019-12,2019-12-19,20191211,20191211,import,1,24166351.5,691.93,kg,KG,Naturkompaniet AB,[in full dataset],Stockholm,,,,Y,European Airfilter Holland B.V.,[in full dataset],Heerenveen,,www.eag-filters.nl,[in full dataset],Y,Naturkompaniet AB,[in full dataset],,19712.1,19712.1,Gothenburg,Amsterdam,Heerenveen,1,1,24.64,MOL TRIUMPH,IMO6101286,PA,V694,839,APLU,MBL,MAEU842341124,YMLU372209947,GESU2587576,40GP,TANK,RF,FCL,CY/CFS,Kuehne + Nagel,650.26
Export (NL seller),B.V. Landgoed De Princepeel,03024400,030244,5,"Fish; fresh or chilled, mackerel (Scomber scombrus, Scomber australasicus, Scomber japonicus), excluding fillets, fish meat of 0304, and edible fish offal of subheadings 0302.91 to 0302.99",MARKS9642,Netherlands,Turkiye,Turkiye,5,2017,5,2017-05,2017-05-03,20170506,20170506,import,1,87240,4686.72,kg,KG,B.V. Landgoed De Princepeel,[in full dataset],Wanroij,,www.smits-groep.nl,[in full dataset],Y,BESLER GIDA VE KIMYA SANAYI VE TICARET ANONIM SIRKETI,[in full dataset],Istanbul (Anatolia),,www.besler.com.tr,[in full dataset],Y,B.V. Landgoed De Princepeel,[in full dataset],,15816.9,15816.9,Rotterdam,Main Container Port,Istanbul (Anatolia),1,1,19.77,EVER GIVEN,IMO3997256,LR,V262,689,YMLU,SWB,HLCU836613044,HLCU491272113,FCIU3337112,20GP,TANK,HC,FCL,CY/CY,DSV,4242.09
Import (NL buyer),Van Leeuwen Buizen Europa B.V.,73110099,731100,5,"Containers for compressed or liquefied gas, of iron or steel",MARKS7069,Morocco,Netherlands,Netherlands,6,2021,3,2021-03,2021-03-06,20210318,20210318,import,1,3927.89,4124.97,kg,KG,OCP SA,[in full dataset],CASABLANCA,,,,Y,Van Leeuwen Buizen Europa B.V.,[in full dataset],Zwijndrecht,,www.vanleeuwen.com,[in full dataset],Y,OCP SA,[in full dataset],,2080,2080,Casablanca,Amsterdam,Zwijndrecht,1,1,2.6,HYUNDAI LOYALTY,IMO3434316,SG,V306,729,MSCU,HBL,YMLU148544662,CMDU152098525,BMOU2460043,40GP,TANK,GP,FCL,CFS/CFS,DSV,3927.89
Export (NL seller),FK Marmer B.V.,73239300,732393,9,"Steel, stainless; table, kitchen and other household articles and parts thereof",MARKS7071,Netherlands,Bosnia-Herzegovina,Bosnia-Herzegovina,9,2021,3,2021-03,2021-03-12,20210303,20210303,export,1,303273.22,4344.35,kg,KG,FK Marmer B.V.,[in full dataset],Bunschoten Spakenburg,,,,Y,"""UNIS - TOK"" d.o.o. Kalesija",[in full dataset],Kalesija,,www.unistok.ba,[in full dataset],Y,FK Marmer B.V.,[in full dataset],,2946.5,2946.5,Amsterdam,Main Container Port,Kalesija,1,1,3.68,APL MEXICO CITY,IMO6065160,MH,V687,582,ZIMU,MBL,EGLV109895276,HLCU365211442,FCIU6677711,45HC,REEFER,RF,LCL,CFS/CFS,Nippon Express,3835.7
Export (NL seller),Van Vliet Autogroep B.V.,87054000,870540,5,Vehicles; concrete-mixer lorries,MARKS2691,Netherlands,Egypt,Egypt,9,2024,1,2024-01,2024-01-20,20240107,20240107,export,1,1871910.27,3011.5,kg,KG,Van Vliet Autogroep B.V.,[in full dataset],Woerden,,www.autocentrumvanvliet.nl,[in full dataset],N,EGYPTIAN VEHICLES MANUFACTURING COMPANY GHABBOUR EGYPT SAE,[in full dataset],Giza,,www.ghabbourauto.com,[in full dataset],Y,Van Vliet Autogroep B.V.,[in full dataset],,2836.3,2836.3,Rotterdam,Sokhna,Giza,1,1,3.55,MOL TRIUMPH,IMO6591578,PA,V869,494,MAEU,HBL,COSU472855586,MSCU320652040,MSCU3125943,40GP,DRY,HC,LCL,CY/CY,Yusen Logistics,2748.13
Import (NL buyer),Volvo Construction Equipment B.V.,84335330,843353,6,Harvesting machinery; for roots or tubers,MARKS3664,Belarus,Netherlands,Netherlands,8,2018,12,2018-12,2018-12-24,20181208,20181208,import,1,106929.61,34467.35,kg,KG,Gottlie Guhring Beteilegungs GmbH Representative Office,[in full dataset],Minsk,,,,Y,Volvo Construction Equipment B.V.,[in full dataset],Groot Ammers,,,,Y,Gottlie Guhring Beteilegungs GmbH Representative Office,[in full dataset],,8958.8,8958.8,Main Container Port,Amsterdam,Groot Ammers,1,1,11.2,MSC OSCAR,IMO4607245,MH,V209,192,HLCU,SWB,ONEY993079918,COSU420834781,BMOU1467762,40HC,REEFER,HC,LCL,CY/CY,Expeditors,30559.72
Import (NL buyer),MIC Finance,90262080,902620,6,Instruments and apparatus; for measuring or checking pressure,MARKS3785,Belgium,Netherlands,Netherlands,6,2022,6,2022-06,2022-06-27,20220614,20220614,export,1,42929823.29,301992.14,kg,KG,St. Jude Medical Coordination Center,[in full dataset],Zaventem,,www.cardiovascular.abbott,[in full dataset],Y,MIC Finance,[in full dataset],Utrecht,,,,Y,St. Jude Medical Coordination Center,[in full dataset],,7836.5,7836.5,Zeebrugge,Rotterdam,Utrecht,1,1,9.8,CMA CGM JULES VERNE,IMO6306446,MH,V644,195,EGLV,MBL,EGLV245834673,MAEU657866174,CAIU5222044,40HC,REEFER,GP,LCL,CY/CFS,DB Schenker,268396.55
Export (NL seller),ZF Marine Krimpen B.V.,38253000,382530,9,"Residual products of the chemical or allied industries, not elsewhere specified or included; clinical waste",MARKS4665,Netherlands,Bangladesh,Bangladesh,7,2023,7,2023-07,2023-07-27,20230714,20230714,export,1,519220.72,3899.03,kg,KG,ZF Marine Krimpen B.V.,[in full dataset],Krimpen aan de Lek,,www.thrusterzf.com,[in full dataset],Y,KAZI FARMS LTD.,[in full dataset],Dhaka,,www.kazifarms.com,[in full dataset],Y,ZF Marine Krimpen B.V.,[in full dataset],,22331.9,22331.9,Amsterdam,Chittagong,Dhaka,1,1,27.91,BARZAN,IMO4446698,MH,V188,345,ONEY,MBL,COSU329731952,MSCU971560643,TCLU1230355,45HC,DRY,GP,FCL,CFS/CFS,DSV,3477.56
Export (NL seller),Kolmar NL B.V.,38112900,381129,8,Lubricating oil additives; not containing petroleum oils or oils obtained from bituminous minerals,MARKS9868,Netherlands,Algeria,Algeria,5,2023,7,2023-07,2023-07-13,20230727,20230727,export,1,270252.16,5442.48,kg,KG,Kolmar NL B.V.,[in full dataset],Amsterdam,,,,Y,SARL CIMENT LAFARGE ALGERIE,[in full dataset],Kolea,,,,Y,Kolmar NL B.V.,[in full dataset],,6976.6,6976.6,Rotterdam,Main Container Port,Kolea,1,1,8.72,OOCL HONG KONG,IMO7885886,SG,V462,602,EGLV,MBL,MSCU888048044,CMDU575637307,TGHU8233246,40HC,TANK,HC,LCL,CY/CY,CEVA Logistics,5156.16
Import (NL buyer),Fresh Trading Manufacturing B.V.,38256900,382569,5,"Residual products of the chemical or allied industries, not elsewhere specified or included; (other than sewage sludge, municipal waste or waste covered by 27.10); other wastes n.e.c. in 3825; except those mainly containing organic constituents",MARKS3597,Slovenia,Netherlands,Netherlands,7,2023,7,2023-07,2023-07-19,20230726,20230726,import,1,431783.98,21043.32,kg,KG,FENOLIT d.d.,[in full dataset],Borovnica,,www.fenolit.si,[in full dataset],Y,Fresh Trading Manufacturing B.V.,[in full dataset],Europoort Rotterdam,,,,Y,FENOLIT d.d.,[in full dataset],,11597.2,11597.2,Main Container Port,Amsterdam,Europoort Rotterdam,1,1,14.5,HMM ALGECIRAS,IMO3755195,PA,V277,404,OOLU,HBL,YMLU575014787,YMLU317407970,TGHU4142141,45HC,FLAT RACK,RF,FCL,CY/CY,CEVA Logistics,18981.09
Import (NL buyer),Boon Edam B.V.,73201019,732010,7,Iron or steel; leaf-springs and leaves therefor,MARKS5266,Australia,Netherlands,Netherlands,6,2021,3,2021-03,2021-03-19,20210323,20210323,export,1,311100.99,48212.53,kg,KG,BROAD CONSTRUCTION PTY LTD,[in full dataset],Perth,,www.broad.com.au,[in full dataset],Y,Boon Edam B.V.,[in full dataset],Edam,,www.boonedam.com,[in full dataset],Y,BROAD CONSTRUCTION PTY LTD,[in full dataset],,21817.8,21817.8,Brisbane,Rotterdam,Edam,1,1,27.27,CMA CGM JULES VERNE,IMO5424117,MH,V994,274,HMMU,MBL,ONEY374392319,ONEY167347482,FCIU6097176,45HC,OPEN TOP,HC,FCL,CY/CY,Yusen Logistics,45871.55
Export (NL seller),Hemarco B.V.,38221900,382219,8,"Reagents; diagnostic or laboratory reagents on a backing, prepared diagnostic or laboratory reagents whether or not on a backing, whether or not put up in the form of kits; n.e.c.in item 3822.1",MARKS9633,Netherlands,Sierra Leone,Sierra Leone,8,2023,7,2023-07,2023-07-13,20230710,20230710,export,1,63232.67,5021.02,kg,KG,Hemarco B.V.,[in full dataset],Almelo,,,,Y,Marz Chemicals Sl Ltd,[in full dataset],Freetown,,www.astrazeneca.com,[in full dataset],Y,Hemarco B.V.,[in full dataset],,784.8,784.8,Amsterdam,Main Container Port,Freetown,1,1,0.98,EVER GIVEN,IMO5398383,PA,V550,171,EGLV,MBL,EGLV254806480,MAEU805853115,BMOU1531578,45HC,OPEN TOP,HC,FCL,CFS/CFS,CEVA Logistics,4423.06
Import (NL buyer),Libra Energy B.V.,27079919,270799,7,Oils and other products of the distillation of high temperature coal tar; n.e.c. in heading no. 2707,MARKS7062,Georgia,Netherlands,Netherlands,6,2025,10,2025-10,2025-10-23,20251006,20251006,import,1,13035507.63,4142.4,kg,KG,Manels Dio Ltd.,[in full dataset],Tbilisi,,,,Y,Libra Energy B.V.,[in full dataset],Velsen-noord,,www.libra.energy,[in full dataset],Y,Manels Dio Ltd.,[in full dataset],,12312.1,12312.1,Main Container Port,Amsterdam,Velsen-noord,1,1,15.39,EVER ACME,IMO3503048,MH,V295,478,APLU,MBL,MSCU525477081,MSCU261733832,CAIU3506265,40HC,TANK,GP,LCL,CY/CFS,Kuehne + Nagel,3789.74
Import (NL buyer),DCB Energy Europe B.V.,27011100,270111,8,"Coal; anthracite, whether or not pulverised, but not agglomerated",MARKS3262,Georgia,Netherlands,Netherlands,5,2025,10,2025-10,2025-10-01,20251008,20251008,import,1,13035507.63,31013.12,kg,KG,"GEORGIAN OIL AND GAS CORPORATION, JSC",[in full dataset],Tbilisi,,www.gogc.ge,[in full dataset],Y,DCB Energy Europe B.V.,[in full dataset],Spijkenisse,,www.dcbenergy.nl,[in full dataset],Y,"GEORGIAN OIL AND GAS CORPORATION, JSC",[in full dataset],,11087.3,11087.3,Main Container Port,Rotterdam,Spijkenisse,1,1,13.86,CSCL GLOBE,IMO2776386,MH,V174,878,EGLV,SWB,MSCU421224420,CMDU667276499,GESU3773467,45HC,FLAT RACK,RF,LCL,CY/CFS,CEVA Logistics,29002.03
Export (NL seller),Bertus-Dekker Seafood B.V.,03034518,030345,5,"Fish; frozen, Atlantic and Pacific bluefin tunas (Thunnus thynnus, Thunnus orientalis), excluding fillets, fish meat of 0304, and edible fish offal of subheadings 0303.91 to 0303.99",MARKS6355,Netherlands,Serbia,Serbia,6,2017,10,2017-10,2017-10-25,20171017,20171017,export,1,13117.29,14113.19,kg,KG,Bertus-Dekker Seafood B.V.,[in full dataset],IJmuiden,,www.bertus-dekker.eu,[in full dataset],Y,ULJARICA NOVA DOO NEGOTIN,[in full dataset],Negotin,,,,Y,Bertus-Dekker Seafood B.V.,[in full dataset],,3798.7,3798.7,Amsterdam,Main Container Port,Negotin,1,1,4.75,YM WARRANTY,IMO2348795,LR,V296,137,ONEY,HBL,HLCU796207931,HLCU763874203,TCLU2585438,40GP,TANK,GP,FCL,CFS/CFS,Kuehne + Nagel,13117.29
Export (NL seller),Paling- en Zalmfileerderij J. Foppen Jzn. B.V.,03011100,030111,7,"Fish; live, ornamental, freshwater",MARKS9046,Netherlands,Eritrea,Eritrea,6,2017,1,2017-01,2017-01-20,20170102,20170102,export,1,12094.65,12999.43,kg,KG,Paling- en Zalmfileerderij J. Foppen Jzn. B.V.,[in full dataset],Harderwijk,,www.foppenseafood.com,[in full dataset],Y,Alighider Agricultural Development Enterprise,[in full dataset],Asmara,,,,Y,Paling- en Zalmfileerderij J. Foppen Jzn. B.V.,[in full dataset],,8998.6,8998.6,Rotterdam,Main Container Port,Asmara,1,1,11.25,MADRID MAERSK,IMO2985228,PA,V165,274,ZIMU,HBL,YMLU918545564,HLCU278968812,GESU6906505,45HC,DRY,HC,LCL,CY/CFS,Bollore Logistics,12094.65
Export (NL seller),JH Energy Group B.V.,27131200,271312,7,"Petroleum coke; calcined, obtained from bituminous minerals",MARKS4957,Netherlands,Jordan,Jordan,5,2016,10,2016-10,2016-10-18,20161027,20161027,export,1,287057.5,39168.95,kg,KG,JH Energy Group B.V.,[in full dataset],Sas van Gent,,www.oqvalue.nl,[in full dataset],Y,JORDAN PETROLEUM REFINERY CO. LTD.,[in full dataset],Amman,,www.jopetrol.com.jo,[in full dataset],Y,JH Energy Group B.V.,[in full dataset],,13697.9,13697.9,Amsterdam,Main Container Port,Amman,1,1,17.12,MOL TRIUMPH,IMO7336028,MH,V782,368,ONEY,MBL,CMDU586882337,MAEU500012954,TCLU3393426,20GP,TANK,HC,FCL,CY/CY,Nippon Express,34718.94
Export (NL seller),"C.F. Martin & Co., Inc.",90308900,903089,7,"Instruments and apparatus; n.e.c. in heading no. 9030, without a recording device",MARKS2245,Netherlands,China,China,7,2020,2,2020-02,2020-02-23,20200209,20200209,export,1,128342061.67,1353.33,kg,KG,"C.F. Martin & Co., Inc.",[in full dataset],Oude Meer,,www.martinguitar.com,[in full dataset],Y,"China Resources Sanjiu Medical & Pharmaceutical Co., Ltd.",[in full dataset],Shenzhen,,www.999.com.cn,[in full dataset],Y,"C.F. Martin & Co., Inc.",[in full dataset],,13539.1,13539.1,Amsterdam,Shanghai,Shenzhen,1,1,16.92,YM WARRANTY,IMO7468952,MH,V162,189,ONEY,MBL,MSCU260516039,ONEY575631636,MSCU3732790,20GP,OPEN TOP,GP,LCL,CY/CY,Kuehne + Nagel,1187.3
Export (NL seller),Autobedrijf van den Udenhout B.V.,84131100,841311,5,"Pumps; fitted or designed to be fitted with a measuring device, for dispensing fuel or lubricants, of the type used in filling-stations or in garages",MARKS7329,Netherlands,Andorra,Andorra,6,2018,12,2018-12,2018-12-06,20181220,20181220,export,1,158138.06,5949.94,kg,KG,Autobedrijf van den Udenhout B.V.,[in full dataset],'s-Hertogenbosch,,www.udenhout.nl,[in full dataset],Y,"TRADELYZ, SL",[in full dataset],ARINSAL,,,,Y,Autobedrijf van den Udenhout B.V.,[in full dataset],,22912.2,22912.2,Amsterdam,Main Container Port,ARINSAL,1,1,28.64,MADRID MAERSK,IMO4456752,PA,V412,916,CMDU,SWB,COSU462990456,EGLV548936586,TGHU9724352,20GP,REEFER,RF,FCL,CFS/CFS,DSV,5619.38
Import (NL buyer),German Brick Trading B.V.,87162000,871620,6,"Trailers and semi-trailers; self-loading or self-unloading, for agricultural purposes",MARKS6992,Serbia,Netherlands,Netherlands,7,2024,1,2024-01,2024-01-27,20240118,20240118,import,1,777303.94,21101.69,kg,KG,DELTA AUTOMOTO DOO,[in full dataset],Beograd (Novi Beograd),,www.deltaauto.rs,[in full dataset],Y,German Brick Trading B.V.,[in full dataset],Deest,,,,N,DELTA AUTOMOTO DOO,[in full dataset],,17609.3,17609.3,Main Container Port,Rotterdam,Deest,1,1,22.01,EVER GIVEN,IMO9035521,SG,V283,220,COSU,SWB,MSCU249795781,CMDU592065217,CAIU5508205,40HC,FLAT RACK,RF,FCL,CY/CY,Sinotrans,18960.48
Import (NL buyer),Vos Bulk Logistics Oss B.V.,87100000,871000,5,"Tanks and other armoured fighting vehicles; motorised, whether or not fitted with weapons, and parts of such vehicles",MARKS2598,Philippines,Netherlands,Netherlands,6,2024,1,2024-01,2024-01-03,20240118,20240118,export,1,1106919,229.07,kg,KG,COMGLASCO AGUILA GLASS CORPORATION,[in full dataset],Pasig,,www.comglasco.com,[in full dataset],Y,Vos Bulk Logistics Oss B.V.,[in full dataset],Oss,,www.voslogistics.com,[in full dataset],Y,COMGLASCO AGUILA GLASS CORPORATION,[in full dataset],,8160.4,8160.4,Subic Bay,Amsterdam,Oss,1,1,10.2,CSCL GLOBE,IMO2209270,PA,V953,278,ONEY,HBL,HLCU812085972,EGLV142918659,TGHU7291589,40GP,TANK,GP,FCL,CY/CY,Nippon Express,200
Export (NL seller),Ch.O.A. van der Valk B.V.,90222100,902221,8,"Apparatus based on the use of alpha, beta, gamma or other ionising radiations, including radiography or radiotherapy apparatus; for medical, surgical, dental or veterinary uses",MARKS3026,Netherlands,Norway,Norway,9,2019,12,2019-12,2019-12-03,20191220,20191220,export,1,29367207.16,965.92,kg,KG,Ch.O.A. van der Valk B.V.,[in full dataset],Rotterdam,,www.touwhuis.nl,[in full dataset],Y,Nike Retail B.v. Nuf,[in full dataset],ASKER,,,,Y,Ch.O.A. van der Valk B.V.,[in full dataset],,12632.5,12632.5,Rotterdam,Stavanger,ASKER,1,1,15.79,OOCL HONG KONG,IMO1574618,PA,V321,297,MSCU,SWB,HLCU827064643,MSCU295348852,MSCU6620116,45HC,TANK,RF,FCL,CY/CY,Expeditors,878.21
Import (NL buyer),Krommenhoek Metals B.V.,73045189,730451,7,"Steel, alloy (not stainless steel); seamless, cold-drawn or cold-rolled (cold-reduced), tubes, pipes and hollow profiles of circular cross-section",MARKS6404,Albania,Netherlands,Netherlands,5,2021,3,2021-03,2021-03-12,20210326,20210326,import,1,73080.62,24829.07,kg,KG,GSA SH.P.K.,[in full dataset],TIRANE,,www.gsa.al,[in full dataset],Y,Krommenhoek Metals B.V.,[in full dataset],Rotterdam,,www.kh-metals.nl,[in full dataset],N,GSA SH.P.K.,[in full dataset],,17130.3,17130.3,Main Container Port,Rotterdam,Rotterdam,1,1,21.41,EVER GIVEN,IMO4111637,SG,V255,709,OOLU,SWB,HLCU768148116,YMLU185726726,TGHU8865911,20GP,REEFER,RF,LCL,CY/CFS,Sinotrans,23530.67
Export (NL seller),Olenex Edible Oils B.V.,27109900,271099,6,"Waste Oils; of petroleum or obtained from bituminous minerals, not crude and preparations n.e.c., weight 70% or preparations of the same, not containing polychlorinated biphenyls (PCBs), polychorinated terphenyls (PCTs) or polybrominated biphenyls (PBBs)",MARKS3306,Netherlands,Hong Kong,Hong Kong,7,2016,10,2016-10,2016-10-11,20161024,20161024,export,1,166712.02,1140.07,kg,KG,Olenex Edible Oils B.V.,[in full dataset],Vondelingenplaat RT,,,,N,China Shenhua Energy Company Limited,[in full dataset],Central District,,www.csec.com,[in full dataset],Y,Olenex Edible Oils B.V.,[in full dataset],,5144.9,5144.9,Rotterdam,Hong Kong (Kwai Tsing),Central District,1,1,6.43,EVER ACME,IMO4242912,LR,V703,60,OOLU,MBL,EGLV816547247,HLCU777308084,FCIU8970807,40HC,OPEN TOP,HC,LCL,CY/CFS,Expeditors,1036.51
Export (NL seller),Woodside Energy (Senegal) B.V.,27112100,271121,6,"Petroleum gases and other gaseous hydrocarbons; in gaseous state, natural gas",MARKS8403,Netherlands,Haiti,Haiti,5,2016,10,2016-10,2016-10-01,20161001,20161001,export,1,23214.14,25891.43,kg,KG,Woodside Energy (Senegal) B.V.,[in full dataset],Rotterdam,,,,Y,Societe de Distribution de Gaz SA,[in full dataset],Port au Prince,,,,N,Woodside Energy (Senegal) B.V.,[in full dataset],,17113.3,17113.3,Rotterdam,Main Container Port,Port au Prince,1,1,21.39,CSCL GLOBE,IMO6018512,LR,V789,255,HMMU,MBL,MAEU821105836,COSU925565547,CAIU5833225,20GP,OPEN TOP,GP,FCL,CY/CY,Sinotrans,23214.14
Export (NL seller),Network Trading NL B.V.,03023980,030239,5,"Fish; fresh or chilled, tuna, n.e.c. in item no. 0302.3, excluding fillets, fish meat of 0304, and edible fish offal of subheadings 0302.91 to 0302.99",MARKS7347,Netherlands,Saudi Arabia,Saudi Arabia,8,2017,2,2017-02,2017-02-23,20170213,20170213,export,1,63782.43,63652.05,kg,KG,Network Trading NL B.V.,[in full dataset],Rotterdam,,,,Y,Al Hussain Electric Tools & Plumbing Store,[in full dataset],Saudi West,,,,Y,Network Trading NL B.V.,[in full dataset],,7877.5,7877.5,Rotterdam,Jeddah,Saudi West,1,1,9.85,ONE APUS,IMO3716075,LR,V655,287,ZIMU,MBL,MAEU468085918,EGLV361140509,GESU3237686,40HC,FLAT RACK,GP,FCL,CFS/CFS,Yusen Logistics,58544.34
Import (NL buyer),SK Enmove Europe B.V.,38151100,381511,6,"Catalysts, supported; reaction initiators, reaction accelerators and catalytic preparations, with nickel or nickel compounds as the active substance, n.e.c. or included",MARKS3993,Guatemala,Netherlands,Netherlands,5,2023,7,2023-07,2023-07-05,20230712,20230712,import,1,93749.83,15211.23,kg,KG,"Industria La Popular, S.A.",[in full dataset],Guatemala,,www.industrialapopular.com,[in full dataset],Y,SK Enmove Europe B.V.,[in full dataset],Amsterdam,,www.skenmove.com,[in full dataset],Y,"Industria La Popular, S.A.",[in full dataset],,10104.1,10104.1,Main Container Port,Rotterdam,Amsterdam,1,1,12.63,MSC OSCAR,IMO7508686,LR,V143,180,YMLU,HBL,MAEU705960665,EGLV290968661,MSCU7470182,20GP,DRY,HC,FCL,CY/CFS,DSV,13910.29
Import (NL buyer),Eni G&P Trading B.V.,27150000,271500,7,"Bituminous mixtures based on natural asphalt, on natural bitumen, on petroleum bitumen, on mineral tar or on mineral tar pitch (e.g. bituminous mastics, cut-backs)",MARKS9872,Hungary,Netherlands,Netherlands,9,2016,10,2016-10,2016-10-02,20161005,20161005,export,1,840907,17484.16,kg,KG,Premier Energy Wind 158 Kft.,[in full dataset],Budapest,,,,Y,Eni G&P Trading B.V.,[in full dataset],Amsterdam,,,,N,Premier Energy Wind 158 Kft.,[in full dataset],,23377.2,23377.2,Koper (via SI),Rotterdam,Amsterdam,1,1,29.22,HMM ALGECIRAS,IMO2420131,LR,V869,844,HLCU,SWB,COSU737714817,CMDU988699990,FCIU8295906,45HC,TANK,HC,FCL,CY/CFS,DB Schenker,15962.33
Import (NL buyer),Neptunus Seafood B.V.,03099000,030990,5,"Flours, meals and pellets of crustaceans, molluscs and other aquatic invertebrates, fit for human consumption",MARKS7613,Hungary,Netherlands,Netherlands,5,2017,11,2017-11,2017-11-13,20171128,20171128,import,1,1821.74,2065.17,kg,KG,PECA FISH KFT,[in full dataset],Kelebia,,,,Y,Neptunus Seafood B.V.,[in full dataset],Enschede,,www.vergro-fish.nl,[in full dataset],Y,PECA FISH KFT,[in full dataset],,18152.4,18152.4,Budapest (inland),Rotterdam,Enschede,1,1,22.69,CMA CGM JULES VERNE,IMO4306542,PA,V670,299,EGLV,MBL,YMLU121799980,MSCU547068442,FCIU6631758,45HC,REEFER,GP,FCL,CFS/CFS,DHL Global Forwarding,1821.74
Export (NL seller),IQ Woning B.V.,73269092,732690,7,Iron or steel; articles n.e.c. in heading 7326,MARKS8237,Netherlands,Kenya,Kenya,8,2021,3,2021-03,2021-03-12,20210318,20210318,export,1,106072.03,19536.98,kg,KG,IQ Woning B.V.,[in full dataset],Rotterdam,,www.hoco-beton.nl,[in full dataset],Y,KIRI MINING AND CONSTRUCTION CO. LIMITED,[in full dataset],Garissa,,,,Y,IQ Woning B.V.,[in full dataset],,6144.4,6144.4,Rotterdam,Main Container Port,Garissa,1,1,7.68,APL MEXICO CITY,IMO2367403,SG,V448,399,MSCU,SWB,EGLV883094182,MSCU504500300,GESU7051255,20GP,REEFER,RF,FCL,CFS/CFS,DB Schenker,18573.85
Import (NL buyer),IMCD Benelux B.V.,38061000,380610,5,Rosin and resin acids,MARKS2851,Qatar,Netherlands,Netherlands,6,2023,7,2023-07,2023-07-08,20230709,20230709,import,1,1490.64,1582.26,kg,KG,FITCO DETERGENT FACTORY,[in full dataset],Doha,,www.fitcod.com,[in full dataset],N,IMCD Benelux B.V.,[in full dataset],Rotterdam,,www.imcdgroup.com,[in full dataset],Y,FITCO DETERGENT FACTORY,[in full dataset],,2103.5,2103.5,Main Container Port,Rotterdam,Rotterdam,1,1,2.63,MOL TRIUMPH,IMO2435450,LR,V304,916,ZIMU,SWB,YMLU943027117,EGLV959573359,MSCU4185750,40GP,OPEN TOP,HC,FCL,CY/CFS,DHL Global Forwarding,1490.64
Import (NL buyer),Budoschool Takken-Shi-Sen-Do,90031100,900311,9,"Frames and mountings; for spectacles, goggles or the like, of plastics",MARKS9869,Romania,Netherlands,Netherlands,9,2020,2,2020-02,2020-02-10,20200209,20200209,import,1,4319454.14,25620.18,kg,KG,GENCO TRADE SRL,[in full dataset],Bucuresti,,www.gemco.ro,[in full dataset],Y,Budoschool Takken-Shi-Sen-Do,[in full dataset],Opperdoes,,,,Y,GENCO TRADE SRL,[in full dataset],,8018.8,8018.8,Main Container Port,Amsterdam,Opperdoes,1,1,10.02,OOCL HONG KONG,IMO4382163,MH,V824,391,MAEU,SWB,YMLU680453267,HLCU763408093,CAIU4781173,45HC,TANK,HC,FCL,CY/CY,Expeditors,22986.61
Export (NL seller),VDL Fibertech Industries B.V.,84014000,840140,6,Nuclear reactors; parts thereof,MARKS2375,Netherlands,Botswana,Botswana,9,2022,6,2022-06,2022-06-17,20220601,20220601,export,1,185302.26,82082.11,kg,KG,VDL Fibertech Industries B.V.,[in full dataset],Hapert,,www.vdlfibertechindustries.com,[in full dataset],Y,Sifa Investments Proprietary Limited,,,,,,N,VDL Fibertech Industries B.V.,,,13922.7,13922.7,Amsterdam,Main Container Port,,1,1,17.4,EVER GIVEN,IMO2084966,SG,V913,733,YMLU,HBL,YMLU179745026,COSU710387500,FCIU1326038,40GP,TANK,GP,FCL,CY/CY,CEVA Logistics,75730.15
Export (NL seller),Enka Construction and Development B.V.,73229000,732290,5,"Air heaters and hot air distributors, (not electrically heated), incorporating a motor-driven fan or blower and parts thereof, of iron or steel",MARKS4154,Netherlands,Malaysia,Malaysia,6,2021,3,2021-03,2021-03-22,20210308,20210308,import,1,662720.78,9051.6,kg,KG,Enka Construction and Development B.V.,[in full dataset],Hoofddorp,,www.enka.com,[in full dataset],Y,AE TECHNOLOGY SDN BHD,[in full dataset],Parit Buntar,,,,N,Enka Construction and Development B.V.,[in full dataset],,24973.8,24973.8,Amsterdam,Tanjung Pelepas,Parit Buntar,1,1,31.22,OOCL HONG KONG,IMO3684318,LR,V532,131,ONEY,MBL,YMLU223199090,YMLU977482297,BMOU7462913,45HC,DRY,HC,FCL,CY/CY,Yusen Logistics,7943.77
Import (NL buyer),AgroCare Energy B.V.,27131100,271311,5,"Petroleum coke; (not calcined), obtained from bituminous minerals",MARKS9271,Malaysia,Netherlands,Netherlands,9,2025,10,2025-10,2025-10-09,20251014,20251014,export,1,5049056.16,5030.2,kg,KG,PETRON MALAYSIA REFINING & MARKETING BHD.,[in full dataset],Kuala Lumpur,,petron.com.my,[in full dataset],Y,AgroCare Energy B.V.,[in full dataset],Wateringen,,,,Y,PETRON MALAYSIA REFINING & MARKETING BHD.,[in full dataset],,22854.7,22854.7,Penang,Amsterdam,Wateringen,1,1,28.57,ONE APUS,IMO2887076,MH,V851,413,ZIMU,HBL,HLCU236716847,ONEY921872469,FCIU3998521,40HC,TANK,GP,FCL,CY/CY,DB Schenker,4467.02
Import (NL buyer),Ceban Compounding B.V.,30044300,300443,8,"Medicaments; containing alkaloids or their derivatives, containing norephedrine or its salts, for therapeutic or prophylactic uses, packaged for retail sale",MARKS1527,China,Netherlands,Netherlands,6,2015,6,2015-06,2015-06-25,20150608,20150608,import,1,4125003.68,183111.89,kg,KG,"Sinopharm Group Co.,Ltd.",[in full dataset],Shanghai,,www.sinopharmholding.com/,[in full dataset],Y,Ceban Compounding B.V.,[in full dataset],Breda,,www.ceban.nl,[in full dataset],Y,"Sinopharm Group Co.,Ltd.",[in full dataset],,3351.8,3351.8,Shanghai,Rotterdam,Breda,1,1,4.19,EVER ACME,IMO6688440,MH,V442,927,MSCU,HBL,COSU142300390,MSCU458020846,TCLU4831933,20GP,FLAT RACK,RF,FCL,CFS/CFS,DB Schenker,170003.2
Import (NL buyer),Bonesca Import en Export B.V.,03029100,030291,5,"Fish; fresh or chilled, livers, roes and milt",MARKS3340,Cyprus,Netherlands,Netherlands,8,2017,10,2017-10,2017-10-04,20171011,20171011,import,1,1129.75,1189,kg,KG,KIMAGRO FISHFARMING LTD,[in full dataset],Limassol,,www.levantinafish.com,[in full dataset],Y,Bonesca Import en Export B.V.,[in full dataset],Urk,,www.bonesca.nl,[in full dataset],Y,KIMAGRO FISHFARMING LTD,[in full dataset],,16794.4,16794.4,Main Container Port,Amsterdam,Urk,1,1,20.99,MOL TRIUMPH,IMO7430635,LR,V331,289,HMMU,SWB,MSCU441963697,MSCU789687673,TCLU6899220,20GP,FLAT RACK,RF,FCL,CFS/CFS,Expeditors,1129.75
Export (NL seller),Theorem Clinical Research Holdings B.V.,30025100,300251,5,"Cell cultures, whether or not modified; cell therapy products",MARKS1721,Netherlands,Indonesia,Indonesia,9,2015,6,2015-06,2015-06-06,20150602,20150602,export,1,2774906.9,825.68,kg,KG,Theorem Clinical Research Holdings B.V.,[in full dataset],Leiden,,,,Y,PT DNR DISTRIBUTION,[in full dataset],Kota Administrasi Jakarta Barat,,www.dosniroha.com,[in full dataset],Y,Theorem Clinical Research Holdings B.V.,[in full dataset],,5267.1,5267.1,Rotterdam,Makassar,Kota Administrasi Jakarta Barat,1,1,6.58,MAERSK MOLLER,IMO1649690,MH,V862,573,CMDU,HBL,CMDU243052184,HLCU291560360,GESU1663499,40HC,FLAT RACK,RF,FCL,CY/CY,Sinotrans,774.12
Import (NL buyer),Van Drie B.V.,03036810,030368,9,"Fish; frozen, blue whitings (Micromesistius poutassou, Micromesistius australis), excluding fillets, fish meat of 0304, and edible fish offal of subheadings 0303.91 to 0303.99",MARKS5830,Slovenia,Netherlands,Netherlands,9,2017,5,2017-05,2017-05-11,20170528,20170528,import,1,1328.01,1478.16,kg,KG,"AS SKOPO, a.s.",[in full dataset],Dutovlje,,,,Y,Van Drie B.V.,[in full dataset],Mijdrecht,,www.van-drie.com,[in full dataset],Y,"AS SKOPO, a.s.",[in full dataset],,18252.1,18252.1,Main Container Port,Rotterdam,Mijdrecht,1,1,22.82,OOCL HONG KONG,IMO6362116,LR,V235,552,APLU,MBL,COSU315792258,MAEU527777304,MSCU5942069,20GP,TANK,HC,FCL,CY/CY,Sinotrans,1328.01
Import (NL buyer),Eko Fish Group B.V.,03025190,030251,7,"Fish; fresh or chilled, cod (Gadus morhua, Gadus ogac, Gadus macrocephalus), excluding fillets, fish meat of 0304, and edible fish offal of subheadings 0302.91 to 0302.99",MARKS9157,Slovakia,Netherlands,Netherlands,6,2017,4,2017-04,2017-04-24,20170409,20170409,import,1,7065.39,8077.92,kg,KG,TOKAJ GRAND s.r.o.,[in full dataset],Viničky,,,,Y,Eko Fish Group B.V.,[in full dataset],Urk,,www.ecofishgroup.nl,[in full dataset],Y,TOKAJ GRAND s.r.o.,[in full dataset],,6053,6053,Main Container Port,Amsterdam,Urk,1,1,7.57,COSCO UNIVERSE,IMO4481475,PA,V502,936,ZIMU,MBL,MAEU757491946,MAEU356853064,TGHU7344711,40GP,FLAT RACK,RF,FCL,CFS/CFS,DHL Global Forwarding,7065.38
Import (NL buyer),ITOCHU Oil Exploration (Iraq) B.V.,27111391,271113,8,"Petroleum gases and other gaseous hydrocarbons; liquefied, butanes",MARKS6369,Malaysia,Netherlands,Netherlands,8,2025,10,2025-10,2025-10-15,20251028,20251028,import,1,3254220.08,19923.64,kg,KG,PETRONAS DAGANGAN BERHAD,[in full dataset],Kuala Lumpur,,www.mymesra.com.my,[in full dataset],Y,ITOCHU Oil Exploration (Iraq) B.V.,[in full dataset],Amsterdam,,,,Y,PETRONAS DAGANGAN BERHAD,[in full dataset],,14521,14521,Tanjung Pelepas,Amsterdam,Amsterdam,1,1,18.15,MSC OSCAR,IMO3024119,SG,V571,379,APLU,HBL,EGLV106166669,COSU256321541,TCLU4576255,40GP,FLAT RACK,GP,FCL,CY/CY,Sinotrans,18843.87
Import (NL buyer),European Appliances Netherlands B.V.,90328900,903289,7,"Regulating or controlling instruments and apparatus; automatic, other than hydraulic or pneumatic",MARKS5618,South Africa,Netherlands,Netherlands,5,2019,12,2019-12,2019-12-24,20191212,20191212,export,1,1587958.54,21275.83,kg,KG,OUTBAC WATER FILTERS CC,[in full dataset],CEZA,,,,Y,European Appliances Netherlands B.V.,[in full dataset],Breda,,www.whirlpool.nl,[in full dataset],N,OUTBAC WATER FILTERS CC,[in full dataset],,1048.5,1048.5,Port Elizabeth,Amsterdam,Breda,1,1,1.31,MAERSK MOLLER,IMO2670730,LR,V756,16,CMDU,SWB,ONEY615716255,COSU477352194,GESU2640505,40GP,DRY,RF,FCL,CFS/CFS,Kuehne + Nagel,19438.8
Export (NL seller),Pon's Automobielhandel B.V.,87081090,870810,7,"Vehicles; bumpers and parts thereof, for the vehicles of heading no. 8701 to 8705",MARKS3936,Netherlands,Sao Tome and Principe,Sao Tome and Principe,7,2020,3,2020-03,2020-03-27,20200319,20200319,export,1,3872.19,4261.92,kg,KG,Pon's Automobielhandel B.V.,[in full dataset],Leusden,,shop.volkswagen.nl,[in full dataset],Y,SOCIEDADE DE EQUIPAMIENTO E DISTRIBUICAO DE SAO TOME SARL,,,,,,N,Pon's Automobielhandel B.V.,,,18794.6,18794.6,Rotterdam,Main Container Port,,1,1,23.49,HMM ALGECIRAS,IMO3417409,LR,V122,191,COSU,MBL,ONEY969177264,MAEU838707025,GESU7603351,20GP,OPEN TOP,RF,LCL,CFS/CFS,Expeditors,3872.19
Import (NL buyer),Green mobility Groningen B.V.,90064000,900640,6,"Cameras, photographic (excluding cinematographic); instant print cameras",MARKS2164,Iceland,Netherlands,Netherlands,8,2019,12,2019-12,2019-12-16,20191205,20191205,import,1,3742826.59,4645.29,kg,KG,Veislur og vidburdir ehf.,[in full dataset],Akranesi,,,,Y,Green mobility Groningen B.V.,[in full dataset],Groningen,,,,Y,Veislur og vidburdir ehf.,[in full dataset],,24231.8,24231.8,Main Container Port,Rotterdam,Groningen,1,1,30.29,OOCL HONG KONG,IMO6771833,LR,V183,588,ONEY,HBL,MSCU999052228,MAEU286378318,TGHU4734975,45HC,FLAT RACK,RF,FCL,CY/CY,Nippon Express,4066.99
Import (NL buyer),GlaxoSmithKline B.V.,30021400,300214,7,"Blood, human or animal, antisera, other blood fractions and immunological products; immunological products, mixed, put up in measured doses or in forms or packings for retail sale",MARKS9026,Slovenia,Netherlands,Netherlands,5,2015,6,2015-06,2015-06-25,20150609,20150609,import,1,3112417.08,33401.22,kg,KG,Kemofarmacija d.d.,[in full dataset],Ljubljana,,www.kemofarmacija.si,[in full dataset],Y,GlaxoSmithKline B.V.,[in full dataset],Amersfoort,,www.gfk.nl,[in full dataset],Y,Kemofarmacija d.d.,[in full dataset],,8815.6,8815.6,Main Container Port,Amsterdam,Amersfoort,1,1,11.02,MAERSK MOLLER,IMO4780383,LR,V919,237,HMMU,SWB,YMLU875675879,HLCU271956060,TGHU1365220,40HC,REEFER,HC,FCL,CY/CFS,CEVA Logistics,30087.92
Export (NL seller),Aerea Networks B.V.,27050000,270500,9,"Gases; coal, water, producer and similar gases (excluding petroleum and other gaseous hydrocarbons)",MARKS5767,Netherlands,Ukraine,Ukraine,9,2025,10,2025-10,2025-10-25,20251024,20251024,export,1,2958861.7,222.71,kg,KG,Aerea Networks B.V.,[in full dataset],Oostvoorne,,www.citymesh.com,[in full dataset],Y,"PJSC ""EC ""BARVINOK"" JSCo",[in full dataset],Kyiv,,www.ekb.com.ua,[in full dataset],Y,Aerea Networks B.V.,[in full dataset],,7306.9,7306.9,Rotterdam,Main Container Port,Kyiv,1,1,9.13,MSC GULSUN,IMO7214453,LR,V435,244,MAEU,HBL,YMLU255238020,EGLV117387847,CAIU4513057,45HC,REEFER,RF,FCL,CY/CY,DHL Global Forwarding,200
Export (NL seller),Broekhuis Fleet Services B.V.,84626910,846269,6,"Machine-tools; cold metal working presses, other than hydraulic, mechanical or servo-presses",MARKS4697,Netherlands,Botswana,Botswana,8,2018,12,2018-12,2018-12-10,20181222,20181222,export,1,76747.79,66566.82,kg,KG,Broekhuis Fleet Services B.V.,[in full dataset],Alkmaar,,www.a-groep.nl,[in full dataset],Y,DAEWOO CORPORATION,,,,,,Y,Broekhuis Fleet Services B.V.,,,19168.1,19168.1,Rotterdam,Main Container Port,,1,1,23.96,YM WARRANTY,IMO1733863,SG,V884,243,EGLV,HBL,MSCU351200286,MSCU675935498,TCLU6972192,40HC,DRY,HC,LCL,CFS/CFS,Nippon Express,58032.76
Import (NL buyer),CV Seafood Holding B.V.,03036700,030367,7,"Fish; frozen, Alaska pollock (Theragra chalcogramma), excluding fillets, fish meat of 0304, and edible fish offal of subheadings 0303.91 to 0303.99",MARKS5864,Malaysia,Netherlands,Netherlands,9,2017,7,2017-07,2017-07-17,20170702,20170702,import,1,3602.99,4011.99,kg,KG,YIN WOH (SABAH) SDN. BHD.,[in full dataset],Kota Kinabalu,,,,Y,CV Seafood Holding B.V.,[in full dataset],IJmuiden,,www.cornelisvrolijk.eu,[in full dataset],N,YIN WOH (SABAH) SDN. BHD.,[in full dataset],,21676.1,21676.1,Penang,Rotterdam,IJmuiden,1,1,27.1,COSCO UNIVERSE,IMO1598368,MH,V527,117,OOLU,MBL,HLCU661471210,MAEU646132340,TGHU2098655,40HC,DRY,HC,LCL,CFS/CFS,Bollore Logistics,3602.99
Export (NL seller),Patheon Holdings II B.V.,38151990,381519,9,"Catalysts, supported; reaction initiators, reaction accelerators and catalytic preparations, with an active substance other than nickel or precious metals or their compounds, n.e.c. or included",MARKS9260,Netherlands,Iran,Iran,7,2023,7,2023-07,2023-07-27,20230724,20230724,export,1,158550.55,22377.29,kg,KG,Patheon Holdings II B.V.,[in full dataset],Tilburg,,,,Y,QIAN PETROCHEMICAL COMPANY,[in full dataset],Tehran,,kianpc.com,[in full dataset],Y,Patheon Holdings II B.V.,[in full dataset],,14153.2,14153.2,Amsterdam,Bandar Abbas,Tehran,1,1,17.69,BARZAN,IMO1228485,MH,V442,658,CMDU,SWB,MSCU318401161,CMDU276060599,TGHU9781390,45HC,FLAT RACK,HC,FCL,CFS/CFS,CEVA Logistics,19854.2
Import (NL buyer),NVD Logistics B.V.,38099300,380993,6,"Finishing agents and dye carriers; to accelerate dyeing or fixing of dye-stuffs, other products and preparations, used in the leather or like (excluding paper and textile) industries, (excluding those with a basis of amylaceous substances)",MARKS5036,Iceland,Netherlands,Netherlands,7,2023,7,2023-07,2023-07-08,20230719,20230719,import,1,121680.49,82399.46,kg,KG,Tandur hf.,[in full dataset],Reykjavik,,www.tandur.is,[in full dataset],Y,NVD Logistics B.V.,[in full dataset],Pernis Rotterdam,,www.neelevat.com,[in full dataset],Y,Tandur hf.,[in full dataset],,10304,10304,Main Container Port,Amsterdam,Pernis Rotterdam,1,1,12.88,MSC OSCAR,IMO5101770,MH,V764,143,HMMU,MBL,ONEY426322940,MAEU944603114,TCLU7701262,40GP,OPEN TOP,RF,FCL,CY/CFS,Yusen Logistics,76836.92
Export (NL seller),Janssen Ei Ysselsteyn B.V.,03071900,030719,7,"Molluscs; oysters, whether in shell or not, dried, salted or in brine, smoked, cooked or not before or during the smoking process",MARKS2192,Netherlands,Chad,Chad,7,2017,11,2017-11,2017-11-17,20171114,20171114,export,1,1872.21,2020.81,kg,KG,Janssen Ei Ysselsteyn B.V.,[in full dataset],Ysselsteyn LB,,www.janssenei.nl,[in full dataset],Y,COTONTCHAD SA,[in full dataset],MOUNDOU,,,,Y,Janssen Ei Ysselsteyn B.V.,[in full dataset],,3950,3950,Amsterdam,Main Container Port,MOUNDOU,1,1,4.94,HMM ALGECIRAS,IMO1492257,PA,V203,661,OOLU,HBL,CMDU330098542,HLCU225559809,CAIU9616534,45HC,OPEN TOP,GP,FCL,CFS/CFS,Expeditors,1872.21
Import (NL buyer),Selko B.V.,38241000,382410,7,"Binders, prepared; for foundry moulds or cores",MARKS5636,Chile,Netherlands,Netherlands,6,2023,7,2023-07,2023-07-02,20230703,20230703,import,1,1540.4,1752.07,kg,KG,Copec S.A.,[in full dataset],SANTIAGO,,www.copec.cl,[in full dataset],Y,Selko B.V.,[in full dataset],Tilburg,,www.selko.com,[in full dataset],Y,Copec S.A.,[in full dataset],,20821.6,20821.6,Valparaiso,Rotterdam,Tilburg,1,1,26.03,MAERSK MOLLER,IMO3308803,SG,V220,903,COSU,MBL,EGLV882003292,YMLU207709719,TGHU7953629,20GP,TANK,HC,FCL,CY/CY,Kuehne + Nagel,1540.4
Export (NL seller),GD Allround Services,90021100,900211,8,"Lenses; objective, for cameras, projectors or photographic enlargers or reducers, mounted, being parts or fittings for instruments or apparatus, of any material (excluding glass not optically worked)",MARKS1964,Netherlands,Poland,Poland,5,2019,12,2019-12,2019-12-22,20191223,20191223,export,1,57683338.68,229.15,kg,KG,GD Allround Services,[in full dataset],Oud Gastel,,,,Y,CINEMA CITY CINEMAS SP Z O O,[in full dataset],Warszawa,,www.cinema-city.pl,[in full dataset],Y,GD Allround Services,[in full dataset],,1857.7,1857.7,Amsterdam,Gdynia,Warszawa,1,1,2.32,OOCL HONG KONG,IMO2808461,SG,V127,918,HMMU,HBL,COSU683730899,YMLU802995155,FCIU5014669,40GP,FLAT RACK,GP,LCL,CFS/CFS,DHL Global Forwarding,200
Export (NL seller),Autogroep Oostendorp B.V.,87089510,870895,9,Vehicle parts; safety airbags with inflater system; parts thereof,MARKS5328,Netherlands,Bosnia-Herzegovina,Bosnia-Herzegovina,5,2024,1,2024-01,2024-01-13,20240109,20240109,export,1,1502256.68,19902.52,kg,KG,Autogroep Oostendorp B.V.,[in full dataset],Uden,,www.lexusdirect.nl,[in full dataset],Y,Selzer Automotive Bosnia d.o.o.,[in full dataset],Sarajevo Dio,,,,Y,Autogroep Oostendorp B.V.,[in full dataset],,1540.1,1540.1,Rotterdam,Main Container Port,Sarajevo Dio,1,1,1.93,ONE APUS,IMO6063591,SG,V277,612,OOLU,SWB,CMDU776226758,MAEU658309505,TGHU1182769,45HC,DRY,HC,FCL,CFS/CFS,Nippon Express,18200.03
Export (NL seller),Ammeraal Beltech Manufacturing B.V.,84564000,845640,7,Machine tools; for working any material by removal of material; operated by plasma arc processes;,MARKS6827,Netherlands,Maldives,Maldives,7,2022,6,2022-06,2022-06-18,20220611,20220611,export,1,214094.12,8389.31,kg,KG,Ammeraal Beltech Manufacturing B.V.,[in full dataset],Heerhugowaard,,www.ammeraalbeltech.com,[in full dataset],N,RADIANTHEAT MALDIVES PRIVATE LIMITED,[in full dataset],Male,,www.radheatonline.com,[in full dataset],N,Ammeraal Beltech Manufacturing B.V.,[in full dataset],,3137.5,3137.5,Amsterdam,Main Container Port,Male,1,1,3.92,COSCO UNIVERSE,IMO8174691,LR,V881,212,COSU,HBL,CMDU324788767,MAEU544882792,BMOU1241102,40HC,FLAT RACK,RF,FCL,CFS/CFS,Expeditors,7333.06
Export (NL seller),"N.V. Huco, Handel- en Scheepvaartmaatschappij",73053900,730539,8,"Iron or steel (excluding cast iron); tubes and pipes (other than line pipe or casing of a kind used for oil or gas pipelines), welded (not longitudinally welded), having circular cross-sections, external diameter exceeds 406.4mm, (not seamless)",MARKS1556,Netherlands,Pakistan,Pakistan,7,2021,3,2021-03,2021-03-04,20210319,20210319,export,1,444171.5,4047.04,kg,KG,"N.V. Huco, Handel- en Scheepvaartmaatschappij",[in full dataset],Nijmegen,,www.nvniba.com,[in full dataset],Y,INTERNATIONAL METAL INDUSTRIES (PRIVATE) LIMITED,[in full dataset],Jamshoro,,www.imipakistan.com,[in full dataset],Y,"N.V. Huco, Handel- en Scheepvaartmaatschappij",[in full dataset],,20072.6,20072.6,Amsterdam,Gwadar,Jamshoro,1,1,25.09,EVER ACME,IMO8770800,LR,V533,197,CMDU,MBL,CMDU614097363,ONEY319835402,GESU2494494,40HC,FLAT RACK,RF,LCL,CY/CY,Kuehne + Nagel,3791.79
Import (NL buyer),RELX Overseas B.V.,87042199,870421,5,"Vehicles; with only compression-ignition internal combustion piston engine (diesel or semi-diesel), for transport of goods, (of a gvw not exceeding 5 tonnes), n.e.c. in item no 8704.1",MARKS2343,Ireland,Netherlands,Netherlands,7,2024,1,2024-01,2024-01-05,20240123,20240123,export,1,335680.82,132670.38,kg,KG,JDM AUTOMOTIVE LIMITED,[in full dataset],DUBLIN 11,,www.joeduffy.ie,[in full dataset],Y,RELX Overseas B.V.,[in full dataset],Amsterdam,,www.relx.com,[in full dataset],N,JDM AUTOMOTIVE LIMITED,[in full dataset],,3887.4,3887.4,Dublin,Rotterdam,Amsterdam,1,1,4.86,MSC OSCAR,IMO6302006,LR,V207,437,COSU,SWB,MAEU356093795,MSCU311774179,MSCU3790771,40GP,FLAT RACK,HC,LCL,CY/CY,CEVA Logistics,123982.27
Import (NL buyer),Calypso Van Oord B.V.,84328000,843280,9,Rollers; for lawns or sports-grounds,MARKS3253,Guatemala,Netherlands,Netherlands,7,2018,12,2018-12,2018-12-25,20181224,20181224,import,1,10914.04,12454.03,kg,KG,"Herramientas Materiales y Equipos, S.A.",[in full dataset],Guatemala,,www.casahermes.com,[in full dataset],Y,Calypso Van Oord B.V.,[in full dataset],Gorinchem,,,,Y,"Herramientas Materiales y Equipos, S.A.",[in full dataset],,24704.9,24704.9,Main Container Port,Amsterdam,Gorinchem,1,1,30.88,MSC OSCAR,IMO5429846,MH,V151,66,MAEU,SWB,HLCU232560515,CMDU715801747,TGHU5593979,20GP,FLAT RACK,RF,FCL,CY/CFS,DSV,10914.04
Export (NL seller),Remark B.V.,30024200,300242,5,"Vaccines, toxins, cultures of micro-organisms (excluding yeasts) and similar products; for veterinary medicine",MARKS3635,Netherlands,Pakistan,Pakistan,7,2015,6,2015-06,2015-06-26,20150603,20150603,export,1,1809095.33,9223.56,kg,KG,Remark B.V.,[in full dataset],Rogat,,www.remarkgroep.nl,[in full dataset],Y,GLAXOSMITHKLINE PAKISTAN LIMITED,[in full dataset],Karachi,,www.pk.gsk.com,[in full dataset],Y,Remark B.V.,[in full dataset],,20512.8,20512.8,Rotterdam,Karachi (Port Qasim),Karachi,1,1,25.64,CSCL GLOBE,IMO5255696,PA,V946,650,CMDU,HBL,MAEU763429617,COSU695446871,FCIU1584634,40HC,TANK,HC,FCL,CFS/CFS,Yusen Logistics,8359.41
Export (NL seller),FUJIFILM Manufacturing Europe B.V.,38248700,382487,8,"Chemical products, mixtures and preparations; containing goods specified in Subheading Note 3 to this Chapter; containing perfluorooctane sulphonic acid, its salts, perfluorooctane sulphonamides, or perfluorooctane sulphonyl fluoride",MARKS4173,Netherlands,Belarus,Belarus,6,2023,7,2023-07,2023-07-10,20230721,20230721,export,1,89946.93,461.52,kg,KG,FUJIFILM Manufacturing Europe B.V.,[in full dataset],Tilburg,,www.fujifilm.com,[in full dataset],Y,"GLOBAL FERTILAIZER KOMPANI, OOO",[in full dataset],g. Minsk,,,,Y,FUJIFILM Manufacturing Europe B.V.,[in full dataset],,22415,22415,Amsterdam,Main Container Port,g. Minsk,1,1,28.02,CSCL GLOBE,IMO3325624,SG,V802,757,YMLU,HBL,MSCU929454052,MSCU710098825,TGHU5288503,40GP,REEFER,GP,FCL,CY/CY,Expeditors,427.44
Export (NL seller),Teunesen Zand en Grint B.V.,73143900,731439,9,"Iron or steel wire; grill, netting and fencing, welded at the intersection, n.e.c. in item no. 7314.20, (other than plated or coated with zinc)",MARKS5387,Netherlands,Peru,Peru,6,2021,3,2021-03,2021-03-03,20210316,20210316,export,1,359582.08,1757.76,kg,KG,Teunesen Zand en Grint B.V.,[in full dataset],Heijen,,www.teunesen.nl,[in full dataset],Y,Analytica Mineral Services S.A.C.,[in full dataset],Lima,,,,Y,Teunesen Zand en Grint B.V.,[in full dataset],,22369.4,22369.4,Amsterdam,Callao,Lima,1,1,27.96,HYUNDAI LOYALTY,IMO5091889,PA,V992,238,YMLU,MBL,EGLV993136316,YMLU888413891,MSCU8724453,40GP,FLAT RACK,GP,LCL,CFS/CFS,CEVA Logistics,1640.22
Import (NL buyer),Reckitt Benckiser Healthcare B.V.,30033100,300331,6,"Medicaments; containing insulin, for therapeutic or prophylactic uses, not packaged for retail sale",MARKS4249,Serbia,Netherlands,Netherlands,7,2015,6,2015-06,2015-06-07,20150621,20150621,import,1,182456.82,143157.73,kg,KG,PHOENIX PHARMA DOO BEOGRAD,[in full dataset],Beograd (Cukarica),,www.phoenixpharma.rs,[in full dataset],N,Reckitt Benckiser Healthcare B.V.,[in full dataset],Amsterdam,,www.reckitt.com,[in full dataset],Y,PHOENIX PHARMA DOO BEOGRAD,[in full dataset],,21390.9,21390.9,Main Container Port,Amsterdam,Amsterdam,1,1,26.74,HYUNDAI LOYALTY,IMO2135031,MH,V785,135,YMLU,HBL,COSU753707477,EGLV639025455,GESU2002987,45HC,TANK,HC,FCL,CY/CY,Bollore Logistics,127603.81
Export (NL seller),Carmen Oostdam PT,90221300,902213,6,"Apparatus based on the use of x-rays; including radiography or radiotherapy apparatus, for dental uses, excluding computed tomography apparatus",MARKS1133,Netherlands,South Korea,South Korea,5,2019,12,2019-12,2019-12-15,20191206,20191206,export,1,57876189.26,911.47,kg,KG,Carmen Oostdam PT,[in full dataset],Nieuwegein,,,,Y,Sung Kwang Medical Foundation,[in full dataset],Seoul,,www.chamc.co.kr,[in full dataset],Y,Carmen Oostdam PT,[in full dataset],,16662.5,16662.5,Amsterdam,Busan,Seoul,1,1,20.83,HYUNDAI LOYALTY,IMO3281568,PA,V114,745,ONEY,HBL,HLCU304536640,ONEY938041344,BMOU7812927,40GP,FLAT RACK,RF,FCL,CFS/CFS,Bollore Logistics,847.26
Import (NL buyer),The Medical Export Group B.V.,30034300,300343,7,"Medicaments; containing alkaloids or their derivatives, containing norephedrine or its salts, for therapeutic or prophylactic uses, (not packaged for retail sale)",MARKS1374,Ukraine,Netherlands,Netherlands,9,2015,6,2015-06,2015-06-24,20150612,20150612,import,1,7059.7,7928.39,kg,KG,BIZNES TSENTR FARMATSIIA TOV,[in full dataset],Vyshhorod,,bcph.com.ua,[in full dataset],Y,The Medical Export Group B.V.,[in full dataset],Vuren,,www.medicalexportgroup.com,[in full dataset],Y,BIZNES TSENTR FARMATSIIA TOV,[in full dataset],,9041.6,9041.6,Main Container Port,Amsterdam,Vuren,1,1,11.3,MAERSK MOLLER,IMO8257032,LR,V554,239,MAEU,SWB,HLCU161499931,HLCU683843770,MSCU4040833,20GP,DRY,HC,LCL,CY/CY,Yusen Logistics,7059.7
Import (NL buyer),United European Car Carriers B.V.,87033290,870332,8,"Vehicles; with only compression-ignition internal combustion piston engine (diesel or semi-diesel), cylinder capacity over 1500 but not over 2500cc",MARKS4395,Belarus,Netherlands,Netherlands,7,2024,1,2024-01,2024-01-02,20240126,20240126,import,1,8898.59,9891.78,kg,KG,"TRAKBEL, UP",[in full dataset],g. Minsk,,www.truckbel.com,[in full dataset],Y,United European Car Carriers B.V.,[in full dataset],Amsterdam,,,,Y,"TRAKBEL, UP",[in full dataset],,11616.1,11616.1,Main Container Port,Rotterdam,Amsterdam,1,1,14.52,MSC GULSUN,IMO5463461,SG,V543,681,YMLU,HBL,CMDU327640245,ONEY951233659,MSCU3955790,20GP,OPEN TOP,RF,LCL,CFS/CFS,Bollore Logistics,8898.59
Import (NL buyer),Riverside Energy B.V.,27149000,271490,6,"Bitumen and asphalt, natural; asphaltites and asphaltic rock",MARKS6587,Tunisia,Netherlands,Netherlands,9,2025,10,2025-10,2025-10-14,20251026,20251026,import,1,5357440,17649.85,kg,KG,OLA ENERGY TUNISIE,[in full dataset],La Marsa,,,,Y,Riverside Energy B.V.,[in full dataset],Luchthaven Schiphol,,,,Y,OLA ENERGY TUNISIE,[in full dataset],,2249.1,2249.1,Main Container Port,Amsterdam,Luchthaven Schiphol,1,1,2.81,EVER ACME,IMO7123146,LR,V922,406,CMDU,SWB,MAEU912744228,ONEY423687647,TGHU1705821,20GP,REEFER,GP,LCL,CY/CY,DHL Global Forwarding,16398.44
Export (NL seller),Sperry Marine B.V.,38085900,380859,8,"Insecticides, rodenticides, fungicides, disinfectants, herbicides and the like; containing goods specified in Subheading Note 1 to this Chapter; not DDT (ISO) (clofenotane (INN)), put up in forms or packings for retail sale or as preparations or articles",MARKS7498,Netherlands,Philippines,Philippines,5,2023,7,2023-07,2023-07-09,20230724,20230724,export,1,1257631.52,5810.94,kg,KG,Sperry Marine B.V.,[in full dataset],Vlaardingen,,www.sperrymarine.com,[in full dataset],Y,ORO OXYGEN CORPORATION,[in full dataset],Cagayan De Oro City,,,,Y,Sperry Marine B.V.,[in full dataset],,7423.8,7423.8,Rotterdam,Subic Bay,Cagayan De Oro City,1,1,9.28,MSC OSCAR,IMO8020087,LR,V497,388,CMDU,SWB,EGLV183661406,CMDU304708071,FCIU3419154,40HC,DRY,RF,LCL,CY/CY,DSV,5324.27
Import (NL buyer),Van Kessel Tankservice B.V.,87035000,870350,7,"Vehicles; with both compression-ignition internal combustion piston engine (diesel or semi-diesel) and electric motor for propulsion, incapable of being charged by plugging to external source of electric power",MARKS6182,Hong Kong,Netherlands,Netherlands,9,2024,1,2024-01,2024-01-19,20240108,20240108,import,1,325809.49,11962.69,kg,KG,Horizon Robotics,[in full dataset],Ngau Tau Kok,,www.horizon.auto,[in full dataset],Y,Van Kessel Tankservice B.V.,[in full dataset],Milheeze,,www.vankesselolie.nl,[in full dataset],Y,Horizon Robotics,[in full dataset],,5470.2,5470.2,Hong Kong (Kwai Tsing),Rotterdam,Milheeze,1,1,6.84,EVER ACME,IMO6650740,SG,V750,183,HMMU,HBL,ONEY956679201,YMLU638245277,BMOU9364759,20GP,REEFER,HC,FCL,CY/CFS,Yusen Logistics,11117.01
Export (NL seller),Fase Facility Services B.V.,84287000,842870,8,Industrial robots,MARKS4923,Netherlands,South Sudan,South Sudan,7,2018,12,2018-12,2018-12-23,20181206,20181206,export,1,40186.26,44556.66,kg,KG,Fase Facility Services B.V.,[in full dataset],Harderwijk,,,,Y,JUNUBIA HOST CO. LTD,[in full dataset],Juba,,,,Y,Fase Facility Services B.V.,[in full dataset],,6880.1,6880.1,Amsterdam,Main Container Port,Juba,1,1,8.6,CSCL GLOBE,IMO4967288,LR,V788,247,COSU,SWB,YMLU449524462,CMDU406993639,CAIU7171641,40HC,FLAT RACK,RF,LCL,CY/CFS,Nippon Express,40186.26
Import (NL buyer),AC Oranjepolderweg 9 Exploitatie B.V.,03024100,030241,5,"Fish; fresh or chilled, herrings (Clupea harengus, Clupea pallasii), excluding fillets, fish meat of 0304, and edible fish offal of subheadings 0302.91 to 0302.99",MARKS2969,Slovenia,Netherlands,Netherlands,8,2017,8,2017-08,2017-08-26,20170821,20170821,import,1,2193.6,2312.28,kg,KG,GG Bled d.o.o.,[in full dataset],Bled,,www.ggbled.si,[in full dataset],N,AC Oranjepolderweg 9 Exploitatie B.V.,[in full dataset],Maasdijk,,,,Y,GG Bled d.o.o.,[in full dataset],,1799.1,1799.1,Main Container Port,Amsterdam,Maasdijk,1,1,2.25,MAERSK MOLLER,IMO1301486,SG,V793,530,CMDU,MBL,EGLV485673395,ONEY324779576,CAIU2575071,45HC,DRY,HC,FCL,CFS/CFS,DB Schenker,2193.6
Import (NL buyer),Econvert Water & Energy B.V.,27011900,270119,5,"Coal; (other than anthracite and bituminous), whether or not pulverised but not agglomerated",MARKS3519,Luxembourg,Netherlands,Netherlands,6,2016,10,2016-10,2016-10-11,20161018,20161018,import,1,73423.24,1485.08,kg,KG,EG Retail (Luxembourg) SARL,[in full dataset],Dudelange,,www.gotexaco.lu,[in full dataset],Y,Econvert Water & Energy B.V.,[in full dataset],Heerenveen,,www.econvert.nl,[in full dataset],Y,EG Retail (Luxembourg) SARL,[in full dataset],,19414.8,19414.8,Main Container Port,Rotterdam,Heerenveen,1,1,24.27,OOCL HONG KONG,IMO2145826,MH,V734,433,MSCU,MBL,MSCU635952717,EGLV155021205,GESU2073985,40HC,DRY,GP,FCL,CY/CFS,DSV,1410.04
Import (NL buyer),De Ronde Boom B.V.,84324100,843241,9,"Spreaders and distributors; for manure and fertilizers, for agricultural, horticultural or forestry use; manure spreaders",MARKS2124,Democratic Republic Of The Congo,Netherlands,Netherlands,9,2018,12,2018-12,2018-12-19,20181218,20181218,import,1,15913.99,16939.17,kg,KG,ARROW BEARINGS RDC,[in full dataset],Lubumbashi,,,,Y,De Ronde Boom B.V.,[in full dataset],Oosterhout NB,,www.derondeboom.nl,[in full dataset],Y,ARROW BEARINGS RDC,[in full dataset],,15222.4,15222.4,Main Container Port,Rotterdam,Oosterhout NB,1,1,19.03,HYUNDAI LOYALTY,IMO3675838,SG,V808,108,ONEY,SWB,YMLU222953936,MSCU652916278,TCLU3575964,20GP,DRY,GP,LCL,CY/CY,DHL Global Forwarding,15913.99
Export (NL seller),Pro-Fa Automation B.V.,84122180,841221,8,"Engines; hydraulic power engines and motors, linear acting (cylinders)",MARKS4986,Netherlands,Eritrea,Eritrea,7,2018,12,2018-12,2018-12-18,20181207,20181207,export,1,3830.79,4133.99,kg,KG,Pro-Fa Automation B.V.,[in full dataset],'s-Hertogenbosch,,www.pro-fa.com,[in full dataset],Y,HAMASIEN TRADING ENTERPRISE IMPORT EXPORT,,,,,,Y,Pro-Fa Automation B.V.,,,24083.7,24083.7,Amsterdam,Main Container Port,,1,1,30.1,MSC OSCAR,IMO1515260,MH,V834,55,EGLV,HBL,MAEU853897313,MAEU184920147,TCLU9907156,40GP,OPEN TOP,RF,FCL,CY/CFS,Yusen Logistics,3830.79
Import (NL buyer),Princess Household Appliances B.V.,90181100,901811,8,"Medical, surgical instruments and appliances; electro-cardiographs",MARKS7048,United Arab Emirates,Netherlands,Netherlands,7,2019,12,2019-12,2019-12-07,20191207,20191207,import,1,1222379.48,104934.41,kg,KG,DEPARTMENT OF HEALTH & MEDICAL SERVICES,[in full dataset],Dubai,,www.dohms.gov.ae,[in full dataset],N,Princess Household Appliances B.V.,[in full dataset],Tilburg,,www.smartwarsgroup.com,[in full dataset],Y,DEPARTMENT OF HEALTH & MEDICAL SERVICES,[in full dataset],,21347.4,21347.4,"Jebel Ali, Dubai",Rotterdam,Tilburg,1,1,26.68,EVER ACME,IMO6592791,PA,V417,394,HLCU,HBL,COSU170945066,ONEY373586936,MSCU6919706,40HC,TANK,GP,FCL,CY/CFS,DSV,96627.64
Export (NL seller),Ipar Industrial Partners B.V.,84142020,841420,6,Pumps; hand or foot-operated air pumps,MARKS5627,Netherlands,Bhutan,Bhutan,6,2018,12,2018-12,2018-12-26,20181203,20181203,export,1,31254.21,35046.65,kg,KG,Ipar Industrial Partners B.V.,[in full dataset],Venlo,,www.fource.nl,[in full dataset],Y,BHUTAN INTERNATIONAL COMPANY,[in full dataset],Thimphu,,,,Y,Ipar Industrial Partners B.V.,[in full dataset],,13097.6,13097.6,Rotterdam,Main Container Port,Thimphu,1,1,16.37,COSCO UNIVERSE,IMO3778115,LR,V451,259,HLCU,MBL,YMLU277709360,HLCU350047148,CAIU6958634,40GP,REEFER,HC,FCL,CY/CFS,Sinotrans,31254.21
Import (NL buyer),sport 2000 Oud-Beijerland,90101000,901010,9,Photographic laboratory apparatus and equipment; for automatically developing photographic (including cinematographic) film or paper in rolls or for automatically exposing developed film to rolls of paper,MARKS2267,Ireland,Netherlands,Netherlands,8,2020,2,2020-02,2020-02-13,20200202,20200202,import,1,272882973.04,10376.51,kg,KG,BOSTON SCIENTIFIC MEDICAL DEVICE LIMITED,[in full dataset],Galway,,,,Y,sport 2000 Oud-Beijerland,[in full dataset],Oud Beijerland,,,,N,BOSTON SCIENTIFIC MEDICAL DEVICE LIMITED,[in full dataset],,11642.4,11642.4,Cork,Amsterdam,Oud Beijerland,1,1,14.55,MSC OSCAR,IMO2910765,LR,V902,91,COSU,HBL,MAEU998188822,COSU925749940,TGHU4306244,20GP,REEFER,RF,LCL,CY/CY,DB Schenker,9791.65
Import (NL buyer),Hedin Automotive 3F B.V.,87115000,871150,9,"Motorcycles (including mopeds) and cycles; fitted with auxiliary motor, with internal combustion piston engine of a cylinder capacity exceeding 800cc, with or without side-cars; side-cars",MARKS9003,Bosnia-Herzegovina,Netherlands,Netherlands,6,2024,1,2024-01,2024-01-01,20240108,20240108,import,1,1151840.84,95819.17,kg,KG,"""EURO DAM-JAS"" d.o.o. Lukavac",[in full dataset],Lukavac,,,,Y,Hedin Automotive 3F B.V.,[in full dataset],Hoofddorp,,www.hedinautomotive.nl,[in full dataset],Y,"""EURO DAM-JAS"" d.o.o. Lukavac",[in full dataset],,543,543,Main Container Port,Amsterdam,Hoofddorp,1,1,0.68,BARZAN,IMO8628906,PA,V170,95,EGLV,HBL,CMDU591575302,EGLV273096094,FCIU7832170,40GP,TANK,RF,FCL,CY/CFS,Yusen Logistics,84803.85
Import (NL buyer),Allinq EU B.V.,73231000,732310,7,"Iron or steel; wool, pot scourers and scouring or polishing pads, gloves and the like",MARKS1992,South Africa,Netherlands,Netherlands,6,2021,3,2021-03,2021-03-19,20210304,20210304,import,1,172646.23,87331.09,kg,KG,MANGANESE METAL COMPANY (PTY) LTD,[in full dataset],JOHANNESBURG,,www.mmc.co.za,[in full dataset],Y,Allinq EU B.V.,[in full dataset],Harderwijk,,www.allinq.com,[in full dataset],N,MANGANESE METAL COMPANY (PTY) LTD,[in full dataset],,7167.5,7167.5,Durban,Rotterdam,Harderwijk,1,1,8.96,BARZAN,IMO1870617,LR,V408,147,MAEU,MBL,CMDU747148932,CMDU475043905,TCLU6860095,40GP,REEFER,GP,FCL,CY/CY,Kuehne + Nagel,76728.31
Export (NL seller),HKS Scrap Metals B.V.,73071190,730711,8,"Cast iron; cast fittings, of non-malleable cast iron",MARKS1119,Netherlands,Uruguay,Uruguay,7,2021,3,2021-03,2021-03-08,20210313,20210313,export,1,66810.99,1191.7,kg,KG,HKS Scrap Metals B.V.,[in full dataset],Moerdijk,,www.hksmetals.eu,[in full dataset],Y,COMERCIO EXTERIOR S.A.,[in full dataset],Montevideo,,www.corpminera.com,[in full dataset],Y,HKS Scrap Metals B.V.,[in full dataset],,18097.7,18097.7,Rotterdam,Main Container Port,Montevideo,1,1,22.62,MSC OSCAR,IMO8120747,PA,V268,688,OOLU,MBL,MSCU303494081,EGLV982591924,TGHU8537997,40GP,OPEN TOP,HC,FCL,CFS/CFS,Expeditors,1049.25
Import (NL buyer),Transport & Offshore Services International B.V.,38237000,382370,5,Industrial fatty alcohols,MARKS7659,Ecuador,Netherlands,Netherlands,8,2023,7,2023-07,2023-07-15,20230706,20230706,import,1,223029.47,3982.98,kg,KG,Planta Industrial Lacec Cia. Ltda.,[in full dataset],Ascazubi,,www.lacec.com.ec,[in full dataset],Y,Transport & Offshore Services International B.V.,[in full dataset],Rotterdam,,www.tospeople.com,[in full dataset],Y,Planta Industrial Lacec Cia. Ltda.,[in full dataset],,21479.1,21479.1,Main Container Port,Rotterdam,Rotterdam,1,1,26.85,HMM ALGECIRAS,IMO4039543,PA,V988,221,CMDU,HBL,MAEU309416921,MAEU365723894,BMOU5312072,20GP,FLAT RACK,RF,FCL,CY/CY,Kuehne + Nagel,3691.77
Import (NL buyer),Herkel B.V.,30069300,300693,6,"Pharmaceutical goods; placebos and blinded (or double-blinded) clinical trial kits for a recognised clinical trial, put up in measured doses",MARKS2543,Jordan,Netherlands,Netherlands,5,2015,6,2015-06,2015-06-15,20150621,20150621,import,1,45137.93,47425.19,kg,KG,DAR AL DAWA VETERINARY AND AGRICULTURAL INDUSTRIAL COMPANY,[in full dataset],Amman,,www.dadgroup.com,[in full dataset],N,Herkel B.V.,[in full dataset],Zeewolde,,www.herkel.nl,[in full dataset],N,DAR AL DAWA VETERINARY AND AGRICULTURAL INDUSTRIAL COMPANY,[in full dataset],,2543.1,2543.1,Main Container Port,Amsterdam,Zeewolde,1,1,3.18,CMA CGM JULES VERNE,IMO3054875,PA,V410,914,ONEY,MBL,CMDU727562826,MSCU864501964,TGHU9019023,40GP,REEFER,GP,FCL,CFS/CFS,CEVA Logistics,45137.93
Export (NL seller),Elecnova Energy Europe B.V.,27079950,270799,9,Oils and other products of the distillation of high temperature coal tar; n.e.c. in heading no. 2707,MARKS1513,Netherlands,South Africa,South Africa,6,2025,10,2025-10,2025-10-17,20251028,20251028,import,1,23758643.52,218.45,kg,KG,Elecnova Energy Europe B.V.,[in full dataset],'s-Gravenhage,,,,Y,THUNGELA OPERATIONS (PTY) LTD,[in full dataset],JOHANNESBURG,,www.thungela.com,[in full dataset],Y,Elecnova Energy Europe B.V.,[in full dataset],,9018.3,9018.3,Rotterdam,Ngqura,JOHANNESBURG,1,1,11.27,MSC GULSUN,IMO3980845,LR,V188,218,MSCU,MBL,ONEY898967355,MSCU706974597,GESU4343795,40GP,FLAT RACK,GP,FCL,CY/CY,Bollore Logistics,200
Import (NL buyer),RT Reptiles Paradise,90301000,903010,6,Instruments and apparatus; for measuring or detecting ionising radiations,MARKS8482,Belgium,Netherlands,Netherlands,9,2022,6,2022-06,2022-06-08,20220622,20220622,import,1,125809659.01,4598.36,kg,KG,Press Shop and More,[in full dataset],Grimbergen,,www.press-shop.be,[in full dataset],Y,RT Reptiles Paradise,[in full dataset],Eck en Wiel,,,,Y,Press Shop and More,[in full dataset],,6156.5,6156.5,Zeebrugge,Amsterdam,Eck en Wiel,1,1,7.7,COSCO UNIVERSE,IMO1250679,MH,V317,250,COSU,MBL,COSU467640873,YMLU562725077,FCIU8835839,40GP,OPEN TOP,GP,FCL,CY/CY,Bollore Logistics,4060.85
Export (NL seller),B On Stage,90212110,902121,7,Dental fittings; artificial teeth,MARKS6110,Netherlands,Hong Kong,Hong Kong,8,2022,6,2022-06,2022-06-04,20220615,20220615,import,1,19198883.83,4232.27,kg,KG,B On Stage,[in full dataset],Eersel,,,,Y,"Hisense Home Appliances Group Co., Ltd.",[in full dataset],Sai Ying Pun,,hxjd.hisense.cn,[in full dataset],Y,B On Stage,[in full dataset],,12051,12051,Rotterdam,Hong Kong (Kwai Tsing),Sai Ying Pun,1,1,15.06,EVER ACME,IMO5079976,PA,V801,169,CMDU,HBL,HLCU781162851,HLCU113280849,GESU7646988,40GP,OPEN TOP,HC,FCL,CFS/CFS,Kuehne + Nagel,3801.62
Export (NL seller),Eni Energy Facilities Netherlands B.V.,27132000,271320,7,Petroleum bitumen; obtained from bituminous minerals,MARKS3725,Netherlands,Benin,Benin,8,2016,10,2016-10,2016-10-06,20161023,20161023,export,1,554875.73,965.71,kg,KG,Eni Energy Facilities Netherlands B.V.,[in full dataset],'s-Gravenhage,,www.neptuneenergy.com,[in full dataset],N,AFRICAN LOGISTICS,[in full dataset],Cotonou,,www.afloenergies.com,[in full dataset],Y,Eni Energy Facilities Netherlands B.V.,[in full dataset],,18659.7,18659.7,Rotterdam,Main Container Port,Cotonou,1,1,23.32,APL MEXICO CITY,IMO4857055,MH,V911,937,MSCU,SWB,MAEU317151818,YMLU633862424,TGHU8658884,40GP,FLAT RACK,GP,FCL,CY/CFS,Kuehne + Nagel,903.55
Export (NL seller),Resort De Utrechtse Heuvelrug B.V.,87024000,870240,7,"Vehicles; public transport type (carries 10 or more persons, including driver), with only electric motor for propulsion, new or used",MARKS2316,Netherlands,Georgia,Georgia,8,2024,1,2024-01,2024-01-02,20240123,20240123,export,1,1703608.03,2189.71,kg,KG,Resort De Utrechtse Heuvelrug B.V.,[in full dataset],Maarn,,www.europarcs.nl,[in full dataset],Y,"AUTO PALACE, LLC",[in full dataset],Tbilisi,,,,N,Resort De Utrechtse Heuvelrug B.V.,[in full dataset],,2032.7,2032.7,Rotterdam,Main Container Port,Tbilisi,1,1,2.54,ONE APUS,IMO6001739,MH,V580,107,OOLU,HBL,EGLV148468177,ONEY102103256,TGHU6424428,40HC,OPEN TOP,RF,FCL,CY/CY,Yusen Logistics,1979.05
Export (NL seller),TAQA Power Investment (India) B.V.,87087010,870870,9,Vehicle parts; road wheels and parts and accessories thereof,MARKS2100,Netherlands,Ecuador,Ecuador,7,2024,1,2024-01,2024-01-01,20240114,20240114,export,1,352934.92,1645.57,kg,KG,TAQA Power Investment (India) B.V.,[in full dataset],Alkmaar,,,,Y,Ecua Auto SA,[in full dataset],Quito,,www.ecuaauto.com,[in full dataset],Y,TAQA Power Investment (India) B.V.,[in full dataset],,22063.5,22063.5,Rotterdam,Main Container Port,Quito,1,1,27.58,APL MEXICO CITY,IMO6658474,LR,V175,63,OOLU,SWB,COSU112955890,EGLV506886769,CAIU1446431,20GP,DRY,HC,FCL,CFS/CFS,DSV,1489.99
Export (NL seller),Ex Antiquiteiten,90304000,903040,9,"Instruments and apparatus; specially designed for telecommunications (e.g. cross-talk meters, gain measuring instruments, distortion factor meters, psophometers)",MARKS8711,Netherlands,Spain,Spain,5,2019,12,2019-12,2019-12-06,20191223,20191223,import,1,63946152.43,416.53,kg,KG,Ex Antiquiteiten,[in full dataset],Amsterdam,,,,Y,DENTAID SL,[in full dataset],CERDANYOLA DEL VALLES,,www.dentaid.es,[in full dataset],Y,Ex Antiquiteiten,[in full dataset],,4992.9,4992.9,Rotterdam,Algeciras,CERDANYOLA DEL VALLES,1,1,6.24,MOL TRIUMPH,IMO2883971,SG,V486,209,EGLV,HBL,MSCU844768807,COSU295873920,GESU4518721,20GP,DRY,GP,LCL,CY/CFS,Kuehne + Nagel,365.04
Export (NL seller),Hedin SLB B.V.,87013000,870130,6,Tractors; track-laying,MARKS7375,Netherlands,Bangladesh,Bangladesh,9,2020,3,2020-03,2020-03-11,20200325,20200325,export,1,7689.07,8254.14,kg,KG,Hedin SLB B.V.,[in full dataset],Amsterdam,,,,N,NITOL MOTORS LIMITED,[in full dataset],Dhaka,,www.nitolmotors.com,[in full dataset],Y,Hedin SLB B.V.,[in full dataset],,4928.1,4928.1,Amsterdam,Chittagong,Dhaka,1,1,6.16,COSCO UNIVERSE,IMO6358216,MH,V823,502,ONEY,HBL,EGLV347233749,YMLU367479891,TGHU7828151,40HC,OPEN TOP,HC,FCL,CY/CFS,Nippon Express,7689.07
Export (NL seller),VIDA bioenergy Limburg B.V.,27082000,270820,5,Pitch coke; obtained from coal tar or from other mineral tars,MARKS4846,Netherlands,Austria,Austria,6,2025,10,2025-10,2025-10-12,20251019,20251019,export,1,23303357.9,733.18,kg,KG,VIDA bioenergy Limburg B.V.,[in full dataset],Breda,,,,Y,BP Europa SE,[in full dataset],Wiener Neudorf,,www.bp.com,[in full dataset],Y,VIDA bioenergy Limburg B.V.,[in full dataset],,20669.1,20669.1,Amsterdam,Main Container Port,Wiener Neudorf,1,1,25.84,MAERSK MOLLER,IMO7009796,SG,V569,481,OOLU,SWB,MAEU113288196,MSCU836093022,MSCU6500221,20GP,OPEN TOP,HC,FCL,CFS/CFS,CEVA Logistics,663.63
Import (NL buyer),AgroCare WP11 Exploitatie B.V.,03082900,030829,6,"Aquatic invertebrates; sea urchins (Strongylocentrotus spp., Paracentrotus lividus, Loxechinus albus, Echinus esculentus), dried, salted or in brine, smoked, whether or not cooked before or during smoking process",MARKS2543,Cyprus,Netherlands,Netherlands,6,2017,4,2017-04,2017-04-20,20170411,20170411,import,1,2484.52,2663.7,kg,KG,TELIA AQUA MARINE LIMITED,[in full dataset],Limassol,,,,Y,AgroCare WP11 Exploitatie B.V.,[in full dataset],Middenmeer,,www.agrocare.nl,[in full dataset],Y,TELIA AQUA MARINE LIMITED,[in full dataset],,3908.2,3908.2,Main Container Port,Amsterdam,Middenmeer,1,1,4.89,HYUNDAI LOYALTY,IMO3024215,PA,V355,227,MAEU,SWB,YMLU643393223,YMLU970047827,TGHU4772217,40HC,DRY,RF,FCL,CY/CFS,Yusen Logistics,2484.52
Import (NL buyer),Boels Traffic Service B.V.,84511000,845110,5,Dry-cleaning machines,MARKS9007,Rwanda,Netherlands,Netherlands,9,2018,12,2018-12,2018-12-02,20181215,20181215,import,1,5341.47,5656.34,kg,KG,BRASSERIES ET LIMONADERIES DU RWANDA (BRALIRWA) LIMITED,[in full dataset],Kigali,,www.bralirwa.co.rw,[in full dataset],Y,Boels Traffic Service B.V.,[in full dataset],Hoevelaken,,www.tekstkar.nl,[in full dataset],Y,BRASSERIES ET LIMONADERIES DU RWANDA (BRALIRWA) LIMITED,[in full dataset],,17106.5,17106.5,Main Container Port,Amsterdam,Hoevelaken,1,1,21.38,APL MEXICO CITY,IMO5661816,PA,V238,254,APLU,SWB,HLCU304002907,MSCU112691620,GESU4449692,40HC,DRY,HC,FCL,CY/CFS,Expeditors,5341.47
Export (NL seller),Handels- en Constructiebedrijf H. Hardeman B.V.,73221900,732219,7,"Radiators and parts thereof; for central heating, (not electrically heated), of iron or steel other than cast iron",MARKS1762,Netherlands,Tunisia,Tunisia,5,2021,3,2021-03,2021-03-03,20210319,20210319,export,1,339670.15,944.66,kg,KG,Handels- en Constructiebedrijf H. Hardeman B.V.,[in full dataset],Veenendaal,,www.hardeman.nl,[in full dataset],Y,MEDITERRANEAN INDUSTRIAL GROUP SA - MIG SA,[in full dataset],Sfax,,www.loukil.com.tn,[in full dataset],Y,Handels- en Constructiebedrijf H. Hardeman B.V.,[in full dataset],,16137,16137,Rotterdam,Main Container Port,Sfax,1,1,20.17,OOCL HONG KONG,IMO6504278,LR,V505,655,CMDU,HBL,MSCU568106004,CMDU133719850,TCLU1259820,45HC,DRY,HC,LCL,CFS/CFS,DHL Global Forwarding,866.67
Import (NL buyer),Varo Energy Inland Bunkerservice B.V.,27109900,271099,6,"Waste Oils; of petroleum or obtained from bituminous minerals, not crude and preparations n.e.c., weight 70% or preparations of the same, not containing polychlorinated biphenyls (PCBs), polychorinated terphenyls (PCTs) or polybrominated biphenyls (PBBs)",MARKS8789,Austria,Netherlands,Netherlands,7,2025,10,2025-10,2025-10-26,20251005,20251005,import,1,270706.51,27818.04,kg,KG,BP Europa SE,[in full dataset],Wiener Neudorf,,www.bp.com,[in full dataset],Y,Varo Energy Inland Bunkerservice B.V.,[in full dataset],Rotterdam,,www.reinplus.com,[in full dataset],Y,BP Europa SE,[in full dataset],,18190.9,18190.9,Main Container Port,Amsterdam,Rotterdam,1,1,22.74,COSCO UNIVERSE,IMO7922994,LR,V153,554,HLCU,SWB,COSU190752667,YMLU202674300,MSCU8135907,20GP,OPEN TOP,GP,FCL,CY/CY,CEVA Logistics,24476.07
Export (NL seller),Gorilla Grip B.V.,90152000,901520,9,Surveying equipment; theodolites and tachymeters (tacheometers),MARKS4682,Netherlands,Germany,Germany,8,2020,2,2020-02,2020-02-11,20200214,20200214,export,1,378565719.51,480.66,kg,KG,Gorilla Grip B.V.,[in full dataset],Zuidwolde DR,,www.gorillagrip.nl,[in full dataset],Y,zooplus SE,[in full dataset],München,,www.zooplus.de,[in full dataset],Y,Gorilla Grip B.V.,[in full dataset],,11797.5,11797.5,Rotterdam,Wilhelmshaven,München,1,1,14.75,MAERSK MOLLER,IMO2494525,MH,V123,355,ONEY,SWB,HLCU230113824,YMLU791141686,TGHU5883898,20GP,OPEN TOP,RF,LCL,CFS/CFS,Sinotrans,446.91
Export (NL seller),Trans-Peat B.V.,27149000,271490,9,"Bitumen and asphalt, natural; asphaltites and asphaltic rock",MARKS8286,Netherlands,Guatemala,Guatemala,9,2025,10,2025-10,2025-10-27,20251027,20251027,export,1,1020591.59,433.81,kg,KG,Trans-Peat B.V.,[in full dataset],Hoek van Holland,,www.trans-peat.nl,[in full dataset],Y,"Diesel Y Petroleos, Sociedad Anonima",[in full dataset],Villa Nueva,,,,Y,Trans-Peat B.V.,[in full dataset],,22188.9,22188.9,Rotterdam,Main Container Port,Villa Nueva,1,1,27.74,ONE APUS,IMO8511874,MH,V358,528,ONEY,SWB,COSU857068552,EGLV536263725,FCIU4348064,40GP,DRY,RF,FCL,CFS/CFS,Bollore Logistics,404.41
Export (NL seller),Wensink Automotive Beheer B.V.,87044139,870441,6,"Vehicles; with both compression-ignition internal combustion piston engine (diesel/semi-diesel) and electric motor as motor for propulsion, unassembled as in section 14, (gvw not exceeding 5000kg), for the transport of goods, vans",MARKS1549,Netherlands,San Marino,San Marino,8,2024,1,2024-01,2024-01-18,20240106,20240106,export,1,409353.73,15311.19,kg,KG,Wensink Automotive Beheer B.V.,[in full dataset],Zwolle,,www.wensink.nl,[in full dataset],Y,NUVOLARI SRL,[in full dataset],REPUBBLICA DI SAN MARINO,,www.nuvolaristore.com,[in full dataset],Y,Wensink Automotive Beheer B.V.,[in full dataset],,14042.6,14042.6,Rotterdam,Main Container Port,REPUBBLICA DI SAN MARINO,1,1,17.55,OOCL HONG KONG,IMO2684055,MH,V381,841,MAEU,HBL,EGLV118494573,MSCU424434780,TGHU5623582,20GP,REEFER,RF,LCL,CFS/CFS,Expeditors,13915.01
Import (NL buyer),DCC Energy Nederland B.V.,27079100,270791,5,Oils and other products of the distillation of high temperature coal tar; creosote oils,MARKS3521,Greece,Netherlands,Netherlands,5,2025,10,2025-10,2025-10-22,20251008,20251008,import,1,2915367.36,14768,kg,KG,HELLENIC PETROLEUM SINGLE-MEMBER SOCIETE ANONYME,[in full dataset],Maroussi,,refining.helpe.gr,[in full dataset],Y,DCC Energy Nederland B.V.,[in full dataset],Putten,,www.benegas.com,[in full dataset],Y,HELLENIC PETROLEUM SINGLE-MEMBER SOCIETE ANONYME,[in full dataset],,3240.9,3240.9,Main Container Port,Rotterdam,Putten,1,1,4.05,BARZAN,IMO7207869,PA,V406,764,CMDU,HBL,EGLV286483162,EGLV653779371,MSCU3864897,20GP,REEFER,RF,FCL,CY/CFS,Kuehne + Nagel,14055.12
Export (NL seller),Reesink Material Handling Equipment B.V.,84196000,841960,9,"Machinery; for liquefying air or gas, not used for domestic purposes",MARKS6403,Netherlands,Eswatini,Eswatini,5,2022,6,2022-06,2022-06-27,20220611,20220611,export,1,304833.36,37505.2,kg,KG,Reesink Material Handling Equipment B.V.,[in full dataset],Apeldoorn,,www.royalreesink.com,[in full dataset],N,Wise Belo Concepts Pty ltd,,,,,,Y,Reesink Material Handling Equipment B.V.,,,8541.5,8541.5,Amsterdam,Main Container Port,,1,1,10.68,HMM ALGECIRAS,IMO9565843,LR,V890,823,CMDU,SWB,CMDU722900110,COSU145274776,TCLU7274026,40GP,REEFER,RF,FCL,CY/CFS,DSV,35036.4
Export (NL seller),"B.V. Deelnemings- en Financieringsmaatschappij ""Nova Zembla""",87051000,870510,8,Vehicles; crane lorries,MARKS6398,Netherlands,Honduras,Honduras,7,2020,3,2020-03,2020-03-15,20200322,20200322,export,1,5290.52,5649.09,kg,KG,"B.V. Deelnemings- en Financieringsmaatschappij ""Nova Zembla""",[in full dataset],Amsterdam,,,,Y,Servicios y Repuestos Europeos S.A. de C.V.,[in full dataset],Tegucigalpa,,www.gruposyre.com,[in full dataset],Y,"B.V. Deelnemings- en Financieringsmaatschappij ""Nova Zembla""",[in full dataset],,14110.1,14110.1,Amsterdam,Main Container Port,Tegucigalpa,1,1,17.64,MADRID MAERSK,IMO4619167,LR,V275,528,HLCU,MBL,ONEY192944722,HLCU778136179,GESU5816098,45HC,TANK,RF,LCL,CY/CFS,Yusen Logistics,5290.52
Import (NL buyer),TH MUSIC,90213990,902139,9,Artificial parts of the body; excluding artificial joints,MARKS7531,France,Netherlands,Netherlands,8,2020,2,2020-02,2020-02-16,20200205,20200205,import,1,75560721.01,44037.77,kg,KG,CARREFOUR,[in full dataset],MASSY,,www.carrefour.fr,[in full dataset],Y,TH MUSIC,[in full dataset],Assen,,,,Y,CARREFOUR,[in full dataset],,18065.8,18065.8,Le Havre,Rotterdam,Assen,1,1,22.58,MADRID MAERSK,IMO2917011,LR,V580,318,HLCU,MBL,ONEY176706625,HLCU566956514,MSCU9722764,45HC,OPEN TOP,RF,LCL,CY/CFS,Nippon Express,41339.14
Import (NL buyer),WTS Energy Management B.V.,27112900,271129,6,"Petroleum gases and other gaseous hydrocarbons; in gaseous state, other than natural gas",MARKS4562,Tunisia,Netherlands,Netherlands,9,2025,10,2025-10,2025-10-19,20251018,20251018,import,1,5357440,47388.24,kg,KG,VIVO ENERGY TUNISIE,[in full dataset],Tunis,,,,Y,WTS Energy Management B.V.,[in full dataset],'s-Gravenhage,,,,Y,VIVO ENERGY TUNISIE,[in full dataset],,19390.6,19390.6,Main Container Port,Rotterdam,'s-Gravenhage,1,1,24.24,HMM ALGECIRAS,IMO9361244,MH,V250,300,MSCU,HBL,ONEY945458381,CMDU222966436,TCLU1531371,45HC,DRY,HC,FCL,CY/CY,Nippon Express,44855.05
Export (NL seller),Ingka Capital B.V.,87089599,870895,5,Vehicle parts; safety airbags with inflater system; parts thereof,MARKS8148,Netherlands,Bermuda,Bermuda,6,2020,3,2020-03,2020-03-12,20200316,20200316,export,1,12695.26,14230.49,kg,KG,Ingka Capital B.V.,[in full dataset],Leiden,,,,N,Artex Fund Services Ltd.,[in full dataset],HAMILTON,,,,Y,Ingka Capital B.V.,[in full dataset],,12141.2,12141.2,Rotterdam,Main Container Port,HAMILTON,1,1,15.18,BARZAN,IMO8225949,SG,V586,555,APLU,SWB,ONEY389052230,COSU330273543,BMOU4839326,45HC,DRY,GP,FCL,CY/CFS,Nippon Express,12695.26
Import (NL buyer),Watt Energy B.V.,27109900,271099,6,"Waste Oils; of petroleum or obtained from bituminous minerals, not crude and preparations n.e.c., weight 70% or preparations of the same, not containing polychlorinated biphenyls (PCBs), polychorinated terphenyls (PCTs) or polybrominated biphenyls (PBBs)",MARKS4615,Israel,Netherlands,Netherlands,9,2016,10,2016-10,2016-10-09,20161011,20161011,import,1,265250.28,18763.85,kg,KG,THE NATIONAL COAL SUPPLY CORPORATION LTD,[in full dataset],TEL AVIV-JAFFA,,www.ncsc.co.il,[in full dataset],Y,Watt Energy B.V.,[in full dataset],Uden,,www.oostendorp-autogroep.nl,[in full dataset],Y,THE NATIONAL COAL SUPPLY CORPORATION LTD,[in full dataset],,8921.3,8921.3,Haifa,Amsterdam,Uden,1,1,11.15,ONE APUS,IMO5618193,SG,V879,353,MAEU,MBL,YMLU156412843,MAEU811057559,TGHU2965763,45HC,REEFER,HC,FCL,CY/CY,Nippon Express,17657.52
Export (NL seller),Maatschap Apothekers Combinatie Ijsselmond (A.C.IJ.),30044300,300443,9,"Medicaments; containing alkaloids or their derivatives, containing norephedrine or its salts, for therapeutic or prophylactic uses, packaged for retail sale",MARKS8225,Netherlands,Egypt,Egypt,6,2015,6,2015-06,2015-06-14,20150617,20150617,import,1,7147916.01,971.73,kg,KG,Maatschap Apothekers Combinatie Ijsselmond (A.C.IJ.),[in full dataset],IJsselmuiden,,,,Y,ACDIMA INTERNATIONAL TRADING,[in full dataset],Giza,,www.acdimatrading.com,[in full dataset],Y,Maatschap Apothekers Combinatie Ijsselmond (A.C.IJ.),[in full dataset],,16994.3,16994.3,Rotterdam,Sokhna,Giza,1,1,21.24,EVER GIVEN,IMO9827465,LR,V636,731,ZIMU,MBL,COSU155230740,COSU117000414,GESU7754474,40GP,OPEN TOP,RF,FCL,CY/CY,Kuehne + Nagel,885.28
Import (NL buyer),PPG Industrial Coatings B.V.,38099300,380993,7,"Finishing agents and dye carriers; to accelerate dyeing or fixing of dye-stuffs, other products and preparations, used in the leather or like (excluding paper and textile) industries, (excluding those with a basis of amylaceous substances)",MARKS6872,Vietnam,Netherlands,Netherlands,7,2023,7,2023-07,2023-07-05,20230717,20230717,import,1,111530.22,3037.21,kg,KG,"HYOSUNG VINA CHEMICALS CO., LTD",[in full dataset],Tan Phuoc Ward,,www.hyosungvina.com,[in full dataset],N,PPG Industrial Coatings B.V.,[in full dataset],Amsterdam,,www.industrialcoatings.com,[in full dataset],Y,"HYOSUNG VINA CHEMICALS CO., LTD",[in full dataset],,15835,15835,Cai Mep,Amsterdam,Amsterdam,1,1,19.79,COSCO UNIVERSE,IMO5432039,PA,V483,824,CMDU,HBL,YMLU489362893,YMLU935318214,TCLU9238750,45HC,DRY,HC,LCL,CY/CY,Bollore Logistics,2721.46
Import (NL buyer),Medsen Holding B.V.,30021500,300215,7,"Blood, human or animal, antisera, other blood fractions and immunological products; immunological products, put up in measured doses or in forms or packings for retail sale",MARKS6149,Poland,Netherlands,Netherlands,6,2015,6,2015-06,2015-06-09,20150626,20150626,export,1,3035280,29628.96,kg,KG,TEVA OPERATIONS POLAND SP Z O O,[in full dataset],Warszawa,,www.teva.pl,[in full dataset],Y,Medsen Holding B.V.,[in full dataset],Breda,,www.medsen.nl,[in full dataset],Y,TEVA OPERATIONS POLAND SP Z O O,[in full dataset],,13172.1,13172.1,Gdansk,Amsterdam,Breda,1,1,16.47,EVER ACME,IMO4765406,LR,V466,969,COSU,HBL,YMLU526253694,COSU271481673,CAIU5991476,40GP,REEFER,RF,FCL,CY/CFS,DHL Global Forwarding,26174.36
Import (NL buyer),GP Groot energie B.V.,27131200,271312,5,"Petroleum coke; calcined, obtained from bituminous minerals",MARKS1558,Thailand,Netherlands,Netherlands,7,2016,10,2016-10,2016-10-07,20161027,20161027,import,1,274149.36,18168.32,kg,KG,PTT PUBLIC COMPANY LIMITED,[in full dataset],CHATUCHAK,,www.pttplc.com,[in full dataset],Y,GP Groot energie B.V.,[in full dataset],Heiloo,,www.gpgrootenergie.nl,[in full dataset],Y,PTT PUBLIC COMPANY LIMITED,[in full dataset],,17929.5,17929.5,Bangkok,Amsterdam,Heiloo,1,1,22.41,EVER GIVEN,IMO6442322,SG,V498,607,ONEY,MBL,EGLV311955427,HLCU368827356,GESU3538553,20GP,OPEN TOP,GP,LCL,CFS/CFS,CEVA Logistics,15850.98
Import (NL buyer),Windmill Metal Company B.V.,73066990,730669,5,"Iron or steel (excluding cast iron); tubes, pipes and hollow profiles (not seamless), n.e.c. in chapter 73, welded, of non-circular cross-section (not square or rectangular cross-section)",MARKS2457,Mexico,Netherlands,Netherlands,7,2021,3,2021-03,2021-03-13,20210312,20210312,import,1,95266.47,1732.35,kg,KG,"Minera Mexicana El Rosario, S.A. de C.V.",[in full dataset],Guanajuato,,www.greatpanther.com,[in full dataset],Y,Windmill Metal Company B.V.,[in full dataset],Oud Gastel,,www.windmillmetalcompany.com,[in full dataset],Y,"Minera Mexicana El Rosario, S.A. de C.V.",[in full dataset],,8330.5,8330.5,Manzanillo,Amsterdam,Oud Gastel,1,1,10.41,MADRID MAERSK,IMO6805793,PA,V794,100,ONEY,HBL,MSCU939756624,COSU261916538,BMOU6023604,20GP,OPEN TOP,RF,FCL,CY/CFS,CEVA Logistics,1547.5
Export (NL seller),Bitasco Trading B.V.,73221100,732211,9,"Radiators and parts thereof; for central heating, (not electrically heated), of cast iron",MARKS6953,Netherlands,Moldova,Moldova,5,2021,3,2021-03,2021-03-04,20210306,20210306,export,1,10594.95,11361.25,kg,KG,Bitasco Trading B.V.,[in full dataset],Klundert,,www.bitasco.nl,[in full dataset],Y,"FIRMA DE PRODUCTIE SI COMERT LEROMSORGAZ, SRL",[in full dataset],or. Soroca,,,,Y,Bitasco Trading B.V.,[in full dataset],,23198,23198,Amsterdam,Main Container Port,or. Soroca,1,1,29,MOL TRIUMPH,IMO6327201,LR,V796,739,COSU,MBL,MAEU719810665,HLCU167273263,MSCU1841877,45HC,TANK,GP,FCL,CY/CY,Expeditors,10594.95
Export (NL seller),Hitachi Construction Machinery (Europe) N.V.,84223000,842230,5,"Machinery; for filling, closing, sealing, capsuling or labelling bottles, cans, bags or other containers, machinery for aerating beverages",MARKS1822,Netherlands,Maldives,Maldives,9,2022,6,2022-06,2022-06-01,20220623,20220623,export,1,214094.12,76250.98,kg,KG,Hitachi Construction Machinery (Europe) N.V.,[in full dataset],Amsterdam,,www.hitachicm.com,[in full dataset],Y,BOAT CRAFT MALDIVES PVT LTD,[in full dataset],Male,,,,Y,Hitachi Construction Machinery (Europe) N.V.,[in full dataset],,14482.6,14482.6,Amsterdam,Main Container Port,Male,1,1,18.1,CMA CGM JULES VERNE,IMO6103987,SG,V849,512,COSU,HBL,ONEY295962311,CMDU146694705,TCLU2030015,40HC,TANK,HC,LCL,CY/CY,Kuehne + Nagel,66881.83
Import (NL buyer),VDL Special Vehicles B.V.,87032190,870321,5,"Vehicles; with only spark-ignition internal combustion piston engine, cylinder capacity not over 1000cc",MARKS8648,Cambodia,Netherlands,Netherlands,7,2024,1,2024-01,2024-01-24,20240111,20240111,import,1,576333.18,3390.14,kg,KG,"H G B GROUP CO.,LTD.",[in full dataset],Phnom Penh,,www.hgbprime.com,[in full dataset],N,VDL Special Vehicles B.V.,[in full dataset],Born,,www.vdlspecialvehicles.com,[in full dataset],Y,"H G B GROUP CO.,LTD.",[in full dataset],,11231.4,11231.4,Main Container Port,Amsterdam,Born,1,1,14.04,MOL TRIUMPH,IMO5099845,SG,V349,455,HLCU,MBL,MSCU344275491,YMLU322882344,MSCU6794953,40GP,OPEN TOP,HC,LCL,CFS/CFS,Sinotrans,3078.78
Import (NL buyer),Stichting Bedrijfspensioenfonds voor de Rijn- en Binnenvaart in liquidatie,87120030,871200,6,"Bicycles and other cycles; including delivery tricycles, not motorised",MARKS9011,Singapore,Netherlands,Netherlands,5,2024,1,2024-01,2024-01-24,20240112,20240112,import,1,904813.33,14513.54,kg,KG,JARDINE CYCLE & CARRIAGE LIMITED,[in full dataset],Singapore,,www.jcclgroup.com,[in full dataset],N,Stichting Bedrijfspensioenfonds voor de Rijn- en Binnenvaart in liquidatie,[in full dataset],Heerlen,,www.rijnenbinnenvaartpensioen.nl,[in full dataset],Y,JARDINE CYCLE & CARRIAGE LIMITED,[in full dataset],,23598.1,23598.1,Singapore (PSA),Rotterdam,Heerlen,1,1,29.5,APL MEXICO CITY,IMO4490409,LR,V249,670,ZIMU,HBL,COSU342552672,CMDU625025993,FCIU6100757,40GP,OPEN TOP,RF,FCL,CY/CFS,Yusen Logistics,12652.86
Export (NL seller),HF Mills B.V.,90291000,902910,6,"Meters and counters; revolution counters, production counters, taximeters, mileometers, pedometers and the like",MARKS5302,Netherlands,China,China,7,2020,2,2020-02,2020-02-18,20200205,20200205,export,1,128342061.67,263.63,kg,KG,HF Mills B.V.,[in full dataset],Kapel Avezaath,,www.hfmills.nl,[in full dataset],Y,Inventec Appliances(Jiangning) Corporation,[in full dataset],Nanjing,,www.iac.com.tw,[in full dataset],Y,HF Mills B.V.,[in full dataset],,15811,15811,Rotterdam,Ningbo-Zhoushan,Nanjing,1,1,19.76,HYUNDAI LOYALTY,IMO4749309,LR,V569,382,COSU,MBL,COSU508635483,MAEU101389651,CAIU9268006,45HC,DRY,HC,FCL,CY/CFS,CEVA Logistics,239.9
Import (NL buyer),Canon Medical Informatics Europe B.V.,90071000,900710,9,"Cameras, cinematographic; whether or not incorporating sound recording apparatus",MARKS7387,Bahrain,Netherlands,Netherlands,6,2019,12,2019-12,2019-12-07,20191218,20191218,import,1,40234.02,42823.56,kg,KG,ATYAB AL BAHRAIN CARGO AND FEED WLL,[in full dataset],Sanabis,,,,Y,Canon Medical Informatics Europe B.V.,[in full dataset],Veenendaal,,mi.medical.canon,[in full dataset],Y,ATYAB AL BAHRAIN CARGO AND FEED WLL,[in full dataset],,1580.8,1580.8,Main Container Port,Rotterdam,Veenendaal,1,1,1.98,HYUNDAI LOYALTY,IMO4219245,LR,V499,799,EGLV,MBL,COSU892609047,MAEU340578951,TGHU4294322,45HC,DRY,GP,LCL,CFS/CFS,Yusen Logistics,40234.02
Import (NL buyer),Van Roon Rail B.V.,84213100,842131,5,Machinery; intake air filters for internal combustion engines,MARKS8941,Nigeria,Netherlands,Netherlands,7,2018,12,2018-12,2018-12-16,20181203,20181203,import,1,22095.61,25358.43,kg,KG,EDO STATE CO-OPERATIVE FARMERS AGENCY LIMITED,[in full dataset],Benin City,,,,Y,Van Roon Rail B.V.,[in full dataset],Asperen,,www.vanroonasperen.nl,[in full dataset],Y,EDO STATE CO-OPERATIVE FARMERS AGENCY LIMITED,[in full dataset],,15599.4,15599.4,Main Container Port,Amsterdam,Asperen,1,1,19.5,EVER ACME,IMO1581635,MH,V130,922,ZIMU,HBL,MAEU754990716,HLCU962224370,FCIU3743087,40GP,OPEN TOP,GP,LCL,CFS/CFS,Kuehne + Nagel,22095.61
Import (NL buyer),DAF Trucks N.V.,87115000,871150,8,"Motorcycles (including mopeds) and cycles; fitted with auxiliary motor, with internal combustion piston engine of a cylinder capacity exceeding 800cc, with or without side-cars; side-cars",MARKS1389,Hong Kong,Netherlands,Netherlands,8,2024,1,2024-01,2024-01-25,20240102,20240102,export,1,360720,46468.54,kg,KG,Li Auto Inc.,[in full dataset],Kwun Tong,,ir.lixiang.com,[in full dataset],Y,DAF Trucks N.V.,[in full dataset],Eindhoven,,www.daf.com,[in full dataset],Y,Li Auto Inc.,[in full dataset],,8666.2,8666.2,Hong Kong (Kwai Tsing),Amsterdam,Eindhoven,1,1,10.83,HMM ALGECIRAS,IMO6498534,LR,V240,561,ONEY,MBL,EGLV249988665,HLCU772420555,FCIU8073764,40HC,OPEN TOP,RF,FCL,CY/CFS,Kuehne + Nagel,43584.68
Export (NL seller),Dusseldorp Automotive B.V.,87049000,870490,8,"Vehicles; for transport of goods, n.e.c. in heading no. 8704",MARKS3375,Netherlands,Albania,Albania,6,2024,1,2024-01,2024-01-05,20240111,20240111,export,1,1046382.72,1117.9,kg,KG,Dusseldorp Automotive B.V.,[in full dataset],Apeldoorn,,www.dusseldorpbmw.nl,[in full dataset],Y,KADIU SH.A.,[in full dataset],TIRANE,,,,Y,Dusseldorp Automotive B.V.,[in full dataset],,19261,19261,Amsterdam,Main Container Port,TIRANE,1,1,24.08,HYUNDAI LOYALTY,IMO1686895,MH,V997,375,YMLU,SWB,CMDU169552352,YMLU775398681,TCLU5190671,45HC,OPEN TOP,HC,LCL,CFS/CFS,Nippon Express,1026.78
Export (NL seller),Sparck Technologies B.V.,73061100,730611,7,"Steel; stainless; line pipe of a kind used for oil or gas pipelines n.e.c. in chapter 73, welded, (not seamless)",MARKS4824,Netherlands,El Salvador,El Salvador,5,2021,3,2021-03,2021-03-23,20210311,20210311,export,1,98617.25,707.69,kg,KG,Sparck Technologies B.V.,[in full dataset],Drachten,,,,Y,Inversiones Lemus S.A. de C.V.,[in full dataset],San Salvador,,www.lemus.com.sv,[in full dataset],Y,Sparck Technologies B.V.,[in full dataset],,11988.9,11988.9,Rotterdam,Main Container Port,San Salvador,1,1,14.99,HMM ALGECIRAS,IMO3958434,PA,V302,457,HLCU,SWB,EGLV612301703,MAEU910267261,TGHU6882124,45HC,TANK,RF,FCL,CFS/CFS,Bollore Logistics,654.82
Export (NL seller),Kaaij Brothers B.V.,03019300,030193,6,"Fish; live, carp (Cyprinus spp., Carassius spp., Ctenopharyngodon idellus, Hypophthalmichthys spp., Cirrhinus spp., Mylopharyngodon piceus, Catla catla, Labeo spp., Osteochilus hasselti, Leptobarbus hoeveni, Megalobrama spp.)",MARKS2918,Netherlands,Senegal,Senegal,6,2017,8,2017-08,2017-08-14,20170809,20170809,export,1,2145.19,2373.23,kg,KG,Kaaij Brothers B.V.,[in full dataset],De Lier,,www.redstar.nl,[in full dataset],N,AZUR AGRO-PECHE SUARL,[in full dataset],Dakar,,,,N,Kaaij Brothers B.V.,[in full dataset],,13362.3,13362.3,Rotterdam,Main Container Port,Dakar,1,1,16.7,MSC OSCAR,IMO6298303,LR,V995,409,MSCU,SWB,ONEY913743788,YMLU335978231,FCIU8053542,45HC,OPEN TOP,RF,FCL,CY/CY,Nippon Express,2145.19
Import (NL buyer),"Grond- en Zandexploitatie Maatschappij ""Rijnland"" B.V.",73241000,732410,9,"Steel; sinks and wash basins, of stainless steel",MARKS4560,Saudi Arabia,Netherlands,Netherlands,7,2021,3,2021-03,2021-03-23,20210314,20210314,export,1,126480,13620.44,kg,KG,SAUDI ARABIAN MINING COMPANY (MA'ADEN),[in full dataset],Riyadh,,www.maaden.com,[in full dataset],N,"Grond- en Zandexploitatie Maatschappij ""Rijnland"" B.V.",[in full dataset],Vianen UT,,,,Y,SAUDI ARABIAN MINING COMPANY (MA'ADEN),[in full dataset],,14010.4,14010.4,Dammam,Amsterdam,Vianen UT,1,1,17.51,EVER GIVEN,IMO7405773,MH,V830,961,ONEY,MBL,MAEU942813649,HLCU646646367,CAIU2586669,45HC,FLAT RACK,GP,FCL,CY/CFS,Bollore Logistics,12443.27
Import (NL buyer),Noviolux Nijmegen B.V.,90071000,900710,5,"Cameras, cinematographic; whether or not incorporating sound recording apparatus",MARKS6137,Germany,Netherlands,Netherlands,6,2020,2,2020-02,2020-02-14,20200202,20200202,import,1,244719489.95,14435.83,kg,KG,zooplus SE,[in full dataset],München,,www.zooplus.de,[in full dataset],N,Noviolux Nijmegen B.V.,[in full dataset],Uitgeest,,www.brameho.nl,[in full dataset],Y,zooplus SE,[in full dataset],,12571.5,12571.5,Bremerhaven,Rotterdam,Uitgeest,1,1,15.71,HMM ALGECIRAS,IMO9405860,SG,V665,534,CMDU,SWB,MAEU414423241,MSCU123763151,GESU8865175,20GP,DRY,HC,FCL,CY/CFS,Sinotrans,13200.96
Export (NL seller),L.P. Sport,90105000,901050,8,"Photographic laboratory apparatus and equipment; n.e.c. in item no. 9010.10, for photographic (including cinematographic) laboratories; negatoscopes",MARKS2177,Netherlands,Pakistan,Pakistan,6,2019,12,2019-12,2019-12-12,20191215,20191215,export,1,6310929.28,592.25,kg,KG,L.P. Sport,[in full dataset],Leiden,,,,Y,REHMAT WIRE DRAWING INDUSTRY,[in full dataset],Lahore,,,,Y,L.P. Sport,[in full dataset],,4633.1,4633.1,Amsterdam,Karachi (Port Qasim),Lahore,1,1,5.79,MSC GULSUN,IMO3918297,SG,V760,56,HLCU,HBL,ONEY355544223,MAEU437505281,TGHU1954679,20GP,TANK,RF,FCL,CFS/CFS,Yusen Logistics,535.63
Import (NL buyer),Oude Luttikhuis Veevoeders & Agri Service B.V.,90319000,903190,5,"Instruments, appliances and machines; parts and accessories for those measuring or checking devices of heading no. 9031",MARKS6312,Spain,Netherlands,Netherlands,7,2022,6,2022-06,2022-06-04,20220605,20220605,export,1,15654578.29,248129.72,kg,KG,B BRAUN MEDICAL SA,[in full dataset],RUBI,,www.bbraun.es,[in full dataset],Y,Oude Luttikhuis Veevoeders & Agri Service B.V.,[in full dataset],Mander,,,,N,B BRAUN MEDICAL SA,[in full dataset],,24996.1,24996.1,Barcelona,Amsterdam,Mander,1,1,31.25,APL MEXICO CITY,IMO4449011,SG,V589,247,CMDU,HBL,CMDU418336270,CMDU410377529,TCLU9806602,40GP,DRY,RF,LCL,CY/CY,Expeditors,224337.87
Import (NL buyer),JP Trading Group,90039000,900390,5,"Frames and mountings; parts for spectacles, goggles or the like",MARKS4634,Denmark,Netherlands,Netherlands,5,2020,2,2020-02,2020-02-15,20200204,20200204,import,1,15878367.02,199515.24,kg,KG,Radiometer Medical ApS,[in full dataset],Brønshøj,,www.radiometer.com,[in full dataset],N,JP Trading Group,[in full dataset],St. Willebrord,,,,Y,Radiometer Medical ApS,[in full dataset],,21012,21012,Main Container Port,Rotterdam,St. Willebrord,1,1,26.26,MADRID MAERSK,IMO7723783,PA,V759,506,HLCU,SWB,EGLV836739505,MSCU889435822,MSCU8932656,45HC,DRY,RF,FCL,CFS/CFS,Nippon Express,184969.05
Import (NL buyer),Abbott Healthcare Products B.V.,30032000,300320,5,"Medicaments; containing antibiotics other than penicillins, streptomycins and their derivatives, for therapeutic or prophylactic uses, (not in measured doses, not packaged for retail sale)",MARKS7230,Finland,Netherlands,Netherlands,8,2015,6,2015-06,2015-06-14,20150602,20150602,import,1,2322151.75,32075.64,kg,KG,Oriola Oyj,[in full dataset],ESPOO,,www.oriola.com,[in full dataset],Y,Abbott Healthcare Products B.V.,[in full dataset],Weesp,,www.abbott.com,[in full dataset],Y,Oriola Oyj,[in full dataset],,7086.3,7086.3,Main Container Port,Rotterdam,Weesp,1,1,8.86,HMM ALGECIRAS,IMO1077594,PA,V714,696,MSCU,SWB,EGLV799950125,MAEU939941686,MSCU1467628,40GP,OPEN TOP,RF,FCL,CY/CY,Kuehne + Nagel,27907.68
Export (NL seller),Special Cosmetics B.V.,30032000,300320,7,"Medicaments; containing antibiotics other than penicillins, streptomycins and their derivatives, for therapeutic or prophylactic uses, (not in measured doses, not packaged for retail sale)",MARKS5618,Netherlands,Brazil,Brazil,7,2015,6,2015-06,2015-06-06,20150619,20150619,export,1,12091670.86,213.43,kg,KG,Special Cosmetics B.V.,[in full dataset],Wormerveer,,www.specialcosmetics.nl,[in full dataset],N,DROGARIA ROSARIO SA,[in full dataset],BRASILIA,,www.drogariarosario.com.br,[in full dataset],Y,Special Cosmetics B.V.,[in full dataset],,3630.4,3630.4,Amsterdam,Itajai,BRASILIA,1,1,4.54,YM WARRANTY,IMO5394977,MH,V773,677,APLU,HBL,COSU615079622,COSU940278099,BMOU1401236,20GP,REEFER,GP,LCL,CY/CFS,Sinotrans,200
Export (NL seller),Victron Energy B.V.,27011210,270112,7,"Coal; bituminous, whether or not pulverised, but not agglomerated",MARKS5463,Netherlands,Jordan,Jordan,7,2016,10,2016-10,2016-10-02,20161012,20161012,export,1,287057.5,10128.02,kg,KG,Victron Energy B.V.,[in full dataset],Almere,,www.victronenergy.com,[in full dataset],Y,THE FUTURE OF AQABA FOR RECRUITING TALENT,[in full dataset],Al 'Aqabah,,,,Y,Victron Energy B.V.,[in full dataset],,23000.5,23000.5,Rotterdam,Main Container Port,Al 'Aqabah,1,1,28.75,MSC OSCAR,IMO4910799,PA,V717,113,MAEU,MBL,ONEY560777157,HLCU811366168,GESU1132767,40HC,DRY,GP,FCL,CFS/CFS,Yusen Logistics,9304.69
Import (NL buyer),Huisdiervoordeelshop 3 B.V.,90181400,901814,9,"Medical, surgical instruments and appliances; scintigraphic apparatus",MARKS2514,Malaysia,Netherlands,Netherlands,6,2020,2,2020-02,2020-02-18,20200211,20200211,import,1,10204984.06,28919.16,kg,KG,PANTAI MEDICAL CENTRE SDN. BHD.,[in full dataset],Kuala Lumpur,,www.pantai.com.my,[in full dataset],Y,Huisdiervoordeelshop 3 B.V.,[in full dataset],Zwolle,,www.huisdiervoordeelshop.nl,[in full dataset],Y,PANTAI MEDICAL CENTRE SDN. BHD.,[in full dataset],,20503.4,20503.4,Penang,Rotterdam,Zwolle,1,1,25.63,MOL TRIUMPH,IMO4715302,LR,V992,310,APLU,HBL,MSCU656262159,YMLU310139475,CAIU3843928,20GP,TANK,GP,LCL,CFS/CFS,Sinotrans,26490.89
Export (NL seller),Wood Investments B.V.,38273200,382732,9,"Mixtures containing halogenated methane, ethane, propane; containing hydrochlorofluorocarbons (HCFCs), perfluorocarbons (PFCs) or hydrofluorocarbons (HFCs) or not, not chlorofluorocarbons (CFCs); containing substances of subheadings 2903.71 to 2903.75",MARKS4480,Netherlands,Chile,Chile,8,2023,7,2023-07,2023-07-21,20230711,20230711,export,1,604559.72,1647.45,kg,KG,Wood Investments B.V.,[in full dataset],Groningen,,,,Y,Copec S.A.,[in full dataset],SANTIAGO,,www.copec.cl,[in full dataset],N,Wood Investments B.V.,[in full dataset],,7942,7942,Amsterdam,San Antonio,SANTIAGO,1,1,9.93,MOL TRIUMPH,IMO6936634,PA,V784,18,MSCU,MBL,CMDU616997167,ONEY878695401,MSCU4597744,40HC,DRY,GP,FCL,CY/CFS,Expeditors,1533.17
Export (NL seller),GREEN ENERGY GROUP B.V.,27012000,270120,6,"Briquettes, ovoids and similar solid fuels; manufactured from coal",MARKS5405,Netherlands,Hungary,Hungary,6,2025,10,2025-10,2025-10-03,20251014,20251014,import,1,3918427.62,428.19,kg,KG,GREEN ENERGY GROUP B.V.,[in full dataset],Amsterdam,,,,Y,Premier Energy Wind 158 Kft.,[in full dataset],Budapest,,,,Y,GREEN ENERGY GROUP B.V.,[in full dataset],,21468.8,21468.8,Amsterdam,Budapest (inland),Budapest,1,1,26.84,YM WARRANTY,IMO1597448,LR,V373,688,ZIMU,MBL,COSU265365779,CMDU311812323,TGHU6671765,40HC,DRY,RF,FCL,CY/CY,DSV,401.51
Import (NL buyer),Loyens & Loeff Singapore Services B.V.,87164000,871640,5,Trailers and semi-trailers; n.e.c. in item no. 8716.3,MARKS5092,Malaysia,Netherlands,Netherlands,9,2024,1,2024-01,2024-01-08,20240112,20240112,export,1,1122909.98,3122.16,kg,KG,DOMESTIQ CYCLES SDN. BHD.,[in full dataset],Kuala Lumpur,,,,Y,Loyens & Loeff Singapore Services B.V.,[in full dataset],Amsterdam,,www.loyensloeff.com,[in full dataset],Y,DOMESTIQ CYCLES SDN. BHD.,[in full dataset],,19662.7,19662.7,Penang,Amsterdam,Amsterdam,1,1,24.58,CSCL GLOBE,IMO6007113,PA,V620,361,ZIMU,HBL,MSCU356991728,COSU725549305,TGHU8411728,20GP,OPEN TOP,GP,FCL,CY/CY,Nippon Express,2718.69
Export (NL seller),Mooijer-Volendam B.V.,03028150,030281,9,"Fish; fresh or chilled, dogfish and other sharks, excluding fillets, fish meat of 0304, and edible fish offal of subheadings 0302.91 to 0302.99",MARKS4098,Netherlands,Panama,Panama,8,2017,1,2017-01,2017-01-20,20170115,20170115,export,1,64991.64,14133.99,kg,KG,Mooijer-Volendam B.V.,[in full dataset],Volendam,,www.mooijer.nl,[in full dataset],Y,"Panama Ports Company, S.A.",[in full dataset],Panama,,www.ppc.com.pa,[in full dataset],Y,Mooijer-Volendam B.V.,[in full dataset],,8412.6,8412.6,Rotterdam,Main Container Port,Panama,1,1,10.52,HMM ALGECIRAS,IMO5254380,LR,V686,808,YMLU,SWB,COSU241487353,EGLV779894996,GESU7189362,40HC,TANK,GP,FCL,CY/CFS,Bollore Logistics,13262.3
Export (NL seller),LR Health & Beauty Systems B.V.,30042000,300420,7,"Medicaments; containing antibiotics (other than penicillins, streptomycins or their derivatives), for therapeutic or prophylactic uses, packaged for retail sale",MARKS3025,Netherlands,Egypt,Egypt,7,2015,6,2015-06,2015-06-07,20150621,20150621,export,1,11873491.67,811.9,kg,KG,LR Health & Beauty Systems B.V.,[in full dataset],Oisterwijk,,,,Y,CHEMIPHARM LIMITED,[in full dataset],Giza,,www.chemipharm.com,[in full dataset],Y,LR Health & Beauty Systems B.V.,[in full dataset],,1130.5,1130.5,Amsterdam,Alexandria,Giza,1,1,1.41,BARZAN,IMO2720937,LR,V997,126,OOLU,MBL,COSU710238770,YMLU408446499,FCIU1178477,40GP,FLAT RACK,GP,FCL,CFS/CFS,Bollore Logistics,735.12
Export (NL seller),AZ Pelagic Fisheries B.V.,03032300,030323,5,"Fish; frozen, tilapias (Oreochromis spp.), excluding fillets, fish meat of 0304, and edible fish offal of subheadings 0303.91 to 0303.99",MARKS5729,Netherlands,Kenya,Kenya,5,2017,12,2017-12,2017-12-09,20171212,20171212,export,1,1630.99,1866.78,kg,KG,AZ Pelagic Fisheries B.V.,[in full dataset],'s-Gravenhage,,www.wvanderzwan.nl,[in full dataset],Y,CINCH MARKETS LIMITED,[in full dataset],Nairobi,,www.cinchmarkets.com,[in full dataset],Y,AZ Pelagic Fisheries B.V.,[in full dataset],,17969.5,17969.5,Amsterdam,Main Container Port,Nairobi,1,1,22.46,ONE APUS,IMO3488206,LR,V317,228,ONEY,MBL,MAEU333757910,COSU374155969,BMOU9073172,40HC,FLAT RACK,GP,LCL,CY/CY,Sinotrans,1630.99
Export (NL seller),E-Mobility Energy B.V.,27081000,270810,6,Pitch; obtained from coal tar or from other mineral tars,MARKS8905,Netherlands,Indonesia,Indonesia,7,2016,10,2016-10,2016-10-01,20161005,20161005,export,1,31612.65,36344.24,kg,KG,E-Mobility Energy B.V.,[in full dataset],'s-Gravenhage,,,,Y,PT DARMA PUTERA WAHANA PRATAMA,[in full dataset],Kota Administrasi Jakarta Selatan,,,,Y,E-Mobility Energy B.V.,[in full dataset],,7798.6,7798.6,Amsterdam,"Tanjung Priok, Jakarta",Kota Administrasi Jakarta Selatan,1,1,9.75,MSC OSCAR,IMO2282888,LR,V575,354,ONEY,MBL,ONEY829471837,YMLU626935820,MSCU1830881,40GP,OPEN TOP,RF,FCL,CY/CFS,DB Schenker,31612.64
Import (NL buyer),Bereidingsapotheek Oud-Beijerland B.V.,30059050,300590,9,"Wadding, gauze, bandages and similar articles; (excluding adhesive dressings), impregnated or coated with pharmaceutical substances, packaged for retail sale",MARKS3349,Bulgaria,Netherlands,Netherlands,9,2015,6,2015-06,2015-06-19,20150607,20150607,import,1,2083485.29,27711.06,kg,KG,PHOENIX PHARMA EOOD,[in full dataset],Sofia,,phoenixpharma.bg,[in full dataset],N,Bereidingsapotheek Oud-Beijerland B.V.,[in full dataset],Oud Beijerland,,,,Y,PHOENIX PHARMA EOOD,[in full dataset],,7875.5,7875.5,Main Container Port,Amsterdam,Oud Beijerland,1,1,9.84,MOL TRIUMPH,IMO6237144,SG,V398,583,MAEU,HBL,EGLV412394023,EGLV429232953,FCIU9730000,40HC,DRY,RF,LCL,CY/CFS,Yusen Logistics,25339.97
Export (NL seller),77 B.V.,27012000,270120,9,"Briquettes, ovoids and similar solid fuels; manufactured from coal",MARKS6837,Netherlands,Malta,Malta,5,2016,10,2016-10,2016-10-25,20161024,20161024,export,1,94261.27,1985.3,kg,KG,77 B.V.,[in full dataset],Anna Paulowna,,www.77lubricants.nl,[in full dataset],Y,CASSAR FUEL LIMITED,[in full dataset],Qormi,,www.cassargroup.com,[in full dataset],Y,77 B.V.,[in full dataset],,7633.2,7633.2,Rotterdam,Main Container Port,Qormi,1,1,9.54,BARZAN,IMO6337685,PA,V479,407,ZIMU,HBL,YMLU422097608,ONEY867434138,GESU6179864,40HC,DRY,HC,FCL,CFS/CFS,Yusen Logistics,1750
Import (NL buyer),Perstorp Specialty Chemicals B.V.,38051090,380510,5,"Terpenic oils; gum, wood or sulphate turpentine oils",MARKS6923,Hong Kong,Netherlands,Netherlands,8,2023,7,2023-07,2023-07-26,20230725,20230725,import,1,178764.83,24023.05,kg,KG,"Henan Jinyuan Hydrogenated Chemicals Co., Ltd.",[in full dataset],Quarry Bay,,www.jyqhhg.com,[in full dataset],Y,Perstorp Specialty Chemicals B.V.,[in full dataset],Waspik,,www.perstorp.com,[in full dataset],Y,"Henan Jinyuan Hydrogenated Chemicals Co., Ltd.",[in full dataset],,4971.7,4971.7,Hong Kong (Kwai Tsing),Amsterdam,Waspik,1,1,6.21,OOCL HONG KONG,IMO7585935,MH,V124,154,OOLU,SWB,MSCU271757797,YMLU907235371,TCLU7859485,40GP,FLAT RACK,RF,FCL,CFS/CFS,DSV,21401.06
Export (NL seller),Euro-Chemicals The Netherlands B.V.,38086900,380869,7,"Insecticides; containing goods named in Subheading Note 2 to this Chapter, put up in forms or packings for retail sale or as preparations or articles, in packings of a net weight content exceeding 7.5kg",MARKS5077,Netherlands,New Zealand,New Zealand,8,2023,7,2023-07,2023-07-27,20230727,20230727,export,1,669356.02,1147.85,kg,KG,Euro-Chemicals The Netherlands B.V.,[in full dataset],Oldenzaal,,www.euro-chemicals.com,[in full dataset],Y,BALLANCE AGRI-NUTRIENTS LIMITED,[in full dataset],Mount Maunganui,,www.ballance.co.nz,[in full dataset],Y,Euro-Chemicals The Netherlands B.V.,[in full dataset],,22927.6,22927.6,Amsterdam,Auckland,Mount Maunganui,1,1,28.66,MADRID MAERSK,IMO2566748,LR,V328,184,COSU,HBL,YMLU326457260,MAEU644211726,TCLU9424312,40HC,DRY,HC,LCL,CY/CFS,Bollore Logistics,1062.26
Import (NL buyer),Shell Energy Europe B.V.,27040090,270400,9,"Coke and semi-coke; of coal, lignite or peat, whether or not agglomerated; retort carbon",MARKS1570,Japan,Netherlands,Netherlands,8,2016,10,2016-10,2016-10-18,20161005,20161005,export,1,634893.28,10296.37,kg,KG,"COSMO ENERGY HOLDINGS COMPANY,LIMITED",[in full dataset],CHUO-KU,,www.cosmo-energy.co.jp,[in full dataset],Y,Shell Energy Europe B.V.,[in full dataset],'s-Gravenhage,,www.shell.com,[in full dataset],Y,"COSMO ENERGY HOLDINGS COMPANY,LIMITED",[in full dataset],,15474.4,15474.4,Kobe,Rotterdam,'s-Gravenhage,1,1,19.34,COSCO UNIVERSE,IMO1348474,LR,V813,703,CMDU,HBL,EGLV329568576,EGLV395507965,GESU6261869,40GP,REEFER,RF,FCL,CY/CY,Sinotrans,9088.15
Import (NL buyer),Meerman Machines B.V.,84603100,846031,6,"Machine-tools; sharpening (tool or cutter grinding) machines, numerically controlled",MARKS6600,Algeria,Netherlands,Netherlands,7,2018,12,2018-12,2018-12-04,20181220,20181220,import,1,9159.74,9842.07,kg,KG,BB RC,[in full dataset],Bordj El Bahri,,,,Y,Meerman Machines B.V.,[in full dataset],Vlaardingen,,www.meerman.nl,[in full dataset],Y,BB RC,[in full dataset],,3924.4,3924.4,Main Container Port,Rotterdam,Vlaardingen,1,1,4.91,HMM ALGECIRAS,IMO3917433,SG,V251,176,COSU,SWB,EGLV103889539,COSU504665655,TCLU2562049,40GP,FLAT RACK,GP,FCL,CY/CFS,Expeditors,9159.74
Import (NL buyer),Janssen Vaccines & Prevention B.V.,30069200,300692,8,Pharmaceutical goods; waste pharmaceuticals,MARKS5894,South Korea,Netherlands,Netherlands,7,2015,6,2015-06,2015-06-16,20150615,20150615,export,1,246060,38671.07,kg,KG,"Hugel, Inc.",[in full dataset],Chuncheon,,www.hugel-inc.com,[in full dataset],N,Janssen Vaccines & Prevention B.V.,[in full dataset],Leiden,,www.janssen.com,[in full dataset],Y,"Hugel, Inc.",[in full dataset],,9227.2,9227.2,Busan,Amsterdam,Leiden,1,1,11.53,MOL TRIUMPH,IMO7954534,SG,V680,524,OOLU,HBL,EGLV112874470,YMLU987474999,FCIU1524392,40HC,DRY,GP,FCL,CY/CY,Sinotrans,35792.03
Import (NL buyer),Damen Yachting B.V.,84717080,847170,7,Units of automatic data processing machines; storage units,MARKS5060,Belarus,Netherlands,Netherlands,7,2018,12,2018-12,2018-12-11,20181217,20181217,import,1,106929.61,29954.99,kg,KG,"MAZ-UPRAVLYAYUSHCHAYA KOMPANIYA KHOLDINGA BELAVTOMAZ, OAO",[in full dataset],g. Minsk,,www.maz.by,[in full dataset],N,Damen Yachting B.V.,[in full dataset],Vlissingen,,www.amelsyachting.com,[in full dataset],Y,"MAZ-UPRAVLYAYUSHCHAYA KOMPANIYA KHOLDINGA BELAVTOMAZ, OAO",[in full dataset],,3685.8,3685.8,Main Container Port,Rotterdam,Vlissingen,1,1,4.61,HMM ALGECIRAS,IMO7487288,LR,V440,139,HLCU,MBL,YMLU502677128,COSU977702868,BMOU6724947,45HC,FLAT RACK,RF,FCL,CY/CY,DHL Global Forwarding,26162.37
Export (NL seller),Jumbo Group B.V.,87149420,871494,9,"Cycles; parts thereof, brakes, including coaster braking hubs and hub-brakes, and parts thereof",MARKS6175,Netherlands,Democratic Republic Of The Congo,Democratic Republic Of The Congo,8,2024,1,2024-01,2024-01-14,20240112,20240112,export,1,666203.5,638.85,kg,KG,Jumbo Group B.V.,[in full dataset],Rotterdam,,www.jumboplay.com,[in full dataset],Y,PAMOJA INA WEZEKANA SARL,[in full dataset],Lubumbashi,,,,Y,Jumbo Group B.V.,[in full dataset],,2076.6,2076.6,Rotterdam,Main Container Port,Lubumbashi,1,1,2.6,BARZAN,IMO5469161,SG,V961,384,ONEY,MBL,HLCU915905926,MSCU273436377,BMOU4037952,40GP,DRY,GP,FCL,CY/CY,Expeditors,564.23
Export (NL seller),Sea Horse IPC B.V.,30032000,300320,6,"Medicaments; containing antibiotics other than penicillins, streptomycins and their derivatives, for therapeutic or prophylactic uses, (not in measured doses, not packaged for retail sale)",MARKS8779,Netherlands,South Africa,South Africa,8,2015,6,2015-06,2015-06-08,20150624,20150624,import,1,2779010.83,221.05,kg,KG,Sea Horse IPC B.V.,[in full dataset],Maastricht,,www.eshalabs.eu,[in full dataset],Y,ASPEN SA MANUFACTURING OPERATIONS (PTY) LTD,[in full dataset],EAST LONDON,,www.aspenpharma.com,[in full dataset],Y,Sea Horse IPC B.V.,[in full dataset],,22833.1,22833.1,Amsterdam,Ngqura,EAST LONDON,1,1,28.54,MSC GULSUN,IMO3903042,LR,V838,33,OOLU,MBL,CMDU946007102,COSU895415696,TCLU6228078,40GP,OPEN TOP,GP,FCL,CY/CFS,DB Schenker,200
Export (NL seller),ExxonMobil LNG Services B.V.,38122090,381220,9,"Plasticisers, compound; for rubber or plastics",MARKS3521,Netherlands,Tunisia,Tunisia,6,2023,7,2023-07,2023-07-13,20230709,20230709,export,1,380924.27,5274.67,kg,KG,ExxonMobil LNG Services B.V.,[in full dataset],Botlek Rotterdam,,,,Y,STE NATIONALE DE DISTRIBUTION DES PETROLES AGIL ENERGY,[in full dataset],Cite El Khadhra,,,,Y,ExxonMobil LNG Services B.V.,[in full dataset],,6329.1,6329.1,Rotterdam,Main Container Port,Cite El Khadhra,1,1,7.91,MAERSK MOLLER,IMO4818144,PA,V546,616,ONEY,HBL,COSU251875710,HLCU103418272,GESU8618951,40HC,OPEN TOP,HC,FCL,CY/CFS,Sinotrans,4956.12
Import (NL buyer),JUIZZ B.V.,90139005,901390,8,Optical appliances and instruments; parts and accessories for articles of heading no. 9013,MARKS3920,South Africa,Netherlands,Netherlands,9,2019,12,2019-12,2019-12-27,20191211,20191211,import,1,1105913.86,18561.17,kg,KG,M T S APPLIANCES CC,[in full dataset],KNYSNA,,,,Y,JUIZZ B.V.,[in full dataset],Heerhugowaard,,www.juizz.nl,[in full dataset],Y,M T S APPLIANCES CC,[in full dataset],,21513.4,21513.4,Durban,Amsterdam,Heerhugowaard,1,1,26.89,MSC GULSUN,IMO8158899,MH,V299,942,APLU,MBL,COSU866426811,HLCU565990764,BMOU7629423,45HC,TANK,HC,FCL,CY/CFS,Bollore Logistics,16972.18
Import (NL buyer),AC Oranjepolderweg 15 Exploitatie B.V.,03089010,030890,7,"Aquatic invertebrates; other than crustaceans, molluscs, sea urchins, sea cucumbers and jellyfish, live, fresh, chilled, frozen, dried, salted or in brine, smoked, cooked or not before or during smoking",MARKS1239,Luxembourg,Netherlands,Netherlands,6,2017,7,2017-07,2017-07-14,20170728,20170728,import,1,6693.73,7641.68,kg,KG,SCANDINAVIAN COMPANY LUXEMBOURG S.A.,[in full dataset],Luxembourg,,www.scanshop.lu,[in full dataset],Y,AC Oranjepolderweg 15 Exploitatie B.V.,[in full dataset],Maasdijk,,,,N,SCANDINAVIAN COMPANY LUXEMBOURG S.A.,[in full dataset],,10813.4,10813.4,Main Container Port,Rotterdam,Maasdijk,1,1,13.52,OOCL HONG KONG,IMO6266013,SG,V762,523,HLCU,MBL,COSU488155885,MAEU300934986,TGHU6044647,45HC,REEFER,RF,FCL,CY/CY,CEVA Logistics,6693.73
Export (NL seller),Van den Bos International B.V.,03072910,030729,8,"Molluscs; scallops and other molluscs of the family Pectinidae, whether in shell or not, dried, salted, in brine, or smoked, cooked or not before or during the smoking process",MARKS6479,Netherlands,Serbia,Serbia,7,2017,2,2017-02,2017-02-19,20170204,20170204,export,1,1045.14,1158.36,kg,KG,Van den Bos International B.V.,[in full dataset],Honselersdijk,,www.vandenbos.com,[in full dataset],N,JP VOJVODINASUME PETROVARADIN,[in full dataset],Petrovaradin,,www.vojvodinasume.rs,[in full dataset],Y,Van den Bos International B.V.,[in full dataset],,13289.7,13289.7,Amsterdam,Main Container Port,Petrovaradin,1,1,16.61,MSC OSCAR,IMO8390817,MH,V824,868,MAEU,SWB,HLCU746010170,HLCU262399428,BMOU1410968,20GP,FLAT RACK,HC,FCL,CY/CY,Nippon Express,1045.14
Import (NL buyer),Sonos Mighty Holdings B.V.,84189990,841899,8,"Refrigerating or freezing equipment; parts thereof, other than furniture",MARKS1581,Egypt,Netherlands,Netherlands,5,2018,12,2018-12,2018-12-22,20181204,20181204,export,1,5086.46,5606.18,kg,KG,OTIS ELEVATOR CO,[in full dataset],Nasr City,,,,Y,Sonos Mighty Holdings B.V.,[in full dataset],Nieuw Vennep,,www.sonos.com,[in full dataset],Y,OTIS ELEVATOR CO,[in full dataset],,3080.5,3080.5,Alexandria,Amsterdam,Nieuw Vennep,1,1,3.85,MSC GULSUN,IMO1653488,LR,V367,544,OOLU,HBL,COSU396771609,MAEU586903643,BMOU9125201,40HC,OPEN TOP,HC,FCL,CY/CY,CEVA Logistics,5086.46
Export (NL seller),Enrichment Technology Nederland B.V.,38180090,381800,9,"Chemical elements; doped for use in electronics, in the form of discs, wafers or similar forms; chemical compounds doped for use in electronics",MARKS5309,Netherlands,Lesotho,Lesotho,6,2023,7,2023-07,2023-07-10,20230726,20230726,export,1,2953.63,3221.04,kg,KG,Enrichment Technology Nederland B.V.,[in full dataset],Almelo,,www.enritec.com,[in full dataset],Y,BLUES HYPER SUPPLIES,[in full dataset],MASERU,,,,Y,Enrichment Technology Nederland B.V.,[in full dataset],,1581.6,1581.6,Amsterdam,Main Container Port,MASERU,1,1,1.98,OOCL HONG KONG,IMO5531427,MH,V587,820,EGLV,HBL,CMDU410263029,ONEY789579157,TGHU8993932,40GP,REEFER,RF,FCL,CFS/CFS,Yusen Logistics,2953.63
Export (NL seller),Land Services,90139080,901390,7,Optical appliances and instruments; parts and accessories for articles of heading no. 9013,MARKS1313,Netherlands,Australia,Australia,6,2019,12,2019-12,2019-12-24,20191206,20191206,import,1,14705987.65,313.22,kg,KG,Land Services,[in full dataset],Sas van Gent,,,,Y,THE HEIGHTS MEDICAL CENTRE PTY LTD,[in full dataset],ALEXANDER HEIGHTS,,,,Y,Land Services,[in full dataset],,11106.6,11106.6,Amsterdam,Sydney,ALEXANDER HEIGHTS,1,1,13.88,COSCO UNIVERSE,IMO8201506,SG,V379,603,HLCU,MBL,ONEY406216534,EGLV819605840,TCLU5143107,45HC,FLAT RACK,HC,FCL,CFS/CFS,Nippon Express,287.25
Export (NL seller),RG Tweewielers,90292031,902920,9,Meters; speed indicators and tachometers; stroboscopes,MARKS8921,Netherlands,Italy,Italy,6,2020,2,2020-02,2020-02-08,20200227,20200227,export,1,161178765.83,248.84,kg,KG,RG Tweewielers,[in full dataset],Apeldoorn,,,,Y,DE' LONGHI APPLIANCES SRL,[in full dataset],TREVISO,,www.delonghigroup.com,[in full dataset],Y,RG Tweewielers,[in full dataset],,8962.8,8962.8,Amsterdam,Genoa,TREVISO,1,1,11.2,CSCL GLOBE,IMO4828147,MH,V116,248,COSU,HBL,EGLV414627147,COSU484891696,CAIU9732651,20GP,FLAT RACK,RF,FCL,CFS/CFS,DHL Global Forwarding,217.13
Export (NL seller),First Services B.V.,90184100,901841,8,"Dental instruments and appliances; dental drill engines, whether or not combined on a single base with other dental equipment",MARKS3040,Netherlands,Romania,Romania,6,2020,2,2020-02,2020-02-16,20200227,20200227,export,1,10964785.57,214.75,kg,KG,First Services B.V.,[in full dataset],Rotterdam,,www.firstservices.nl,[in full dataset],Y,BDS RO SPORT S.R.L.,[in full dataset],Bucuresti,,www.sportvision.ro,[in full dataset],N,First Services B.V.,[in full dataset],,6219,6219,Amsterdam,Main Container Port,Bucuresti,1,1,7.77,CSCL GLOBE,IMO2975598,SG,V334,711,HMMU,HBL,ONEY318687799,ONEY765145782,TGHU5014351,20GP,OPEN TOP,HC,FCL,CFS/CFS,Yusen Logistics,200
Import (NL buyer),Mediq B.V.,30069300,300693,7,"Pharmaceutical goods; placebos and blinded (or double-blinded) clinical trial kits for a recognised clinical trial, put up in measured doses",MARKS5020,Mexico,Netherlands,Netherlands,8,2015,6,2015-06,2015-06-05,20150601,20150601,import,1,71097.15,80388.72,kg,KG,"Nuplen Comercializadora, S.A. de C.V.",[in full dataset],Torreón,,,,Y,Mediq B.V.,[in full dataset],De Meern,,www.mediq.com,[in full dataset],Y,"Nuplen Comercializadora, S.A. de C.V.",[in full dataset],,13900.1,13900.1,Lazaro Cardenas,Amsterdam,De Meern,1,1,17.38,CSCL GLOBE,IMO2531819,MH,V717,387,YMLU,MBL,EGLV863715003,ONEY674569815,CAIU5216724,40GP,TANK,RF,LCL,CY/CY,CEVA Logistics,71097.15
Import (NL buyer),"Aduro Biotech Holdings, Europe B.V.",30025900,300259,6,"Cell cultures, whether or not modified; other cell cultures not including cell therapy products",MARKS7158,Poland,Netherlands,Netherlands,8,2015,6,2015-06,2015-06-25,20150608,20150608,export,1,3035280,16773.7,kg,KG,BAYER SP Z O O,[in full dataset],Warszawa,,www.bayer.com,[in full dataset],N,"Aduro Biotech Holdings, Europe B.V.",[in full dataset],Amsterdam,,www.adurolife.com,[in full dataset],Y,BAYER SP Z O O,[in full dataset],,20804.6,20804.6,Gdansk,Rotterdam,Amsterdam,1,1,26.01,YM WARRANTY,IMO1719235,LR,V518,321,OOLU,SWB,COSU575953355,MAEU487757050,BMOU2408594,40GP,FLAT RACK,RF,FCL,CFS/CFS,Nippon Express,15537.18
Import (NL buyer),Koninklijke Talens B.V.,38160010,381600,6,"Refractory cements, mortars, concretes and similar compositions, including dolomite ramming mix, other than products of heading 38.01",MARKS1083,Panama,Netherlands,Netherlands,9,2023,7,2023-07,2023-07-23,20230709,20230709,import,1,231937.91,11962.38,kg,KG,Andres Miguel Varona Zambrano,[in full dataset],Panama,,,,Y,Koninklijke Talens B.V.,[in full dataset],Apeldoorn,,www.royaltalens.com,[in full dataset],Y,Andres Miguel Varona Zambrano,[in full dataset],,14097,14097,Main Container Port,Rotterdam,Apeldoorn,1,1,17.62,APL MEXICO CITY,IMO3426737,SG,V901,835,APLU,SWB,EGLV256632590,MSCU228007440,TGHU5603858,20GP,REEFER,RF,LCL,CY/CFS,Sinotrans,10560.58
Export (NL seller),Benegas B.V.,27111310,271113,5,"Petroleum gases and other gaseous hydrocarbons; liquefied, butanes",MARKS9109,Netherlands,Slovakia,Slovakia,6,2016,10,2016-10,2016-10-08,20161022,20161022,export,1,598855.14,1937.87,kg,KG,Benegas B.V.,[in full dataset],Putten,,www.123propaan.nl,[in full dataset],N,Fuel Traders Corporation s. r. o.,[in full dataset],Bratislava,,www.fueltraders.sk,[in full dataset],Y,Benegas B.V.,[in full dataset],,12987.7,12987.7,Amsterdam,Main Container Port,Bratislava,1,1,16.23,BARZAN,IMO9877161,MH,V467,731,ONEY,SWB,MSCU484335730,ONEY577061764,GESU2869054,40GP,REEFER,HC,FCL,CY/CY,Nippon Express,1709.31
Import (NL buyer),J&T Autolease B.V.,84169000,841690,6,"Furnaces; parts of furnace burners, for liquid fuel, pulverized solid fuel or gas, mechanical stokers, grates, ash dischargers and the like",MARKS1455,Egypt,Netherlands,Netherlands,7,2018,12,2018-12,2018-12-22,20181210,20181210,import,1,96497.12,54112.02,kg,KG,OTIS ELEVATOR CO,[in full dataset],Nasr City,,,,Y,J&T Autolease B.V.,[in full dataset],Tilburg,,www.directlease.nl,[in full dataset],Y,OTIS ELEVATOR CO,[in full dataset],,24500.7,24500.7,Damietta,Amsterdam,Tilburg,1,1,30.63,BARZAN,IMO8693899,PA,V331,698,APLU,HBL,HLCU242111438,MSCU604338352,GESU9598015,40HC,FLAT RACK,GP,FCL,CY/CFS,DB Schenker,48041.88
Import (NL buyer),BW Marine (NL) B.V.,84139100,841391,7,Pumps; parts thereof,MARKS6075,Morocco,Netherlands,Netherlands,9,2018,12,2018-12,2018-12-16,20181212,20181212,import,1,77306.76,57996.68,kg,KG,SH CIMENT,[in full dataset],LAAYOUNE,,,,Y,BW Marine (NL) B.V.,[in full dataset],Papendrecht,,www.boskalis.com,[in full dataset],Y,SH CIMENT,[in full dataset],,12296,12296,Casablanca,Rotterdam,Papendrecht,1,1,15.37,MSC GULSUN,IMO7322295,SG,V200,169,OOLU,HBL,MAEU103756885,CMDU810979653,BMOU9344442,45HC,DRY,RF,FCL,CY/CY,Sinotrans,51374.36
Import (NL buyer),Aluminium Donk B.V.,76069200,760692,8,"Aluminium; plates, sheets and strip, thickness exceeding 0.2mm, alloys, (not rectangular or square)",MARKS5040,Ivory Coast,Netherlands,Netherlands,9,2022,6,2022-06,2022-06-15,20220619,20220619,import,1,89897.15,20527.64,kg,KG,SOCIETE DES MINES DE DAAPLEU,[in full dataset],Abidjan,,www.endeavourmining.com,[in full dataset],Y,Aluminium Donk B.V.,[in full dataset],IJsselstein UT,,www.donkindustries.nl,[in full dataset],Y,SOCIETE DES MINES DE DAAPLEU,[in full dataset],,8120,8120,Main Container Port,Amsterdam,IJsselstein UT,1,1,10.15,COSCO UNIVERSE,IMO8557382,PA,V626,473,OOLU,SWB,ONEY972428504,COSU706396569,FCIU1616837,45HC,FLAT RACK,RF,FCL,CY/CY,DB Schenker,18173.66
Export (NL seller),Avremont B.V.,87079010,870790,8,"Vehicles; bodies (including cabs) for the motor vehicles of heading no. 8701, 8702, 8704 or 8705",MARKS7533,Netherlands,Paraguay,Paraguay,5,2024,1,2024-01,2024-01-18,20240107,20240107,export,1,1924040.09,1950.14,kg,KG,Avremont B.V.,[in full dataset],Alblasserdam,,www.schadenetdekoning.nl,[in full dataset],Y,V. M. AUTOMOTORES SRL,[in full dataset],CIUDAD DEL ESTE,,,,Y,Avremont B.V.,[in full dataset],,22262.8,22262.8,Rotterdam,Main Container Port,CIUDAD DEL ESTE,1,1,27.83,EVER GIVEN,IMO3910962,MH,V845,693,ONEY,SWB,EGLV955845388,MAEU704544802,MSCU2525238,40GP,DRY,HC,FCL,CY/CY,CEVA Logistics,1741.49
Import (NL buyer),Mifa Aluminium B.V.,76110000,761100,6,"Aluminium; reservoirs, tanks, vats and similar containers, for material (not compressed or liquefied gas), of a capacity over 300l, whether or not lined, not fitted with mechanical/thermal equipment",MARKS7019,Brazil,Netherlands,Netherlands,6,2022,7,2022-07,2022-07-22,20220721,20220721,import,1,1016.87,1090.6,kg,KG,COMPANHIA BRASILEIRA DE ALUMINIO,[in full dataset],SAO PAULO,,www.cba.com.br,[in full dataset],Y,Mifa Aluminium B.V.,[in full dataset],Venlo,,www.mifa.eu,[in full dataset],Y,COMPANHIA BRASILEIRA DE ALUMINIO,[in full dataset],,5344.3,5344.3,Paranagua,Rotterdam,Venlo,1,1,6.68,MSC OSCAR,IMO1904598,PA,V883,781,OOLU,HBL,YMLU206993664,MAEU417128668,TGHU1544958,40GP,DRY,RF,FCL,CY/CFS,Yusen Logistics,1016.87
Import (NL buyer),Perfetti Van Melle ICT B.V.,84602300,846023,8,"Machine-tools; cylindrical grinding machines (excluding flat-surface and centreless), numerically controlled",MARKS9983,Botswana,Netherlands,Netherlands,8,2018,12,2018-12,2018-12-12,20181214,20181214,import,1,3257.02,3453.17,kg,KG,EQSTRA BOTSWANA (PTY) LTD,[in full dataset],GABORONE,,www.efm.co.za,[in full dataset],Y,Perfetti Van Melle ICT B.V.,[in full dataset],Breda,,,,Y,EQSTRA BOTSWANA (PTY) LTD,[in full dataset],,23822.1,23822.1,Main Container Port,Amsterdam,Breda,1,1,29.78,MOL TRIUMPH,IMO2982154,MH,V900,752,EGLV,HBL,MAEU273025305,ONEY448779499,TCLU9013005,20GP,OPEN TOP,HC,FCL,CY/CY,DHL Global Forwarding,3257.02
Export (NL seller),Eurus Energy Netherlands Investments B.V.,27011100,270111,8,"Coal; anthracite, whether or not pulverised, but not agglomerated",MARKS3649,Netherlands,Singapore,Singapore,6,2025,10,2025-10,2025-10-10,20251005,20251005,export,1,21986649.63,313.22,kg,KG,Eurus Energy Netherlands Investments B.V.,[in full dataset],Amsterdam,,www.eurus-europe.com,[in full dataset],Y,CHINA ZHENHUA OIL TRADING (SINGAPORE) PTE. LTD.,[in full dataset],Singapore,,www.zhenhuaoil.com,[in full dataset],Y,Eurus Energy Netherlands Investments B.V.,[in full dataset],,22699.1,22699.1,Amsterdam,Singapore (PSA),Singapore,1,1,28.37,MSC OSCAR,IMO3370289,LR,V482,147,APLU,MBL,MSCU271578146,MAEU696963281,MSCU2450117,20GP,TANK,HC,LCL,CFS/CFS,CEVA Logistics,277.68
Export (NL seller),De Autovriend B.V.,73063041,730630,8,"Iron or non-alloy steel (excluding cast iron); tubes and pipes (not seamless), welded, of circular cross-section, n.e.c. in chapter 73",MARKS2712,Netherlands,Egypt,Egypt,9,2021,3,2021-03,2021-03-27,20210328,20210328,import,1,1521478.96,223.3,kg,KG,De Autovriend B.V.,[in full dataset],Eersel,,www.autovriend.nl,[in full dataset],Y,Alexandria For Construction Company SAE,[in full dataset],Giza,,www.new.talaatmoustafa.com,[in full dataset],N,De Autovriend B.V.,[in full dataset],,16058,16058,Rotterdam,Sokhna,Giza,1,1,20.07,HMM ALGECIRAS,IMO2289120,MH,V902,239,HMMU,MBL,COSU746969168,COSU917807257,TGHU7640149,40HC,OPEN TOP,RF,FCL,CFS/CFS,Sinotrans,200
Import (NL buyer),J & J Hestebe B.V.,90248000,902480,9,"Machines and appliances; for testing the hardness, strength, compressibility, elasticity or other mechanical properties of materials other than metals",MARKS5775,Singapore,Netherlands,Netherlands,5,2020,2,2020-02,2020-02-24,20200216,20200216,import,1,85145190.94,88515.31,kg,KG,RAFFLES MEDICAL GROUP LTD,[in full dataset],Singapore,,www.rafflesmedicalgroup.com,[in full dataset],Y,J & J Hestebe B.V.,[in full dataset],Oldebroek,,www.popperdepop.nl,[in full dataset],Y,RAFFLES MEDICAL GROUP LTD,[in full dataset],,24339.6,24339.6,Singapore (PSA),Amsterdam,Oldebroek,1,1,30.42,YM WARRANTY,IMO8025990,MH,V706,498,OOLU,MBL,MAEU804837742,ONEY272352111,BMOU2159261,40GP,OPEN TOP,HC,LCL,CFS/CFS,DB Schenker,81273.57
Export (NL seller),Blaasinstrumenten Import Nederland B.V.,90308200,903082,5,Instruments and apparatus; for measuring or checking semiconductor wafers or devices (including integrated circuits),MARKS5629,Netherlands,Luxembourg,Luxembourg,6,2020,2,2020-02,2020-02-07,20200207,20200207,export,1,3667613.22,227.42,kg,KG,Blaasinstrumenten Import Nederland B.V.,[in full dataset],Bergambacht,,www.blaasinstrumentenimport.nl,[in full dataset],Y,Amazon Business EU SARL,[in full dataset],Luxembourg,,www.amazon.com,[in full dataset],Y,Blaasinstrumenten Import Nederland B.V.,[in full dataset],,16901.7,16901.7,Rotterdam,Main Container Port,Luxembourg,1,1,21.13,CMA CGM JULES VERNE,IMO8243592,MH,V130,366,OOLU,MBL,CMDU528673699,MAEU358066332,GESU3469931,45HC,TANK,HC,LCL,CY/CFS,CEVA Logistics,200
Import (NL buyer),Kramer Fish B.V.,03076000,030760,5,"Molluscs; snails, other than sea snails, whether in shell or not, live, fresh, chilled, frozen, dried, salted, in brine, or smoked, cooked or not before or during the smoking process",MARKS7040,Finland,Netherlands,Netherlands,9,2017,4,2017-04,2017-04-12,20170402,20170402,import,1,5148.11,5784.37,kg,KG,Nordic Fish Oy,[in full dataset],SASTAMALA,,www.nordictrout.com,[in full dataset],Y,Kramer Fish B.V.,[in full dataset],Urk,,www.kramerfish.nl,[in full dataset],Y,Nordic Fish Oy,[in full dataset],,13187.5,13187.5,Main Container Port,Rotterdam,Urk,1,1,16.48,CSCL GLOBE,IMO3127591,PA,V780,126,ZIMU,SWB,HLCU243600009,YMLU529522382,CAIU9560579,45HC,REEFER,GP,FCL,CY/CFS,DSV,5148.11
Export (NL seller),KV Invest B.V.,87163100,871631,5,Tanker trailers and tanker semi-trailers,MARKS4627,Netherlands,Sierra Leone,Sierra Leone,8,2024,1,2024-01,2024-01-11,20240121,20240121,export,1,375502.01,9561.95,kg,KG,KV Invest B.V.,[in full dataset],Vianen UT,,www.kooijman-autogroep.nl,[in full dataset],Y,AHOLD INVESTMENT AGENCY,[in full dataset],Freetown,,,,Y,KV Invest B.V.,[in full dataset],,4012.7,4012.7,Rotterdam,Main Container Port,Freetown,1,1,5.02,MSC GULSUN,IMO5983670,LR,V410,117,ONEY,SWB,MAEU624775394,YMLU662599668,MSCU1978045,20GP,OPEN TOP,RF,FCL,CY/CY,Sinotrans,8757.9
Export (NL seller),Rohr- und Stahl Kft,32041800,320418,7,Dyes; carotenoid colouring matters and preparations based thereon,MARKS3833,Netherlands,Qatar,Qatar,6,2026,2,2026-02,2026-02-24,20260209,20260209,export,1,58173.83,8028.15,kg,KG,Rohr- und Stahl Kft,[in full dataset],Amsterdam,,,,Y,RITVER PAINTS AND COATINGS FACTORY,[in full dataset],Doha,,,,Y,Rohr- und Stahl Kft,[in full dataset],,24533.5,24533.5,Amsterdam,Main Container Port,Doha,1,1,30.67,MSC OSCAR,IMO9716490,PA,V902,473,YMLU,SWB,YMLU247975643,ONEY408853944,FCIU7520246,20GP,FLAT RACK,GP,LCL,CFS/CFS,Bollore Logistics,7003.99
Import (NL buyer),AS 24 Nederland B.V.,38021000,380210,8,Carbon; activated,MARKS9932,Cyprus,Netherlands,Netherlands,5,2023,7,2023-07,2023-07-04,20230721,20230721,import,1,206934.34,3645.31,kg,KG,MEDPOOL LIMITED,[in full dataset],Mesa Geitonia,,medpool.com.cy,[in full dataset],Y,AS 24 Nederland B.V.,[in full dataset],'s-Gravenhage,,www.as24.com,[in full dataset],Y,MEDPOOL LIMITED,[in full dataset],,19548.9,19548.9,Main Container Port,Amsterdam,'s-Gravenhage,1,1,24.44,YM WARRANTY,IMO3038865,SG,V869,381,MSCU,SWB,MSCU295343524,EGLV648844841,TGHU7747799,20GP,FLAT RACK,RF,FCL,CY/CFS,CEVA Logistics,3194.92
Export (NL seller),Euro-Chemicals B.V.,38099200,380992,9,"Finishing agents and dye carriers; to accelerate dyeing or fixing of dye-stuffs, other products and preparations, used in the paper industry (excluding those with a basis of amylaceous substances)",MARKS1802,Netherlands,Eswatini,Eswatini,7,2023,7,2023-07,2023-07-05,20230727,20230727,export,1,191720.55,604.14,kg,KG,Euro-Chemicals B.V.,[in full dataset],Hengelo OV,,www.euro-chemicals.com,[in full dataset],Y,T AND X DISTRIBUTORS PTY LTD,[in full dataset],MBABANE,,,,Y,Euro-Chemicals B.V.,[in full dataset],,16686.2,16686.2,Rotterdam,Main Container Port,MBABANE,1,1,20.86,ONE APUS,IMO4384475,MH,V839,468,APLU,HBL,MAEU939669435,YMLU806488098,MSCU6085372,40GP,TANK,GP,FCL,CY/CY,Expeditors,540.63
Export (NL seller),BMW Nederland B.V.,87085055,870850,9,"Vehicle parts; drive-axles with differential, whether or not provided with other transmission components, and non-driving axles; parts thereof",MARKS5706,Netherlands,French Polynesia,French Polynesia,6,2020,3,2020-03,2020-03-11,20200309,20200309,export,1,3196.22,3433.3,kg,KG,BMW Nederland B.V.,[in full dataset],Rijswijk ZH,,www.bmw.nl,[in full dataset],Y,SOCIETE POLYNESIENNE D'AUTOMOBILES ET D'ENGINS DE TRANSPORTS OU DE TRAVAUX PUBLICS,[in full dataset],Papeete,,www.sopadep.pf,[in full dataset],Y,BMW Nederland B.V.,[in full dataset],,6322.2,6322.2,Rotterdam,Main Container Port,Papeete,1,1,7.9,MAERSK MOLLER,IMO1235836,LR,V884,516,ZIMU,SWB,MSCU324679280,CMDU538479106,BMOU8175611,45HC,REEFER,HC,FCL,CY/CFS,Expeditors,3196.22
Import (NL buyer),TAPI NL B.V.,30034200,300342,8,"Medicaments; containing alkaloids or their derivatives, containing pseudoephedrine (INN) or its salts, for therapeutic or prophylactic uses, (not packaged for retail sale)",MARKS3677,Thailand,Netherlands,Netherlands,6,2015,6,2015-06,2015-06-13,20150615,20150615,import,1,3308.96,3767.39,kg,KG,BERLI JUCKER PUBLIC COMPANY LIMITED,[in full dataset],KHLONG TOEI,,www.bjc.co.th,[in full dataset],N,TAPI NL B.V.,[in full dataset],Amsterdam,,www.teva-api.com,[in full dataset],Y,BERLI JUCKER PUBLIC COMPANY LIMITED,[in full dataset],,10109.9,10109.9,Bangkok,Amsterdam,Amsterdam,1,1,12.64,MOL TRIUMPH,IMO8690035,MH,V969,863,APLU,SWB,MSCU518035486,EGLV574187827,TCLU4580945,45HC,TANK,HC,LCL,CY/CY,Yusen Logistics,3308.96
Export (NL seller),Gasunie New Energy B.V.,27050000,270500,5,"Gases; coal, water, producer and similar gases (excluding petroleum and other gaseous hydrocarbons)",MARKS2921,Netherlands,Japan,Japan,9,2016,10,2016-10,2016-10-10,20161023,20161023,import,1,326717.44,19398.81,kg,KG,Gasunie New Energy B.V.,[in full dataset],Groningen,,www.gasunie.nl,[in full dataset],Y,"COSMO ENERGY HOLDINGS COMPANY,LIMITED",[in full dataset],CHUO-KU,,www.cosmo-energy.co.jp,[in full dataset],Y,Gasunie New Energy B.V.,[in full dataset],,11267.9,11267.9,Rotterdam,Osaka,CHUO-KU,1,1,14.08,MOL TRIUMPH,IMO5566658,SG,V339,415,YMLU,MBL,ONEY467688787,MSCU559688583,FCIU2867936,20GP,REEFER,HC,LCL,CFS/CFS,Yusen Logistics,16877.17
Import (NL buyer),DA Margo B.V.,30044300,300443,6,"Medicaments; containing alkaloids or their derivatives, containing norephedrine or its salts, for therapeutic or prophylactic uses, packaged for retail sale",MARKS7120,Poland,Netherlands,Netherlands,6,2015,6,2015-06,2015-06-22,20150608,20150608,export,1,3035280,35286.31,kg,KG,RADIOMETER SOLUTIONS SP Z O O,[in full dataset],Stargard,,www.radiometer.com,[in full dataset],Y,DA Margo B.V.,[in full dataset],Havelte,,,,Y,RADIOMETER SOLUTIONS SP Z O O,[in full dataset],,22247.7,22247.7,Gdansk,Rotterdam,Havelte,1,1,27.81,MSC OSCAR,IMO6285542,LR,V771,191,CMDU,HBL,ONEY195759112,HLCU929542134,BMOU3117257,40GP,FLAT RACK,GP,FCL,CFS/CFS,CEVA Logistics,30947.37
Export (NL seller),Ashland Industries Nederland B.V.,38272000,382720,7,"Mixtures containing halogenated derivatives of methane, ethane or propane, not elsewhere specified or included; containing bromochlorodifluoromethane (Halon-1211), bromotrifluoromethane (Halon-1301) or dibromotetrafluoroethanes (Halon-2402)",MARKS7058,Netherlands,Uruguay,Uruguay,9,2023,7,2023-07,2023-07-24,20230709,20230709,export,1,551605.6,3024.8,kg,KG,Ashland Industries Nederland B.V.,[in full dataset],Zwijndrecht,,www.ashland.com,[in full dataset],Y,COOPERATIVA AGRARIA NACIONAL DE RESPONSABILIDAD LIMITADA,[in full dataset],Montevideo,,www.copagran.com.uy,[in full dataset],Y,Ashland Industries Nederland B.V.,[in full dataset],,12939.1,12939.1,Rotterdam,Main Container Port,Montevideo,1,1,16.17,EVER GIVEN,IMO7929200,PA,V590,912,CMDU,MBL,MAEU708459591,CMDU991637846,TGHU5998339,45HC,FLAT RACK,RF,FCL,CY/CY,DHL Global Forwarding,2872.41
Export (NL seller),Agro Service Centrum B.V.,90112010,901120,9,"Microscopes, compound optical; for photomicrography, cinephotomicrography or microprojection",MARKS4667,Netherlands,United Kingdom,United Kingdom,6,2020,2,2020-02,2020-02-03,20200203,20200203,export,1,190805921.3,390.79,kg,KG,Agro Service Centrum B.V.,[in full dataset],Oudewater,,www.faunaplaza.nl,[in full dataset],Y,SCOTTISH WIDOWS LIMITED,[in full dataset],EDINBURGH,,,,Y,Agro Service Centrum B.V.,[in full dataset],,1446.1,1446.1,Rotterdam,Tilbury,EDINBURGH,1,1,1.81,MOL TRIUMPH,IMO7921311,MH,V418,597,ZIMU,HBL,MAEU991560514,EGLV296650183,MSCU1346557,45HC,FLAT RACK,GP,FCL,CY/CY,Bollore Logistics,341.17
Export (NL seller),Kungfu Supply,90049090,900490,8,"Spectacles, goggles and the like; (other than sunglasses) corrective, protective or other",MARKS6443,Netherlands,Germany,Germany,5,2020,2,2020-02,2020-02-18,20200215,20200215,import,1,120683203.19,229.52,kg,KG,Kungfu Supply,[in full dataset],Zoetermeer,,,,Y,GEA Group Aktiengesellschaft,[in full dataset],Düsseldorf,,www.gea.com,[in full dataset],Y,Kungfu Supply,[in full dataset],,3589.7,3589.7,Amsterdam,Bremerhaven,Düsseldorf,1,1,4.49,YM WARRANTY,IMO4909126,SG,V847,964,OOLU,HBL,CMDU985881524,MAEU403834257,MSCU3217073,45HC,OPEN TOP,RF,FCL,CY/CY,DHL Global Forwarding,200
Import (NL buyer),DM Productions B.V.,84514000,845140,9,"Machines; for washing, bleaching or dyeing",MARKS5030,Cameroon,Netherlands,Netherlands,5,2018,12,2018-12,2018-12-06,20181218,20181218,import,1,1204.45,1331.67,kg,KG,SOCIETE INFINITY MACHINERY SARL,[in full dataset],Douala,,,,Y,DM Productions B.V.,[in full dataset],Hoofddorp,,www.myparcel.nl,[in full dataset],Y,SOCIETE INFINITY MACHINERY SARL,[in full dataset],,18870.4,18870.4,Main Container Port,Rotterdam,Hoofddorp,1,1,23.59,HMM ALGECIRAS,IMO9419920,PA,V105,342,EGLV,SWB,EGLV503906949,CMDU905451123,CAIU6057958,40HC,FLAT RACK,HC,LCL,CY/CFS,CEVA Logistics,1204.45
Import (NL buyer),VDL Industrial Modules B.V.,84828000,848280,6,"Bearings; n.e.c. in heading no. 8482, including combined ball/roller",MARKS2091,Liberia,Netherlands,Netherlands,7,2018,12,2018-12,2018-12-05,20181218,20181218,import,1,1227.22,1331.18,kg,KG,ALPHA VESSEL LIMITED,[in full dataset],Monrovia,,www.toshinco.com,[in full dataset],Y,VDL Industrial Modules B.V.,[in full dataset],Helmond,,www.vdlindustrialmodules.nl,[in full dataset],Y,ALPHA VESSEL LIMITED,[in full dataset],,17025.2,17025.2,Main Container Port,Amsterdam,Helmond,1,1,21.28,CMA CGM JULES VERNE,IMO9507750,SG,V635,99,OOLU,HBL,MAEU797947555,MAEU539387611,CAIU4857382,20GP,REEFER,GP,FCL,CY/CY,DHL Global Forwarding,1227.22
Import (NL buyer),Contour Covering Technology B.V.,73269060,732690,8,Iron or steel; articles n.e.c. in heading 7326,MARKS1035,Colombia,Netherlands,Netherlands,5,2021,3,2021-03,2021-03-19,20210302,20210302,import,1,171922.77,25274.65,kg,KG,C I COLOMBIAN MINT S A S,[in full dataset],MEDELLIN,,WWW.CIIGSA.COM,[in full dataset],Y,Contour Covering Technology B.V.,[in full dataset],Winterswijk,,www.contour.eu,[in full dataset],N,C I COLOMBIAN MINT S A S,[in full dataset],,10556.9,10556.9,Cartagena,Rotterdam,Winterswijk,1,1,13.2,CMA CGM JULES VERNE,IMO2871037,PA,V557,760,MAEU,SWB,COSU988802293,YMLU361267065,BMOU7988915,40HC,FLAT RACK,GP,FCL,CFS/CFS,Sinotrans,22050.3
Export (NL seller),MI Dushi,90013000,900130,7,"Lenses, contact; unmounted, of any material, excluding elements of glass not optically worked",MARKS9453,Netherlands,Switzerland,Switzerland,6,2019,12,2019-12,2019-12-13,20191224,20191224,export,1,84048188.42,229.3,kg,KG,MI Dushi,[in full dataset],Apeldoorn,,,,Y,"M.R.S.I. Medical Research, Services & Investments SA",[in full dataset],Vouvry,,,,Y,MI Dushi,[in full dataset],,20471.8,20471.8,Rotterdam,Zurich (air),Vouvry,1,1,25.59,OOCL HONG KONG,IMO9070252,MH,V197,620,YMLU,SWB,MSCU567759381,CMDU500556473,GESU9431236,45HC,FLAT RACK,RF,FCL,CY/CFS,Sinotrans,200
Export (NL seller),XH Commerce,90152000,901520,8,Surveying equipment; theodolites and tachymeters (tacheometers),MARKS7342,Netherlands,Israel,Israel,5,2019,12,2019-12,2019-12-12,20191228,20191228,export,1,17749798.88,352.19,kg,KG,XH Commerce,[in full dataset],Almelo,,,,Y,HADASSAH MEDICAL ORGANIZATION (CC),[in full dataset],JERUSALEM,,www.hadassah.org.il,[in full dataset],Y,XH Commerce,[in full dataset],,10652,10652,Amsterdam,Haifa,JERUSALEM,1,1,13.32,HMM ALGECIRAS,IMO3842609,PA,V445,209,APLU,SWB,MAEU329259088,ONEY286232342,TGHU6432253,20GP,DRY,GP,LCL,CY/CFS,DB Schenker,328.17
Export (NL seller),Brunel Energy Europe Staff B.V.,27079100,270791,8,Oils and other products of the distillation of high temperature coal tar; creosote oils,MARKS5053,Netherlands,Turkmenistan,Turkmenistan,9,2016,10,2016-10,2016-10-01,20161005,20161005,export,1,137849.26,16733.93,kg,KG,Brunel Energy Europe Staff B.V.,[in full dataset],Amsterdam,,,,Y,"ENI Turkmenistan Limited, Representative Office",[in full dataset],Ashgabad,,,,Y,Brunel Energy Europe Staff B.V.,[in full dataset],,1976.9,1976.9,Amsterdam,Main Container Port,Ashgabad,1,1,2.47,HYUNDAI LOYALTY,IMO9247437,PA,V648,352,MSCU,MBL,COSU611891993,ONEY932336038,GESU1623299,40HC,TANK,RF,LCL,CY/CFS,DB Schenker,15717.97
Import (NL buyer),Urker Zeevishandel Gebr. Post B.V.,03069400,030694,9,"Crustaceans; Norway lobsters (Nephrops norvegicus), smoked, cooked or not, whether in shell or not, whether or not cooked before or during smoking",MARKS2355,Cyprus,Netherlands,Netherlands,7,2017,6,2017-06,2017-06-13,20170619,20170619,import,1,1481.11,1668,kg,KG,BLUE ISLAND PLC,[in full dataset],Nicosia,,www.blue-island.com,[in full dataset],Y,Urker Zeevishandel Gebr. Post B.V.,[in full dataset],Urk,,www.devishandel.nl,[in full dataset],Y,BLUE ISLAND PLC,[in full dataset],,5318.8,5318.8,Main Container Port,Amsterdam,Urk,1,1,6.65,MADRID MAERSK,IMO7519463,MH,V538,737,MAEU,SWB,YMLU429539404,ONEY168424500,GESU4331596,20GP,TANK,HC,LCL,CY/CFS,Yusen Logistics,1481.1
Import (NL buyer),Central Energy Holding B.V.,27011210,270112,9,"Coal; bituminous, whether or not pulverised, but not agglomerated",MARKS6582,Bahrain,Netherlands,Netherlands,6,2025,10,2025-10,2025-10-07,20251020,20251020,import,1,6723540.4,1701.59,kg,KG,NEWTECH INTERNATIONAL W.L.L,[in full dataset],Tashan,,,,Y,Central Energy Holding B.V.,[in full dataset],Rotterdam,,www.aes.com,[in full dataset],N,NEWTECH INTERNATIONAL W.L.L,[in full dataset],,1799.8,1799.8,Main Container Port,Amsterdam,Rotterdam,1,1,2.25,HMM ALGECIRAS,IMO3974511,LR,V908,50,YMLU,SWB,CMDU192369993,EGLV189002355,TGHU6426623,20GP,OPEN TOP,HC,FCL,CY/CFS,Sinotrans,1492.58
Import (NL buyer),Vishandel Jan van As en Zonen B.V.,03036890,030368,5,"Fish; frozen, blue whitings (Micromesistius poutassou, Micromesistius australis), excluding fillets, fish meat of 0304, and edible fish offal of subheadings 0303.91 to 0303.99",MARKS4393,Luxembourg,Netherlands,Netherlands,8,2017,6,2017-06,2017-06-19,20170614,20170614,import,1,7824.37,8815.2,kg,KG,Senuvo Europe SA,[in full dataset],Luxembourg,,,,Y,Vishandel Jan van As en Zonen B.V.,[in full dataset],Amsterdam,,www.janvanas.nl,[in full dataset],Y,Senuvo Europe SA,[in full dataset],,19250.5,19250.5,Main Container Port,Rotterdam,Amsterdam,1,1,24.06,CSCL GLOBE,IMO8435222,MH,V795,310,COSU,HBL,CMDU372810635,COSU584699935,GESU6798848,45HC,FLAT RACK,HC,LCL,CY/CY,Sinotrans,7824.37
Export (NL seller),Ringwade deelneming De Blauwe Stad B.V.,87119000,871190,5,"Motorcycles (including mopeds) and cycles; n.e.c. in heading no. 8711, fitted with auxiliary motor, with or without side-cars; side-cars",MARKS8524,Netherlands,Colombia,Colombia,6,2024,1,2024-01,2024-01-11,20240127,20240127,export,1,437604.58,15371.14,kg,KG,Ringwade deelneming De Blauwe Stad B.V.,[in full dataset],Utrecht,,,,Y,FIDUCIARIA DE OCCIDENTE S A FIDUOCCIDENTE S A,[in full dataset],BOGOTA,,WWW.FIDUOCCIDENTE.COM.CO,[in full dataset],Y,Ringwade deelneming De Blauwe Stad B.V.,[in full dataset],,21927.5,21927.5,Rotterdam,Barranquilla,BOGOTA,1,1,27.41,MOL TRIUMPH,IMO3236642,SG,V902,595,ZIMU,HBL,HLCU381586061,EGLV752436888,CAIU2759919,45HC,OPEN TOP,RF,FCL,CY/CY,DB Schenker,14304.95
Export (NL seller),S4 Energy B.V.,27079980,270799,5,Oils and other products of the distillation of high temperature coal tar; n.e.c. in heading no. 2707,MARKS4512,Netherlands,Peru,Peru,5,2025,10,2025-10,2025-10-06,20251019,20251019,export,1,26062840.22,274.04,kg,KG,S4 Energy B.V.,[in full dataset],Amsterdam,,www.s4-energy.com,[in full dataset],Y,Peruana de Petroleo S.A.C.,[in full dataset],Lima,,www.pecsa.com.pe,[in full dataset],Y,S4 Energy B.V.,[in full dataset],,6276.3,6276.3,Amsterdam,Callao,Lima,1,1,7.85,MOL TRIUMPH,IMO8691632,PA,V671,72,HLCU,SWB,MSCU377239446,MSCU834735192,TGHU2471729,40GP,TANK,RF,LCL,CFS/CFS,DSV,258.33
Export (NL seller),A. Nobel en Zn. Tubantia B.V.,27111219,271112,5,"Petroleum gases and other gaseous hydrocarbons; liquefied, propane",MARKS1171,Netherlands,Luxembourg,Luxembourg,6,2025,10,2025-10,2025-10-01,20251028,20251028,export,1,19251321.4,621.25,kg,KG,A. Nobel en Zn. Tubantia B.V.,[in full dataset],Zwijndrecht,,,,Y,ArcelorMittal Energy S.C.A.,[in full dataset],Luxembourg,,,,Y,A. Nobel en Zn. Tubantia B.V.,[in full dataset],,21192.3,21192.3,Amsterdam,Main Container Port,Luxembourg,1,1,26.49,APL MEXICO CITY,IMO4874247,SG,V976,644,CMDU,MBL,EGLV916663806,EGLV467097720,MSCU3902999,45HC,TANK,HC,FCL,CFS/CFS,DSV,559.46
Export (NL seller),Bruna Emiclaer,90051000,900510,8,Binoculars,MARKS7812,Netherlands,Kuwait,Kuwait,8,2022,6,2022-06,2022-06-04,20220620,20220620,export,1,7487172.21,592.51,kg,KG,Bruna Emiclaer,[in full dataset],Amersfoort,,,,N,NB FLOWERS FLOWERS AND PLANTS BRANCH OF GHAJAB GENERAL TRADING COMPANY S.P.C,[in full dataset],Kuwait City East,,,,Y,Bruna Emiclaer,[in full dataset],,15566.4,15566.4,Amsterdam,Main Container Port,Kuwait City East,1,1,19.46,MSC OSCAR,IMO8651948,SG,V884,391,YMLU,MBL,EGLV125901438,MAEU355758260,TCLU2690650,45HC,OPEN TOP,HC,FCL,CY/CFS,Bollore Logistics,520.15
Export (NL seller),Bluekens Truck en Bus B.V.,87044299,870442,6,"Vehicles; with both compression-ignition internal combustion piston engine (diesel/semi-diesel) and electric motors for propulsion, of a g.v.w. exceeding 5,000kg but not exceeding 20,000kg",MARKS6552,Netherlands,Libya,Libya,5,2024,1,2024-01,2024-01-26,20240109,20240109,export,1,574926.42,12308.3,kg,KG,Bluekens Truck en Bus B.V.,[in full dataset],Goes,,www.bluekens.nl,[in full dataset],N,LIBYAN AFRICAN INVESTMENT COMPANY,[in full dataset],Tripoli,,www.laico.ly,[in full dataset],Y,Bluekens Truck en Bus B.V.,[in full dataset],,10065.5,10065.5,Rotterdam,Main Container Port,Tripoli,1,1,12.58,MSC GULSUN,IMO4171789,PA,V671,75,ONEY,HBL,CMDU575427892,CMDU495858690,MSCU3414566,40GP,DRY,HC,FCL,CY/CFS,DB Schenker,10888.13
Export (NL seller),EBIKE-EFOS B.V.,90131010,901310,9,"Optical appliances and instruments; telescopic sights for fitting to arms; periscopes; telescopes designed to form parts of machines, appliances, instruments or apparatus of this chapter",MARKS9785,Netherlands,Switzerland,Switzerland,9,2020,2,2020-02,2020-02-25,20200211,20200211,export,1,85705774.46,397.63,kg,KG,EBIKE-EFOS B.V.,[in full dataset],Bergeijk,,www.elektrischefiets-ebike-efos.nl,[in full dataset],Y,"M.R.S.I. Medical Research, Services & Investments SA",[in full dataset],Vouvry,,,,Y,EBIKE-EFOS B.V.,[in full dataset],,16241,16241,Rotterdam,Basel (river),Vouvry,1,1,20.3,EVER GIVEN,IMO4310739,MH,V308,557,HLCU,SWB,COSU416517514,MAEU617900327,GESU2813180,45HC,TANK,RF,LCL,CY/CY,Bollore Logistics,348.05
Export (NL seller),V Marine Fuels B.V. in liquidatie,27011900,270119,6,"Coal; (other than anthracite and bituminous), whether or not pulverised but not agglomerated",MARKS2336,Netherlands,Switzerland,Switzerland,5,2025,10,2025-10,2025-10-11,20251026,20251026,export,1,23788181.88,1015.44,kg,KG,V Marine Fuels B.V. in liquidatie,[in full dataset],Rotterdam,,www.vmarinefuels.com,[in full dataset],Y,DXT Commodities SA,[in full dataset],Lugano,,www.dxt.com,[in full dataset],N,V Marine Fuels B.V. in liquidatie,[in full dataset],,4925.6,4925.6,Amsterdam,Zurich (air),Lugano,1,1,6.16,BARZAN,IMO1120636,SG,V155,821,YMLU,SWB,COSU996344046,MAEU130820962,CAIU6173859,20GP,FLAT RACK,GP,FCL,CY/CFS,DHL Global Forwarding,916.98
Export (NL seller),Schavemaker Maastricht B.V.,38151100,381511,6,"Catalysts, supported; reaction initiators, reaction accelerators and catalytic preparations, with nickel or nickel compounds as the active substance, n.e.c. or included",MARKS4852,Netherlands,Iraq,Iraq,8,2023,7,2023-07,2023-07-19,20230718,20230718,export,1,1394390.89,1582.04,kg,KG,Schavemaker Maastricht B.V.,[in full dataset],Beverwijk,,www.schavemaker.com,[in full dataset],Y,"CRUDE COMPANY GENERAL TRADE, OIL & LOGISTIC SERVICES LTD",[in full dataset],As Sulaymaniyah,,,,Y,Schavemaker Maastricht B.V.,[in full dataset],,2032.9,2032.9,Amsterdam,Main Container Port,As Sulaymaniyah,1,1,2.54,MADRID MAERSK,IMO5487400,MH,V279,958,YMLU,SWB,EGLV341211658,MAEU176330393,FCIU4692885,20GP,FLAT RACK,GP,FCL,CY/CY,Sinotrans,1430.84
Export (NL seller),De Meeuw Oirschot B.V.,73158100,731581,9,"Chain; stud-link chain, of iron or steel",MARKS1538,Netherlands,Ivory Coast,Ivory Coast,6,2021,3,2021-03,2021-03-24,20210306,20210306,export,1,236578.84,215.36,kg,KG,De Meeuw Oirschot B.V.,[in full dataset],Oirschot,,www.demeeuw.com,[in full dataset],Y,PERSEUS MINING YAOURE SA,[in full dataset],Abidjan,,www.perseusmining.com,[in full dataset],Y,De Meeuw Oirschot B.V.,[in full dataset],,21751.3,21751.3,Amsterdam,Main Container Port,Abidjan,1,1,27.19,MADRID MAERSK,IMO9923746,LR,V508,237,OOLU,SWB,ONEY915255010,MAEU899793162,MSCU7987403,20GP,REEFER,HC,FCL,CFS/CFS,DB Schenker,200
Import (NL buyer),VPR Energy B.V.,27129011,271290,5,"Paraffin wax; containing by weight 0.75% or more of oil, obtained by synthesis or by other processes, whether or not coloured",MARKS1711,Portugal,Netherlands,Netherlands,6,2025,10,2025-10,2025-10-12,20251027,20251027,import,1,11205355.2,96011.13,kg,KG,"SKILL ENERGY, LDA",[in full dataset],PARADA DE BOURO,,,,Y,VPR Energy B.V.,[in full dataset],Rotterdam,,www.ksandt.com,[in full dataset],Y,"SKILL ENERGY, LDA",[in full dataset],,4531.2,4531.2,Main Container Port,Amsterdam,Rotterdam,1,1,5.66,EVER GIVEN,IMO7868800,MH,V529,753,MAEU,HBL,HLCU308253821,CMDU977705603,BMOU9482008,45HC,TANK,RF,FCL,CFS/CFS,Expeditors,89637.66
Export (NL seller),QEMETICA NL Silica B.V.,38276100,382761,5,"Mixtures containing halogenated derivatives of methane, ethane or propane; containing other hydrofluorocarbons (HFCs) but not containing chlorofluorocarbons (CFCs) or hydrochlorofluorocarbons (HCFCs); containing 15% or more by mass of 1,1,1-trifluoroethan",MARKS2652,Netherlands,Namibia,Namibia,6,2023,7,2023-07,2023-07-13,20230704,20230704,export,1,260968.85,808.85,kg,KG,QEMETICA NL Silica B.V.,[in full dataset],Farmsum,,,,Y,NAMIBIAN AERIAL CHEMICALS CC,[in full dataset],SWAKOPMUND,,,,Y,QEMETICA NL Silica B.V.,[in full dataset],,15891.1,15891.1,Amsterdam,Main Container Port,SWAKOPMUND,1,1,19.86,YM WARRANTY,IMO2645294,MH,V280,444,ZIMU,HBL,MAEU252702194,HLCU319472650,TGHU7230547,45HC,REEFER,GP,FCL,CY/CFS,Nippon Express,769.55
Export (NL seller),Elko Energy B.V.,27111400,271114,8,"Petroleum gases and other gaseous hydrocarbons; liquefied, ethylene, propylene, butylene and butadiene",MARKS3296,Netherlands,Finland,Finland,7,2025,10,2025-10,2025-10-27,20251016,20251016,export,1,78293956.38,224.4,kg,KG,Elko Energy B.V.,[in full dataset],Woerden,,,,Y,Head Invest Oy,,,,www.headinvest.fi,[in full dataset],Y,Elko Energy B.V.,,,5880.6,5880.6,Rotterdam,Main Container Port,,1,1,7.35,HMM ALGECIRAS,IMO9003250,LR,V857,566,OOLU,MBL,HLCU449081874,ONEY684543201,GESU9041052,40HC,TANK,RF,LCL,CFS/CFS,Yusen Logistics,200
Import (NL buyer),WTS Energy Holding B.V.,27111100,271111,6,"Petroleum gases and other gaseous hydrocarbons; liquefied, natural gas",MARKS8758,Bulgaria,Netherlands,Netherlands,5,2016,10,2016-10,2016-10-20,20161004,20161004,import,1,7658.66,8314.05,kg,KG,LUKOIL NEFTOHIM BURGAS AD,[in full dataset],Burgas,,neftochim.lukoil.com,[in full dataset],Y,WTS Energy Holding B.V.,[in full dataset],'s-Gravenhage,,www.wtsenergy.com,[in full dataset],Y,LUKOIL NEFTOHIM BURGAS AD,[in full dataset],,23508.4,23508.4,Main Container Port,Amsterdam,'s-Gravenhage,1,1,29.39,CMA CGM JULES VERNE,IMO8193059,MH,V225,504,APLU,HBL,MAEU764109459,EGLV120122365,CAIU5854087,40GP,TANK,RF,FCL,CFS/CFS,DSV,7658.66
Import (NL buyer),Libra Energy International B.V.,27121010,271210,6,Petroleum jelly,MARKS8406,Japan,Netherlands,Netherlands,6,2025,10,2025-10,2025-10-10,20251013,20251013,export,1,996782.8,12776.47,kg,KG,"ITOCHU ENEX CO., LTD.",[in full dataset],CHIYODA-KU,,www.itcenex.com/,[in full dataset],N,Libra Energy International B.V.,[in full dataset],Velsen-noord,,www.libra.energy,[in full dataset],Y,"ITOCHU ENEX CO., LTD.",[in full dataset],,19750.6,19750.6,Nagoya,Amsterdam,Velsen-noord,1,1,24.69,MADRID MAERSK,IMO4394799,MH,V413,10,ZIMU,MBL,CMDU518838750,COSU509766668,MSCU8441514,20GP,TANK,HC,FCL,CY/CY,Kuehne + Nagel,11305.15
Import (NL buyer),Brocacef Ziekenhuisfarmacie B.V.,30019020,300190,6,"Glands and other organs; heparin and its salts; other human or animal substances prepared for therapeutic or prophylactic uses, n.e.c. in heading 3001",MARKS5758,Poland,Netherlands,Netherlands,7,2015,6,2015-06,2015-06-01,20150602,20150602,export,1,3035280,510629.05,kg,KG,TEVA OPERATIONS POLAND SP Z O O,[in full dataset],Warszawa,,www.teva.pl,[in full dataset],Y,Brocacef Ziekenhuisfarmacie B.V.,[in full dataset],Oostrum LB,,,,Y,TEVA OPERATIONS POLAND SP Z O O,[in full dataset],,4864,4864,Gdansk,Rotterdam,Oostrum LB,1,1,6.08,MOL TRIUMPH,IMO5828759,SG,V868,924,OOLU,SWB,EGLV120608480,YMLU507003279,TCLU3743620,40HC,REEFER,GP,FCL,CY/CY,CEVA Logistics,459870.98
Import (NL buyer),Van Dijkhuizen Clean Energy B.V.,27132000,271320,7,Petroleum bitumen; obtained from bituminous minerals,MARKS4441,Hungary,Netherlands,Netherlands,9,2016,10,2016-10,2016-10-07,20161019,20161019,import,1,582225.72,16490.53,kg,KG,Premier Energy Wind 158 Kft.,[in full dataset],Budapest,,,,Y,Van Dijkhuizen Clean Energy B.V.,[in full dataset],Tiel,,,,Y,Premier Energy Wind 158 Kft.,[in full dataset],,9536.7,9536.7,Budapest (inland),Amsterdam,Tiel,1,1,11.92,HYUNDAI LOYALTY,IMO4892533,LR,V832,312,ZIMU,MBL,YMLU494963725,MAEU902725090,TCLU1590434,45HC,TANK,GP,LCL,CY/CY,Sinotrans,15432.5
Export (NL seller),De Lage Landen International B.V.,87019290,870192,8,Tractors; n.e.c. in heading no 8701 (other than tractors of heading no 8709); of an engine power exceeding 18kW but not exceeding 37kW,MARKS4968,Netherlands,Zambia,Zambia,8,2020,3,2020-03,2020-03-25,20200311,20200311,export,1,26090.84,27712.85,kg,KG,De Lage Landen International B.V.,[in full dataset],Eindhoven,,www.dllgroup.com,[in full dataset],N,AUTOMOBILE TECHNOLOGIES LIMITED,[in full dataset],Chibombo,,,,Y,De Lage Landen International B.V.,[in full dataset],,12117,12117,Amsterdam,Main Container Port,Chibombo,1,1,15.15,HMM ALGECIRAS,IMO3967125,SG,V783,710,ZIMU,MBL,MSCU805620513,CMDU236147237,FCIU3804572,45HC,OPEN TOP,RF,FCL,CY/CFS,CEVA Logistics,26090.84
Import (NL buyer),Vebego Bright Solutions B.V.,38272000,382720,6,"Mixtures containing halogenated derivatives of methane, ethane or propane, not elsewhere specified or included; containing bromochlorodifluoromethane (Halon-1211), bromotrifluoromethane (Halon-1301) or dibromotetrafluoroethanes (Halon-2402)",MARKS9220,Croatia,Netherlands,Netherlands,8,2023,7,2023-07,2023-07-26,20230719,20230719,import,1,94623.42,10630.44,kg,KG,NEVA d.o.o.,[in full dataset],Rakitje,,www.atlantic.hr,[in full dataset],Y,Vebego Bright Solutions B.V.,[in full dataset],Heerlen,,www.alpheios.nl,[in full dataset],Y,NEVA d.o.o.,[in full dataset],,18141.1,18141.1,Main Container Port,Rotterdam,Heerlen,1,1,22.68,MOL TRIUMPH,IMO3678259,PA,V488,925,COSU,SWB,COSU937588972,COSU747159528,CAIU4678000,20GP,REEFER,GP,FCL,CY/CFS,Kuehne + Nagel,9589.73
Import (NL buyer),Hedin Automotive 4VE B.V.,87023090,870230,8,"Vehicles; public transport type (carries 10 or more persons, including driver), with both compression-ignition internal combustion piston engine (diesel or semi-diesel) and electric motor for propulsion, new or used",MARKS1677,Philippines,Netherlands,Netherlands,5,2024,1,2024-01,2024-01-12,20240111,20240111,export,1,1106919,7642.67,kg,KG,16TH AVENUE AUTOSHOP INC.,[in full dataset],Quezon City,,,,Y,Hedin Automotive 4VE B.V.,[in full dataset],Amsterdam,,www.sterntec.nl,[in full dataset],Y,16TH AVENUE AUTOSHOP INC.,[in full dataset],,24837.5,24837.5,Subic Bay,Amsterdam,Amsterdam,1,1,31.05,COSCO UNIVERSE,IMO3689524,PA,V327,338,HMMU,HBL,COSU273641954,ONEY409422706,GESU2030633,40HC,OPEN TOP,GP,FCL,CY/CY,Kuehne + Nagel,6681.17
Export (NL seller),Production North Sea Netherlands Limited,27074000,270740,7,Oils and products of the distillation of high temperature coal tar; naphthalene,MARKS4299,Netherlands,Saudi Arabia,Saudi Arabia,9,2016,10,2016-10,2016-10-14,20161004,20161004,import,1,486133.94,43714.03,kg,KG,Production North Sea Netherlands Limited,[in full dataset],'s-Gravenhage,,,,Y,SAUDI ENERGY COMPANY,[in full dataset],Riyadh,,www.se.com.sa,[in full dataset],Y,Production North Sea Netherlands Limited,[in full dataset],,24222,24222,Rotterdam,King Abdullah Port,Riyadh,1,1,30.28,COSCO UNIVERSE,IMO5491029,PA,V976,981,MSCU,SWB,COSU197382102,HLCU569597598,TCLU9128656,20GP,TANK,GP,LCL,CFS/CFS,Expeditors,38073.6
Import (NL buyer),Diepzee Visserij Maatschappij Cornelis Vrolijk IV B.V.,03053100,030531,5,"Fish fillets; dried, salted or in brine, but not smoked, tilapias, catfish, carp, eels, Nile perch, and snakeheads",MARKS2183,Japan,Netherlands,Netherlands,9,2017,7,2017-07,2017-07-18,20170716,20170716,export,1,5480.73,6199.35,kg,KG,UMIOS CORPORATION,[in full dataset],MINATO-KU,,www.umios.com/jp/,[in full dataset],Y,Diepzee Visserij Maatschappij Cornelis Vrolijk IV B.V.,[in full dataset],IJmuiden,,www.cornelisvrolijk.eu,[in full dataset],Y,UMIOS CORPORATION,[in full dataset],,5566.4,5566.4,Tokyo,Rotterdam,IJmuiden,1,1,6.96,APL MEXICO CITY,IMO2751902,PA,V389,226,MAEU,SWB,CMDU859758147,COSU386612158,TGHU5783926,40HC,DRY,GP,FCL,CY/CFS,Sinotrans,5480.73
Import (NL buyer),B.V. Trading Company Rotterdam (T.C.R.),38059090,380590,5,"Terpenic oils; produced by the treatment of coniferous woods, crude dipentene, sulphite turpentine and other crude para-cymene, n.e.c. in heading no. 3805",MARKS1936,Pakistan,Netherlands,Netherlands,9,2023,7,2023-07,2023-07-09,20230726,20230726,import,1,14427.56,16171.84,kg,KG,BIN RASHEED COLORS AND CHEMICALS MANUFACTURING COMPANY (PRIVATE) LIMITED,[in full dataset],Lahore,,www.binrasheed.com,[in full dataset],Y,B.V. Trading Company Rotterdam (T.C.R.),[in full dataset],Breda,,www.tcrplastics.eu,[in full dataset],Y,BIN RASHEED COLORS AND CHEMICALS MANUFACTURING COMPANY (PRIVATE) LIMITED,[in full dataset],,6657.6,6657.6,Karachi (Port Qasim),Rotterdam,Breda,1,1,8.32,EVER GIVEN,IMO3647146,PA,V649,250,MAEU,HBL,MAEU594376995,MAEU760370293,GESU5869406,45HC,OPEN TOP,GP,FCL,CFS/CFS,Sinotrans,14427.56
Import (NL buyer),Leerentveld Vrijetijd B.V.,90015041,900150,6,"Lenses, spectacle; unmounted, of materials other than glass",MARKS2877,Australia,Netherlands,Netherlands,8,2019,12,2019-12,2019-12-11,20191227,20191227,import,1,13335137.57,11631.51,kg,KG,UNLEY MEDICAL IMAGING PTY LTD,[in full dataset],Goodwood,,,,Y,Leerentveld Vrijetijd B.V.,[in full dataset],Zwolle,,www.buitensportxxl.nl,[in full dataset],Y,UNLEY MEDICAL IMAGING PTY LTD,[in full dataset],,22872.5,22872.5,Melbourne,Rotterdam,Zwolle,1,1,28.59,MADRID MAERSK,IMO7306911,MH,V958,304,HMMU,SWB,CMDU394199444,COSU845832470,FCIU6195176,40HC,FLAT RACK,HC,FCL,CY/CY,Sinotrans,11024.84
Import (NL buyer),CHC Helicopters Netherlands B.V.,88062400,880624,9,"Unmanned aircraft; for remote-controlled flight only, for other than for carriage of passengers, with the maximum take-off weight of more than 25kg but not more than 150kg",MARKS1752,French Polynesia,Netherlands,Netherlands,8,2018,11,2018-11,2018-11-17,20181102,20181102,import,1,1554.99,1703.37,kg,KG,TAHITI NUI HELICOPTERS,[in full dataset],Faa'a,,www.tahitinuihelicopters.com,[in full dataset],Y,CHC Helicopters Netherlands B.V.,[in full dataset],Den Helder,,www.chcheli.com,[in full dataset],Y,TAHITI NUI HELICOPTERS,[in full dataset],,18034.2,18034.2,Main Container Port,Rotterdam,Den Helder,1,1,22.54,HMM ALGECIRAS,IMO7967461,SG,V929,924,OOLU,MBL,HLCU859966646,MAEU196764035,GESU6623892,40HC,OPEN TOP,RF,LCL,CY/CFS,Kuehne + Nagel,1554.99
Import (NL buyer),Koninklijke Sanders B.V.,38151100,381511,9,"Catalysts, supported; reaction initiators, reaction accelerators and catalytic preparations, with nickel or nickel compounds as the active substance, n.e.c. or included",MARKS2054,Mexico,Netherlands,Netherlands,8,2023,7,2023-07,2023-07-11,20230722,20230722,export,1,269164,3930.74,kg,KG,"Alpek Polyester, S.A. de C.V.",[in full dataset],San Pedro Garza García,,www.alpekpolyester.com,[in full dataset],Y,Koninklijke Sanders B.V.,[in full dataset],Vlijmen,,www.royalsanders.com,[in full dataset],Y,"Alpek Polyester, S.A. de C.V.",[in full dataset],,13732.1,13732.1,Veracruz,Rotterdam,Vlijmen,1,1,17.17,COSCO UNIVERSE,IMO7576078,PA,V944,771,ZIMU,MBL,MSCU560533073,ONEY462761372,BMOU4696137,45HC,TANK,RF,FCL,CFS/CFS,CEVA Logistics,3536.23
Import (NL buyer),Perstorp Waspik B.V.,30042000,300420,7,"Medicaments; containing antibiotics (other than penicillins, streptomycins or their derivatives), for therapeutic or prophylactic uses, packaged for retail sale",MARKS2533,China,Netherlands,Netherlands,6,2015,6,2015-06,2015-06-23,20150601,20150601,import,1,4125003.68,36301.75,kg,KG,"Jiangsu Hengrui Pharmaceuticals Co., Ltd.",[in full dataset],Lianyungang,,www.hengrui.com,[in full dataset],Y,Perstorp Waspik B.V.,[in full dataset],Waspik,,www.perstorp.com,[in full dataset],Y,"Jiangsu Hengrui Pharmaceuticals Co., Ltd.",[in full dataset],,6188.7,6188.7,Ningbo-Zhoushan,Rotterdam,Waspik,1,1,7.74,HYUNDAI LOYALTY,IMO5492511,SG,V349,604,MSCU,SWB,HLCU263171331,MSCU189842744,TGHU6297633,20GP,OPEN TOP,RF,FCL,CFS/CFS,Nippon Express,32973
Import (NL buyer),Ballast Nedam Construction Services B.V.,73045181,730451,5,"Steel, alloy (not stainless steel); seamless, cold-drawn or cold-rolled (cold-reduced), tubes, pipes and hollow profiles of circular cross-section",MARKS6872,Australia,Netherlands,Netherlands,7,2021,3,2021-03,2021-03-25,20210322,20210322,import,1,116162.46,811.28,kg,KG,CATALYST METALS LIMITED,[in full dataset],PERTH,,www.catalystmetals.com.au,[in full dataset],N,Ballast Nedam Construction Services B.V.,[in full dataset],Utrecht,,,,Y,CATALYST METALS LIMITED,[in full dataset],,8950.8,8950.8,Melbourne,Amsterdam,Utrecht,1,1,11.19,MSC GULSUN,IMO6050037,SG,V544,330,YMLU,MBL,CMDU443951238,HLCU229508448,GESU7564412,45HC,TANK,HC,FCL,CY/CY,Bollore Logistics,761.22
Import (NL buyer),Econvert Water & Energy Holding B.V.,27132000,271320,6,Petroleum bitumen; obtained from bituminous minerals,MARKS2389,Ivory Coast,Netherlands,Netherlands,7,2025,10,2025-10,2025-10-20,20251004,20251004,import,1,9993117.31,1388.18,kg,KG,SOCIETE DE NATIONALE D'OPERATIONS PETROLIERES DE COTE D'IVOIRE,[in full dataset],,,,,Y,Econvert Water & Energy Holding B.V.,[in full dataset],Heerenveen,,www.econvert.nl,[in full dataset],Y,SOCIETE DE NATIONALE D'OPERATIONS PETROLIERES DE COTE D'IVOIRE,[in full dataset],,22283.7,22283.7,Main Container Port,Rotterdam,Heerenveen,1,1,27.85,MAERSK MOLLER,IMO2974888,SG,V897,954,ONEY,SWB,MSCU260287649,EGLV496164976,GESU2820563,20GP,FLAT RACK,RF,LCL,CFS/CFS,Sinotrans,1295.12
Import (NL buyer),Akzo Nobel Car Refinishes B.V.,73063018,730630,9,"Iron or non-alloy steel (excluding cast iron); tubes and pipes (not seamless), welded, of circular cross-section, n.e.c. in chapter 73",MARKS2441,Iraq,Netherlands,Netherlands,7,2021,3,2021-03,2021-03-04,20210313,20210313,import,1,6875.29,7726.84,kg,KG,BARDE COMPANY FOR GENERAL CONTRACTING LTD,[in full dataset],As Sulaymaniyah,,www.bardeconstruction.com,[in full dataset],Y,Akzo Nobel Car Refinishes B.V.,[in full dataset],Sassenheim,,www.spectrumverf.nl,[in full dataset],Y,BARDE COMPANY FOR GENERAL CONTRACTING LTD,[in full dataset],,6644.3,6644.3,Main Container Port,Rotterdam,Sassenheim,1,1,8.31,COSCO UNIVERSE,IMO6812620,SG,V750,872,MSCU,MBL,HLCU627941003,CMDU684424332,CAIU8320819,20GP,DRY,RF,FCL,CFS/CFS,Expeditors,6875.29
Export (NL seller),Ad Vermeer,90279000,902790,8,Microtomes and parts and accessories thereof,MARKS9722,Netherlands,Italy,Italy,5,2020,2,2020-02,2020-02-24,20200204,20200204,export,1,161178765.83,997.35,kg,KG,Ad Vermeer,[in full dataset],Rotterdam,,,,N,AGRIFARMA SPA,[in full dataset],MILANO,,www.arcaplanet.it,[in full dataset],Y,Ad Vermeer,[in full dataset],,21822.7,21822.7,Rotterdam,Gioia Tauro,MILANO,1,1,27.28,APL MEXICO CITY,IMO4669127,PA,V851,614,COSU,SWB,YMLU247651347,ONEY830816818,TGHU7269921,40HC,FLAT RACK,RF,FCL,CFS/CFS,DB Schenker,911.82
Export (NL seller),Oost Atlantic Lijn B.V.,38276800,382768,8,"Mixtures containing halogenated derivatives of methane, ethane or propane; containing other hydrofluorocarbons (HFCs) but not containing chlorofluorocarbons (CFCs) or hydrochlorofluorocarbons (HCFCs); other mixtures, not included in the subheadings above,",MARKS4097,Netherlands,Tunisia,Tunisia,8,2023,7,2023-07,2023-07-10,20230721,20230721,export,1,380924.27,1814.54,kg,KG,Oost Atlantic Lijn B.V.,[in full dataset],Pernis Rotterdam,,www.fastware.nl,[in full dataset],N,SOCIETE INTERNATIONAL BOURGUIBA CHEMICALS,[in full dataset],Ben Arous Ouest,,,,N,Oost Atlantic Lijn B.V.,[in full dataset],,12092,12092,Rotterdam,Main Container Port,Ben Arous Ouest,1,1,15.12,APL MEXICO CITY,IMO5498444,PA,V417,780,HMMU,SWB,MAEU746902009,EGLV739299224,CAIU6037703,45HC,DRY,GP,LCL,CY/CY,DSV,1609.27
Import (NL buyer),Spectacles-Man Holding B.V.,90069900,900699,9,"Photographic flashlight apparatus; parts and accessories, for other than cameras",MARKS7529,Indonesia,Netherlands,Netherlands,7,2019,12,2019-12,2019-12-12,20191227,20191227,export,1,1292864.6,41236.81,kg,KG,PT MY EVERYTHING INDONESIA,[in full dataset],Kota Administrasi Jakarta Barat,,,,Y,Spectacles-Man Holding B.V.,[in full dataset],Monnickendam,,www.spectaclesman.com,[in full dataset],Y,PT MY EVERYTHING INDONESIA,[in full dataset],,20636.6,20636.6,"Tanjung Perak, Surabaya",Rotterdam,Monnickendam,1,1,25.8,EVER GIVEN,IMO2927857,SG,V443,552,HMMU,SWB,EGLV574894129,MSCU568089821,GESU6586452,40HC,FLAT RACK,GP,FCL,CFS/CFS,DB Schenker,36386.46
Export (NL seller),CEDON MuseumShops GmbH,90259000,902590,6,"Hydrometers and similar floating instruments, barometers, hygrometers, psychrometers, thermometers, pyrometers; recording or not, any combination of these instruments, parts and accessories",MARKS5476,Netherlands,Egypt,Egypt,7,2019,12,2019-12,2019-12-10,20191227,20191227,export,1,9750984.37,271.54,kg,KG,CEDON MuseumShops GmbH,[in full dataset],Groningen,,www.cedon.de,[in full dataset],Y,FRESH ELECTRIC FOR HOME APPLIANCES COMPANY S.A.E,[in full dataset],Cairo,,,,Y,CEDON MuseumShops GmbH,[in full dataset],,15325.8,15325.8,Amsterdam,Sokhna,Cairo,1,1,19.16,ONE APUS,IMO7159152,PA,V879,650,HLCU,HBL,YMLU480342049,EGLV197653718,TCLU4895980,20GP,REEFER,GP,FCL,CY/CFS,CEVA Logistics,249.23
Import (NL buyer),Rollepaal Pipe Extrusion Technology B.V.,73053900,730539,7,"Iron or steel (excluding cast iron); tubes and pipes (other than line pipe or casing of a kind used for oil or gas pipelines), welded (not longitudinally welded), having circular cross-sections, external diameter exceeds 406.4mm, (not seamless)",MARKS7117,Cyprus,Netherlands,Netherlands,7,2021,3,2021-03,2021-03-07,20210327,20210327,import,1,75938.78,5450.35,kg,KG,ALUCON LIMITED,[in full dataset],Limassol,,www.alucon.com.cy,[in full dataset],Y,Rollepaal Pipe Extrusion Technology B.V.,[in full dataset],Dedemsvaart,,www.rollepaal.com,[in full dataset],Y,ALUCON LIMITED,[in full dataset],,3206.2,3206.2,Main Container Port,Amsterdam,Dedemsvaart,1,1,4.01,BARZAN,IMO5430384,MH,V117,925,ZIMU,MBL,ONEY804213498,HLCU450216205,CAIU4681870,40GP,REEFER,RF,LCL,CY/CY,Yusen Logistics,5155.48
Import (NL buyer),Tenaz Energy Netherlands Pipeline B.V.,27160000,271600,9,Electrical energy,MARKS9932,Austria,Netherlands,Netherlands,5,2025,10,2025-10,2025-10-06,20251020,20251020,import,1,270706.51,3826.05,kg,KG,OMV Downstream GmbH,[in full dataset],Wien,,www.avanti.at,[in full dataset],Y,Tenaz Energy Netherlands Pipeline B.V.,[in full dataset],Assen,,www.nam.nl,[in full dataset],Y,OMV Downstream GmbH,[in full dataset],,14886.3,14886.3,Main Container Port,Rotterdam,Assen,1,1,18.61,CMA CGM JULES VERNE,IMO3000202,LR,V916,250,YMLU,MBL,EGLV668101688,HLCU693598012,BMOU9075181,40GP,OPEN TOP,RF,LCL,CFS/CFS,Yusen Logistics,3508.38
Import (NL buyer),Dr. Fisher Farma B.V.,30049000,300490,9,"Medicaments; consisting of mixed or unmixed products n.e.c. in heading no. 3004, for therapeutic or prophylactic uses, packaged for retail sale",MARKS5737,Hungary,Netherlands,Netherlands,9,2015,6,2015-06,2015-06-11,20150624,20150624,import,1,3071516.54,12769.24,kg,KG,B. Braun Trading Kft.,[in full dataset],Budapest,,www.bbraun.hu,[in full dataset],Y,Dr. Fisher Farma B.V.,[in full dataset],Lelystad,,www.medcor.nl,[in full dataset],Y,B. Braun Trading Kft.,[in full dataset],,4785.6,4785.6,Budapest (inland),Rotterdam,Lelystad,1,1,5.98,HMM ALGECIRAS,IMO5392285,LR,V939,720,YMLU,HBL,ONEY887410501,COSU587022344,TCLU9737112,20GP,REEFER,RF,FCL,CY/CY,CEVA Logistics,11608.44
Import (NL buyer),Motoria SN B.V.,87149950,871499,9,"Cycles; parts thereof, n.e.c. in item no. 8714.9",MARKS2179,Greece,Netherlands,Netherlands,8,2024,1,2024-01,2024-01-21,20240107,20240107,import,1,1081556.15,35133.78,kg,KG,INTER CARS GREECE TRADING OF SPARE PARTS SINGLE MEMBER LIABILITY COMPANY,[in full dataset],Elliniko,,www.intercars.com.gr,[in full dataset],Y,Motoria SN B.V.,[in full dataset],Barneveld,,www.motoria.nl,[in full dataset],Y,INTER CARS GREECE TRADING OF SPARE PARTS SINGLE MEMBER LIABILITY COMPANY,[in full dataset],,22816.7,22816.7,Main Container Port,Rotterdam,Barneveld,1,1,28.52,HMM ALGECIRAS,IMO2110219,MH,V785,76,EGLV,HBL,EGLV425386454,CMDU580946788,CAIU9942627,45HC,DRY,GP,FCL,CY/CY,Kuehne + Nagel,33119.84
Export (NL seller),Eni Energy North Ganal B.V.,27101245,271012,9,"Petroleum oils and oils from bituminous minerals, not containing biodiesel, not crude, not waste oils; preparations n.e.c, containing by weight 70% or more of petroleum oils or oils from bituminous minerals; light oils and preparations",MARKS5824,Netherlands,Fiji,Fiji,9,2016,10,2016-10,2016-10-01,20161005,20161005,export,1,2250.41,2554.3,kg,KG,Eni Energy North Ganal B.V.,[in full dataset],'s-Gravenhage,,www.neptuneenergy.com,[in full dataset],Y,PACIFIC ENERGY SOUTH WEST PACIFIC LIMITED,,,,,,Y,Eni Energy North Ganal B.V.,,,8205.4,8205.4,Amsterdam,Main Container Port,,1,1,10.26,YM WARRANTY,IMO7436179,PA,V100,100,OOLU,MBL,CMDU596266085,ONEY240008645,TCLU5123513,45HC,DRY,RF,FCL,CY/CFS,CEVA Logistics,2250.41
Export (NL seller),Super Micro Computer B.V.,84482000,844820,9,Machines; parts and accessories of machines or auxiliary machinery of heading no. 8444,MARKS2141,Netherlands,Sierra Leone,Sierra Leone,9,2018,12,2018-12,2018-12-07,20181218,20181218,export,1,187822.39,14126.47,kg,KG,Super Micro Computer B.V.,[in full dataset],'s-Hertogenbosch,,www.supermicro.com,[in full dataset],Y,Ibrahana Car Center,[in full dataset],Freetown,,,,Y,Super Micro Computer B.V.,[in full dataset],,12452.9,12452.9,Rotterdam,Main Container Port,Freetown,1,1,15.57,APL MEXICO CITY,IMO9485581,LR,V547,314,APLU,MBL,COSU847769332,HLCU306284391,MSCU5682284,20GP,TANK,GP,LCL,CY/CFS,Bollore Logistics,12707.39
Import (NL buyer),Philips Medical Systems Nederland B.V.,90302000,903020,7,Oscilloscopes and oscillographs,MARKS3975,Nicaragua,Netherlands,Netherlands,7,2019,12,2019-12,2019-12-25,20191212,20191212,import,1,1150.24,1258.6,kg,KG,"Materiales y Servicios,SA",[in full dataset],Managua,,www.materialesyservicios.com,[in full dataset],Y,Philips Medical Systems Nederland B.V.,[in full dataset],Best,,www.philips.nl,[in full dataset],N,"Materiales y Servicios,SA",[in full dataset],,4918.7,4918.7,Main Container Port,Rotterdam,Best,1,1,6.15,EVER ACME,IMO4973548,LR,V849,562,OOLU,HBL,EGLV409339772,EGLV328116876,BMOU7635022,20GP,OPEN TOP,HC,FCL,CFS/CFS,DSV,1150.24
Import (NL buyer),ONE-Dyas Holdings B.V.,73061100,730611,5,"Steel; stainless; line pipe of a kind used for oil or gas pipelines n.e.c. in chapter 73, welded, (not seamless)",MARKS5768,Qatar,Netherlands,Netherlands,8,2021,3,2021-03,2021-03-11,20210323,20210323,import,1,75816.22,1165.53,kg,KG,AMAALCO CONSTRUCTION AND TRADING,[in full dataset],Ar Rayyan,,,,N,ONE-Dyas Holdings B.V.,[in full dataset],Amsterdam,,www.dyas.com,[in full dataset],Y,AMAALCO CONSTRUCTION AND TRADING,[in full dataset],,17353.2,17353.2,Main Container Port,Amsterdam,Amsterdam,1,1,21.69,YM WARRANTY,IMO9513388,PA,V179,561,YMLU,SWB,ONEY818848872,MAEU234160446,GESU6071573,20GP,DRY,GP,FCL,CFS/CFS,Expeditors,1064.76
Export (NL seller),WSG Energy Services Group B.V.,27021000,270210,7,"Lignite; whether or not pulverised, but not agglomerated, excluding jet",MARKS6471,Netherlands,Bulgaria,Bulgaria,9,2016,10,2016-10,2016-10-07,20161019,20161019,export,1,494029.85,2077.66,kg,KG,WSG Energy Services Group B.V.,[in full dataset],Emmen,,www.wsgenergyservices.com,[in full dataset],N,MARTIN ENERGY LTD EOOD,[in full dataset],Sofia,,,,Y,WSG Energy Services Group B.V.,[in full dataset],,24151.6,24151.6,Rotterdam,Main Container Port,Sofia,1,1,30.19,MSC OSCAR,IMO6862058,PA,V921,613,ZIMU,HBL,MSCU262352657,YMLU914424779,FCIU4056656,40HC,REEFER,HC,LCL,CFS/CFS,Yusen Logistics,1811.16
Export (NL seller),I.P. Bouw,90022000,900220,9,"Filters; mounted as parts or fittings for instruments or apparatus, of any material (excluding elements of glass not optically worked)",MARKS8798,Netherlands,Japan,Japan,6,2020,2,2020-02,2020-02-14,20200227,20200227,export,1,87293519.56,1088.16,kg,KG,I.P. Bouw,[in full dataset],Alkmaar,,,,Y,TOKUSHUKAI MEDICAL CORPORATION,[in full dataset],OSAKA,,www.tokushukai.or.jp/,[in full dataset],Y,I.P. Bouw,[in full dataset],,15699.2,15699.2,Rotterdam,Osaka,OSAKA,1,1,19.62,EVER GIVEN,IMO6639898,SG,V118,561,HLCU,MBL,EGLV338347594,COSU503183442,BMOU1597746,40HC,OPEN TOP,HC,FCL,CY/CY,CEVA Logistics,1025.3
Export (NL seller),Louwman MB B.V.,87150010,871500,6,Baby carriages and parts thereof,MARKS8140,Netherlands,Paraguay,Paraguay,9,2024,1,2024-01,2024-01-12,20240127,20240127,export,1,1924040.09,658.9,kg,KG,Louwman MB B.V.,[in full dataset],'s-Gravenhage,,www.louwman.nl,[in full dataset],Y,AUTOMOVIL SUPPLY S.A.,[in full dataset],Asunción,,www.supply.com.py,[in full dataset],Y,Louwman MB B.V.,[in full dataset],,12054.3,12054.3,Amsterdam,Main Container Port,Asunción,1,1,15.07,CMA CGM JULES VERNE,IMO2496044,PA,V539,32,CMDU,HBL,MSCU210642525,EGLV302744728,TCLU3796544,40HC,FLAT RACK,RF,LCL,CY/CFS,Sinotrans,612.22
Export (NL seller),Black Star Music Events B.V.,90066900,900669,9,Photographic flashlight apparatus; n.e.c. in heading no. 9006,MARKS8052,Netherlands,Turkiye,Turkiye,9,2020,2,2020-02,2020-02-12,20200226,20200226,export,1,37577920.08,1905.91,kg,KG,Black Star Music Events B.V.,[in full dataset],Hoensbroek,,,,Y,AC GLOBAL SU VE HIZLI TUKETIM URUNLERI DAGITIM PAZARLAMA SANAYI VE TICARET LIMITED SIRKETI,[in full dataset],Bursa,,www.acglobal.com.tr,[in full dataset],Y,Black Star Music Events B.V.,[in full dataset],,5947.4,5947.4,Rotterdam,Main Container Port,Bursa,1,1,7.43,MADRID MAERSK,IMO2782228,SG,V812,156,YMLU,SWB,MAEU937435474,YMLU904030580,FCIU4807808,40GP,FLAT RACK,HC,FCL,CFS/CFS,Sinotrans,1763.38
Export (NL seller),Catom Distribution B.V.,27112100,271121,5,"Petroleum gases and other gaseous hydrocarbons; in gaseous state, natural gas",MARKS9829,Netherlands,Cyprus,Cyprus,6,2016,10,2016-10,2016-10-24,20161012,20161012,export,1,371689.77,589.49,kg,KG,Catom Distribution B.V.,[in full dataset],Breda,,www.catompdm.nl,[in full dataset],Y,PETROLINA (HOLDINGS)  PUBLIC LIMITED,[in full dataset],Larnaca,,www.petrolina.com.cy,[in full dataset],Y,Catom Distribution B.V.,[in full dataset],,20668.9,20668.9,Amsterdam,Main Container Port,Larnaca,1,1,25.84,OOCL HONG KONG,IMO1989571,MH,V698,984,APLU,SWB,MAEU406556172,CMDU271518612,FCIU8755486,45HC,DRY,GP,FCL,CFS/CFS,Expeditors,518.15
Import (NL buyer),DO Dak & Zinkwerken,76052100,760521,6,"Aluminium; alloys, wire, maximum cross-sectional dimension exceeding 7mm",MARKS7224,Malaysia,Netherlands,Netherlands,9,2022,8,2022-08,2022-08-13,20220812,20220812,import,1,6271526.77,1601.45,kg,KG,WINSEN ALUMINIUM SDN BHD,[in full dataset],Johor Bahru,,,,Y,DO Dak & Zinkwerken,[in full dataset],Capelle aan den IJssel,,,,Y,WINSEN ALUMINIUM SDN BHD,[in full dataset],,11297.2,11297.2,Tanjung Pelepas,Rotterdam,Capelle aan den IJssel,1,1,14.12,CMA CGM JULES VERNE,IMO1734757,SG,V435,404,ONEY,SWB,YMLU316561066,ONEY865570977,CAIU3826583,45HC,TANK,RF,FCL,CFS/CFS,DSV,1481.92
Export (NL seller),Janwillem Bodegraven,90281000,902810,6,"Meters; gas, supply or production meters, including calibrating meters thereof",MARKS4910,Netherlands,Iran,Iran,5,2019,12,2019-12,2019-12-12,20191220,20191220,export,1,21837155.75,221.42,kg,KG,Janwillem Bodegraven,[in full dataset],Bodegraven,,,,Y,SEPEHR ELECTRIC HOME APPLIANCES MANUFACTURING COMPANY PJS,[in full dataset],Tehran,,www.sepehrelectric.com,[in full dataset],Y,Janwillem Bodegraven,[in full dataset],,11126.7,11126.7,Rotterdam,Bandar Abbas,Tehran,1,1,13.91,MSC OSCAR,IMO8655389,MH,V432,740,EGLV,HBL,EGLV237391092,EGLV799873482,CAIU8587744,45HC,TANK,HC,FCL,CFS/CFS,DB Schenker,200
Export (NL seller),Contour Group B.V.,73042300,730423,6,"Iron or steel (excluding cast iron or stainless steel); seamless, drill pipe, of a kind used in drilling for oil or gas",MARKS2019,Netherlands,South Africa,South Africa,6,2021,3,2021-03,2021-03-07,20210318,20210318,export,1,1517125.25,1367.36,kg,KG,Contour Group B.V.,[in full dataset],Winterswijk,,www.conteurs.net,[in full dataset],Y,M A N INVENTIONS CC,[in full dataset],ERMELO,,,,Y,Contour Group B.V.,[in full dataset],,15800.9,15800.9,Rotterdam,Cape Town,ERMELO,1,1,19.75,CSCL GLOBE,IMO2735953,SG,V352,71,OOLU,SWB,COSU258101842,EGLV726030804,TCLU3764014,40HC,REEFER,RF,FCL,CFS/CFS,Expeditors,1267.88
Import (NL buyer),Polybouw Aluminium II B.V.,76141000,761410,6,"Aluminium; stranded wire, cables, plaited bands and the like, (not electrically insulated), with steel core",MARKS4488,Hong Kong,Netherlands,Netherlands,9,2022,6,2022-06,2022-06-21,20220612,20220612,export,1,95711.04,1349.66,kg,KG,New Times Corporation Limited,[in full dataset],Central District,,www.newtimes-corp.com,[in full dataset],Y,Polybouw Aluminium II B.V.,[in full dataset],Rijssen,,www.polybouw.nl,[in full dataset],Y,New Times Corporation Limited,[in full dataset],,8713.6,8713.6,Hong Kong (Kwai Tsing),Rotterdam,Rijssen,1,1,10.89,COSCO UNIVERSE,IMO1225595,LR,V681,277,APLU,HBL,MAEU101960764,HLCU321252240,BMOU3309504,40HC,FLAT RACK,HC,FCL,CY/CY,DSV,1177.75
Import (NL buyer),Stratium Bio Energy B.V.,27141000,271410,9,Bituminous or oil shale and tar sands,MARKS7325,Portugal,Netherlands,Netherlands,5,2025,10,2025-10,2025-10-15,20251003,20251003,import,1,11205355.2,83809.73,kg,KG,"EMPOWERING ENERGY, LDA",[in full dataset],VELAS,,,,Y,Stratium Bio Energy B.V.,[in full dataset],Emmen,,,,Y,"EMPOWERING ENERGY, LDA",[in full dataset],,4512.8,4512.8,Main Container Port,Rotterdam,Emmen,1,1,5.64,BARZAN,IMO2521957,MH,V875,129,MSCU,MBL,COSU478282229,HLCU770159805,CAIU8842418,40HC,TANK,HC,LCL,CFS/CFS,Bollore Logistics,78266.07
Export (NL seller),Machinefabriek Bouman B.V.,73239900,732399,9,"Iron or steel; table, kitchen and other household articles and parts thereof, of iron or steel n.e.c. in heading no. 7323",MARKS6485,Netherlands,Azerbaijan,Azerbaijan,8,2021,3,2021-03,2021-03-03,20210316,20210316,export,1,281055.24,856.69,kg,KG,Machinefabriek Bouman B.V.,[in full dataset],Almelo,,www.bouman.nl,[in full dataset],N,Asnaf Industrial Company LLC,[in full dataset],Baku,,,,Y,Machinefabriek Bouman B.V.,[in full dataset],,13666.1,13666.1,Amsterdam,Main Container Port,Baku,1,1,17.08,MAERSK MOLLER,IMO5960935,MH,V698,342,YMLU,SWB,CMDU943634735,COSU226356016,GESU2356529,45HC,DRY,HC,FCL,CFS/CFS,Yusen Logistics,759.49
Import (NL buyer),Blue Peat Holding B.V.,27111400,271114,6,"Petroleum gases and other gaseous hydrocarbons; liquefied, ethylene, propylene, butylene and butadiene",MARKS6036,Georgia,Netherlands,Netherlands,8,2025,10,2025-10,2025-10-22,20251016,20251016,import,1,13035507.63,66796.03,kg,KG,"GEORGIAN OIL AND GAS CORPORATION, JSC",[in full dataset],Tbilisi,,www.gogc.ge,[in full dataset],Y,Blue Peat Holding B.V.,[in full dataset],Aalsmeer,,,,Y,"GEORGIAN OIL AND GAS CORPORATION, JSC",[in full dataset],,8473.2,8473.2,Main Container Port,Rotterdam,Aalsmeer,1,1,10.59,BARZAN,IMO4841453,SG,V668,859,EGLV,HBL,MSCU763007591,YMLU288520591,TCLU5444237,40GP,REEFER,GP,FCL,CFS/CFS,Expeditors,62524.09
Import (NL buyer),International Paint (Nederland) B.V.,32041200,320412,8,"Dyes; acid, whether or not premetallised and preparations based thereon, mordant dyes and preparations based thereon",MARKS6162,Lebanon,Netherlands,Netherlands,5,2026,1,2026-01,2026-01-22,20260108,20260108,import,1,1508.36,1701.67,kg,KG,ELIAS GABRIEL PAINTS,[in full dataset],Mazraat Yachoua,,,,Y,International Paint (Nederland) B.V.,[in full dataset],Barendrecht,,www.akzonobel.com,[in full dataset],N,ELIAS GABRIEL PAINTS,[in full dataset],,20089.1,20089.1,Main Container Port,Amsterdam,Barendrecht,1,1,25.11,BARZAN,IMO9396563,PA,V596,273,EGLV,SWB,MAEU545823975,CMDU872331768,FCIU3743517,45HC,OPEN TOP,GP,FCL,CFS/CFS,CEVA Logistics,1508.36
Import (NL buyer),Roval Aluminium B.V.,76121000,761210,9,"Aluminium; collapsible tubular containers, for any material, (not compressed or liquefied gas), 300l capacity or less, whether or not lined, not fitted with mechanical/thermal equipment",MARKS8455,Cameroon,Netherlands,Netherlands,8,2022,4,2022-04,2022-04-25,20220407,20220407,import,1,29327.43,3322.23,kg,KG,ALUMINIUM DE BASSA,[in full dataset],Douala,,www.groupealucam.com,[in full dataset],Y,Roval Aluminium B.V.,[in full dataset],Helmond,,www.roval.nl,[in full dataset],Y,ALUMINIUM DE BASSA,[in full dataset],,754.2,754.2,Main Container Port,Amsterdam,Helmond,1,1,0.94,COSCO UNIVERSE,IMO7165239,LR,V847,612,MSCU,HBL,COSU137181959,HLCU106167196,FCIU5510011,45HC,REEFER,GP,FCL,CY/CFS,DB Schenker,3099.13
Export (NL seller),Wooning Keukens B.V.,84212920,842129,6,"Machinery; for filtering or purifying liquids, n.e.c. in item no. 8421.2",MARKS6683,Netherlands,Anguilla,Anguilla,9,2018,12,2018-12,2018-12-17,20181221,20181221,export,1,282772.39,13148.95,kg,KG,Wooning Keukens B.V.,[in full dataset],Waalwijk,,www.wooning.org,[in full dataset],N,Apex Car Rental Limited,[in full dataset],THE VALLEY,,,,N,Wooning Keukens B.V.,[in full dataset],,1707,1707,Amsterdam,Main Container Port,THE VALLEY,1,1,2.13,MSC GULSUN,IMO9539968,MH,V267,70,YMLU,MBL,MSCU136967505,MSCU497469392,BMOU4474840,40GP,REEFER,RF,FCL,CFS/CFS,CEVA Logistics,11922.8
Export (NL seller),AlpInvest Partners Primary Fund Investments 2006 B.V.,87023010,870230,5,"Vehicles; public transport type (carries 10 or more persons, including driver), with both compression-ignition internal combustion piston engine (diesel or semi-diesel) and electric motor for propulsion, new or used",MARKS3160,Netherlands,Gibraltar,Gibraltar,5,2020,3,2020-03,2020-03-16,20200308,20200308,export,1,1296.63,1395.76,kg,KG,AlpInvest Partners Primary Fund Investments 2006 B.V.,[in full dataset],Amsterdam,,www.carlylealpinvest.com,[in full dataset],N,Eurasia Masters Ltd,[in full dataset],Gibraltar,,,,Y,AlpInvest Partners Primary Fund Investments 2006 B.V.,[in full dataset],,15044.4,15044.4,Rotterdam,Main Container Port,Gibraltar,1,1,18.81,CSCL GLOBE,IMO6632404,PA,V736,672,APLU,MBL,HLCU188625959,ONEY658653747,GESU4020933,45HC,TANK,GP,LCL,CY/CY,Yusen Logistics,1296.63
Export (NL seller),Looop Pig Farms B.V.,03078100,030781,6,"Molluscs; abalone (Haliotis spp.), whether in shell or not, live, fresh or chilled",MARKS7834,Netherlands,Liberia,Liberia,7,2017,1,2017-01,2017-01-24,20170125,20170125,export,1,50295.5,4585.81,kg,KG,Looop Pig Farms B.V.,[in full dataset],Beringe,,,,Y,FABRAR LIBERIA INCORPORATED,[in full dataset],Kakata State,,www.fabrar.com,[in full dataset],Y,Looop Pig Farms B.V.,[in full dataset],,16409.6,16409.6,Rotterdam,Main Container Port,Kakata State,1,1,20.51,MADRID MAERSK,IMO7172868,MH,V736,354,HLCU,SWB,COSU708882886,HLCU201498146,MSCU4427422,45HC,REEFER,GP,FCL,CFS/CFS,DB Schenker,4169.3
Export (NL seller),Center Parcs Germany Holding B.V.,87042299,870422,7,"Vehicles; with only compression-ignition internal combustion piston engine (diesel or semi-diesel), for transport of goods, (of a g.v.w. exceeding 5 tonnes but not exceeding 20 tonnes), n.e.c. in item no 8704.1",MARKS1942,Netherlands,Georgia,Georgia,6,2024,1,2024-01,2024-01-16,20240103,20240103,export,1,1703608.03,2262.27,kg,KG,Center Parcs Germany Holding B.V.,[in full dataset],Capelle aan den IJssel,,www.centerparcs.nl,[in full dataset],Y,"Premier Motors, LLC",[in full dataset],Tbilisi,,www.premiermotors.ge,[in full dataset],Y,Center Parcs Germany Holding B.V.,[in full dataset],,6889.1,6889.1,Amsterdam,Main Container Port,Tbilisi,1,1,8.61,MADRID MAERSK,IMO3638423,MH,V565,248,ONEY,MBL,HLCU311494777,MSCU130350042,CAIU7320139,20GP,DRY,HC,FCL,CY/CY,Bollore Logistics,2029.62
Export (NL seller),VOF Tweewielercentrum van der Post,90181200,901812,6,"Medical, surgical instruments and appliances; ultrasonic scanning apparatus",MARKS1234,Netherlands,United Kingdom,United Kingdom,9,2022,6,2022-06,2022-06-21,20220615,20220615,export,1,335837509.98,225.56,kg,KG,VOF Tweewielercentrum van der Post,[in full dataset],Hazerswoude Rijndijk,,,,Y,MIZUNO CORPORATION,[in full dataset],WOKINGHAM,,emea.mizuno.com,[in full dataset],Y,VOF Tweewielercentrum van der Post,[in full dataset],,16981.9,16981.9,Amsterdam,Southampton,WOKINGHAM,1,1,21.23,APL MEXICO CITY,IMO5636883,MH,V361,562,MSCU,HBL,YMLU381490678,ONEY126447927,FCIU6397495,40GP,FLAT RACK,GP,FCL,CY/CY,Sinotrans,200
Import (NL buyer),Filterspecialist Nijssen,90159000,901590,8,Surveying equipment; parts and accessories for articles of heading no. 9015,MARKS8338,Ireland,Netherlands,Netherlands,9,2020,2,2020-02,2020-02-13,20200213,20200213,export,1,312628782.05,30162,kg,KG,COOK MEDICAL EUROPE LIMITED,[in full dataset],LIMERICK,,www.cookmedical.eu,[in full dataset],N,Filterspecialist Nijssen,[in full dataset],Groningen,,,,Y,COOK MEDICAL EUROPE LIMITED,[in full dataset],,5993.7,5993.7,Cork,Amsterdam,Groningen,1,1,7.49,HMM ALGECIRAS,IMO6011256,MH,V135,405,YMLU,SWB,COSU799252041,ONEY729502875,CAIU5333451,40HC,REEFER,RF,FCL,CY/CY,Kuehne + Nagel,27457.74
Export (NL seller),First Eight B.V.,84283920,842839,5,"Elevators and conveyors; continuous-action, for goods or materials, n.e.c. in item no. 8428.20, 8428.31, 8428.32 or 8428.33",MARKS9984,Netherlands,Haiti,Haiti,8,2018,12,2018-12,2018-12-08,20181217,20181217,export,1,104847.44,17339.23,kg,KG,First Eight B.V.,[in full dataset],Utrecht,,www.conclusion.nl,[in full dataset],Y,Les Entreprises Deschamps-Frisch SA,[in full dataset],Petion-Ville,,,,Y,First Eight B.V.,[in full dataset],,18209.2,18209.2,Amsterdam,Main Container Port,Petion-Ville,1,1,22.76,MADRID MAERSK,IMO2585143,LR,V547,713,HLCU,HBL,ONEY830171694,HLCU299005484,BMOU8242208,40GP,TANK,HC,FCL,CY/CFS,CEVA Logistics,16248.19
Import (NL buyer),Jan Kuipers Nunspeet B.V.,73158100,731581,8,"Chain; stud-link chain, of iron or steel",MARKS2712,Qatar,Netherlands,Netherlands,7,2021,3,2021-03,2021-03-25,20210317,20210317,import,1,75816.22,15614.12,kg,KG,ALMANA TACA CONSTRUCTION CO,[in full dataset],Doha,,,,N,Jan Kuipers Nunspeet B.V.,[in full dataset],Nunspeet,,www.vconsyst.com,[in full dataset],Y,ALMANA TACA CONSTRUCTION CO,[in full dataset],,24093.1,24093.1,Main Container Port,Amsterdam,Nunspeet,1,1,30.12,MADRID MAERSK,IMO1063847,LR,V982,468,ZIMU,HBL,MAEU919817585,ONEY503740578,GESU4971491,20GP,REEFER,HC,FCL,CY/CY,Bollore Logistics,13814.31
Export (NL seller),Avint Commerce B.V.,90151000,901510,8,Rangefinders,MARKS8909,Netherlands,New Zealand,New Zealand,9,2020,2,2020-02,2020-02-24,20200210,20200210,export,1,9634755.07,867.85,kg,KG,Avint Commerce B.V.,[in full dataset],Delfgauw,,www.mirlux.de,[in full dataset],Y,TRADE ME GROUP LIMITED,[in full dataset],Wellington,,www.trademe.co.nz,[in full dataset],Y,Avint Commerce B.V.,[in full dataset],,24025.3,24025.3,Amsterdam,Auckland,Wellington,1,1,30.03,MADRID MAERSK,IMO3190585,MH,V405,158,HMMU,MBL,COSU598946785,COSU433386406,BMOU8416237,20GP,DRY,RF,LCL,CFS/CFS,DB Schenker,773.5
Import (NL buyer),MR Sports & AV,90302000,903020,9,Oscilloscopes and oscillographs,MARKS3466,Spain,Netherlands,Netherlands,5,2019,12,2019-12,2019-12-02,20191228,20191228,import,1,13993029.36,14526.88,kg,KG,JD SPAIN SPORTS FASHION 2010 SL.,[in full dataset],ALACANT/ALICANTE,,www.jdsports.es,[in full dataset],Y,MR Sports & AV,[in full dataset],Woudenberg,,,,Y,JD SPAIN SPORTS FASHION 2010 SL.,[in full dataset],,24230.1,24230.1,Bilbao,Amsterdam,Woudenberg,1,1,30.29,EVER GIVEN,IMO3322040,MH,V292,554,HMMU,MBL,CMDU280246180,EGLV284721159,BMOU1481390,20GP,DRY,HC,FCL,CFS/CFS,Kuehne + Nagel,13372.42
Export (NL seller),Hengeveld Bike Center B.V.,90011090,900110,8,"Optical fibres, optical fibre bundles and cables; excluding those of heading no. 8544",MARKS9564,Netherlands,Vietnam,Vietnam,9,2019,12,2019-12,2019-12-09,20191221,20191221,export,1,8751372.89,547.31,kg,KG,Hengeveld Bike Center B.V.,[in full dataset],Aalten,,www.hengeveldbikecenter.nl,[in full dataset],Y,VIET NHAT INVESTMENT AND GARMENT EXPORT LIMITED LIABILITY COMPANY,[in full dataset],"Quang Yen Township,",,ocopinves.vn,[in full dataset],N,Hengeveld Bike Center B.V.,[in full dataset],,1837.6,1837.6,Rotterdam,Hai Phong,"Quang Yen Township,",1,1,2.3,CMA CGM JULES VERNE,IMO4347110,LR,V135,25,YMLU,MBL,HLCU980187781,YMLU682923780,FCIU8657021,40GP,REEFER,RF,FCL,CFS/CFS,Sinotrans,488.99
Export (NL seller),Merrem & La Porte B.V.,73110013,731100,7,"Containers for compressed or liquefied gas, of iron or steel",MARKS8407,Netherlands,Cyprus,Cyprus,7,2021,3,2021-03,2021-03-24,20210311,20210311,export,1,393004.23,1422.6,kg,KG,Merrem & La Porte B.V.,[in full dataset],Zaltbommel,,www.merrem.nl,[in full dataset],N,NORECOM LIMITED,[in full dataset],Limassol,,www.norecom.com,[in full dataset],Y,Merrem & La Porte B.V.,[in full dataset],,1064.8,1064.8,Rotterdam,Main Container Port,Limassol,1,1,1.33,MSC OSCAR,IMO9304342,LR,V287,3,ZIMU,HBL,COSU271280549,HLCU625266685,TCLU7856616,45HC,DRY,RF,FCL,CY/CY,Nippon Express,1322.55
Export (NL seller),Metals & Residues International B.V.,27101225,271012,9,"Petroleum oils and oils from bituminous minerals, not containing biodiesel, not crude, not waste oils; preparations n.e.c, containing by weight 70% or more of petroleum oils or oils from bituminous minerals; light oils and preparations",MARKS5138,Netherlands,Morocco,Morocco,8,2025,10,2025-10,2025-10-04,20251010,20251010,export,1,7042685.35,280.26,kg,KG,Metals & Residues International B.V.,[in full dataset],Zeewolde,,www.metals-residues.com,[in full dataset],Y,VIVO ENERGY MAROC,[in full dataset],CASABLANCA,,www.shell.com,[in full dataset],Y,Metals & Residues International B.V.,[in full dataset],,18752.6,18752.6,Rotterdam,Casablanca,CASABLANCA,1,1,23.44,BARZAN,IMO7988022,PA,V123,498,HLCU,SWB,YMLU130147566,COSU188671286,FCIU7077086,40HC,OPEN TOP,GP,FCL,CFS/CFS,Nippon Express,265.67
Export (NL seller),WP-Koi and Pond Supplies,90022000,900220,5,"Filters; mounted as parts or fittings for instruments or apparatus, of any material (excluding elements of glass not optically worked)",MARKS3682,Netherlands,China,China,9,2022,6,2022-06,2022-06-12,20220604,20220604,export,1,198469251.7,224.25,kg,KG,WP-Koi and Pond Supplies,[in full dataset],Made,,,,Y,"Chuzhou Hanshang Electrical Appliances Co., Ltd.",[in full dataset],Chuzhou,,,,Y,WP-Koi and Pond Supplies,[in full dataset],,4871.3,4871.3,Amsterdam,Dalian,Chuzhou,1,1,6.09,OOCL HONG KONG,IMO1847400,LR,V967,884,MAEU,SWB,YMLU683635475,EGLV216813220,CAIU5184521,20GP,DRY,GP,FCL,CY/CY,Nippon Express,200
Import (NL buyer),Van Gulik Dental Instruments,90183190,901831,7,"Medical, surgical instruments and appliances; syringes, with or without needles",MARKS5934,Germany,Netherlands,Netherlands,9,2020,2,2020-02,2020-02-03,20200204,20200204,import,1,244719489.95,139688.99,kg,KG,zooplus SE,[in full dataset],München,,www.zooplus.de,[in full dataset],Y,Van Gulik Dental Instruments,[in full dataset],Sprang-Capelle,,,,Y,zooplus SE,[in full dataset],,9097.2,9097.2,Bremerhaven,Amsterdam,Sprang-Capelle,1,1,11.37,YM WARRANTY,IMO3675035,SG,V271,948,HMMU,HBL,EGLV863366298,EGLV268451353,TGHU9767956,40HC,FLAT RACK,RF,FCL,CY/CFS,DHL Global Forwarding,122660.38
Export (NL seller),B.V. Scheepswerven Nicolaas Witsen,90022000,900220,5,"Filters; mounted as parts or fittings for instruments or apparatus, of any material (excluding elements of glass not optically worked)",MARKS8497,Netherlands,Hong Kong,Hong Kong,8,2019,12,2019-12,2019-12-05,20191203,20191203,import,1,22043524.39,1784.8,kg,KG,B.V. Scheepswerven Nicolaas Witsen,[in full dataset],Alkmaar,,www.nicolaaswitsen.nl,[in full dataset],N,"HUITONGDA NETWORK CO., LTD.",[in full dataset],Wan Chai,,www.htd.cn,[in full dataset],Y,B.V. Scheepswerven Nicolaas Witsen,[in full dataset],,4036.7,4036.7,Rotterdam,Hong Kong (Kwai Tsing),Wan Chai,1,1,5.05,ONE APUS,IMO9311826,SG,V262,286,CMDU,MBL,HLCU509414148,HLCU923331269,MSCU5537547,40GP,FLAT RACK,HC,LCL,CFS/CFS,Kuehne + Nagel,1584.31
Import (NL buyer),Kuster H2 Energy B.V.,27073000,270730,7,Oils and products of the distillation of high temperature coal tar; xylol (xylenes),MARKS1363,Hungary,Netherlands,Netherlands,8,2016,10,2016-10,2016-10-14,20161012,20161012,export,1,840907,26437.77,kg,KG,Premier Energy Wind 158 Kft.,[in full dataset],Budapest,,,,N,Kuster H2 Energy B.V.,[in full dataset],Babberich,,www.kusterenergy.com,[in full dataset],Y,Premier Energy Wind 158 Kft.,[in full dataset],,14169.4,14169.4,Budapest (inland),Amsterdam,Babberich,1,1,17.71,YM WARRANTY,IMO2585938,SG,V677,382,ONEY,MBL,MSCU574224921,HLCU579230304,MSCU7467958,40GP,TANK,HC,FCL,CY/CFS,DHL Global Forwarding,24824.61
Export (NL seller),Anglo International Mining B.V.,27121090,271210,8,Petroleum jelly,MARKS1502,Netherlands,Spain,Spain,5,2025,10,2025-10,2025-10-10,20251007,20251007,export,1,78814283.42,288.86,kg,KG,Anglo International Mining B.V.,[in full dataset],Rotterdam,,,,Y,MOEVE SA.,[in full dataset],MADRID,,www.cepsa.es,[in full dataset],Y,Anglo International Mining B.V.,[in full dataset],,7082.2,7082.2,Amsterdam,Valencia,MADRID,1,1,8.85,MAERSK MOLLER,IMO2308170,SG,V237,323,APLU,MBL,MAEU612484833,COSU721291608,TGHU7033651,40HC,DRY,GP,FCL,CY/CFS,Yusen Logistics,265.54
Import (NL buyer),HJ Automotive Online,90031900,900319,6,"Frames and mountings; for spectacles, goggles or the like, of materials other than plastics",MARKS8855,Israel,Netherlands,Netherlands,7,2022,6,2022-06,2022-06-12,20220624,20220624,import,1,21241733.08,7862.91,kg,KG,A.R.P Manufacturing and Marketing - Water Meters Ltd.,[in full dataset],KIRYAT TIVON,,,,Y,HJ Automotive Online,[in full dataset],Oranjewoud,,,,Y,A.R.P Manufacturing and Marketing - Water Meters Ltd.,[in full dataset],,5250.2,5250.2,Ashdod,Amsterdam,Oranjewoud,1,1,6.56,MSC OSCAR,IMO4971693,SG,V945,623,MSCU,SWB,COSU935343382,EGLV299625674,GESU8218019,45HC,TANK,RF,FCL,CFS/CFS,DSV,7108.83
Import (NL buyer),Shell Chemicals Europe B.V.,38063000,380630,5,Ester gums,MARKS6234,Malta,Netherlands,Netherlands,7,2023,7,2023-07,2023-07-09,20230725,20230725,import,1,1998.21,2296.32,kg,KG,TRAFIGURA NAT GAS LIMITED,[in full dataset],Marsa,,,,N,Shell Chemicals Europe B.V.,[in full dataset],Rotterdam,,www.shell.com,[in full dataset],Y,TRAFIGURA NAT GAS LIMITED,[in full dataset],,14922.7,14922.7,Main Container Port,Amsterdam,Rotterdam,1,1,18.65,OOCL HONG KONG,IMO9976200,MH,V878,975,HMMU,SWB,ONEY787836081,COSU466574765,GESU1626383,40HC,REEFER,GP,FCL,CFS/CFS,Bollore Logistics,1998.21
Import (NL buyer),Prime Pitch Dragon B.V.,27111900,271119,6,"Petroleum gases and other gaseous hydrocarbons; liquefied, n.e.c. in heading no. 2711",MARKS1004,Ivory Coast,Netherlands,Netherlands,8,2025,10,2025-10,2025-10-22,20251012,20251012,import,1,9993117.31,11869.04,kg,KG,VIVO ENERGY COTE D'IVOIRE S.A,[in full dataset],Abidjan,,www.vivoenergy.com,[in full dataset],Y,Prime Pitch Dragon B.V.,[in full dataset],Amersfoort,,,,Y,VIVO ENERGY COTE D'IVOIRE S.A,[in full dataset],,7927.6,7927.6,Main Container Port,Amsterdam,Amersfoort,1,1,9.91,CMA CGM JULES VERNE,IMO3981381,MH,V782,954,CMDU,MBL,EGLV203066262,MSCU312820826,GESU9143651,40GP,FLAT RACK,RF,LCL,CFS/CFS,CEVA Logistics,10444.96
Import (NL buyer),Eastman Chemical B.V.,38089210,380892,7,Fungicides; other than containing goods specified in Subheading Note 1 to this Chapter; put up in forms or packings for retail sale or as preparations or articles,MARKS3873,Iceland,Netherlands,Netherlands,9,2023,7,2023-07,2023-07-21,20230717,20230717,import,1,121680.49,6731.8,kg,KG,H.Filipsson sf,[in full dataset],Gardabae,,,,Y,Eastman Chemical B.V.,[in full dataset],Rotterdam,,www.eastman.com,[in full dataset],Y,H.Filipsson sf,[in full dataset],,22206.8,22206.8,Main Container Port,Rotterdam,Rotterdam,1,1,27.76,CMA CGM JULES VERNE,IMO7542204,LR,V941,437,EGLV,MBL,EGLV999246174,COSU140460192,TGHU5838814,40HC,DRY,HC,LCL,CY/CY,Nippon Express,6055.64
Export (NL seller),TW-Lite Tennis Rackets and Collectibles,90058000,900580,8,"Monoculars; other optical telescopes and astronomical instruments, excluding instruments for radio-astronomy",MARKS7755,Netherlands,China,China,8,2022,6,2022-06,2022-06-10,20220620,20220620,import,1,97175532,227.23,kg,KG,TW-Lite Tennis Rackets and Collectibles,[in full dataset],Amsterdam,,,,Y,"Hisense Home Appliances Group Co.,Ltd.",[in full dataset],Foshan,,hxjd.hisense.cn,[in full dataset],Y,TW-Lite Tennis Rackets and Collectibles,[in full dataset],,17428.4,17428.4,Amsterdam,Dalian,Foshan,1,1,21.79,YM WARRANTY,IMO9435556,SG,V578,311,OOLU,HBL,YMLU763403055,EGLV239972223,TCLU3045596,40GP,OPEN TOP,GP,FCL,CY/CY,Kuehne + Nagel,200
Import (NL buyer),Garage Verbrugge B.V.,87099000,870990,7,Vehicles; parts of the vehicles of heading no. 8709,MARKS9790,Greece,Netherlands,Netherlands,7,2024,1,2024-01,2024-01-09,20240108,20240108,import,1,1081556.15,52351.98,kg,KG,FORD MOTOR ELLAS SOLE SHAREHOLDER CO. S.A.I.C.,[in full dataset],Metamorfosi Attikis,,www.ford.gr,[in full dataset],Y,Garage Verbrugge B.V.,[in full dataset],Terneuzen,,www.garageverbrugge.nl,[in full dataset],Y,FORD MOTOR ELLAS SOLE SHAREHOLDER CO. S.A.I.C.,[in full dataset],,20941,20941,Main Container Port,Rotterdam,Terneuzen,1,1,26.18,MAERSK MOLLER,IMO1469214,SG,V937,104,COSU,HBL,MAEU871405643,MAEU210749971,FCIU5594456,40GP,TANK,RF,FCL,CY/CFS,Yusen Logistics,49050.4
Export (NL seller),De Zwaluw Agro B.V.,03048941,030489,5,"Fish fillets; frozen, of fish n.e.c. in heading 0304.8",MARKS5470,Netherlands,Sudan,Sudan,9,2017,6,2017-06,2017-06-02,20170607,20170607,export,1,5526.91,6303.72,kg,KG,De Zwaluw Agro B.V.,[in full dataset],Kesteren,,www.jgtimmer.nl,[in full dataset],Y,AFRICAN PLANTATION COMPANY (SUDAN) LTD,[in full dataset],Khartoum,,www.mahgoubsons.com,[in full dataset],Y,De Zwaluw Agro B.V.,[in full dataset],,19012,19012,Amsterdam,Main Container Port,Khartoum,1,1,23.76,ONE APUS,IMO1824938,PA,V781,532,ONEY,SWB,MSCU393774394,ONEY690523222,TGHU8578402,40HC,TANK,RF,LCL,CFS/CFS,Sinotrans,5526.91
Export (NL seller),Ingka Holding Overseas B.V.,87089435,870894,6,"Vehicle parts; steering wheels, steering columns and steering boxes; parts thereof",MARKS2762,Netherlands,Andorra,Andorra,8,2020,3,2020-03,2020-03-23,20200302,20200302,export,1,9329.77,10126.77,kg,KG,Ingka Holding Overseas B.V.,[in full dataset],Leiden,,,,Y,KARS SL,[in full dataset],ANDORRA LA VELLA,,www.kars.ad,[in full dataset],N,Ingka Holding Overseas B.V.,[in full dataset],,2030.2,2030.2,Amsterdam,Main Container Port,ANDORRA LA VELLA,1,1,2.54,ONE APUS,IMO8315995,SG,V540,294,HLCU,SWB,HLCU155293728,MSCU373402665,BMOU1369240,20GP,DRY,HC,LCL,CY/CY,DSV,9329.77
Export (NL seller),Smit Industrial Heat Treatment B.V.,32019090,320190,7,"Tanning extracts of vegetable origin; tannins and their salts, ethers, esters and other derivatives, (excluding quebracho or wattle extract)",MARKS2886,Netherlands,Iceland,Iceland,9,2026,1,2026-01,2026-01-15,20260103,20260103,export,1,239693.65,798.78,kg,KG,Smit Industrial Heat Treatment B.V.,[in full dataset],Katwijk NB,,www.smit-ht.com,[in full dataset],Y,BG Malaraverktakar ehf,[in full dataset],Reykjanesbae,,,,Y,Smit Industrial Heat Treatment B.V.,[in full dataset],,8020.3,8020.3,Rotterdam,Main Container Port,Reykjanesbae,1,1,10.03,CMA CGM JULES VERNE,IMO8439941,MH,V961,792,MAEU,SWB,MSCU512770137,ONEY136852537,TGHU3504393,45HC,DRY,GP,LCL,CY/CFS,Yusen Logistics,718.33
Import (NL buyer),Reynaers Aluminium B.V.,76129080,761290,5,"Aluminium; casks, drums, cans, boxes and the like for any material (not compressed or liquefied gas), 300l capacity or less, whether or not lined or heat-insulated, no mechanical or thermal equipment",MARKS1414,Ukraine,Netherlands,Netherlands,9,2022,12,2022-12,2022-12-12,20221227,20221227,import,1,59260.27,37429.83,kg,KG,PAR TOV,[in full dataset],Kyiv,,,,N,Reynaers Aluminium B.V.,[in full dataset],Helmond,,www.reynaers.nl,[in full dataset],Y,PAR TOV,[in full dataset],,11861.4,11861.4,Main Container Port,Rotterdam,Helmond,1,1,14.83,EVER ACME,IMO9314836,MH,V171,791,HLCU,HBL,EGLV521808345,MAEU878374551,FCIU7960758,40GP,OPEN TOP,RF,LCL,CY/CFS,Bollore Logistics,34277.59
Export (NL seller),Urk Visexport Combinatie (U.V.E.C.) B.V.,03029100,030291,6,"Fish; fresh or chilled, livers, roes and milt",MARKS3527,Netherlands,South Africa,South Africa,5,2017,9,2017-09,2017-09-08,20170921,20170921,export,1,39527.51,5843.06,kg,KG,Urk Visexport Combinatie (U.V.E.C.) B.V.,[in full dataset],Urk,,www.uvec.nl,[in full dataset],Y,DREW MEAT AND FISH WHOLESALE CC,[in full dataset],KEMPTON PARK,,,,Y,Urk Visexport Combinatie (U.V.E.C.) B.V.,[in full dataset],,18204.4,18204.4,Rotterdam,Port Elizabeth,KEMPTON PARK,1,1,22.76,EVER ACME,IMO5279990,MH,V426,840,COSU,MBL,YMLU725379578,EGLV361657508,BMOU8118658,20GP,TANK,HC,FCL,CFS/CFS,DHL Global Forwarding,5488.76
Export (NL seller),VK Sports,90065900,900659,9,"Cameras, photographic (excluding cinematographic); n.e.c. in heading no 9006",MARKS9479,Netherlands,Italy,Italy,7,2022,6,2022-06,2022-06-13,20220606,20220606,export,1,225843985.74,539.94,kg,KG,VK Sports,[in full dataset],Harderwijk,,,,N,TECHNOGYM SPA,[in full dataset],CESENA,,www.technogym.com,[in full dataset],Y,VK Sports,[in full dataset],,17405.3,17405.3,Amsterdam,La Spezia,CESENA,1,1,21.76,MOL TRIUMPH,IMO2400087,PA,V360,462,CMDU,MBL,MSCU990571877,COSU658202118,TGHU9891873,40GP,DRY,HC,FCL,CY/CY,Nippon Express,495.86
Import (NL buyer),Oxbow Energy Solutions B.V.,27129091,271290,9,"Paraffin wax; containing by weight 0.75% or more of oil, obtained by synthesis or by other processes, whether or not coloured",MARKS9988,Switzerland,Netherlands,Netherlands,9,2025,10,2025-10,2025-10-16,20251022,20251022,import,1,1001675.85,6057.89,kg,KG,Naftogaz Trading Europe AG,[in full dataset],Zug,,www.naftogaz.com,[in full dataset],Y,Oxbow Energy Solutions B.V.,[in full dataset],Rotterdam,,www.oxbow.com,[in full dataset],Y,Naftogaz Trading Europe AG,[in full dataset],,10479.7,10479.7,Zurich (air),Amsterdam,Rotterdam,1,1,13.1,APL MEXICO CITY,IMO2865693,PA,V426,37,YMLU,MBL,COSU280284554,YMLU588198032,BMOU6456958,40GP,TANK,HC,FCL,CFS/CFS,CEVA Logistics,5708.92
