nigeria_cet10,declaration_no,declaration_date,clearance_date,flow,customs_regime,entry_type,hs_code,product_description,country_of_origin,country_of_export,country_of_destination,exporter_name,exporter_tax_id,exporter_address,exporter_city,exporter_country,exporter_contact,importer_name,importer_tax_id,importer_address,importer_city,importer_country,importer_contact,mode_of_transport,customs_house,port_of_clearance,year,month,period,quantity,unit_of_measure,net_weight_kg,gross_weight_kg,customs_value_usd,cif_value_usd,fob_value_usd,freight_usd,insurance_usd,unit_price_usd,currency,exchange_rate,incoterms,duty_rate_pct,duty_amount_usd,vat_tax_usd,total_tax_usd,customs_broker,declarant_ref,package_count,package_type,marks_numbers,lane_value_usd,nigeria_role
1302200000,CD201507000000023728,2015-07-16,2015-07-01,export,40,Warehouse,130220,Pectic substances; pectinates and pectates,United Kingdom,United Kingdom,Nigeria,CHAUMET (LONDON) LIMITED,[in full dataset],[in full dataset],LONDON,United Kingdom,[in full dataset],DARUL-MUQINEEN ARABIC AND ISLAMIC CENTRE,[in full dataset],[in full dataset],Isheri,Nigeria,,SEA,Main Container Port,Main Container Port,2015,7,2015-07,24814.7,KG,24814.7,28252.8,10300.95,10300.95,9799.86,475.67,25.42,0.39,CNY,120.4634,FCA,5.9,607.76,0,607.76,DSV Customs,REF2793712,335,CARTONS,PKG52451,742006.77,Nigeria importer (import)
1302310000,CD201511000000007932,2015-11-11,2015-11-20,import,42,Consumption,130231,"Mucilages and thickeners; agar-agar, whether or not modified, derived from vegetable products",Nigeria,Nigeria,Germany,NURUL IMAN ARABIC & ISLAMIC ACADEMY LTD,[in full dataset],[in full dataset],Zaria,Nigeria,,Natural Gums Dr. W. Agster GmbH,[in full dataset],[in full dataset],Reutlingen,Germany,[in full dataset],SEA,Hamburg,Wilhelmshaven,2015,11,2015-11,7886.6,KG,7886.6,8377.7,32995.04,32995.04,30339.78,2477.06,178.2,3.85,JPY,106.0129,DDP,6.1,2012.7,1750.39,3763.09,Kuehne+Nagel Brokerage,REF2008014,89,ROLLS,PKG55157,207267.07,Nigeria exporter (export)
1512110000,CD201607000000361415,2016-07-17,2016-07-23,import,40,Temporary,151211,"Vegetable oils; sunflower seed or safflower oil and their fractions, crude, not chemically modified",Nigeria,Nigeria,Germany,INTERNATIONAL FRACTIONATION AND MARGARINE PRODUCTS LTD,[in full dataset],[in full dataset],Lagos,Nigeria,,Tallow GmbH,[in full dataset],[in full dataset],Gerlingen,Germany,,ROAD,Wilhelmshaven,Bremerhaven,2016,7,2016-07,23000.4,KG,23000.4,25843.9,1835.88,1835.88,1677.78,144.9,13.2,0.07,USD,1,DDP,4.3,78.94,287.22,366.16,DB Schenker Customs,REF8275540,385,PALLETS,PKG36172,2543876.47,Nigeria exporter (export)
2922421000,CD202304000000161941,2023-04-23,2023-04-03,export,40,Consumption,292242,"Amino-acids, other than those containing more than one kind of oxygen function, and their esters; glutamic acid and its esters; salts thereof",China,China,Nigeria,"Qilu Antibiotics Pharmaceutical Co., Ltd.",[in full dataset],[in full dataset],Jinan,China,[in full dataset],BILE ACIDS NIGERIA LTD,[in full dataset],[in full dataset],Suleja,Nigeria,,RAIL,Main Container Port,Main Container Port,2023,4,2023-04,7546.4,KG,7546.4,7809.2,6394.27,6394.27,5895.13,487.22,11.92,0.78,USD,1,FCA,6.4,409.23,0,409.23,Kuehne+Nagel Brokerage,REF6102608,292,PALLETS,PKG92751,18274065,Nigeria importer (import)
2620190000,CD202109000000333851,2021-09-08,2021-09-18,import,51,Warehouse,262019,"Slag, ash and residues; (not from the manufacture of iron or steel), containing mainly zinc, other than hard zinc spelter",Nigeria,Nigeria,China,PANALPINA WORLD TRANSPORT (NIGERIA) LTD,[in full dataset],[in full dataset],Lagos,Nigeria,[in full dataset],"Shanghai Kaishiyi Trading Co., Ltd.",[in full dataset],[in full dataset],Shanghai,China,,SEA,Shanghai,Shanghai,2021,9,2021-09,21247.9,KG,21247.9,22754.2,28294.68,28294.68,27414.52,666.05,214.11,1.29,USD,1,EXW,3.2,905.43,5256.02,6161.45,CEVA Customs,REF5777647,199,BULK,PKG53043,20610188,Nigeria exporter (export)
2613900000,CD201912000000183646,2019-12-10,2019-12-22,import,51,Warehouse,261390,Molybdenum ores and concentrates; other than roasted,Nigeria,Nigeria,China,RINA CTSI NIGERIA LIMITED,[in full dataset],[in full dataset],Lagos,Nigeria,[in full dataset],"5i5j Holding Group Co., Ltd",[in full dataset],[in full dataset],Beijing,China,[in full dataset],SEA,Dalian,Shenzhen,2019,12,2019-12,9250.6,KG,9250.6,10471,5885.35,5885.35,5713.34,163.45,8.56,0.62,USD,1,EXW,3.7,217.76,732.37,950.13,CEVA Customs,REF1381100,54,BALES,PKG84917,9075130,Nigeria exporter (export)
2601120000,CD202412000000864554,2024-12-14,2024-12-20,import,42,Warehouse,260112,Iron ores and concentrates; agglomerated (excluding roasted iron pyrites),Nigeria,Nigeria,China,TRANSNATIONAL CORPORATION PLC,[in full dataset],[in full dataset],Lagos,Nigeria,[in full dataset],"Yalan Home Textile Shenzhen Co.,Ltd. Cuizhu Wanjia Outlet",[in full dataset],[in full dataset],Shenzhen,China,,AIR,Dalian,Yingkou,2024,12,2024-12,4134.4,KG,4134.4,4701.9,2019.64,2019.64,1837.93,179.79,1.92,0.44,CNY,67.8804,EXW,6.1,123.2,107.14,230.34,Flexport Customs,REF8610048,274,DRUMS,PKG36846,70218400,Nigeria exporter (export)
8530800000,CD201705000001279156,2017-05-21,2017-05-26,export,40,Temporary,853080,"Signalling, safety or traffic control equipment; for roads, inland waterways, parking facilities, port installations or airfields (excluding those of heading no. 8608)",China,China,Nigeria,"Digital China Group Co.,Ltd.",[in full dataset],[in full dataset],Beijing,China,[in full dataset],ASHAKA SECURITY CO. LTD,[in full dataset],[in full dataset],Lagos,Nigeria,[in full dataset],SEA,Main Container Port,Main Container Port,2017,5,2017-05,16032.2,KG,16032.2,16853,50941.88,50941.88,48214.44,2530.95,196.49,3.01,GBP,89.3523,EXW,2.7,1375.43,6278.08,7653.51,CEVA Customs,REF6689218,355,DRUMS,PKG93329,130976781,Nigeria importer (import)
1302190000,CD201507000000010293,2015-07-12,2015-07-18,import,10,Temporary,130219,Vegetable saps and extracts; n.e.c. in item no. 1302.1,Nigeria,Nigeria,Germany,DAARUL-HADEETH SCHOOL OF ARABIC/ISLAMIYYA STUDIES LTD,[in full dataset],[in full dataset],Gbagi,Nigeria,,Natural Gums Dr. W. Agster GmbH,[in full dataset],[in full dataset],Reutlingen,Germany,[in full dataset],ROAD,Hamburg,Hamburg,2015,7,2015-07,4305.8,KG,4305.8,4699.5,1663.01,1663.01,1604.09,52.13,6.79,0.37,GBP,124.0554,CPT,6.4,106.43,0,106.43,DB Schenker Customs,REF6208358,48,BAGS,PKG33791,274420.57,Nigeria exporter (export)
0409000000,CD202602000000102313,2026-02-14,2026-02-22,export,40,Temporary,040900,Honey; natural,Germany,Germany,Nigeria,Milchwerke Schwaben eG,[in full dataset],[in full dataset],Ulm,Germany,,FRIESLANDCAMPINA WAMCO NIGERIA PLC,[in full dataset],[in full dataset],Ikeja,Nigeria,[in full dataset],ROAD,Main Container Port,Main Container Port,2026,2,2026-02,13546.5,KG,13546.5,15005.7,3406.43,3406.43,3172.97,217.49,15.97,0.23,EUR,37.0093,CPT,22.4,763.04,208.47,971.51,Expeditors Customs,REF4723370,230,BULK,PKG36214,3170764.82,Nigeria importer (import)
7315191000,CD202505000000121548,2025-05-19,2025-05-01,export,70,Warehouse,731519,"Chain; articulated link parts, of iron or steel",United States,United States,Nigeria,Amrize ACM Inc.,[in full dataset],[in full dataset],Chicago,United States,[in full dataset],ENAMELWARE FACTORY LIMITED,[in full dataset],,,Nigeria,,SEA,Main Container Port,Main Container Port,2025,5,2025-05,11584.5,KG,11584.5,13072.4,4451.07,4451.07,4165.58,271.04,14.45,0.36,INR,88.0401,CIF,6.4,284.87,473.59,758.46,DSV Customs,REF5187439,350,PALLETS,PKG48881,5306681,Nigeria importer (import)
2711130000,CD201712000000629679,2017-12-09,2017-12-23,import,10,Transit,271113,"Petroleum gases and other gaseous hydrocarbons; liquefied, butanes",Nigeria,Nigeria,Thailand,NIGERIAN NATIONAL PETROLEUM COMPANY LIMITED,[in full dataset],[in full dataset],Abuja,Nigeria,[in full dataset],PTT PUBLIC COMPANY LIMITED,[in full dataset],[in full dataset],CHATUCHAK,Thailand,[in full dataset],AIR,Bangkok,Bangkok,2017,12,2017-12,13942.7,KG,13942.7,14501.4,39309.37,39309.37,35692.07,3406.24,211.06,2.56,USD,1,EXW,4.1,1611.68,4910.53,6522.21,DSV Customs,REF5775111,297,BALES,PKG65277,66380648.53,Nigeria exporter (export)
2601119000,CD202604000000000383,2026-04-27,2026-04-09,import,42,Temporary,260111,Iron ores and concentrates; non-agglomerated,Nigeria,Nigeria,Brazil,MARCONI.NG EPC LIMITED,[in full dataset],[in full dataset],Port Harcourt,Nigeria,[in full dataset],DIA BRASIL SOCIEDADE LIMITADA EM RECUPERACAO JUDICIAL,[in full dataset],[in full dataset],SAO PAULO,Brazil,,SEA,Paranagua,Santos,2026,4,2026-04,3356,KG,3356,3561.1,971.06,971.06,931.1,38.57,1.39,0.28,INR,15.5273,DAP,6.3,61.18,51.61,112.79,CEVA Customs,REF7584835,189,BALES,PKG74324,486714,Nigeria exporter (export)
1302320000,CD201506000000005371,2015-06-01,2015-06-05,import,61,Consumption,130232,"Mucilages and thickeners; whether or not modified, derived from locust beans, locust bean seeds or guar seeds",Nigeria,Nigeria,Germany,NURUDDEEN COLLEGE FOR ARABIC & ISLAMIC STUDIES YAYAYI KWAMI LTD,[in full dataset],[in full dataset],Kwami,Nigeria,,Natural Gums Dr. W. Agster GmbH,[in full dataset],[in full dataset],Reutlingen,Germany,[in full dataset],SEA,Hamburg,Wilhelmshaven,2015,6,2015-06,6659.3,KG,6659.3,7027,717.94,717.94,660.86,56.18,0.9,0.1,EUR,18.4982,FCA,4.7,33.74,150.34,184.08,AN Deringer,REF9802261,178,DRUMS,PKG2894,133198.11,Nigeria exporter (export)
1510901000,CD201607000000361364,2016-07-26,2016-07-03,import,70,Consumption,151090,"Vegetable oils; oils and their fractions n.e.c. in heading 1510, obtained solely from olives, whether or not refined, but not chemically modified, including blends of these oils or fractions with oils or fractions of heading no. 1509",Nigeria,Nigeria,Germany,INTERNATIONAL FRACTIONATION AND MARGARINE PRODUCTS LTD,[in full dataset],[in full dataset],Lagos,Nigeria,,Kunibert Rape GmbH,[in full dataset],[in full dataset],Diepholz,Germany,[in full dataset],ROAD,Hamburg,Wilhelmshaven,2016,7,2016-07,8615.3,KG,8615.3,9227.1,95578.09,95578.09,88409.24,6703.41,465.44,10.26,GBP,48.1761,DAP,6.6,6308.15,15282.94,21591.09,Kuehne+Nagel Brokerage,REF3319639,469,ROLLS,PKG89210,2543876.47,Nigeria exporter (export)
2612100000,CD202604000000000315,2026-04-07,2026-04-10,import,70,Warehouse,261210,Uranium ores and concentrates,Nigeria,Nigeria,Brazil,NAGOS PROJECTS LIMITED,[in full dataset],[in full dataset],Port Harcourt,Nigeria,[in full dataset],MAGAZINE LUIZA S/A,[in full dataset],[in full dataset],FRANCA,Brazil,[in full dataset],RAIL,Santos,Itajai,2026,4,2026-04,24307.4,KG,24307.4,25315.9,2665.33,2665.33,2436.63,215.62,13.08,0.1,GBP,24.0673,CIF,3.6,95.95,193.29,289.24,Expeditors Customs,REF9265717,258,PALLETS,PKG72005,486714,Nigeria exporter (export)
2607000000,CD202109000000227585,2021-09-17,2021-09-04,import,40,Consumption,260700,Lead ores and concentrates,Nigeria,Nigeria,Malaysia,PANALPINA WORLD TRANSPORT (NIGERIA) LTD,[in full dataset],[in full dataset],Lagos,Nigeria,[in full dataset],MUHIBBAH ENGINEERING (M) BHD.,[in full dataset],[in full dataset],Klang,Malaysia,[in full dataset],SEA,Tanjung Pelepas,Port Klang,2021,9,2021-09,13078.7,KG,13078.7,13988.2,5012.53,5012.53,4567.89,419.96,24.68,0.35,EUR,92.0312,CFR,5.9,295.74,530.83,826.57,Descartes,REF2632341,259,CARTONS,PKG18822,12900926.17,Nigeria exporter (export)
2604000000,CD201912000000083310,2019-12-27,2019-12-09,import,10,Transit,260400,Nickel ores and concentrates,Nigeria,Nigeria,Malaysia,NAGOS PROJECTS LIMITED,[in full dataset],[in full dataset],Port Harcourt,Nigeria,[in full dataset],7-ELEVEN MALAYSIA HOLDINGS BERHAD,[in full dataset],[in full dataset],Kuala Lumpur,Malaysia,[in full dataset],RAIL,Port Klang,Tanjung Pelepas,2019,12,2019-12,16109.6,KG,16109.6,16441.4,2697.72,2697.72,2482.16,199.56,16,0.15,INR,12.9625,CFR,4.6,124.1,141.09,265.19,DHL Customs Svc,REF6760496,412,CRATES,PKG75634,4040293.33,Nigeria exporter (export)
8477900000,CD202101000001385446,2021-01-19,2021-01-01,export,42,Warehouse,847790,"Machinery; parts of the machines of heading no. 8477, n.e.c. in item no. 8477.90",China,China,Nigeria,"Jiangsu Huahong Technology Stock Co.,Ltd",[in full dataset],[in full dataset],Jiangyin,China,[in full dataset],DE COON SERVICES LIMITED,[in full dataset],[in full dataset],Port Harcourt,Nigeria,[in full dataset],SEA,Main Container Port,Main Container Port,2021,1,2021-01,18965.4,KG,18965.4,21506.9,10061.91,10061.91,9599.97,392.16,69.78,0.51,CNY,94.4098,EXW,2.7,271.67,1860.04,2131.71,Flexport Customs,REF6099221,11,BULK,PKG97069,152289143,Nigeria importer (import)
3824300000,CD202409000000207631,2024-09-26,2024-09-28,export,10,Temporary,382430,"Metal carbides, non-agglomerated; mixed together or with metallic binders",China,China,Nigeria,"Hengyi Petrochemical Co.,Ltd.",[in full dataset],[in full dataset],Hangzhou,China,[in full dataset],INDORAMA ELEME FERTILIZER & CHEMICALS LIMITED,[in full dataset],[in full dataset],Port Harcourt,Nigeria,[in full dataset],RAIL,Main Container Port,Main Container Port,2024,9,2024-09,6084.1,KG,6084.1,6616.9,80032.1,80032.1,74897.9,4945.43,188.77,12.31,USD,1,FCA,3.7,2961.19,16598.66,19559.85,DB Schenker Customs,REF3695593,24,CARTONS,PKG85331,14471660,Nigeria importer (import)
1302190000,CD201507000000023735,2015-07-12,2015-07-25,export,10,Re-export,130219,Vegetable saps and extracts; n.e.c. in item no. 1302.1,United Kingdom,United Kingdom,Nigeria,CHAUMET (LONDON) LIMITED,[in full dataset],[in full dataset],LONDON,United Kingdom,[in full dataset],GUM ARABIC COMPANY NIGERIA (GACON) LIMITED,[in full dataset],[in full dataset],Lagos,Nigeria,[in full dataset],ROAD,Main Container Port,Main Container Port,2015,7,2015-07,1174.6,KG,1174.6,1260.7,1054.68,1054.68,1005.47,44.02,5.19,0.86,JPY,44.4587,FOB,6.3,66.44,168.17,234.61,DB Schenker Customs,REF3739577,30,ROLLS,PKG61692,742006.77,Nigeria importer (import)
2904100000,CD202304000000161575,2023-04-22,2023-04-24,export,40,Re-export,290410,"Derivatives of hydrocarbons; containing only sulpho groups, their salts and ethyl esters, whether or not halogenated",China,China,Nigeria,"Qilu Antibiotics Pharmaceutical Co., Ltd.",[in full dataset],[in full dataset],Jinan,China,[in full dataset],BILE ACIDS NIGERIA LTD,[in full dataset],[in full dataset],Suleja,Nigeria,,ROAD,Main Container Port,Main Container Port,2023,4,2023-04,4906.9,KG,4906.9,5480.4,34527.6,34527.6,32588.86,1900.98,37.76,6.64,CNY,66.5135,EXW,3.6,1242.99,6438.71,7681.7,Descartes,REF1928094,378,PALLETS,PKG79792,18274065,Nigeria importer (import)
0410100000,CD202603000000096978,2026-03-22,2026-03-02,export,61,Consumption,041010,Animal products; insects,Ireland,Ireland,Nigeria,DAIRYGOLD LIMITED,[in full dataset],[in full dataset],CORK,Ireland,[in full dataset],FRIESLANDCAMPINA WAMCO NIGERIA PLC,[in full dataset],[in full dataset],Ikeja,Nigeria,[in full dataset],SEA,Main Container Port,Main Container Port,2026,3,2026-03,15449.4,KG,15449.4,16972.3,6234.49,6234.49,5950.28,265.97,18.24,0.39,USD,1,FOB,25.8,1608.5,1568.6,3177.1,Expeditors Customs,REF5317459,64,ROLLS,PKG69941,2867477.02,Nigeria importer (import)
4010360000,CD201806000000107992,2018-06-08,2018-06-18,import,70,Re-export,401036,"Rubber; vulcanised, endless synchronous belts, of an outside circumference exceeding 150 cm but not exceeding 198 cm",Nigeria,Nigeria,Poland,THE OKOMU OIL PALM COMPANY PLC,[in full dataset],[in full dataset],Benin City,Nigeria,[in full dataset],ORLEN S A,[in full dataset],[in full dataset],Płock,Poland,[in full dataset],SEA,Gdansk,Gdansk,2018,6,2018-06,8852,KG,8852,9452.6,7264.34,7264.34,6850.45,383.09,30.8,0.77,CNY,95.9753,DAP,9.9,719.17,1197.53,1916.7,DSV Customs,REF5482566,77,PALLETS,PKG18939,312224,Nigeria exporter (export)
2903410000,CD202304000000161970,2023-04-07,2023-04-16,export,61,Consumption,290341,Saturated fluorinated derivatives of acyclic hydrocarbons; trifluoromethane (HFC-23),China,China,Nigeria,"Phenol (shaanxi) Brand Management Co., Ltd",[in full dataset],[in full dataset],Xi'an,China,,ESTER'S BETHEL ENTERPRISE,[in full dataset],[in full dataset],Olomore,Nigeria,,RAIL,Main Container Port,Main Container Port,2023,4,2023-04,15770.9,KG,15770.9,16244.3,1551.79,1551.79,1472.28,69.72,9.79,0.09,GBP,30.4519,CIF,4,62.07,0,62.07,Kuehne+Nagel Brokerage,REF8205620,289,BAGS,PKG1327,18274065,Nigeria importer (import)
2604000000,CD202412000000872014,2024-12-21,2024-12-26,import,51,Consumption,260400,Nickel ores and concentrates,Nigeria,Nigeria,China,KAP KOPYTEC AND ALLIED PRODUCTS LTD,[in full dataset],[in full dataset],,Nigeria,,"Hangzhou Qiufan Trading Co., Ltd.",[in full dataset],[in full dataset],Hangzhou,China,,AIR,Yingkou,Shenzhen,2024,12,2024-12,878.3,KG,878.3,995.4,3854.84,3854.84,3752.13,78.89,23.82,4.27,CNY,120.0569,FOB,5.5,212.02,610.03,822.05,Expeditors Customs,REF7602292,317,DRUMS,PKG99567,70218400,Nigeria exporter (export)
3827640000,CD202409000000121621,2024-09-08,2024-09-12,export,40,Consumption,382764,"Mixtures containing halogenated derivatives of methane, ethane or propane; containing other hydrofluorocarbons (HFCs) but not containing chlorofluorocarbons (CFCs) or hydrochlorofluorocarbons (HCFCs); other mixtures, not included in the subheadings above,",United States,United States,Nigeria,"Koch, Inc.",[in full dataset],[in full dataset],Wichita,United States,[in full dataset],CHAMPIONX OILFIELD SOLUTIONS NIGERIA LIMITED,[in full dataset],[in full dataset],Port Harcourt,Nigeria,[in full dataset],SEA,Main Container Port,Main Container Port,2024,9,2024-09,6087.6,KG,6087.6,6883.2,16094.72,16094.72,15045.15,949.28,100.29,2.47,EUR,119.3665,CFR,6.2,997.87,854.63,1852.5,DHL Customs Svc,REF7783776,159,BULK,PKG33611,7192690,Nigeria importer (import)
8458910000,CD202101000001385153,2021-01-11,2021-01-16,export,70,Warehouse,845891,"Lathes; for removing metal, numerically controlled, other than horizontal lathes",China,China,Nigeria,"Shantui Construction Machinery Co.,Ltd.",[in full dataset],[in full dataset],Jining,China,[in full dataset],ACOUNS NIGERIA LIMITED,[in full dataset],[in full dataset],Lagos,Nigeria,[in full dataset],ROAD,Main Container Port,Main Container Port,2021,1,2021-01,20346.5,KG,20346.5,23320.5,42331.08,42331.08,38349.83,3820.45,160.8,1.88,USD,1,DDP,3.9,1650.91,5277.84,6928.75,Livingston Intl,REF6956719,381,BULK,PKG47660,152289143,Nigeria importer (import)
8539320000,CD201705000001278882,2017-05-13,2017-05-21,export,61,Transit,853932,"Lamps; discharge, (excluding ultra-violet), mercury or sodium vapour lamps, metal halide lamps",China,China,Nigeria,"Focus Media Co., Ltd.",[in full dataset],[in full dataset],Jiujiang,China,[in full dataset],SEGOFS ENERGY SERVICES LIMITED,[in full dataset],[in full dataset],Port Harcourt,Nigeria,[in full dataset],SEA,Main Container Port,Main Container Port,2017,5,2017-05,20140.1,KG,20140.1,21762.5,13008.79,13008.79,12294.3,664.96,49.53,0.61,INR,34.9925,CPT,1.9,247.17,927.92,1175.09,Livingston Intl,REF2444960,40,CARTONS,PKG86189,130976781,Nigeria importer (import)
4013100000,CD201805000000264181,2018-05-27,2018-05-08,import,42,Temporary,401310,"Rubber; inner tubes, of a kind used on motorcars (including station wagons and racing cars), buses and lorries",Nigeria,Nigeria,Spain,FAITH MEDIPLEX CENTER,[in full dataset],[in full dataset],Benin,Nigeria,,NEX TYRES SL,[in full dataset],[in full dataset],MADRID,Spain,[in full dataset],SEA,Bilbao,Algeciras,2018,5,2018-05,15053.9,KG,15053.9,16268.3,10775.07,10775.07,10380.64,345.96,48.47,0.69,USD,1,CPT,9.6,1034.41,1180.95,2215.36,CEVA Customs,REF8691975,4,BAGS,PKG98748,740765.53,Nigeria exporter (export)
2615100000,CD202109000000226572,2021-09-02,2021-09-15,import,70,Warehouse,261510,Zirconium ores and concentrates,Nigeria,Nigeria,Malaysia,FENOG NIGERIA LIMITED,[in full dataset],[in full dataset],Warri,Nigeria,[in full dataset],DIALOG GROUP BERHAD,[in full dataset],[in full dataset],Petaling Jaya,Malaysia,[in full dataset],SEA,Penang,Port Klang,2021,9,2021-09,4656.4,KG,4656.4,5012.2,21941.08,21941.08,20986.74,907.11,47.23,4.51,USD,1,DDP,5.2,1140.94,0,1140.94,DHL Customs Svc,REF2095895,377,BAGS,PKG17622,12900926.17,Nigeria exporter (export)
1302190000,CD201508000000006189,2015-08-19,2015-08-03,export,42,Warehouse,130219,Vegetable saps and extracts; n.e.c. in item no. 1302.1,United Kingdom,United Kingdom,Nigeria,CHAUMET (LONDON) LIMITED,[in full dataset],[in full dataset],LONDON,United Kingdom,[in full dataset],GUM ARABIC COMPANY NIGERIA (GACON) LIMITED,[in full dataset],[in full dataset],Lagos,Nigeria,[in full dataset],SEA,Main Container Port,Main Container Port,2015,8,2015-08,18912.7,KG,18912.7,20361.6,2305.63,2305.63,2230.64,70.78,4.21,0.12,EUR,123.2499,FCA,3.4,78.39,429.12,507.51,AN Deringer,REF6873852,363,DRUMS,PKG57162,156692.03,Nigeria importer (import)
2903590000,CD202201000000004562,2022-01-13,2022-01-18,export,51,Re-export,290359,Unsaturated fluorinated derivatives of acyclic hydrocarbons; n.e.c. in item no. 2903.5,Malaysia,Malaysia,Nigeria,SOUTHERN ACIDS (M) BERHAD,[in full dataset],[in full dataset],Klang,Malaysia,[in full dataset],BILE ACIDS NIGERIA LTD,[in full dataset],[in full dataset],Suleja,Nigeria,,SEA,Main Container Port,Main Container Port,2022,1,2022-01,11533.4,KG,11533.4,12952.4,32163.92,32163.92,30528.23,1491.81,143.88,2.65,USD,1,EXW,5.5,1769.02,0,1769.02,DSV Customs,REF2262364,455,BULK,PKG63873,525053.64,Nigeria importer (import)
2616100000,CD201912000000182482,2019-12-18,2019-12-22,import,70,Temporary,261610,Silver ores and concentrates,Nigeria,Nigeria,China,PANALPINA WORLD TRANSPORT (NIGERIA) LTD,[in full dataset],[in full dataset],Lagos,Nigeria,[in full dataset],"Beijing Tengsheng Technology Development Co., Ltd.",[in full dataset],[in full dataset],Beijing,China,,SEA,Dalian,Shenzhen,2019,12,2019-12,16233.9,KG,16233.9,17670.9,3039.68,3039.68,2901.34,124.34,14,0.18,USD,1,CFR,4.7,142.86,636.51,779.37,Flexport Customs,REF2827440,293,BAGS,PKG1072,9075130,Nigeria exporter (export)
2915210000,CD202201000000178661,2022-01-13,2022-01-15,export,10,Consumption,291521,Acids; saturated acyclic monocarboxylic acids; acetic acid,China,China,Nigeria,"Qilu Antibiotics Pharmaceutical Co., Ltd.",[in full dataset],[in full dataset],Jinan,China,[in full dataset],ESTER'S BETHEL ENTERPRISE,[in full dataset],[in full dataset],Olomore,Nigeria,,ROAD,Main Container Port,Main Container Port,2022,1,2022-01,1218.8,KG,1218.8,1266.2,31787.37,31787.37,29361.41,2209.33,216.63,24.09,GBP,75.7452,FOB,6.1,1939.03,2360.85,4299.88,Expeditors Customs,REF3480938,397,BULK,PKG75242,19120015,Nigeria importer (import)
2924240000,CD202201000000178736,2022-01-14,2022-01-21,export,42,Temporary,292424,Cyclic amides (including cyclic carbamates) and their derivatives; ethinamate and its salts,China,China,Nigeria,"Qilu Antibiotics Pharmaceutical Co., Ltd.",[in full dataset],[in full dataset],Jinan,China,[in full dataset],ESTER'S BETHEL ENTERPRISE,[in full dataset],[in full dataset],Olomore,Nigeria,,SEA,Main Container Port,Main Container Port,2022,1,2022-01,2109.9,KG,2109.9,2360.3,15986.7,15986.7,14518.22,1425.38,43.1,6.88,USD,1,FOB,3.8,607.49,3318.84,3926.33,Livingston Intl,REF9966814,9,BALES,PKG20821,19120015,Nigeria importer (import)
2941200000,CD202201000000178617,2022-01-11,2022-01-25,export,51,Warehouse,294120,Antibiotics; streptomycins and their derivatives; salts thereof,China,China,Nigeria,"Jiangsu Brother Vitamins Co.,Ltd.",[in full dataset],[in full dataset],Yancheng,China,[in full dataset],ESTER'S BETHEL ENTERPRISE,[in full dataset],[in full dataset],Olomore,Nigeria,,SEA,Main Container Port,Main Container Port,2022,1,2022-01,9459.5,KG,9459.5,9850.7,13690.8,13690.8,13071.04,570.17,49.59,1.38,EUR,42.0113,CIF,3.8,520.25,2131.66,2651.91,AN Deringer,REF1204588,226,CRATES,PKG54847,19120015,Nigeria importer (import)
2713900000,CD202306000000725125,2023-06-17,2023-06-02,import,70,Consumption,271390,Residues; of petroleum oils or of oils obtained from bituminous minerals,Nigeria,Nigeria,Canada,OANDO OIL LIMITED,[in full dataset],[in full dataset],Victoria Island,Nigeria,[in full dataset],Gibson Energy Inc,[in full dataset],[in full dataset],Calgary,Canada,[in full dataset],ROAD,"Halifax, NS","Vancouver, BC",2023,6,2023-06,8905.6,KG,8905.6,9667.3,28633.23,28633.23,26828.13,1637.39,167.71,3.01,INR,80.0675,FOB,6.1,1746.63,0,1746.63,Descartes,REF9471673,439,DRUMS,PKG87703,89165482.25,Nigeria exporter (export)
4005200000,CD201810000000669806,2018-10-14,2018-10-01,import,70,Temporary,400520,"Rubber; unvulcanised, compounded, solutions and dispersions other than those of item no. 4005.10",Nigeria,Nigeria,Spain,HERALD MARINE AND ENERGY LTD,[in full dataset],[in full dataset],Maryland,Nigeria,[in full dataset],SUMINISTROS DEL AUTOMOVIL MV SOCIEDAD LIMITADA.,[in full dataset],[in full dataset],VIGO,Spain,,AIR,Algeciras,Barcelona,2018,10,2018-10,11298.3,KG,11298.3,12126.8,921.04,921.04,859.29,60.44,1.31,0.08,CNY,61.5523,FOB,13.1,120.66,125,245.66,DSV Customs,REF4431525,476,BAGS,PKG51541,1927461.29,Nigeria exporter (export)
2603000000,CD202210000000272021,2022-10-20,2022-10-22,import,42,Transit,260300,Copper ores and concentrates,Nigeria,Nigeria,China,FENOG NIGERIA LIMITED,[in full dataset],[in full dataset],Warri,Nigeria,[in full dataset],"Changchun Jinbi Hengyou Trading Co., Ltd",[in full dataset],[in full dataset],Changchun,China,,SEA,Yingkou,Shenzhen,2022,10,2022-10,15565.5,KG,15565.5,17426.7,5369.5,5369.5,4978.19,384.84,6.47,0.32,INR,125.1413,DAP,5.1,273.84,282.17,556.01,DHL Customs Svc,REF6682872,26,CRATES,PKG4506,14307299,Nigeria exporter (export)
2601119000,CD202109000000225857,2021-09-16,2021-09-28,import,42,Warehouse,260111,Iron ores and concentrates; non-agglomerated,Nigeria,Nigeria,Malaysia,QUIDAX TECHNOLOGIES LIMITED,[in full dataset],[in full dataset],Lekki,Nigeria,[in full dataset],7-ELEVEN MALAYSIA HOLDINGS BERHAD,[in full dataset],[in full dataset],Kuala Lumpur,Malaysia,[in full dataset],SEA,Penang,Penang,2021,9,2021-09,11400.5,KG,11400.5,11855.3,7748.9,7748.9,7563.63,167.87,17.4,0.66,INR,29.2991,CPT,6.1,472.68,411.08,883.76,DB Schenker Customs,REF6001171,251,DRUMS,PKG32695,12900926.17,Nigeria exporter (export)
1302310000,CD201509000000000429,2015-09-16,2015-09-23,import,51,Consumption,130231,"Mucilages and thickeners; agar-agar, whether or not modified, derived from vegetable products",Nigeria,Nigeria,United Kingdom,NURUDDEEN COLLEGE FOR ARABIC & ISLAMIC STUDIES YAYAYI KWAMI LTD,[in full dataset],[in full dataset],Kwami,Nigeria,,CHAUMET (LONDON) LIMITED,[in full dataset],[in full dataset],LONDON,United Kingdom,[in full dataset],SEA,Liverpool,London Gateway,2015,9,2015-09,231.5,KG,231.5,255.4,6041.34,6041.34,5523.88,510.82,6.64,23.86,CNY,120.0498,CPT,6.3,380.6,321.1,701.7,Descartes,REF4607544,483,CARTONS,PKG9992,5523.88,Nigeria exporter (export)
1302200000,CD201511000000007935,2015-11-01,2015-11-15,import,42,Re-export,130220,Pectic substances; pectinates and pectates,Nigeria,Nigeria,Germany,DAARUL-HADEETH SCHOOL OF ARABIC/ISLAMIYYA STUDIES LTD,[in full dataset],[in full dataset],Gbagi,Nigeria,,Natural Gums Dr. W. Agster GmbH,[in full dataset],[in full dataset],Reutlingen,Germany,[in full dataset],RAIL,Hamburg,Bremerhaven,2015,11,2015-11,21126.8,KG,21126.8,23745.4,104635.78,104635.78,95918.48,8258.86,458.44,4.54,INR,6.5107,CPT,6.6,6905.96,20077.51,26983.47,Expeditors Customs,REF1448955,127,CARTONS,PKG83527,207267.07,Nigeria exporter (export)
2620290000,CD201912000000083418,2019-12-24,2019-12-11,import,42,Transit,262029,"Slag, ash and residues; (not from the manufacture of iron or steel), containing mainly lead; excluding leaded gasoline sludges and leaded anti-knock compound sludges",Nigeria,Nigeria,Malaysia,PRIME ATLANTIC CEGELEC NIGERIA LIMITED,[in full dataset],[in full dataset],Victoria Island,Nigeria,[in full dataset],7-ELEVEN MALAYSIA HOLDINGS BERHAD,[in full dataset],[in full dataset],Kuala Lumpur,Malaysia,[in full dataset],SEA,Port Klang,Penang,2019,12,2019-12,11141.5,KG,11141.5,12588.5,1220.85,1220.85,1165.05,52.78,3.02,0.1,USD,1,EXW,3,36.63,188.62,225.25,CEVA Customs,REF8917504,170,BULK,PKG12298,4040293.33,Nigeria exporter (export)
4002200000,CD201812000000145756,2018-12-15,2018-12-19,import,42,Consumption,400220,"Rubber; synthetic, butadiene rubber (BR), in primary forms or in plates, sheets or strip",Nigeria,Nigeria,Italy,FAITH MEDIPLEX CENTER,[in full dataset],[in full dataset],Benin,Nigeria,,VOLKSWAGEN GROUP ITALIA SPA,[in full dataset],[in full dataset],VERONA,Italy,[in full dataset],SEA,La Spezia,Trieste,2018,12,2018-12,15871.3,KG,15871.3,17429,2990.26,2990.26,2789.42,192.17,8.67,0.18,USD,1,FCA,12.5,373.78,605.53,979.31,Flexport Customs,REF4533119,321,CASES,PKG35717,416823.74,Nigeria exporter (export)
8406900000,CD202101000001385339,2021-01-26,2021-01-08,export,70,Transit,840690,Turbines; parts of steam and other vapour turbines,China,China,Nigeria,"Chongqing Machinery & Electric Co.,Ltd.",[in full dataset],[in full dataset],Chongqing,China,[in full dataset],DE COON SERVICES LIMITED,[in full dataset],[in full dataset],Port Harcourt,Nigeria,[in full dataset],SEA,Main Container Port,Main Container Port,2021,1,2021-01,13957.3,KG,13957.3,15194.2,48489.42,48489.42,43802.69,4347.36,339.37,3.14,INR,33.7734,DAP,2.1,1018.28,2475.39,3493.67,CEVA Customs,REF5731734,237,PALLETS,PKG90843,152289143,Nigeria importer (import)
2603000000,CD202604000000000319,2026-04-23,2026-04-27,import,10,Temporary,260300,Copper ores and concentrates,Nigeria,Nigeria,Brazil,PANALPINA WORLD TRANSPORT (NIGERIA) LTD,[in full dataset],[in full dataset],Lagos,Nigeria,[in full dataset],LIVRARIA CULTURA LTDA. - EM RECUPERACAO JUDICIAL EM RECUPERACAO JUDICIAL,[in full dataset],[in full dataset],SAO PAULO,Brazil,,SEA,Suape,Santos,2026,4,2026-04,3253.4,KG,3253.4,3570.4,4159.19,4159.19,3803.76,340.31,15.12,1.17,INR,20.8403,EXW,6.7,278.67,887.57,1166.24,DB Schenker Customs,REF6153936,11,ROLLS,PKG6290,486714,Nigeria exporter (export)
2612200000,CD202109000000041967,2021-09-09,2021-09-11,import,40,Warehouse,261220,Thorium ores and concentrates,Nigeria,Nigeria,Hong Kong,DE WAYLE'S INTERNATIONAL LIMITED,[in full dataset],[in full dataset],Warri,Nigeria,[in full dataset],WISON ENGINEERING SERVICES CO. LTD.,[in full dataset],[in full dataset],Wan Chai,Hong Kong,[in full dataset],SEA,Hong Kong (Kwai Tsing),Hong Kong (Kwai Tsing),2021,9,2021-09,1154.7,KG,1154.7,1194.9,1152.66,1152.66,1068.67,78.15,5.84,0.93,CNY,78.1453,EXW,7,80.69,222,302.69,Kuehne+Nagel Brokerage,REF5783556,67,BULK,PKG64281,1831384.35,Nigeria exporter (export)
2620190000,CD202109000000332384,2021-09-26,2021-09-12,import,10,Temporary,262019,"Slag, ash and residues; (not from the manufacture of iron or steel), containing mainly zinc, other than hard zinc spelter",Nigeria,Nigeria,China,PANALPINA WORLD TRANSPORT (NIGERIA) LTD,[in full dataset],[in full dataset],Lagos,Nigeria,[in full dataset],Nanchang Non-staple Food Factory Kangle Branch,[in full dataset],[in full dataset],Nanchang,China,,ROAD,Shenzhen,Qingdao,2021,9,2021-09,12056.1,KG,12056.1,12403.1,2581.14,2581.14,2408.27,162.39,10.48,0.2,USD,1,FCA,6.4,165.19,411.95,577.14,CEVA Customs,REF3601065,30,BALES,PKG52684,20610188,Nigeria exporter (export)
2620110000,CD202109000000226183,2021-09-26,2021-09-28,import,51,Transit,262011,"Slag, ash and residues; (not from the manufacture of iron or steel), containing mainly zinc, hard zinc spelter",Nigeria,Nigeria,Malaysia,PRIME ATLANTIC CEGELEC NIGERIA LIMITED,[in full dataset],[in full dataset],Victoria Island,Nigeria,[in full dataset],MUHIBBAH ENGINEERING (M) BHD.,[in full dataset],[in full dataset],Klang,Malaysia,[in full dataset],SEA,Port Klang,Port Klang,2021,9,2021-09,18990,KG,18990,20464.3,3478.08,3478.08,3250.33,204.46,23.29,0.17,USD,1,CPT,4.6,159.99,0,159.99,Descartes,REF5771294,202,CARTONS,PKG63898,12900926.17,Nigeria exporter (export)
0408990000,CD202602000000107998,2026-02-24,2026-02-08,export,51,Re-export,040899,"Eggs; birds' eggs (not in shell, excluding yolks only), fresh, cooked by steaming or boiling in water, moulded, frozen, otherwise preserved, whether or not containing added sugar or other sweetening matter",Ireland,Ireland,Nigeria,DAIRYGOLD LIMITED,[in full dataset],[in full dataset],CORK,Ireland,[in full dataset],FRIESLANDCAMPINA WAMCO NIGERIA PLC,[in full dataset],[in full dataset],Ikeja,Nigeria,[in full dataset],ROAD,Main Container Port,Main Container Port,2026,2,2026-02,8190.2,KG,8190.2,9249.1,3347.67,3347.67,3078.26,254.23,15.18,0.38,USD,1,DDP,15.8,528.93,387.66,916.59,CEVA Customs,REF7475514,193,ROLLS,PKG84759,3387733.12,Nigeria importer (import)
2604000000,CD202412000000869421,2024-12-05,2024-12-20,import,42,Re-export,260400,Nickel ores and concentrates,Nigeria,Nigeria,China,ACTROUS COMPANY LIMITED,[in full dataset],[in full dataset],Bayelsa State,Nigeria,,"Beijing Cuiwei Tower Co., Ltd.",[in full dataset],[in full dataset],Beijing,China,[in full dataset],SEA,Yingkou,Ningbo-Zhoushan,2024,12,2024-12,6903.9,KG,6903.9,7086,378.38,378.38,354.02,23.17,1.19,0.05,USD,1,CIF,6.7,25.35,40.37,65.72,DSV Customs,REF3237889,193,CRATES,PKG86157,70218400,Nigeria exporter (export)
8428320000,CD202101000001387151,2021-01-20,2021-01-06,export,42,Warehouse,842832,"Elevators and conveyors; continuous-action, for goods or materials, bucket type, n.e.c. in item no. 8428.20 or 8428.31",China,China,Nigeria,"Beijing Borgward Automotive Co., Ltd.",[in full dataset],[in full dataset],Beijing,China,,ACOUNS NIGERIA LIMITED,[in full dataset],[in full dataset],Lagos,Nigeria,[in full dataset],RAIL,Main Container Port,Main Container Port,2021,1,2021-01,8714.7,KG,8714.7,9540.9,4763.95,4763.95,4535.33,211.38,17.24,0.52,USD,1,EXW,2.7,128.63,342.48,471.11,DHL Customs Svc,REF9428225,78,ROLLS,PKG37016,152289143,Nigeria importer (import)
7307230000,CD202505000000344714,2025-05-18,2025-05-28,export,42,Consumption,730723,"Steel, stainless; tube or pipe fittings, butt welding fittings",Italy,Italy,Nigeria,PRYSMIAN SPA,[in full dataset],[in full dataset],MILANO,Italy,[in full dataset],International Enamelware Industries Ltd,[in full dataset],[in full dataset],Anmabra State,Nigeria,,SEA,Main Container Port,Main Container Port,2025,5,2025-05,9511.6,KG,9511.6,10114.1,18274.14,18274.14,17162.58,1048.93,62.63,1.8,USD,1,FOB,12.5,2284.27,1439.09,3723.36,DB Schenker Customs,REF3335388,105,PALLETS,PKG25997,18356287.87,Nigeria importer (import)
2701120000,CD201712000000580400,2017-12-03,2017-12-15,import,42,Consumption,270112,"Coal; bituminous, whether or not pulverised, but not agglomerated",Nigeria,Nigeria,Germany,NIGERIAN NATIONAL PETROLEUM COMPANY LIMITED,[in full dataset],[in full dataset],Abuja,Nigeria,[in full dataset],E.ON Energy Markets GmbH,[in full dataset],[in full dataset],Essen,Germany,[in full dataset],AIR,Hamburg,Hamburg,2017,12,2017-12,18408.5,KG,18408.5,20085.1,16128.93,16128.93,14673.39,1363.23,92.31,0.8,GBP,122.491,FCA,6.5,1048.38,1717.73,2766.11,DHL Customs Svc,REF5281905,460,CARTONS,PKG39195,60155375.94,Nigeria exporter (export)
2621900000,CD202109000000226337,2021-09-12,2021-09-24,import,42,Re-export,262190,Slag and ash n.e.c. in chapter 26; including seaweed ash (kelp) but excluding ash and residues from the incineration of municipal waste,Nigeria,Nigeria,Malaysia,MARCONI.NG EPC LIMITED,[in full dataset],[in full dataset],Port Harcourt,Nigeria,[in full dataset],DIALOG GROUP BERHAD,[in full dataset],[in full dataset],Petaling Jaya,Malaysia,[in full dataset],SEA,Tanjung Pelepas,Port Klang,2021,9,2021-09,423.5,KG,423.5,452.8,1390.64,1390.64,1283.9,102.27,4.47,3.03,USD,1,DAP,5.9,82.05,0,82.05,CEVA Customs,REF4715431,394,CRATES,PKG84938,12900926.17,Nigeria exporter (export)
2615100000,CD202604000000000380,2026-04-10,2026-04-15,import,70,Warehouse,261510,Zirconium ores and concentrates,Nigeria,Nigeria,Brazil,TRANSPORT SERVICES LIMITED,[in full dataset],[in full dataset],Ikoyi,Nigeria,[in full dataset],ARTHUR LUNDGREN TECIDOS SA CASAS PERNAMBUCANAS,[in full dataset],[in full dataset],SAO PAULO,Brazil,[in full dataset],AIR,Paranagua,Santos,2026,4,2026-04,15958.2,KG,15958.2,18336.4,10088.85,10088.85,9612.93,417.12,58.8,0.6,USD,1,FOB,4.5,454,1054.29,1508.29,AN Deringer,REF7035265,476,CARTONS,PKG37853,486714,Nigeria exporter (export)
2604000000,CD202502000000036053,2025-02-07,2025-02-13,import,51,Re-export,260400,Nickel ores and concentrates,Nigeria,Nigeria,Malaysia,DOCKWORTH SERVICES INTERNATIONAL LIMITED,[in full dataset],[in full dataset],Apapa,Nigeria,[in full dataset],SLAG CEMENT (SOUTHERN) SDN. BHD.,[in full dataset],[in full dataset],Kuala Lumpur,Malaysia,[in full dataset],SEA,Tanjung Pelepas,Tanjung Pelepas,2025,2,2025-02,11833.3,KG,11833.3,13312,1557.18,1557.18,1451.61,100.84,4.73,0.12,USD,1,FOB,4.8,74.74,114.23,188.97,DB Schenker Customs,REF2180515,105,BAGS,PKG59313,1764612.02,Nigeria exporter (export)
3827630000,CD202409000000208087,2024-09-17,2024-09-19,export,51,Transit,382763,"Mixtures containing halogenated derivatives of methane, ethane or propane; containing other hydrofluorocarbons (HFCs) but not containing chlorofluorocarbons (CFCs) or hydrochlorofluorocarbons (HCFCs); other mixtures not included in the subheadings above,",China,China,Nigeria,"Xinfengming Group Co.,Ltd.",[in full dataset],[in full dataset],Jiaxing,China,[in full dataset],GUINNESS NIGERIA PLC,[in full dataset],[in full dataset],Ikeja,Nigeria,[in full dataset],ROAD,Main Container Port,Main Container Port,2024,9,2024-09,17172.1,KG,17172.1,17560.9,6974.22,6974.22,6436.53,510.48,27.21,0.37,CNY,90.3512,FCA,6.5,453.32,0,453.32,Descartes,REF4413658,384,BULK,PKG30312,14471660,Nigeria importer (import)
4005910000,CD201801000000020112,2018-01-06,2018-01-12,import,51,Re-export,400591,"Rubber; unvulcanised, (compounded other than with carbon black or silica), in plates, sheets and strip",Nigeria,Nigeria,Turkiye,INDORAMA ELEME PETROCHEMICALS LIMITED,[in full dataset],[in full dataset],Port Harcourt,Nigeria,[in full dataset],LG LASTIK GIRISIM ANONIM SIRKETI,[in full dataset],[in full dataset],Istanbul (Anatolia),Turkiye,[in full dataset],RAIL,Main Container Port,Main Container Port,2018,1,2018-01,24698.2,KG,24698.2,28281.3,26687.02,26687.02,24559.61,1932.71,194.7,0.99,GBP,66.8199,CPT,10.4,2775.45,5303.24,8078.69,Expeditors Customs,REF2598388,95,CRATES,PKG73297,62005,Nigeria exporter (export)
3824850000,CD202409000000121643,2024-09-15,2024-09-24,export,10,Warehouse,382485,"Chemical products, mixtures and preparations; containing goods specified in Subheading Note 3 to this Chapter; containing 1,2,3,4,5,6-hexachlorocyclohexane (HCH (ISO)), including lindane (ISO, INN)",United States,United States,Nigeria,Phillips 66,[in full dataset],[in full dataset],Houston,United States,[in full dataset],INDORAMA ELEME FERTILIZER & CHEMICALS LIMITED,[in full dataset],[in full dataset],Port Harcourt,Nigeria,[in full dataset],SEA,Main Container Port,Main Container Port,2024,9,2024-09,2323.6,KG,2323.6,2478.4,16332.17,16332.17,15945.36,357.03,29.78,6.86,CNY,10.2413,FCA,6.4,1045.26,1737.74,2783,Kuehne+Nagel Brokerage,REF3572604,29,BAGS,PKG92124,7192690,Nigeria importer (import)
4008190000,CD201808000000315879,2018-08-04,2018-08-06,import,42,Consumption,400819,"Rubber; vulcanised (other than hard rubber), cellular rubber, (other than in plates, sheets or strip)",Nigeria,Nigeria,Poland,INDORAMA ELEME PETROCHEMICALS LIMITED,[in full dataset],[in full dataset],Port Harcourt,Nigeria,[in full dataset],ORLEN S A,[in full dataset],[in full dataset],Płock,Poland,[in full dataset],SEA,Gdansk,Gdansk,2018,8,2018-08,15138.1,KG,15138.1,16761,24768.2,24768.2,23781.95,814.02,172.23,1.57,USD,1,CFR,8.2,2030.99,4823.85,6854.84,Livingston Intl,REF8027689,329,CARTONS,PKG75047,886701,Nigeria exporter (export)
7316000000,CD202505000000344098,2025-05-14,2025-05-24,export,70,Warehouse,731600,"Iron or steel; anchors, grapnels and parts thereof",Italy,Italy,Nigeria,VF SPA,[in full dataset],[in full dataset],ALTAVILLA VICENTINA,Italy,[in full dataset],QUALCHEM GLOBAL CONCEPT LTD,[in full dataset],[in full dataset],Lagos,Nigeria,[in full dataset],SEA,Main Container Port,Main Container Port,2025,5,2025-05,9355.7,KG,9355.7,9856.7,1415.23,1415.23,1340.11,64.69,10.43,0.14,CNY,22.4938,DAP,8.4,118.88,0,118.88,Flexport Customs,REF4186165,147,ROLLS,PKG99545,18356287.87,Nigeria importer (import)
4012201000,CD201805000000095424,2018-05-03,2018-05-06,import,51,Warehouse,401220,Rubber; used pneumatic tyres,Nigeria,Nigeria,Poland,INDORAMA ELEME PETROCHEMICALS LIMITED,[in full dataset],[in full dataset],Port Harcourt,Nigeria,[in full dataset],ORLEN S A,[in full dataset],[in full dataset],Płock,Poland,[in full dataset],AIR,Gdynia,Gdansk,2018,5,2018-05,1113,KG,1113,1171.6,6572.75,6572.75,6266.41,288.39,17.95,5.63,INR,76.6503,EXW,8.3,545.54,854.19,1399.73,Livingston Intl,REF2833314,443,BAGS,PKG72462,278157,Nigeria exporter (export)
8541900000,CD201705000000593219,2017-05-09,2017-05-18,export,42,Transit,854190,"Electrical apparatus; parts for diodes, transistors and similar semiconductor devices and photosensitive semiconductor devices",Hong Kong,Hong Kong,Nigeria,CK Hutchison Holdings Limited,[in full dataset],[in full dataset],Central District,Hong Kong,[in full dataset],PAULIZA LIMITED,[in full dataset],[in full dataset],Lagos,Nigeria,[in full dataset],SEA,Main Container Port,Main Container Port,2017,5,2017-05,14910.8,KG,14910.8,15779.8,16283.82,16283.82,15620.12,648.05,15.65,1.05,EUR,76.585,DDP,1.2,195.41,2471.88,2667.29,Kuehne+Nagel Brokerage,REF8391822,407,BAGS,PKG23200,46360806.37,Nigeria importer (import)
2901210000,CD202201000000015564,2022-01-25,2022-01-02,export,10,Warehouse,290121,"Acyclic hydrocarbons; unsaturated, ethylene",Indonesia,Indonesia,Nigeria,PT INDONESIAN ACIDS INDUSTRY,[in full dataset],[in full dataset],Kota Administrasi Jakarta Timur,Indonesia,[in full dataset],ESTERS CATERING AND EVENT MANAGEMENT,[in full dataset],[in full dataset],Lagos,Nigeria,,ROAD,Main Container Port,Main Container Port,2022,1,2022-01,2759.4,KG,2759.4,2957.1,105322.88,105322.88,96989.79,8150.62,182.47,35.15,EUR,17.2531,DAP,5.5,5792.76,13333.88,19126.64,DHL Customs Svc,REF9209039,230,ROLLS,PKG62755,1619811.75,Nigeria importer (import)
2605000000,CD201912000000182837,2019-12-21,2019-12-28,import,42,Consumption,260500,Cobalt ores and concentrates,Nigeria,Nigeria,China,ACTROUS COMPANY LIMITED,[in full dataset],[in full dataset],Bayelsa State,Nigeria,,"Shanghai Yigei Trading Co., Ltd.",[in full dataset],[in full dataset],Shanghai,China,,SEA,Dalian,Tianjin,2019,12,2019-12,3842.2,KG,3842.2,4137,3235.24,3235.24,3002.99,209.58,22.67,0.78,USD,1,CPT,3.3,106.76,167.1,273.86,DB Schenker Customs,REF1658208,378,BALES,PKG98526,9075130,Nigeria exporter (export)
2713200000,CD201712000002820047,2017-12-27,2017-12-14,import,51,Re-export,271320,Petroleum bitumen; obtained from bituminous minerals,Nigeria,Nigeria,Spain,TOTALENERGIES MARKETING NIGERIA PLC,[in full dataset],[in full dataset],Victoria Island,Nigeria,[in full dataset],BIO-OILS HUELVA SL,[in full dataset],[in full dataset],PALOS DE LA FRONTERA,Spain,[in full dataset],ROAD,Barcelona,Valencia,2017,12,2017-12,5764.7,KG,5764.7,5959.5,28285.5,28285.5,26136.31,2116.24,32.95,4.53,JPY,99.1724,CFR,5.2,1470.85,1487.82,2958.67,DB Schenker Customs,REF4424708,296,CASES,PKG71007,484927112.98,Nigeria exporter (export)
8806920000,CD201905000000010680,2019-05-07,2019-05-21,export,61,Re-export,880692,Unmanned aircraft; for other than remote-controlled flight and other than for carriage of passengers with a maximum take-off weight more than 250g but not more than 7kg,Singapore,Singapore,Nigeria,BT AIRWORKS PTE. LTD.,[in full dataset],[in full dataset],Singapore,Singapore,[in full dataset],SG HOLDINGS LIMITED,[in full dataset],[in full dataset],Lekki,Nigeria,[in full dataset],AIR,Main Container Port,Main Container Port,2019,5,2019-05,4866.5,KG,4866.5,5380.5,63906.16,63906.16,57992.69,5565.24,348.23,11.92,USD,1,DDP,0,0,3195.31,3195.31,DB Schenker Customs,REF7318181,165,CASES,PKG98095,10905835.8,Nigeria importer (import)
8806930000,CD201905000000001198,2019-05-03,2019-05-18,export,10,Transit,880693,Unmanned aircraft; for other than remote-controlled flight and other than for carriage of passengers with a maximum take-off weight more than 7kg but not more than 25kg,Canada,Canada,Nigeria,Bombardier Inc,[in full dataset],[in full dataset],Dorval,Canada,[in full dataset],SG HOLDINGS LIMITED,[in full dataset],[in full dataset],Lekki,Nigeria,[in full dataset],ROAD,Main Container Port,Main Container Port,2019,5,2019-05,10256.3,KG,10256.3,11505.9,145686.72,145686.72,138826.48,5900.26,959.98,13.54,JPY,121.8484,CFR,0,0,29137.34,29137.34,AN Deringer,REF6639338,411,CARTONS,PKG58103,353825.48,Nigeria importer (import)
8538900000,CD201705000001278934,2017-05-09,2017-05-16,export,61,Transit,853890,"Electrical apparatus; parts suitable for use solely or principally with the apparatus of heading no. 8535, 8536 or 8537",China,China,Nigeria,"Midea Group Co., Ltd.",[in full dataset],[in full dataset],Foshan,China,[in full dataset],SEAMFIX LIMITED,[in full dataset],[in full dataset],Lagos,Nigeria,[in full dataset],RAIL,Main Container Port,Main Container Port,2017,5,2017-05,1978.6,KG,1978.6,2211.7,43756.3,43756.3,40153.1,3376.66,226.54,20.29,CNY,120.9794,FCA,2.6,1137.66,0,1137.66,AN Deringer,REF3099092,279,BULK,PKG21226,130976781,Nigeria importer (import)
1302110000,CD201507000000023753,2015-07-03,2015-07-08,export,51,Transit,130211,Vegetable saps and extracts; opium,United Kingdom,United Kingdom,Nigeria,CHAUMET (LONDON) LIMITED,[in full dataset],[in full dataset],LONDON,United Kingdom,[in full dataset],DARUL-MUQINEEN ARABIC AND ISLAMIC CENTRE,[in full dataset],[in full dataset],Isheri,Nigeria,,ROAD,Main Container Port,Main Container Port,2015,7,2015-07,6554.1,KG,6554.1,7533,2237.14,2237.14,2168.12,64.7,4.32,0.33,GBP,56.4959,EXW,5.2,116.33,235.35,351.68,Kuehne+Nagel Brokerage,REF1767273,172,BULK,PKG16867,742006.77,Nigeria importer (import)
6805100000,CD201811000000577781,2018-11-24,2018-11-04,export,40,Transit,680510,"Abrasive powder or grain; natural or artificial, on a base of woven textile fabric only, whether or not cut to shape or sewn or otherwise made up",China,China,Nigeria,Shandong State Energy Saving Polyron Technologies Inc,[in full dataset],[in full dataset],Weifang,China,[in full dataset],GLOBAL MANPOWER NIGERIA LTD,[in full dataset],[in full dataset],Lagos,Nigeria,[in full dataset],SEA,Main Container Port,Main Container Port,2018,11,2018-11,10299.5,KG,10299.5,11708.7,14294.44,14294.44,13691.08,517.19,86.17,1.33,EUR,59.552,DAP,5.3,757.61,0,757.61,Kuehne+Nagel Brokerage,REF8878568,112,CASES,PKG34211,2550388,Nigeria importer (import)
2706000000,CD201712000001072837,2017-12-02,2017-12-07,import,42,Consumption,270600,"Tar; distilled from coal, lignite or peat, and other mineral tars, whether or not dehydrated or partially distilled, including reconstituted tars",Nigeria,Nigeria,South Korea,NIGERIAN NATIONAL PETROLEUM COMPANY LIMITED,[in full dataset],[in full dataset],Abuja,Nigeria,[in full dataset],E1 Corporation,[in full dataset],[in full dataset],Seoul,South Korea,[in full dataset],SEA,Incheon,Gwangyang,2017,12,2017-12,7073.2,KG,7073.2,7881.2,8314.2,8314.2,7806.29,490.54,17.37,1.1,CNY,24.1129,FOB,5.3,440.65,875.48,1316.13,Expeditors Customs,REF8089446,374,BAGS,PKG59022,114450761,Nigeria exporter (export)
2921420000,CD202201000000015544,2022-01-01,2022-01-15,export,61,Transit,292142,"Amine-function-compounds; aromatic monoamines and their derivatives, aniline derivatives and their salts",Indonesia,Indonesia,Nigeria,PT INDONESIAN ACIDS INDUSTRY,[in full dataset],[in full dataset],Kota Administrasi Jakarta Timur,Indonesia,[in full dataset],ESTERS CATERING AND EVENT MANAGEMENT,[in full dataset],[in full dataset],Lagos,Nigeria,,SEA,Main Container Port,Main Container Port,2022,1,2022-01,8281.9,KG,8281.9,8702.6,6146.3,6146.3,5638.85,462.57,44.88,0.68,USD,1,DAP,6.3,387.22,1306.7,1693.92,CEVA Customs,REF1040854,45,CARTONS,PKG26396,1619811.75,Nigeria importer (import)
4009310000,CD202002000000116391,2020-02-15,2020-02-26,import,51,Re-export,400931,"Rubber; vulcanised (other than hard rubber), tubing, piping and hoses, reinforced or otherwise combined only with textile materials, without fittings",Nigeria,Nigeria,Italy,INDORAMA ELEME PETROCHEMICALS LIMITED,[in full dataset],[in full dataset],Port Harcourt,Nigeria,[in full dataset],SEA RUBBER SRL,[in full dataset],[in full dataset],ADRARA SAN MARTINO,Italy,[in full dataset],AIR,Genoa,La Spezia,2020,2,2020-02,17647,KG,17647,19653,15072.35,15072.35,13693.98,1278.14,100.23,0.78,EUR,95.2196,CIF,10.8,1627.81,3340.03,4967.84,Livingston Intl,REF6591189,123,BAGS,PKG21626,374764.5,Nigeria exporter (export)
2712900000,CD201712000002832733,2017-12-16,2017-12-28,import,42,Re-export,271290,"Paraffin wax; containing by weight 0.75% or more of oil, obtained by synthesis or by other processes, whether or not coloured",Nigeria,Nigeria,Spain,NIGERIAN NATIONAL PETROLEUM COMPANY LIMITED,[in full dataset],[in full dataset],Abuja,Nigeria,[in full dataset],RISEN ENERGY SPAIN SL.,[in full dataset],[in full dataset],ALCOBENDAS,Spain,[in full dataset],ROAD,Barcelona,Algeciras,2017,12,2017-12,268.7,KG,268.7,294.9,64823.76,64823.76,58870.43,5594,359.33,219.09,GBP,58.7042,CFR,5.6,3630.13,3422.69,7052.82,DHL Customs Svc,REF6479141,136,BAGS,PKG19566,484927112.98,Nigeria exporter (export)
2707990000,CD202306000002502266,2023-06-25,2023-06-04,import,51,Warehouse,270799,Oils and other products of the distillation of high temperature coal tar; n.e.c. in heading no. 2707,Nigeria,Nigeria,Netherlands,NIGERIAN NATIONAL PETROLEUM COMPANY LIMITED,[in full dataset],[in full dataset],Abuja,Nigeria,[in full dataset],Qirion B.V.,[in full dataset],[in full dataset],Duiven,Netherlands,[in full dataset],SEA,Amsterdam,Amsterdam,2023,6,2023-06,18936.7,KG,18936.7,21281.2,87683.03,87683.03,79403.97,7807.26,471.8,4.19,USD,1,FCA,4.7,4121.1,9180.41,13301.51,DSV Customs,REF6732753,238,ROLLS,PKG75430,406759751.65,Nigeria exporter (export)
3827200000,CD202409000000002228,2024-09-11,2024-09-23,export,61,Temporary,382720,"Mixtures containing halogenated derivatives of methane, ethane or propane, not elsewhere specified or included; containing bromochlorodifluoromethane (Halon-1211), bromotrifluoromethane (Halon-1301) or dibromotetrafluoroethanes (Halon-2402)",Brazil,Brazil,Nigeria,SIPCAM NICHINO BRASIL S.A.,[in full dataset],[in full dataset],UBERABA,Brazil,[in full dataset],INDORAMA ELEME FERTILIZER & CHEMICALS LIMITED,[in full dataset],[in full dataset],Port Harcourt,Nigeria,[in full dataset],ROAD,Main Container Port,Main Container Port,2024,9,2024-09,11409.6,KG,11409.6,12047.2,2423.47,2423.47,2309.95,107.53,5.99,0.2,GBP,43.0826,FCA,6.3,152.68,257.61,410.29,DHL Customs Svc,REF5296926,279,PALLETS,PKG62747,113802,Nigeria importer (import)
2614000000,CD202502000000035879,2025-02-13,2025-02-27,import,70,Warehouse,261400,Titanium ores and concentrates,Nigeria,Nigeria,Malaysia,RINA CTSI NIGERIA LIMITED,[in full dataset],[in full dataset],Lagos,Nigeria,[in full dataset],TSH RESOURCES BERHAD,[in full dataset],[in full dataset],Kuala Lumpur,Malaysia,[in full dataset],SEA,Penang,Port Klang,2025,2,2025-02,12472.1,KG,12472.1,13207.7,958.47,958.47,893.65,59.28,5.54,0.07,USD,1,DDP,3.4,32.59,49.55,82.14,Flexport Customs,REF7719989,65,CASES,PKG21993,1764612.02,Nigeria exporter (export)
2610000000,CD202604000000000343,2026-04-16,2026-04-26,import,42,Consumption,261000,Chromium ores and concentrates,Nigeria,Nigeria,Brazil,NAGOS PROJECTS LIMITED,[in full dataset],[in full dataset],Port Harcourt,Nigeria,[in full dataset],LOJAS RENNER S.A.,[in full dataset],[in full dataset],PORTO ALEGRE,Brazil,[in full dataset],SEA,Santos,Itajai,2026,4,2026-04,2603.3,KG,2603.3,2904.6,4474.17,4474.17,4135.18,312.77,26.22,1.59,USD,1,FOB,4.6,205.81,468,673.81,Flexport Customs,REF9877245,494,BAGS,PKG98633,486714,Nigeria exporter (export)
2932920000,CD202201000000178523,2022-01-09,2022-01-11,export,40,Transit,293292,"Heterocyclic compounds; with oxygen hetero-atom(s) only, (other than lactones or compounds containing an unfused furan ring (whether or not hydrogenated) in the structure), 1-(1,3-Benzodioxol-5-yl)propan-2-one",China,China,Nigeria,"DSM Vitamins Trading (Shanghai) Co., Ltd.",[in full dataset],[in full dataset],Shanghai,China,,BILE ACIDS NIGERIA LTD,[in full dataset],[in full dataset],Suleja,Nigeria,,SEA,Main Container Port,Main Container Port,2022,1,2022-01,9787.1,KG,9787.1,10665.3,2662.35,2662.35,2557.98,95.43,8.94,0.26,USD,1,CFR,3.8,101.17,552.7,653.87,AN Deringer,REF4992580,262,BALES,PKG23266,19120015,Nigeria importer (import)
4011200000,CD202006000000056537,2020-06-03,2020-06-11,import,10,Re-export,401120,"Rubber; new pneumatic tyres, of a kind used on buses or lorries",Nigeria,Nigeria,Italy,INDORAMA ELEME PETROCHEMICALS LIMITED,[in full dataset],[in full dataset],Port Harcourt,Nigeria,[in full dataset],PIRELLI TYRE SPA,[in full dataset],[in full dataset],MILANO,Italy,[in full dataset],AIR,Gioia Tauro,La Spezia,2020,6,2020-06,4109.4,KG,4109.4,4710.7,18440.58,18440.58,17702.74,663.87,73.97,4.31,USD,1,FCA,12.1,2231.31,0,2231.31,Flexport Customs,REF8382284,127,BULK,PKG26658,188975.82,Nigeria exporter (export)
9026100000,CD202007000000167824,2020-07-08,2020-07-12,export,40,Transit,902610,Instruments and apparatus; for measuring or checking the flow or level of liquids,China,China,Nigeria,"Gree Electric Appliances, Inc. Of Zhuhai",[in full dataset],[in full dataset],Zhuhai,China,[in full dataset],ES - EL40 Limited,[in full dataset],[in full dataset],Lagos,Nigeria,[in full dataset],SEA,Main Container Port,Main Container Port,2020,7,2020-07,4773.4,KG,4773.4,5354.3,84621.37,84621.37,81555.3,2583.26,482.81,17.09,EUR,55.9792,FOB,2.6,2200.16,10418.58,12618.74,Flexport Customs,REF2606615,95,BALES,PKG36385,26092899,Nigeria importer (import)
2613100000,CD202604000000000352,2026-04-05,2026-04-19,import,40,Transit,261310,Molybdenum ores and concentrates; roasted,Nigeria,Nigeria,Brazil,NAGOS PROJECTS LIMITED,[in full dataset],[in full dataset],Port Harcourt,Nigeria,[in full dataset],MAGAZINE LUIZA S/A,[in full dataset],[in full dataset],FRANCA,Brazil,[in full dataset],RAIL,Paranagua,Itajai,2026,4,2026-04,1339.6,KG,1339.6,1383.2,4530.46,4530.46,4168.76,328.72,32.98,3.11,EUR,125.7897,EXW,6.9,312.6,484.31,796.91,AN Deringer,REF4450704,300,ROLLS,PKG21926,486714,Nigeria exporter (export)
9028200000,CD202007000000167707,2020-07-07,2020-07-21,export,51,Consumption,902820,"Meters; liquid supply or production meters, including calibrating meters thereof",China,China,Nigeria,"Gree Electric Appliances, Inc. Of Zhuhai",[in full dataset],[in full dataset],Zhuhai,China,[in full dataset],AYEMERE GALLERY,[in full dataset],[in full dataset],Lagos,Nigeria,[in full dataset],SEA,Main Container Port,Main Container Port,2020,7,2020-07,14203.7,KG,14203.7,15355,232051.65,232051.65,217700.01,13487.73,863.91,15.33,INR,118.4052,CFR,2.6,6033.34,0,6033.34,AN Deringer,REF7011650,9,BALES,PKG79667,26092899,Nigeria importer (import)
4016940000,CD202005000000357896,2020-05-02,2020-05-08,import,61,Re-export,401694,"Rubber; vulcanised (other than hard rubber), boat or dock fenders, whether or not inflatable, of non-cellular rubber",Nigeria,Nigeria,Germany,INDORAMA ELEME PETROCHEMICALS LIMITED,[in full dataset],[in full dataset],Port Harcourt,Nigeria,[in full dataset],BASF SE,[in full dataset],[in full dataset],Ludwigshafen am Rhein,Germany,[in full dataset],SEA,Wilhelmshaven,Bremerhaven,2020,5,2020-05,13497.9,KG,13497.9,13925.6,30852.78,30852.78,29004.33,1748.6,99.85,2.15,USD,1,CIF,7.8,2406.52,1662.96,4069.48,Flexport Customs,REF7976429,489,CASES,PKG27377,1168877.82,Nigeria exporter (export)
2707200000,CD201712000002998068,2017-12-15,2017-12-28,import,10,Re-export,270720,Oils and products of the distillation of high temperature coal tar; toluol (toluene),Nigeria,Nigeria,United States,BELLPOINT ENERGY LIMITED,[in full dataset],[in full dataset],Lekki,Nigeria,[in full dataset],Berkshire Hathaway Energy Company,[in full dataset],[in full dataset],Des Moines,United States,[in full dataset],AIR,"Seattle, WA","Long Beach, CA",2017,12,2017-12,10827.7,KG,10827.7,12339.2,3843.37,3843.37,3559.29,262.92,21.16,0.33,USD,1,CPT,5.7,219.07,406.24,625.31,Livingston Intl,REF2318058,265,CARTONS,PKG51193,551900749,Nigeria exporter (export)
2905130000,CD202304000000045834,2023-04-24,2023-04-09,export,70,Re-export,290513,"Alcohols; saturated monohydric, butan-1-ol (n-butyl alcohol)",South Korea,South Korea,Nigeria,Ether's Dream Act Institute,[in full dataset],[in full dataset],Gyeongsan,South Korea,,ESTER'S BETHEL ENTERPRISE,[in full dataset],[in full dataset],Olomore,Nigeria,,SEA,Main Container Port,Main Container Port,2023,4,2023-04,22738.7,KG,22738.7,23637,47129.71,47129.71,43899.81,3062.48,167.42,1.93,GBP,61.3937,CPT,4.3,2026.58,3440.94,5467.52,Expeditors Customs,REF4930025,381,ROLLS,PKG81505,5048193,Nigeria importer (import)
8802400000,CD201905000000006272,2019-05-07,2019-05-15,export,40,Re-export,880240,"Aeroplanes and other aircraft, except unmanned; of an unladen weight exceeding 15,000kg",United States,United States,Nigeria,"V2X, Inc.",[in full dataset],[in full dataset],Reston,United States,[in full dataset],SG HOLDINGS LIMITED,[in full dataset],[in full dataset],Lekki,Nigeria,[in full dataset],ROAD,Main Container Port,Main Container Port,2019,5,2019-05,3184.2,KG,3184.2,3460.5,146323.38,146323.38,139748.28,6299.5,275.6,43.89,INR,98.3837,CFR,0,0,21948.51,21948.51,Livingston Intl,REF9802121,160,PALLETS,PKG88309,5189510,Nigeria importer (import)
8429400000,CD201606000000234728,2016-06-13,2016-06-15,export,40,Re-export,842940,Tamping machines and road rollers; self-propelled,Italy,Italy,Nigeria,ENI PLENITUDE SPA SB,[in full dataset],[in full dataset],MILANO,Italy,[in full dataset],HERITON TRADE LIMITED,[in full dataset],[in full dataset],Warri,Nigeria,[in full dataset],SEA,Main Container Port,Main Container Port,2016,6,2016-06,9120.2,KG,9120.2,10440.8,36670.71,36670.71,34498.35,1925.88,246.48,3.78,INR,76.2184,DAP,1.9,696.74,0,696.74,DB Schenker Customs,REF8488365,97,ROLLS,PKG38019,14859640.01,Nigeria importer (import)
0407190000,CD202602000000088327,2026-02-18,2026-02-05,export,42,Temporary,040719,"Birds' eggs, in shell; fresh, fertilised eggs for incubation, other than fowls of the species Gallus domesticus (domestic hens)",Netherlands,Netherlands,Nigeria,kaas.nl B.V.,[in full dataset],[in full dataset],Bodegraven,Netherlands,[in full dataset],FAN MILK LTD,[in full dataset],[in full dataset],Lagos,Nigeria,[in full dataset],SEA,Main Container Port,Main Container Port,2026,2,2026-02,9157.6,KG,9157.6,9562.6,14713.74,14713.74,13932.89,687.8,93.05,1.52,USD,1,DDP,12.5,1839.22,2979.53,4818.75,Flexport Customs,REF6774955,491,CRATES,PKG55304,2585962.9,Nigeria importer (import)
2612200000,CD202502000000035872,2025-02-01,2025-02-10,import,10,Re-export,261220,Thorium ores and concentrates,Nigeria,Nigeria,Malaysia,PANALPINA WORLD TRANSPORT (NIGERIA) LTD,[in full dataset],[in full dataset],Lagos,Nigeria,[in full dataset],7-ELEVEN MALAYSIA HOLDINGS BERHAD,[in full dataset],[in full dataset],Kuala Lumpur,Malaysia,[in full dataset],AIR,Tanjung Pelepas,Penang,2025,2,2025-02,4341.6,KG,4341.6,4955.1,11897.78,11897.78,10762.43,1072.06,63.29,2.48,USD,1,CPT,4.5,535.4,2486.64,3022.04,Kuehne+Nagel Brokerage,REF7635972,137,ROLLS,PKG19801,1764612.02,Nigeria exporter (export)
2613100000,CD202502000000001051,2025-02-27,2025-02-12,import,51,Transit,261310,Molybdenum ores and concentrates; roasted,Nigeria,Nigeria,Belgium,DE WAYLE'S INTERNATIONAL LIMITED,[in full dataset],[in full dataset],Warri,Nigeria,[in full dataset],Import Poelmans,[in full dataset],[in full dataset],Herenthout,Belgium,[in full dataset],SEA,Zeebrugge,Antwerp,2025,2,2025-02,6511.4,KG,6511.4,6844,953.62,953.62,919.45,29.55,4.62,0.14,CNY,107.968,EXW,4.5,42.91,149.48,192.39,AN Deringer,REF9950053,353,CARTONS,PKG40315,57673.65,Nigeria exporter (export)
1302200000,CD201508000000019488,2015-08-11,2015-08-24,export,42,Temporary,130220,Pectic substances; pectinates and pectates,Germany,Germany,Nigeria,Natural Gums Dr. W. Agster GmbH,[in full dataset],[in full dataset],Reutlingen,Germany,[in full dataset],MAHAD ALLAHU ASBY SCHOOL ARABIC AND ISLAMIC STUDIES LTD,[in full dataset],[in full dataset],Gaa,Nigeria,,AIR,Main Container Port,Main Container Port,2015,8,2015-08,17125.1,KG,17125.1,19491.3,11006.07,11006.07,10198.68,776.57,30.82,0.6,INR,114.0664,CPT,6.1,671.37,1167.74,1839.11,DHL Customs Svc,REF9923300,372,PALLETS,PKG7612,566873.73,Nigeria importer (import)
8806910000,CD201905000000000055,2019-05-26,2019-05-13,export,51,Temporary,880691,Unmanned aircraft; for other than remote-controlled flight and other than for carriage of passengers with a maximum take-off weight not more than 250g,Poland,Poland,Nigeria,LOT AIRCRAFT MAINTENANCE SERVICES SP Z O O,[in full dataset],[in full dataset],Warszawa,Poland,[in full dataset],SG HOLDINGS LIMITED,[in full dataset],[in full dataset],Lekki,Nigeria,[in full dataset],ROAD,Main Container Port,Main Container Port,2019,5,2019-05,20645.9,KG,20645.9,21134.3,1888.01,1888.01,1777,99.83,11.18,0.09,USD,1,CPT,0,0,377.6,377.6,AN Deringer,REF2805008,2,BAGS,PKG91909,1777,Nigeria importer (import)
4010340000,CD202002000000010903,2020-02-20,2020-02-03,import,40,Warehouse,401034,"Rubber; vulcanised, endless transmission belts of trapezoidal cross-section (V-belts), other than V-ribbed, of an outside circumference exceeding 180cm but not exceeding 240 cm",Nigeria,Nigeria,Brazil,THE OKOMU OIL PALM COMPANY PLC,[in full dataset],[in full dataset],Edo,Nigeria,[in full dataset],CPX DISTRIBUIDORA S.A.,[in full dataset],[in full dataset],ITAJAI,Brazil,[in full dataset],ROAD,Santos,Paranagua,2020,2,2020-02,19631.9,KG,19631.9,21799.2,31993.03,31993.03,29642,2310.44,40.59,1.51,JPY,38.6392,DDP,12.6,4031.12,7204.83,11235.95,DSV Customs,REF5384606,193,BAGS,PKG68381,29642,Nigeria exporter (export)
2607000000,CD202502000000035882,2025-02-15,2025-02-20,import,42,Re-export,260700,Lead ores and concentrates,Nigeria,Nigeria,Malaysia,FENOG NIGERIA LIMITED,[in full dataset],[in full dataset],Warri,Nigeria,[in full dataset],DIALOG GROUP BERHAD,[in full dataset],[in full dataset],Petaling Jaya,Malaysia,[in full dataset],ROAD,Penang,Tanjung Pelepas,2025,2,2025-02,759.8,KG,759.8,791.2,11161.05,11161.05,10488.18,595.32,77.55,13.8,INR,98.723,DDP,3.5,390.64,1155.17,1545.81,DB Schenker Customs,REF7406096,415,DRUMS,PKG96913,1764612.02,Nigeria exporter (export)
4012209000,CD201804000000103421,2018-04-02,2018-04-15,import,61,Temporary,401220,Rubber; used pneumatic tyres,Nigeria,Nigeria,China,INDORAMA ELEME PETROCHEMICALS LIMITED,[in full dataset],[in full dataset],Port Harcourt,Nigeria,[in full dataset],"Blue Sail Medical Co., Ltd.",[in full dataset],[in full dataset],Zibo,China,[in full dataset],ROAD,Yingkou,Yingkou,2018,4,2018-04,7045.9,KG,7045.9,7199.9,38494.42,38494.42,35257.19,3021.6,215.63,5,USD,1,FOB,9.9,3810.95,6345.81,10156.76,DB Schenker Customs,REF4294362,318,DRUMS,PKG82986,299263,Nigeria exporter (export)
2613900000,CD201912000000182657,2019-12-05,2019-12-08,import,70,Re-export,261390,Molybdenum ores and concentrates; other than roasted,Nigeria,Nigeria,China,RINA CTSI NIGERIA LIMITED,[in full dataset],[in full dataset],Lagos,Nigeria,[in full dataset],Easyhome New Retail Group Corporation Limited,[in full dataset],[in full dataset],Beijing,China,[in full dataset],SEA,Yingkou,Dalian,2019,12,2019-12,19773.2,KG,19773.2,20374.8,12291.41,12291.41,11535.14,689.43,66.84,0.58,GBP,53.0249,DAP,6.3,774.36,2351.84,3126.2,DSV Customs,REF7002027,395,DRUMS,PKG42224,9075130,Nigeria exporter (export)
1512210000,CD201607000000361421,2016-07-16,2016-07-22,import,42,Consumption,151221,"Vegetable oils; cotton-seed oil and its fractions; crude, whether or not gossypol has been removed, not chemically modified",Nigeria,Nigeria,Germany,GLORIA MARGARINE COMPANY,[in full dataset],[in full dataset],Aba,Nigeria,,Tallow GmbH,[in full dataset],[in full dataset],Gerlingen,Germany,,AIR,Bremerhaven,Hamburg,2016,7,2016-07,6960.4,KG,6960.4,7690.6,36675.35,36675.35,34413.59,1988.31,273.45,4.94,JPY,8.8473,DAP,3.1,1136.94,0,1136.94,CEVA Customs,REF7178080,85,DRUMS,PKG29623,2543876.47,Nigeria exporter (export)
2905320000,CD202201000000025924,2022-01-15,2022-01-24,export,70,Temporary,290532,"Alcohols; acyclic, diols; propylene glycol (propane-1, 2-diol)",Brazil,Brazil,Nigeria,DANIEL IGOR MENDOZA QUINONES,[in full dataset],[in full dataset],SANTO ANDRE,Brazil,,ESTERS CATERING AND EVENT MANAGEMENT,[in full dataset],[in full dataset],Lagos,Nigeria,,ROAD,Main Container Port,Main Container Port,2022,1,2022-01,21485.8,KG,21485.8,22485.1,14062.06,14062.06,13111.38,928.05,22.63,0.61,CNY,34.0666,CFR,5.9,829.66,0,829.66,DHL Customs Svc,REF8621403,127,DRUMS,PKG53776,2677486,Nigeria importer (import)
1302110000,CD201507000000010291,2015-07-14,2015-07-27,import,51,Warehouse,130211,Vegetable saps and extracts; opium,Nigeria,Nigeria,Germany,MARKAZ ABDULLATEEF FOR QURANIC MEMORIZATION & ARABIC STUDIES LIMITED,[in full dataset],[in full dataset],Ogba,Nigeria,,ATS Arabic Travel Service GmbH,[in full dataset],[in full dataset],Berlin,Germany,,SEA,Bremerhaven,Wilhelmshaven,2015,7,2015-07,4330.9,KG,4330.9,4603.4,35305.09,35305.09,32100.21,3118.04,86.84,7.41,CNY,95.6923,EXW,3.7,1306.29,5491.71,6798,DSV Customs,REF7379673,181,PALLETS,PKG3269,274420.57,Nigeria exporter (export)
2922429000,CD202201000000009261,2022-01-04,2022-01-09,export,70,Temporary,292242,"Amino-acids, other than those containing more than one kind of oxygen function, and their esters; glutamic acid and its esters; salts thereof",Germany,Germany,Nigeria,INEOS Phenol GmbH,[in full dataset],[in full dataset],Gladbeck,Germany,[in full dataset],BILE ACIDS NIGERIA LTD,[in full dataset],[in full dataset],Suleja,Nigeria,,RAIL,Main Container Port,Main Container Port,2022,1,2022-01,15412.2,KG,15412.2,17085.4,4697.26,4697.26,4356.28,306.69,34.29,0.28,CNY,16.5539,CPT,6.5,305.32,0,305.32,Livingston Intl,REF6117452,381,BAGS,PKG95031,1018852.73,Nigeria importer (import)
2621900000,CD202210000000271154,2022-10-06,2022-10-18,import,10,Transit,262190,Slag and ash n.e.c. in chapter 26; including seaweed ash (kelp) but excluding ash and residues from the incineration of municipal waste,Nigeria,Nigeria,China,TRANSPORT SERVICES LIMITED,[in full dataset],[in full dataset],Ikoyi,Nigeria,[in full dataset],NYOCOR Company Limited,[in full dataset],[in full dataset],Beijing,China,[in full dataset],AIR,Yingkou,Tianjin,2022,10,2022-10,8631.6,KG,8631.6,9104.9,1206.34,1206.34,1145.81,57.13,3.4,0.13,USD,1,CIF,4.1,49.46,188.37,237.83,CEVA Customs,REF8404154,91,BULK,PKG61474,14307299,Nigeria exporter (export)
5205210000,CD202602000000000426,2026-02-05,2026-02-11,import,40,Consumption,520521,"Cotton yarn; (not sewing thread), single, of combed fibres, 85% or more by weight of cotton, measuring 714.29 decitex or more, (not exceeding 14 metric number), not for retail sale",Nigeria,Nigeria,Brazil,WACOT LIMITED,[in full dataset],[in full dataset],Ikeja,Nigeria,[in full dataset],COTTON STAR INDUSTRIAL LTDA,[in full dataset],[in full dataset],BLUMENAU,Brazil,,SEA,Suape,Rio Grande,2026,2,2026-02,21396,KG,21396,22392.2,8328.91,8328.91,7622,676.52,30.39,0.36,CNY,125.3933,FCA,12.8,1066.1,1879,2945.1,Kuehne+Nagel Brokerage,REF1499668,69,CASES,PKG40194,7622,Nigeria exporter (export)
1301200000,CD201502000000019682,2015-02-22,2015-02-09,export,42,Consumption,130120,Gum Arabic,United Kingdom,United Kingdom,Nigeria,CHAUMET (LONDON) LIMITED,[in full dataset],[in full dataset],LONDON,United Kingdom,[in full dataset],DARUL-MUQINEEN ARABIC AND ISLAMIC CENTRE,[in full dataset],[in full dataset],Isheri,Nigeria,,SEA,Main Container Port,Main Container Port,2015,2,2015-02,3083.7,KG,3083.7,3349.2,3594.91,3594.91,3474.97,95.03,24.91,1.13,USD,1,DAP,6.4,230.07,0,230.07,Expeditors Customs,REF9874187,316,CRATES,PKG66654,578587.64,Nigeria importer (import)
8540110000,CD201705000001278082,2017-05-27,2017-05-01,export,51,Transit,854011,"Tubes; cathode-ray television picture tubes, including video monitor cathode-ray tubes, colour",China,China,Nigeria,"Shannon Semiconductor Technology Co.,Ltd.",[in full dataset],[in full dataset],Shenzhen,China,[in full dataset],JUBAILI BROS ENGINEERING LIMITED,[in full dataset],[in full dataset],Ikeja,Nigeria,[in full dataset],RAIL,Main Container Port,Main Container Port,2017,5,2017-05,9000.9,KG,9000.9,9182.1,92933.87,92933.87,89195.86,3358.91,379.1,9.91,GBP,62.5926,CIF,1.9,1765.74,18939.92,20705.66,DSV Customs,REF4028354,440,CRATES,PKG64432,130976781,Nigeria importer (import)
2619000000,CD202210000000020370,2022-10-12,2022-10-25,import,61,Temporary,261900,"Slag, dross; (other than granulated slag), scalings and other waste from the manufacture of iron or steel",Nigeria,Nigeria,Hong Kong,PRIME ATLANTIC CEGELEC NIGERIA LIMITED,[in full dataset],[in full dataset],Victoria Island,Nigeria,[in full dataset],WISON ENGINEERING SERVICES CO. LTD.,[in full dataset],[in full dataset],Wan Chai,Hong Kong,[in full dataset],AIR,Hong Kong (Kwai Tsing),Hong Kong (Kwai Tsing),2022,10,2022-10,3154.2,KG,3154.2,3302.4,18205.11,18205.11,17306.57,838.55,59.99,5.49,GBP,55.8957,FCA,6,1092.31,3859.48,4951.79,DSV Customs,REF2616470,264,CASES,PKG51943,810087.83,Nigeria exporter (export)
2711120000,CD202306000002089130,2023-06-04,2023-06-13,import,10,Warehouse,271112,"Petroleum gases and other gaseous hydrocarbons; liquefied, propane",Nigeria,Nigeria,Poland,NIGERIAN NATIONAL PETROLEUM COMPANY LIMITED,[in full dataset],[in full dataset],Abuja,Nigeria,[in full dataset],OKTAN ENERGY & V L SERVICE SP Z O O,[in full dataset],[in full dataset],Szczecin,Poland,[in full dataset],ROAD,Gdynia,Gdansk,2023,6,2023-06,22937.7,KG,22937.7,25877.2,44013.51,44013.51,42421.54,1288.5,303.47,1.85,USD,1,EXW,3.5,1540.47,2277.7,3818.17,DSV Customs,REF3331500,347,CARTONS,PKG62064,306441474,Nigeria exporter (export)
2619000000,CD202210000000270562,2022-10-01,2022-10-12,import,10,Consumption,261900,"Slag, dross; (other than granulated slag), scalings and other waste from the manufacture of iron or steel",Nigeria,Nigeria,China,PANALPINA WORLD TRANSPORT (NIGERIA) LTD,[in full dataset],[in full dataset],Lagos,Nigeria,[in full dataset],"Shenzhen Xixi Miya Apparel Co., Ltd.",[in full dataset],[in full dataset],Shenzhen,China,,ROAD,Xiamen,Xiamen,2022,10,2022-10,5020.9,KG,5020.9,5663.6,22694.5,22694.5,20694.43,1888.69,111.38,4.12,USD,1,CIF,5.8,1316.28,1200.54,2516.82,Expeditors Customs,REF7264373,188,CASES,PKG44469,14307299,Nigeria exporter (export)
2604000000,CD201912000000082919,2019-12-19,2019-12-03,import,40,Temporary,260400,Nickel ores and concentrates,Nigeria,Nigeria,Malaysia,Vigeo Holdings Limited,[in full dataset],[in full dataset],Lagos,Nigeria,[in full dataset],MUHIBBAH ENGINEERING (M) BHD.,[in full dataset],[in full dataset],Klang,Malaysia,[in full dataset],RAIL,Port Klang,Penang,2019,12,2019-12,8698.1,KG,8698.1,9673.8,588.84,588.84,563.47,22.21,3.16,0.06,GBP,89.9838,CIF,3.7,21.79,0,21.79,DSV Customs,REF4729813,295,BAGS,PKG47294,4040293.33,Nigeria exporter (export)
1302320000,CD201508000000006185,2015-08-22,2015-08-09,export,42,Re-export,130232,"Mucilages and thickeners; whether or not modified, derived from locust beans, locust bean seeds or guar seeds",United Kingdom,United Kingdom,Nigeria,CHAUMET (LONDON) LIMITED,[in full dataset],[in full dataset],LONDON,United Kingdom,[in full dataset],MAHAD ALLAHU ASBY SCHOOL ARABIC AND ISLAMIC STUDIES LTD,[in full dataset],[in full dataset],Gaa,Nigeria,,RAIL,Main Container Port,Main Container Port,2015,8,2015-08,17045.1,KG,17045.1,19424.4,13657,13657,12941.05,680.75,35.2,0.76,JPY,8.5381,DAP,3.9,532.62,2837.92,3370.54,Kuehne+Nagel Brokerage,REF4269387,129,ROLLS,PKG10321,156692.03,Nigeria importer (import)
2618000000,CD202109000000226796,2021-09-02,2021-09-15,import,10,Transit,261800,"Slag, granulated (slag sand); from the manufacture or iron or steel",Nigeria,Nigeria,Malaysia,TRANSPORT SERVICES LIMITED,[in full dataset],[in full dataset],Ikoyi,Nigeria,[in full dataset],DIALOG GROUP BERHAD,[in full dataset],[in full dataset],Petaling Jaya,Malaysia,[in full dataset],SEA,Tanjung Pelepas,Penang,2021,9,2021-09,23326.5,KG,23326.5,24150.3,2863.83,2863.83,2779.2,81.41,3.22,0.12,USD,1,CPT,4.1,117.42,596.25,713.67,AN Deringer,REF1879715,183,BAGS,PKG3784,12900926.17,Nigeria exporter (export)
4005990000,CD201804000000115272,2018-04-21,2018-04-25,import,70,Warehouse,400599,"Rubber; unvulcanised, (compounded other than with carbon black or silica), in primary forms, (other than plates, sheets, strip, solutions or dispersions)",Nigeria,Nigeria,Poland,INDORAMA ELEME PETROCHEMICALS LIMITED,[in full dataset],[in full dataset],Port Harcourt,Nigeria,[in full dataset],DAIMLER TRUCK POLSKA SP Z O O,[in full dataset],[in full dataset],Warszawa,Poland,[in full dataset],SEA,Gdynia,Gdynia,2018,4,2018-04,20138.7,KG,20138.7,21793.6,20129.66,20129.66,19079.57,1003.9,46.19,0.95,USD,1,CPT,6.3,1268.17,2567.74,3835.91,AN Deringer,REF4432554,4,BULK,PKG92997,332124,Nigeria exporter (export)
2924210000,CD202304000000161491,2023-04-22,2023-04-02,export,51,Warehouse,292421,"Cyclic amides (including cyclic carbamates) and their derivatives, ureines and their derivatives; salts thereof",China,China,Nigeria,"DSM Vitamins (Shandong) Co., Ltd.",[in full dataset],[in full dataset],Liaocheng,China,,ESTER'S BETHEL ENTERPRISE,[in full dataset],[in full dataset],Olomore,Nigeria,,SEA,Main Container Port,Main Container Port,2023,4,2023-04,11122.5,KG,11122.5,11923.3,31805.68,31805.68,29976.84,1706.36,122.48,2.7,CNY,26.3606,CPT,3.5,1113.2,2304.32,3417.52,DSV Customs,REF1024565,200,CARTONS,PKG48574,18274065,Nigeria importer (import)
2614000000,CD202412000000871714,2024-12-06,2024-12-11,import,10,Transit,261400,Titanium ores and concentrates,Nigeria,Nigeria,China,Vigeo Holdings Limited,[in full dataset],[in full dataset],Lagos,Nigeria,[in full dataset],"Shanghai New World Co.,Ltd.",[in full dataset],[in full dataset],Shanghai,China,,RAIL,Shanghai,Xiamen,2024,12,2024-12,7364.1,KG,7364.1,7933.4,212.16,212.16,200,11.37,0.79,0.03,USD,1,DDP,3.7,7.85,0,7.85,Descartes,REF5659562,92,BAGS,PKG9866,70218400,Nigeria exporter (export)
2608000000,CD202502000000029927,2025-02-07,2025-02-14,import,42,Re-export,260800,Zinc ores and concentrates,Nigeria,Nigeria,Hong Kong,PILGRIMS AFRICA LIMITED,[in full dataset],[in full dataset],Victoria Island,Nigeria,[in full dataset],"Shanghai Chicmax Cosmetic Co., Ltd.",[in full dataset],[in full dataset],Kwun Tong,Hong Kong,[in full dataset],RAIL,Hong Kong (Kwai Tsing),Hong Kong (Kwai Tsing),2025,2,2025-02,19755.4,KG,19755.4,21119.6,1862.03,1862.03,1742.87,111.84,7.32,0.09,USD,1,CFR,6.8,126.62,0,126.62,Kuehne+Nagel Brokerage,REF7348423,42,BALES,PKG13254,1441546.72,Nigeria exporter (export)
2703000000,CD201712000002835855,2017-12-23,2017-12-06,import,40,Re-export,270300,"Peat; (including peat litter), whether or not agglomerated",Nigeria,Nigeria,Spain,LEVENE ENERGY DEVELOPMENT LIMITED,[in full dataset],[in full dataset],Ikoyi,Nigeria,[in full dataset],REPSOL SOLUCIONES ENERGETICAS SA.,[in full dataset],[in full dataset],MADRID,Spain,[in full dataset],AIR,Algeciras,Algeciras,2017,12,2017-12,9892.2,KG,9892.2,10103.1,931.47,931.47,899.48,29.81,2.18,0.09,CNY,21.9857,DDP,7,65.2,179.4,244.6,CEVA Customs,REF2265297,464,BAGS,PKG74047,484927112.98,Nigeria exporter (export)
2710990000,CD201712000001095507,2017-12-04,2017-12-17,import,61,Transit,271099,"Waste Oils; of petroleum or obtained from bituminous minerals, not crude and preparations n.e.c., weight 70% or preparations of the same, not containing polychlorinated biphenyls (PCBs), polychorinated terphenyls (PCTs) or polybrominated biphenyls (PBBs)",Nigeria,Nigeria,Netherlands,NIGERIAN NATIONAL PETROLEUM COMPANY LIMITED,[in full dataset],[in full dataset],Abuja,Nigeria,[in full dataset],Azule Energy Angola B.V.,[in full dataset],[in full dataset],Amsterdam,Netherlands,,ROAD,Amsterdam,Rotterdam,2017,12,2017-12,22316.3,KG,22316.3,23239.4,90905.42,90905.42,84250.44,6053.29,601.69,3.78,INR,55.6797,FCA,6.6,5999.76,4845.26,10845.02,Flexport Customs,REF7303023,163,PALLETS,PKG76334,117950921.61,Nigeria exporter (export)
7305319000,CD202505000000121437,2025-05-12,2025-05-15,export,61,Consumption,730531,"Iron or steel (excluding cast iron); tubes and pipes (other than line pipe or casing of a kind used for oil or gas pipelines), longitudinally welded, having circular cross-sections, external diameter exceeds 406.4mm, (not seamless)",United States,United States,Nigeria,"SPS Technologies, LLC",[in full dataset],[in full dataset],Jenkintown,United States,[in full dataset],QUALCHEM GLOBAL CONCEPT LTD,[in full dataset],[in full dataset],Lagos,Nigeria,[in full dataset],SEA,Main Container Port,Main Container Port,2025,5,2025-05,19130.6,KG,19130.6,21286,2172.04,2172.04,2027.03,136.49,8.52,0.11,EUR,46.7558,CIF,8.1,175.94,281.76,457.7,Livingston Intl,REF1473223,258,ROLLS,PKG61295,5306681,Nigeria importer (import)
2931450000,CD202201000000178612,2022-01-09,2022-01-16,export,61,Transit,293145,Non-halogenated organo-phosphorous derivatives; salt of methylphosphonic acid and (aminominomethyl) urea (1:1),China,China,Nigeria,"DSM Vitamins (Sichuan) Co., Ltd.",[in full dataset],[in full dataset],Chengdu,China,[in full dataset],BILE ACIDS NIGERIA LTD,[in full dataset],[in full dataset],Suleja,Nigeria,,AIR,Main Container Port,Main Container Port,2022,1,2022-01,21640.7,KG,21640.7,23406.9,60148.32,60148.32,55861.79,3966.7,319.83,2.58,USD,1,CFR,3.6,2165.34,11216.46,13381.8,DSV Customs,REF1771129,290,BAGS,PKG69529,19120015,Nigeria importer (import)
1503000000,CD201607000000361391,2016-07-01,2016-07-15,import,40,Warehouse,150300,"Lard stearin, lard oil, oleostearin, oleo-oil and tallow oil; not emulsified or mixed or otherwise prepared",Nigeria,Nigeria,Germany,GLORIA MARGARINE COMPANY,[in full dataset],[in full dataset],Aba,Nigeria,,Kunibert Rape GmbH,[in full dataset],[in full dataset],Diepholz,Germany,[in full dataset],AIR,Wilhelmshaven,Wilhelmshaven,2016,7,2016-07,24972.8,KG,24972.8,28352.9,8710.16,8710.16,8125.64,564.71,19.81,0.33,USD,1,FOB,6.1,531.32,0,531.32,DHL Customs Svc,REF3884539,157,CRATES,PKG39130,2543876.47,Nigeria exporter (export)
2606000000,CD202412000000864096,2024-12-20,2024-12-27,import,40,Re-export,260600,Aluminium ores and concentrates,Nigeria,Nigeria,China,QUIDAX TECHNOLOGIES LIMITED,[in full dataset],[in full dataset],Lekki,Nigeria,[in full dataset],"Chongqing Department Store Co.,Ltd.",[in full dataset],[in full dataset],Chongqing,China,[in full dataset],SEA,Xiamen,Qingdao,2024,12,2024-12,13508.8,KG,13508.8,15249.9,531.09,531.09,514.06,13.88,3.15,0.04,JPY,2.772,DDP,4.7,24.96,83.41,108.37,Expeditors Customs,REF8140642,271,BALES,PKG47063,70218400,Nigeria exporter (export)
8528690000,CD201705000001278980,2017-05-11,2017-05-24,export,51,Temporary,852869,"Projectors; n.e.c. in subheading 8528.62, whether or not colour",China,China,Nigeria,BYD Company Limited,[in full dataset],[in full dataset],Shenzhen,China,[in full dataset],SEAMFIX LIMITED,[in full dataset],[in full dataset],Lagos,Nigeria,[in full dataset],SEA,Main Container Port,Main Container Port,2017,5,2017-05,2545,KG,2545,2656.7,70588.68,70588.68,64135.49,6258.98,194.21,25.2,USD,1,DDP,2.3,1623.54,5054.86,6678.4,Kuehne+Nagel Brokerage,REF5688327,159,CARTONS,PKG77455,130976781,Nigeria importer (import)
8802400000,CD201905000000010679,2019-05-20,2019-05-05,export,10,Warehouse,880240,"Aeroplanes and other aircraft, except unmanned; of an unladen weight exceeding 15,000kg",Singapore,Singapore,Nigeria,ROCKWELL COLLINS SOUTHEAST ASIA PTE. LTD.,[in full dataset],[in full dataset],Singapore,Singapore,[in full dataset],SG HOLDINGS LIMITED,[in full dataset],[in full dataset],Lekki,Nigeria,[in full dataset],AIR,Main Container Port,Main Container Port,2019,5,2019-05,7490.7,KG,7490.7,8449.6,13128.08,13128.08,12720.84,377.95,29.29,1.7,USD,1,DDP,0,0,1575.37,1575.37,DB Schenker Customs,REF1489285,59,CASES,PKG20515,10905835.8,Nigeria importer (import)
2613900000,CD202604000000000342,2026-04-24,2026-04-28,import,61,Temporary,261390,Molybdenum ores and concentrates; other than roasted,Nigeria,Nigeria,Brazil,PRIME ATLANTIC CEGELEC NIGERIA LIMITED,[in full dataset],[in full dataset],Victoria Island,Nigeria,[in full dataset],BRINK'S SEGURANCA E TRANSPORTE DE VALORES LTDA,[in full dataset],[in full dataset],SAO PAULO,Brazil,,SEA,Suape,Santos,2026,4,2026-04,18313.8,KG,18313.8,19950.9,1498.88,1498.88,1378.11,112.96,7.81,0.08,INR,49.9025,DAP,6.6,98.93,319.56,418.49,DSV Customs,REF4471110,105,ROLLS,PKG9234,486714,Nigeria exporter (export)
8806930000,CD201905000000006285,2019-05-25,2019-05-07,export,61,Transit,880693,Unmanned aircraft; for other than remote-controlled flight and other than for carriage of passengers with a maximum take-off weight more than 7kg but not more than 25kg,United States,United States,Nigeria,T&W AIRCRAFT ELECTRICAL LLC,[in full dataset],[in full dataset],Valrico,United States,[in full dataset],SG HOLDINGS LIMITED,[in full dataset],[in full dataset],Lekki,Nigeria,[in full dataset],SEA,Main Container Port,Main Container Port,2019,5,2019-05,5264.7,KG,5264.7,5414.2,3933.14,3933.14,3797.1,132.22,3.82,0.72,USD,1,CFR,0,0,393.31,393.31,Flexport Customs,REF1255089,65,PALLETS,PKG90898,5189510,Nigeria importer (import)
1301200000,CD201507000000023760,2015-07-12,2015-07-14,export,51,Temporary,130120,Gum Arabic,United Kingdom,United Kingdom,Nigeria,CHAUMET (LONDON) LIMITED,[in full dataset],[in full dataset],LONDON,United Kingdom,[in full dataset],SHAIBATULHAMDI COLLEGE FOR ARABIC AND ISLAMIC STUDIES LTD,[in full dataset],[in full dataset],Azare,Nigeria,,SEA,Main Container Port,Main Container Port,2015,7,2015-07,12672.4,KG,12672.4,14537.4,62280.8,62280.8,60236.41,1751.81,292.58,4.75,USD,1,CIF,3.4,2117.55,3219.92,5337.47,Flexport Customs,REF7941491,152,CARTONS,PKG87950,742006.77,Nigeria importer (import)
4002990000,CD202008000000151330,2020-08-07,2020-08-11,import,40,Warehouse,400299,"Rubber; synthetic, n.e.c. in heading 4002, (other than latex), in primary forms or in plates, sheets or strip",Nigeria,Nigeria,China,INDORAMA ELEME PETROCHEMICALS LIMITED,[in full dataset],[in full dataset],Port Harcourt,Nigeria,[in full dataset],"GuiZhou Tyre Co.,Ltd.",[in full dataset],[in full dataset],Guiyang,China,[in full dataset],SEA,Shanghai,Yingkou,2020,8,2020-08,3426.2,KG,3426.2,3614.6,43665.06,43665.06,41495.09,1951.2,218.77,12.11,USD,1,CIF,7.1,3100.22,7014.79,10115.01,CEVA Customs,REF7552249,194,PALLETS,PKG13319,481824,Nigeria exporter (export)
2612100000,CD202210000000270887,2022-10-14,2022-10-21,import,51,Temporary,261210,Uranium ores and concentrates,Nigeria,Nigeria,China,DE WAYLE'S INTERNATIONAL LIMITED,[in full dataset],[in full dataset],Warri,Nigeria,[in full dataset],"FESCO Group Co., Ltd",[in full dataset],[in full dataset],Beijing,China,[in full dataset],RAIL,Ningbo-Zhoushan,Xiamen,2022,10,2022-10,24304.1,KG,24304.1,27717.2,91923.3,91923.3,87551.53,4075.8,295.97,3.6,EUR,38.4003,DAP,6.7,6158.86,6865.75,13024.61,CEVA Customs,REF6208719,322,PALLETS,PKG87049,14307299,Nigeria exporter (export)
2610000000,CD201912000000083038,2019-12-02,2019-12-04,import,42,Re-export,261000,Chromium ores and concentrates,Nigeria,Nigeria,Malaysia,RINA CTSI NIGERIA LIMITED,[in full dataset],[in full dataset],Lagos,Nigeria,[in full dataset],DIALOG GROUP BERHAD,[in full dataset],[in full dataset],Petaling Jaya,Malaysia,[in full dataset],AIR,Penang,Tanjung Pelepas,2019,12,2019-12,11460.2,KG,11460.2,12939.5,9168.32,9168.32,8376.1,754.22,38,0.73,USD,1,DAP,5,458.42,1925.35,2383.77,DB Schenker Customs,REF8341721,134,CARTONS,PKG73850,4040293.33,Nigeria exporter (export)
2611000000,CD202502000000030023,2025-02-03,2025-02-06,import,40,Re-export,261100,Tungsten ores and concentrates,Nigeria,Nigeria,Hong Kong,TRANSNATIONAL CORPORATION PLC,[in full dataset],[in full dataset],Lagos,Nigeria,[in full dataset],HENDERSON LAND DEVELOPMENT COMPANY LIMITED,[in full dataset],[in full dataset],Central District,Hong Kong,[in full dataset],ROAD,Hong Kong (Kwai Tsing),Hong Kong (Kwai Tsing),2025,2,2025-02,13251.1,KG,13251.1,13829.5,6930.89,6930.89,6331.06,561.12,38.71,0.48,USD,1,EXW,4.4,304.96,1447.17,1752.13,DB Schenker Customs,REF9302194,447,BULK,PKG10539,1441546.72,Nigeria exporter (export)
1302140000,CD201505000000012060,2015-05-17,2015-05-19,import,40,Transit,130214,Vegetable saps and extracts; of ephedra,Nigeria,Nigeria,Germany,ARABIC TEACHERS' COLLEGE KEFFI LTD,[in full dataset],[in full dataset],Keffi,Nigeria,,Natural Gums Dr. W. Agster GmbH,[in full dataset],[in full dataset],Reutlingen,Germany,[in full dataset],ROAD,Hamburg,Hamburg,2015,5,2015-05,6889.4,KG,6889.4,7249.2,11069.38,11069.38,10390.48,649.88,29.02,1.51,GBP,18.6443,DDP,5.4,597.75,583.36,1181.11,AN Deringer,REF8610895,108,CASES,PKG93217,326233.39,Nigeria exporter (export)
1301200000,CD201511000000007938,2015-11-13,2015-11-28,import,42,Consumption,130120,Gum Arabic,Nigeria,Nigeria,Germany,NURUL IMAN ARABIC & ISLAMIC ACADEMY LTD,[in full dataset],[in full dataset],Zaria,Nigeria,,Natural Gums Dr. W. Agster GmbH,[in full dataset],[in full dataset],Reutlingen,Germany,[in full dataset],AIR,Wilhelmshaven,Hamburg,2015,11,2015-11,19749.3,KG,19749.3,20561.6,7134.09,7134.09,6941.01,144.71,48.37,0.35,USD,1,CPT,5.9,420.91,906.6,1327.51,DSV Customs,REF8301586,432,BULK,PKG96781,207267.07,Nigeria exporter (export)
6806200000,CD201812000000068756,2018-12-21,2018-12-01,export,10,Transit,680620,"Exfoliated vermiculite, expanded clays, foamed slag and similar expanded mineral materials (including intermixtures thereof)",Germany,Germany,Nigeria,TP Group Service GmbH,[in full dataset],[in full dataset],Hamburg,Germany,[in full dataset],GLOBAL MANPOWER NIGERIA LTD,[in full dataset],[in full dataset],Lagos,Nigeria,[in full dataset],SEA,Main Container Port,Main Container Port,2018,12,2018-12,877.4,KG,877.4,969.9,9829.35,9829.35,9356.86,416.36,56.13,10.66,GBP,110.0411,EXW,6.4,629.08,0,629.08,Kuehne+Nagel Brokerage,REF9878135,148,DRUMS,PKG51706,229234.73,Nigeria importer (import)
6810110000,CD201810000000497513,2018-10-01,2018-10-04,export,70,Temporary,681011,"Cement, concrete or artificial stone; building blocks or bricks, whether or not reinforced",China,China,Nigeria,"Huaxin Building Materials Group Co.,Ltd.",[in full dataset],[in full dataset],Wuhan,China,[in full dataset],GLOBAL MANPOWER NIGERIA LTD,[in full dataset],[in full dataset],Lagos,Nigeria,[in full dataset],ROAD,Main Container Port,Main Container Port,2018,10,2018-10,22645.1,KG,22645.1,24015.2,74825.33,74825.33,67844.41,6452.44,528.48,3,USD,1,CIF,3.4,2544.06,7736.94,10281,DB Schenker Customs,REF7807454,441,BAGS,PKG60618,2099279,Nigeria importer (import)
6809900000,CD201808000000639887,2018-08-17,2018-08-21,export,42,Transit,680990,Plaster articles or articles of compositions based on plaster; n.e.c. in heading no. 6809,China,China,Nigeria,"Jingyuan (Dehua) Building Materials Co.,Ltd.",[in full dataset],[in full dataset],Quanzhou,China,,GLOBAL MANPOWER NIGERIA LTD,[in full dataset],[in full dataset],Lagos,Nigeria,[in full dataset],AIR,Main Container Port,Main Container Port,2018,8,2018-08,9908,KG,9908,11244.1,208.88,208.88,200,8,0.88,0.02,GBP,128.1309,FCA,5.6,11.7,15.44,27.14,DHL Customs Svc,REF7819019,353,PALLETS,PKG66818,2890093,Nigeria importer (import)
8423900000,CD201606000001237572,2016-06-13,2016-06-18,export,10,Transit,842390,"Weighing machines; weights of all kinds, parts of weighing machinery",China,China,Nigeria,"Shanghai Zhenhua Heavy Industries Co.,Ltd.",[in full dataset],[in full dataset],Shanghai,China,[in full dataset],DE COON SERVICES LIMITED,[in full dataset],[in full dataset],Port Harcourt,Nigeria,[in full dataset],ROAD,Main Container Port,Main Container Port,2016,6,2016-06,15448.3,KG,15448.3,16039.5,5245.12,5245.12,5003.47,213.76,27.89,0.32,EUR,105.6321,DDP,2.2,115.39,0,115.39,DB Schenker Customs,REF4395798,468,BAGS,PKG56000,105718643,Nigeria importer (import)
4007000000,CD202011000000267970,2020-11-08,2020-11-19,import,70,Transit,400700,"Rubber; vulcanised, thread and cord",Nigeria,Nigeria,China,THE OKOMU OIL PALM COMPANY PLC,[in full dataset],[in full dataset],Edo,Nigeria,[in full dataset],"Zhongce Rubber Group Co.,Ltd",[in full dataset],[in full dataset],Hangzhou,China,[in full dataset],ROAD,Tianjin,Dalian,2020,11,2020-11,643.9,KG,643.9,681.8,5778.59,5778.59,5479.09,285.62,13.88,8.51,GBP,105.5737,DAP,9.1,525.85,441.31,967.16,Expeditors Customs,REF4340279,64,BALES,PKG17351,858459,Nigeria exporter (export)
0410100000,CD202602000000088256,2026-02-19,2026-02-06,export,61,Warehouse,041010,Animal products; insects,Netherlands,Netherlands,Nigeria,De Heus Animal Nutrition B.V.,[in full dataset],[in full dataset],Ede GLD,Netherlands,[in full dataset],CADBURY NIGERIA PLC,[in full dataset],[in full dataset],Ikeja,Nigeria,[in full dataset],RAIL,Main Container Port,Main Container Port,2026,2,2026-02,8831.1,KG,8831.1,9613.6,19937.54,19937.54,18164.96,1735.33,37.25,2.06,INR,113.3727,CPT,12.9,2571.94,4501.9,7073.84,Livingston Intl,REF6980295,243,BULK,PKG68473,2585962.9,Nigeria importer (import)
1302200000,CD201509000000029956,2015-09-09,2015-09-14,export,70,Temporary,130220,Pectic substances; pectinates and pectates,United Kingdom,United Kingdom,Nigeria,CHAUMET (LONDON) LIMITED,[in full dataset],[in full dataset],LONDON,United Kingdom,[in full dataset],DARUL-MUQINEEN ARABIC AND ISLAMIC CENTRE,[in full dataset],[in full dataset],Isheri,Nigeria,,SEA,Main Container Port,Main Container Port,2015,9,2015-09,8521.7,KG,8521.7,9645.3,7618.11,7618.11,7345.97,231.15,40.99,0.86,GBP,57.2418,FOB,3.2,243.78,550.33,794.11,Kuehne+Nagel Brokerage,REF7819272,293,CARTONS,PKG29347,1048994.52,Nigeria importer (import)
2904310000,CD202201000000178207,2022-01-26,2022-01-08,export,10,Temporary,290431,"Derivatives of hydrocarbons; perfluorooctane sulphonic acid, whether or not halogenated",China,China,Nigeria,"Qilu Antibiotics Pharmaceutical Co., Ltd.",[in full dataset],[in full dataset],Jinan,China,[in full dataset],ESTER'S BETHEL ENTERPRISE,[in full dataset],[in full dataset],Olomore,Nigeria,,SEA,Main Container Port,Main Container Port,2022,1,2022-01,12282.5,KG,12282.5,13361.4,11487.53,11487.53,10874.34,571.01,42.18,0.89,CNY,104.8578,CIF,4.7,539.91,2405.49,2945.4,Livingston Intl,REF9199849,293,BAGS,PKG1221,19120015,Nigeria importer (import)
2935900000,CD202201000000178518,2022-01-20,2022-01-24,export,42,Re-export,293590,Sulphonamides; n.e.c. in heading no. 2935,China,China,Nigeria,"Qilu Antibiotics Pharmaceutical Co., Ltd.",[in full dataset],[in full dataset],Jinan,China,[in full dataset],BILE ACIDS NIGERIA LTD,[in full dataset],[in full dataset],Suleja,Nigeria,,SEA,Main Container Port,Main Container Port,2022,1,2022-01,761,KG,761,834.9,8411.3,8411.3,7638.45,727.52,45.33,10.04,INR,87.2638,EXW,4.1,344.86,1576.11,1920.97,DSV Customs,REF9771414,93,BAGS,PKG47411,19120015,Nigeria importer (import)
8807900000,CD201905000000010656,2019-05-10,2019-05-16,export,70,Temporary,880790,Aircraft and spacecraft; parts thereof n.e.c. in chapter 88,Singapore,Singapore,Nigeria,ST AEROSPACE SYSTEMS,[in full dataset],[in full dataset],Singapore,Singapore,,SG HOLDINGS LIMITED,[in full dataset],[in full dataset],Lekki,Nigeria,[in full dataset],SEA,Main Container Port,Main Container Port,2019,5,2019-05,23498.7,KG,23498.7,24450.5,11942.39,11942.39,11654.97,258.9,28.52,0.5,CNY,85.2174,CFR,0,0,1791.36,1791.36,DB Schenker Customs,REF2312044,333,BULK,PKG77871,10905835.8,Nigeria importer (import)
2914220000,CD202201000000015548,2022-01-24,2022-01-05,export,40,Warehouse,291422,"Ketones; cyclanic, cyclenic or cycloterpenic, without other oxygen function, cyclohexanone and methylcyclohexanones",Indonesia,Indonesia,Nigeria,PT INDONESIAN ACIDS INDUSTRY,[in full dataset],[in full dataset],Kota Administrasi Jakarta Timur,Indonesia,[in full dataset],ESTER'S BETHEL ENTERPRISE,[in full dataset],[in full dataset],Olomore,Nigeria,,ROAD,Main Container Port,Main Container Port,2022,1,2022-01,2419.2,KG,2419.2,2613.3,25053.19,25053.19,23328.69,1610.31,114.19,9.64,JPY,108.6772,DDP,5.4,1352.87,5281.21,6634.08,DSV Customs,REF3999635,140,BAGS,PKG73528,1619811.75,Nigeria importer (import)
0409000000,CD202603000000093190,2026-03-11,2026-03-26,export,10,Re-export,040900,Honey; natural,Germany,Germany,Nigeria,Fude + Serrahn Milchprodukte GmbH & Co. KG,[in full dataset],[in full dataset],Hamburg,Germany,[in full dataset],CADBURY NIGERIA PLC,[in full dataset],[in full dataset],Ikeja,Nigeria,[in full dataset],AIR,Main Container Port,Main Container Port,2026,3,2026-03,11692.2,KG,11692.2,12170.8,13525.78,13525.78,13095.41,366.56,63.81,1.12,USD,1,EXW,13.9,1880.08,1078.41,2958.49,Livingston Intl,REF3183525,90,BAGS,PKG26028,2766736.59,Nigeria importer (import)
6812910000,CD201809000000612456,2018-09-10,2018-09-20,export,61,Consumption,681291,"Asbestos or mixtures with a basis of asbestos (other than crocidolite); clothing, clothing accessories, footwear and headgear, whether or not reinforced, not goods of heading 6811 or 6813",China,China,Nigeria,Jiange County Millstones Guluyu,[in full dataset],[in full dataset],Guangyuan,China,,GLOBAL MANPOWER NIGERIA LTD,[in full dataset],[in full dataset],Lagos,Nigeria,[in full dataset],RAIL,Main Container Port,Main Container Port,2018,9,2018-09,11603.6,KG,11603.6,12185.3,3164.97,3164.97,2972.15,177.46,15.36,0.26,CNY,42.1676,EXW,4.7,148.75,0,148.75,Expeditors Customs,REF3569440,97,CARTONS,PKG83516,2736792,Nigeria importer (import)
2616901000,CD202502000000035948,2025-02-03,2025-02-16,import,40,Re-export,261690,Precious metal ores and concentrates; (excluding silver),Nigeria,Nigeria,Malaysia,PANALPINA WORLD TRANSPORT (NIGERIA) LTD,[in full dataset],[in full dataset],Lagos,Nigeria,[in full dataset],SLAG CEMENT (SOUTHERN) SDN. BHD.,[in full dataset],[in full dataset],Kuala Lumpur,Malaysia,[in full dataset],SEA,Port Klang,Tanjung Pelepas,2025,2,2025-02,24044.5,KG,24044.5,26736.6,3224.16,3224.16,2940.51,278.16,5.49,0.12,USD,1,FOB,4.8,154.76,506.84,661.6,CEVA Customs,REF7923599,303,CARTONS,PKG54673,1764612.02,Nigeria exporter (export)
2601120000,CD202210000000271888,2022-10-21,2022-10-01,import,51,Temporary,260112,Iron ores and concentrates; agglomerated (excluding roasted iron pyrites),Nigeria,Nigeria,China,MARCONI.NG EPC LIMITED,[in full dataset],[in full dataset],Port Harcourt,Nigeria,[in full dataset],"Chang Chun Eurasia Group Co., Ltd.",[in full dataset],[in full dataset],Changchun,China,[in full dataset],RAIL,Xiamen,Xiamen,2022,10,2022-10,15545.2,KG,15545.2,16572.1,1120.24,1120.24,1047.87,68.48,3.89,0.07,GBP,26.0781,DDP,3.3,36.97,0,36.97,DSV Customs,REF1790116,487,CASES,PKG29670,14307299,Nigeria exporter (export)
2619000000,CD202109000000333778,2021-09-21,2021-09-05,import,61,Re-export,261900,"Slag, dross; (other than granulated slag), scalings and other waste from the manufacture of iron or steel",Nigeria,Nigeria,China,ACTROUS COMPANY LIMITED,[in full dataset],[in full dataset],Bayelsa State,Nigeria,,"FESCO Group Co., Ltd",[in full dataset],[in full dataset],Beijing,China,[in full dataset],ROAD,Shenzhen,Shenzhen,2021,9,2021-09,16641.8,KG,16641.8,17036.6,7703.75,7703.75,7087.73,582.79,33.23,0.43,CNY,98.3665,DDP,4.9,377.48,1616.25,1993.73,Kuehne+Nagel Brokerage,REF5233432,462,ROLLS,PKG23888,20610188,Nigeria exporter (export)
2608000000,CD202412000000863508,2024-12-19,2024-12-22,import,51,Transit,260800,Zinc ores and concentrates,Nigeria,Nigeria,China,KAP KOPYTEC AND ALLIED PRODUCTS LTD,[in full dataset],[in full dataset],,Nigeria,,"Guangzhou Xuse Trading Co., Ltd.",[in full dataset],[in full dataset],Guangzhou,China,,ROAD,Xiamen,Yingkou,2024,12,2024-12,10466.6,KG,10466.6,11409,1243.2,1243.2,1194.28,42.88,6.04,0.11,CNY,83.7489,CPT,4.4,54.7,90.85,145.55,Descartes,REF8271789,116,PALLETS,PKG50902,70218400,Nigeria exporter (export)
2903290000,CD202304000000003465,2023-04-23,2023-04-25,export,42,Warehouse,290329,Unsaturated chlorinated derivatives of acyclic hydrocarbons; n.e.c. in item no. 2903.2,Belgium,Belgium,Nigeria,Ineos Phenol Belgium,[in full dataset],[in full dataset],Beveren-Waas,Belgium,[in full dataset],ESTERS CATERING AND EVENT MANAGEMENT,[in full dataset],[in full dataset],Lagos,Nigeria,,SEA,Main Container Port,Main Container Port,2023,4,2023-04,22623.4,KG,22623.4,24621,5499.37,5499.37,5371.39,119.5,8.48,0.24,USD,1,CFR,3.9,214.48,685.66,900.14,AN Deringer,REF9040713,316,CRATES,PKG65610,392398.97,Nigeria importer (import)
1302200000,CD201506000000031432,2015-06-27,2015-06-09,export,61,Re-export,130220,Pectic substances; pectinates and pectates,United Kingdom,United Kingdom,Nigeria,ARADCO VSI LIMITED,[in full dataset],[in full dataset],LONDON,United Kingdom,[in full dataset],NURUL IMAN ARABIC & ISLAMIC ACADEMY LTD,[in full dataset],[in full dataset],Zaria,Nigeria,,RAIL,Main Container Port,Main Container Port,2015,6,2015-06,13964.6,KG,13964.6,15711.3,10928.79,10928.79,10409.79,457.42,61.58,0.75,USD,1,FCA,3.3,360.65,1354.73,1715.38,DB Schenker Customs,REF5982109,139,CARTONS,PKG93480,1121241.73,Nigeria importer (import)
6804230000,CD201810000000137576,2018-10-25,2018-10-07,export,10,Re-export,680423,"Millstones, grindstones, grinding wheels and the like; of natural stone",Netherlands,Netherlands,Nigeria,IJssel Technologie B.V.,[in full dataset],[in full dataset],Zwolle,Netherlands,[in full dataset],GLOBAL MANPOWER NIGERIA LTD,[in full dataset],[in full dataset],Lagos,Nigeria,[in full dataset],SEA,Main Container Port,Main Container Port,2018,10,2018-10,9227.5,KG,9227.5,10073.7,3893.54,3893.54,3603.66,268.49,21.39,0.39,USD,1,CFR,6.8,264.76,291.08,555.84,Flexport Customs,REF4307089,394,PALLETS,PKG87174,470004.95,Nigeria importer (import)
7302900000,CD202505000000104823,2025-05-06,2025-05-18,export,51,Re-export,730290,"Iron or steel, railway or tramway track construction material; n.e.c. in heading no. 7302",Turkiye,Turkiye,Nigeria,TURK PRYSMIAN KABLO VE SISTEMLERI ANONIM SIRKETI,[in full dataset],[in full dataset],Bursa,Turkiye,[in full dataset],QUALCHEM GLOBAL CONCEPT LTD,[in full dataset],[in full dataset],Lagos,Nigeria,[in full dataset],AIR,Main Container Port,Main Container Port,2025,5,2025-05,14140.4,KG,14140.4,14671.3,20377.81,20377.81,19575.33,769.22,33.26,1.38,USD,1,FCA,10.9,2221.18,2259.9,4481.08,DB Schenker Customs,REF6329883,110,DRUMS,PKG26354,4504318,Nigeria importer (import)
3827510000,CD202409000000029135,2024-09-19,2024-09-23,export,51,Transit,382751,"Mixtures containing halogenated derivatives of methane, ethane or propane; containing trifluoromethan (HFC-23) or perfluorocarbons (PFCs) but not containing chlorofluorocarbons (CFCs) or hydrochlorofluorocarbons (HCFCs); containing trifluoromethane (HFC-2",Belgium,Belgium,Nigeria,Umicore,[in full dataset],[in full dataset],Brussels,Belgium,[in full dataset],GUINNESS NIGERIA PLC,[in full dataset],[in full dataset],Ikeja,Nigeria,[in full dataset],RAIL,Main Container Port,Main Container Port,2024,9,2024-09,16702.1,KG,16702.1,17152.7,56724.91,56724.91,54408.79,2208.02,108.1,3.26,JPY,30.1333,DDP,6.5,3687.12,9061.8,12748.92,CEVA Customs,REF8395833,349,PALLETS,PKG15215,1451555,Nigeria importer (import)
8532210000,CD201705000001279326,2017-05-11,2017-05-17,export,42,Re-export,853221,"Electrical capacitors; fixed, tantalum",China,China,Nigeria,Saic Motor Corporation Limited,[in full dataset],[in full dataset],Shanghai,China,[in full dataset],PORT HARCOURT ELECTRICITY DISTRIBUTION PLC,[in full dataset],[in full dataset],Port Harcourt,Nigeria,[in full dataset],SEA,Main Container Port,Main Container Port,2017,5,2017-05,3744,KG,3744,4302.6,14573.61,14573.61,13703.96,801.46,68.19,3.66,INR,23.1814,DAP,2.4,349.77,2238.51,2588.28,Livingston Intl,REF2041382,59,BALES,PKG49954,130976781,Nigeria importer (import)
1302190000,CD201507000000023739,2015-07-07,2015-07-11,export,70,Temporary,130219,Vegetable saps and extracts; n.e.c. in item no. 1302.1,United Kingdom,United Kingdom,Nigeria,CHAUMET (LONDON) LIMITED,[in full dataset],[in full dataset],LONDON,United Kingdom,[in full dataset],NURUL IMAN ARABIC & ISLAMIC ACADEMY LTD,[in full dataset],[in full dataset],Zaria,Nigeria,,SEA,Main Container Port,Main Container Port,2015,7,2015-07,24652.2,KG,24652.2,25456.9,9536.47,9536.47,8957.06,526.16,53.25,0.36,USD,1,DDP,4.6,438.68,698.26,1136.94,CEVA Customs,REF3295446,52,CASES,PKG73659,742006.77,Nigeria importer (import)
8806910000,CD201905000000006295,2019-05-23,2019-05-04,export,61,Consumption,880691,Unmanned aircraft; for other than remote-controlled flight and other than for carriage of passengers with a maximum take-off weight not more than 250g,United States,United States,Nigeria,"V2X, Inc.",[in full dataset],[in full dataset],Reston,United States,[in full dataset],SG HOLDINGS LIMITED,[in full dataset],[in full dataset],Lekki,Nigeria,[in full dataset],AIR,Main Container Port,Main Container Port,2019,5,2019-05,3009.1,KG,3009.1,3193.2,75263.73,75263.73,73205.06,1575.19,483.48,24.33,USD,1,CPT,0,0,7526.37,7526.37,CEVA Customs,REF3578784,328,ROLLS,PKG21171,5189510,Nigeria importer (import)
8483500000,CD201606000001239304,2016-06-20,2016-06-01,export,40,Warehouse,848350,"Pulleys and flywheels, including pulley blocks",China,China,Nigeria,Agricultural Bank Of China Limited,[in full dataset],[in full dataset],Beijing,China,[in full dataset],DE COON SERVICES LIMITED,[in full dataset],[in full dataset],Port Harcourt,Nigeria,[in full dataset],SEA,Main Container Port,Main Container Port,2016,6,2016-06,3585.6,KG,3585.6,3913.7,305038.59,305038.59,283327.25,20700.27,1011.07,79.02,GBP,2.2186,EXW,1.9,5795.73,31083.43,36879.16,Livingston Intl,REF8547648,332,ROLLS,PKG8360,105718643,Nigeria importer (import)
2905310000,CD202304000000161540,2023-04-08,2023-04-14,export,70,Warehouse,290531,"Alcohols; acyclic, diols; ethylene glycol (ethanediol)",China,China,Nigeria,"DSM Vitamins (Sichuan) Co., Ltd.",[in full dataset],[in full dataset],Chengdu,China,[in full dataset],ESTER'S BETHEL ENTERPRISE,[in full dataset],[in full dataset],Olomore,Nigeria,,AIR,Main Container Port,Main Container Port,2023,4,2023-04,13034.6,KG,13034.6,14240.3,4308.96,4308.96,4041.71,244.02,23.23,0.31,EUR,2.0966,DAP,4.1,176.67,224.28,400.95,CEVA Customs,REF9346895,208,CARTONS,PKG67543,18274065,Nigeria importer (import)
3827900000,CD202409000000029138,2024-09-12,2024-09-27,export,70,Consumption,382790,"Mixtures containing halogenated derivatives of methane, ethane or propane; n.e.c. in subheading no 3827",Belgium,Belgium,Nigeria,Estee Lauder,[in full dataset],[in full dataset],Westerlo,Belgium,[in full dataset],DEEPCLEAN PRODUCTS (NIGERIA) LTD,[in full dataset],[in full dataset],Kaduna State,Nigeria,,ROAD,Main Container Port,Main Container Port,2024,9,2024-09,14186.5,KG,14186.5,15489.9,39365.19,39365.19,36963.46,2213.19,188.54,2.61,INR,29.3488,DAP,6.2,2440.64,7525.05,9965.69,DB Schenker Customs,REF5784486,448,CASES,PKG28577,1451555,Nigeria importer (import)
2621900000,CD202604000000000333,2026-04-04,2026-04-19,import,51,Transit,262190,Slag and ash n.e.c. in chapter 26; including seaweed ash (kelp) but excluding ash and residues from the incineration of municipal waste,Nigeria,Nigeria,Brazil,RINA CTSI NIGERIA LIMITED,[in full dataset],[in full dataset],Lagos,Nigeria,[in full dataset],MAGAZINE LUIZA S/A,[in full dataset],[in full dataset],FRANCA,Brazil,[in full dataset],RAIL,Rio Grande,Suape,2026,4,2026-04,18670.4,KG,18670.4,20245.1,5480.04,5480.04,5127.29,326.52,26.23,0.27,USD,1,DDP,3.2,175.36,565.54,740.9,AN Deringer,REF7761492,137,DRUMS,PKG44311,486714,Nigeria exporter (export)
8462320000,CD201606000001239013,2016-06-12,2016-06-17,export,10,Warehouse,846232,"Machine-tools; slitting lines and cut-to-length lines, for working metal",China,China,Nigeria,China CSSC Holdings Limited,[in full dataset],[in full dataset],Shanghai,China,[in full dataset],OLODE SECURITY AND TECHNOLOGY NIGERIA LIMITED,[in full dataset],[in full dataset],Kwara,Nigeria,[in full dataset],SEA,Main Container Port,Main Container Port,2016,6,2016-06,15090.5,KG,15090.5,16115.1,42156.19,42156.19,40889.04,1105.81,161.34,2.71,USD,1,CIF,2.9,1222.53,3036.51,4259.04,Descartes,REF8192179,408,CARTONS,PKG77051,105718643,Nigeria importer (import)
8533400000,CD201705000001280159,2017-05-20,2017-05-04,export,61,Temporary,853340,"Electrical resistors; variable, including rheostats and potentiometers (excluding heating)",China,China,Nigeria,Ningbo Joyson Electronic Corp.,[in full dataset],[in full dataset],Ningbo,China,[in full dataset],INLAKS POWER SOLUTIONS LIMITED,[in full dataset],[in full dataset],Ikeja,Nigeria,[in full dataset],SEA,Main Container Port,Main Container Port,2017,5,2017-05,10925.7,KG,10925.7,12236.4,10040.43,10040.43,9608.11,412.58,19.74,0.88,USD,1,EXW,1.6,160.65,1530.16,1690.81,Kuehne+Nagel Brokerage,REF3831541,499,CASES,PKG76171,130976781,Nigeria importer (import)
8536900000,CD201705000001278566,2017-05-18,2017-05-03,export,51,Warehouse,853690,"Electrical apparatus; n.e.c. in heading no. 8536, for switching or protecting electrical circuits, for a voltage not exceeding 1000 volts",China,China,Nigeria,"Shenzhen Transsion Holdings Co., Ltd.",[in full dataset],[in full dataset],Shenzhen,China,[in full dataset],MULTIDIGITAL NIGERIA LIMITED,[in full dataset],[in full dataset],Port Harcourt,Nigeria,[in full dataset],RAIL,Main Container Port,Main Container Port,2017,5,2017-05,11577.1,KG,11577.1,12310.1,5479.5,5479.5,5041.86,427.97,9.67,0.44,USD,1,FCA,2.5,136.99,393.15,530.14,DSV Customs,REF6998594,296,ROLLS,PKG26969,130976781,Nigeria importer (import)
0402212900,CD202602000000102259,2026-02-14,2026-02-22,export,42,Transit,040221,"Dairy produce; milk and cream, concentrated, not containing added sugar or other sweetening matter, in powder, granules or other solid forms, of a fat content exceeding 1.5% (by weight)",Germany,Germany,Nigeria,DMK Deutsches Milchkontor GmbH,[in full dataset],[in full dataset],Zeven,Germany,[in full dataset],FRIESLANDCAMPINA WAMCO NIGERIA PLC,[in full dataset],[in full dataset],Ikeja,Nigeria,[in full dataset],ROAD,Main Container Port,Main Container Port,2026,2,2026-02,11509,KG,11509,12561.1,68591.12,68591.12,65927.02,2554.12,109.98,5.73,GBP,28.6369,CIF,18.7,12826.54,12212.65,25039.19,DHL Customs Svc,REF4990212,262,BAGS,PKG7107,3170764.82,Nigeria importer (import)
5208430000,CD202604000000000247,2026-04-14,2026-04-19,import,42,Consumption,520843,"Fabrics, woven; containing 85% or more by weight of cotton, of yarns of different colours, 3-thread or 4-thread twill, including cross twill, weighing not more than 200g/m2",Nigeria,Nigeria,Brazil,WACOT LIMITED,[in full dataset],[in full dataset],Ikeja,Nigeria,[in full dataset],COTTON STAR INDUSTRIAL LTDA,[in full dataset],[in full dataset],BLUMENAU,Brazil,,AIR,Rio Grande,Paranagua,2026,4,2026-04,18125.7,KG,18125.7,18589.7,3613.99,3613.99,3431,155.68,27.31,0.19,EUR,95.1588,FCA,13,469.82,204.19,674.01,Kuehne+Nagel Brokerage,REF5594541,316,CARTONS,PKG49426,3431,Nigeria exporter (export)
9033000000,CD202007000000025272,2020-07-27,2020-07-11,export,42,Warehouse,903300,"Machines and appliances, instruments or apparatus of chapter 90; parts and accessories n.e.c. in chapter 90",Germany,Germany,Nigeria,Endress+Hauser Group Services (Deutschland) AG+Co. KG,[in full dataset],[in full dataset],Weil am Rhein,Germany,[in full dataset],SUPPLYASHOP TECHNOLOGIES LTD,[in full dataset],[in full dataset],Lagos,Nigeria,[in full dataset],AIR,Main Container Port,Main Container Port,2020,7,2020-07,6760.5,KG,6760.5,7129.3,27821.33,27821.33,25575.94,2080.99,164.4,3.78,USD,1,EXW,2.2,612.07,4265.01,4877.08,Expeditors Customs,REF6385504,128,PALLETS,PKG18851,2757077.12,Nigeria importer (import)
2710990000,CD202306000002506684,2023-06-07,2023-06-13,import,70,Temporary,271099,"Waste Oils; of petroleum or obtained from bituminous minerals, not crude and preparations n.e.c., weight 70% or preparations of the same, not containing polychlorinated biphenyls (PCBs), polychorinated terphenyls (PCTs) or polybrominated biphenyls (PBBs)",Nigeria,Nigeria,Netherlands,NIGERIAN NATIONAL PETROLEUM COMPANY LIMITED,[in full dataset],[in full dataset],Abuja,Nigeria,[in full dataset],Brunel Energy Europe Staff B.V.,[in full dataset],[in full dataset],Amsterdam,Netherlands,,SEA,Amsterdam,Rotterdam,2023,6,2023-06,7848.3,KG,7848.3,8539.1,53807.89,53807.89,51322.66,2381.28,103.95,6.54,INR,52.6129,CPT,6,3228.47,8555.45,11783.92,DSV Customs,REF3779450,159,BAGS,PKG58165,406759751.65,Nigeria exporter (export)
6806200000,CD201801000000074527,2018-01-09,2018-01-14,export,40,Consumption,680620,"Exfoliated vermiculite, expanded clays, foamed slag and similar expanded mineral materials (including intermixtures thereof)",Italy,Italy,Nigeria,C.M.B. SOCIETA' COOPERATIVA MURATORI E BRACCIANTI DI CARPI,[in full dataset],[in full dataset],CARPI,Italy,[in full dataset],GLOBAL MANPOWER NIGERIA LTD,[in full dataset],[in full dataset],Lagos,Nigeria,[in full dataset],ROAD,Main Container Port,Main Container Port,2018,1,2018-01,4938.1,KG,4938.1,5215.9,20717.48,20717.48,19115.06,1579.88,22.54,3.87,USD,1,EXW,5.5,1139.46,2622.83,3762.29,Flexport Customs,REF1621594,205,PALLETS,PKG26634,248836.86,Nigeria importer (import)
2611000000,CD202604000000000339,2026-04-09,2026-04-19,import,70,Consumption,261100,Tungsten ores and concentrates,Nigeria,Nigeria,Brazil,PANALPINA WORLD TRANSPORT (NIGERIA) LTD,[in full dataset],[in full dataset],Lagos,Nigeria,[in full dataset],COMPANHIA BRASILEIRA DE DISTRIBUICAO,[in full dataset],[in full dataset],SAO PAULO,Brazil,,SEA,Itajai,Rio Grande,2026,4,2026-04,20665.7,KG,20665.7,22789.4,1603.09,1603.09,1488.85,107.87,6.37,0.07,CNY,91.1536,EXW,4.2,67.33,300.68,368.01,CEVA Customs,REF9276837,301,CARTONS,PKG82228,486714,Nigeria exporter (export)
2613900000,CD202502000000029960,2025-02-24,2025-02-02,import,61,Re-export,261390,Molybdenum ores and concentrates; other than roasted,Nigeria,Nigeria,Hong Kong,TRANSNATIONAL CORPORATION PLC,[in full dataset],[in full dataset],Lagos,Nigeria,[in full dataset],"AEON STORES (HONG KONG) CO., LIMITED",[in full dataset],[in full dataset],Quarry Bay,Hong Kong,[in full dataset],SEA,Hong Kong (Kwai Tsing),Hong Kong (Kwai Tsing),2025,2,2025-02,22412.9,KG,22412.9,23360.8,889.67,889.67,818.72,67.57,3.38,0.04,USD,1,DDP,4.7,41.81,0,41.81,DB Schenker Customs,REF1641175,240,ROLLS,PKG28865,1441546.72,Nigeria exporter (export)
2922410000,CD202201000000178308,2022-01-10,2022-01-13,export,61,Temporary,292241,"Amino-acids, other than those containing more than one kind of oxygen function, and their esters; lysine and its esters; salts thereof",China,China,Nigeria,"Qilu Antibiotics Pharmaceutical Co., Ltd.",[in full dataset],[in full dataset],Jinan,China,[in full dataset],ESTERS CATERING AND EVENT MANAGEMENT,[in full dataset],[in full dataset],Lagos,Nigeria,,SEA,Main Container Port,Main Container Port,2022,1,2022-01,1094.7,KG,1094.7,1171.9,16448.94,16448.94,15437.8,976.7,34.44,14.1,EUR,123.1829,CIF,6.3,1036.28,1748.52,2784.8,DSV Customs,REF9680192,192,BULK,PKG77117,19120015,Nigeria importer (import)
2918210000,CD202304000000161950,2023-04-11,2023-04-14,export,51,Warehouse,291821,"Acids; carboxylic acids, (with phenol function but without other oxygen function), salicylic acid and its salts",China,China,Nigeria,"DSM Vitamins (Shandong) Co., Ltd.",[in full dataset],[in full dataset],Liaocheng,China,,ESTERS CATERING AND EVENT MANAGEMENT,[in full dataset],[in full dataset],Lagos,Nigeria,,ROAD,Main Container Port,Main Container Port,2023,4,2023-04,1615.8,KG,1615.8,1787,52228.24,52228.24,47690.5,4158.35,379.39,29.52,USD,1,DAP,4.6,2402.5,0,2402.5,Livingston Intl,REF4069609,391,CRATES,PKG58811,18274065,Nigeria importer (import)
8806230000,CD201905000000010631,2019-05-14,2019-05-22,export,10,Transit,880623,"Unmanned aircraft; for remote-controlled flight only, for other than for carriage of passengers, with the maximum take-off weight of more than 7kg but not more than 25kg",Singapore,Singapore,Nigeria,PRATT & WHITNEY COMPONENT SOLUTIONS PTE. LTD.,[in full dataset],[in full dataset],Singapore,Singapore,[in full dataset],SG HOLDINGS LIMITED,[in full dataset],[in full dataset],Lekki,Nigeria,[in full dataset],AIR,Main Container Port,Main Container Port,2019,5,2019-05,24427.2,KG,24427.2,27691.7,5600.73,5600.73,5263.9,331.46,5.37,0.22,INR,7.6435,DDP,0,0,1120.15,1120.15,AN Deringer,REF8315626,462,ROLLS,PKG41925,10905835.8,Nigeria importer (import)
8506600000,CD201705000000592953,2017-05-23,2017-05-10,export,42,Transit,850660,"Cells and batteries; primary, air-zinc",Hong Kong,Hong Kong,Nigeria,LENOVO GROUP LIMITED,[in full dataset],[in full dataset],Quarry Bay,Hong Kong,[in full dataset],MTN NIGERIA COMMUNICATIONS PLC,[in full dataset],[in full dataset],Ikoyi,Nigeria,[in full dataset],SEA,Main Container Port,Main Container Port,2017,5,2017-05,8474.2,KG,8474.2,9419.5,76652.39,76652.39,73026.08,3409.95,216.36,8.62,USD,1,DDP,2,1533.05,9382.25,10915.3,CEVA Customs,REF7728535,450,CRATES,PKG7996,46360806.37,Nigeria importer (import)
8542320000,CD201705000001279980,2017-05-22,2017-05-28,export,70,Transit,854232,Electronic integrated circuits; memories,China,China,Nigeria,Wuxi Taiji Industry Limited Corporation,[in full dataset],[in full dataset],Wuxi,China,[in full dataset],AIRTEL NETWORKS LIMITED,[in full dataset],[in full dataset],Lagos,Nigeria,[in full dataset],ROAD,Main Container Port,Main Container Port,2017,5,2017-05,24164.7,KG,24164.7,27545.2,4883.09,4883.09,4650.89,207.28,24.92,0.19,JPY,3.1878,FOB,1.7,83.01,347.63,430.64,DSV Customs,REF7654346,120,BAGS,PKG53724,130976781,Nigeria importer (import)
2702100000,CD202306000002506468,2023-06-26,2023-06-11,import,61,Consumption,270210,"Lignite; whether or not pulverised, but not agglomerated, excluding jet",Nigeria,Nigeria,Netherlands,NIGERIAN NATIONAL PETROLEUM COMPANY LIMITED,[in full dataset],[in full dataset],Abuja,Nigeria,[in full dataset],TotalEnergies EP Absheron B.V.,[in full dataset],[in full dataset],'s-Gravenhage,Netherlands,[in full dataset],SEA,Amsterdam,Rotterdam,2023,6,2023-06,2884.4,KG,2884.4,3055.7,48300.58,48300.58,44469.08,3511.47,320.03,15.42,GBP,128.9495,CPT,5.5,2656.53,10191.42,12847.95,AN Deringer,REF1684621,160,BALES,PKG8193,406759751.65,Nigeria exporter (export)
2611000000,CD202210000000271957,2022-10-17,2022-10-03,import,51,Consumption,261100,Tungsten ores and concentrates,Nigeria,Nigeria,China,NAGOS PROJECTS LIMITED,[in full dataset],[in full dataset],Port Harcourt,Nigeria,[in full dataset],"Chongqing Department Store Co.,Ltd.",[in full dataset],[in full dataset],Chongqing,China,[in full dataset],RAIL,Qingdao,Tianjin,2022,10,2022-10,22455.4,KG,22455.4,24514.1,3539.53,3539.53,3298.88,228.56,12.09,0.15,CNY,97.4329,CIF,3.6,127.42,660.05,787.47,DB Schenker Customs,REF8432103,441,DRUMS,PKG39754,14307299,Nigeria exporter (export)
2916160000,CD202304000000161909,2023-04-11,2023-04-13,export,42,Re-export,291616,"Acids; unsaturated acyclic monocarboxylic, cyclic monocarboxylic, their anhydrides, halides, peroxides and peroxyacids; their halogenated, sulphonated, nitrated or nitrosated derivatives, binapacryl (ISO)",China,China,Nigeria,"DSM Vitamins (Shandong) Co., Ltd.",[in full dataset],[in full dataset],Liaocheng,China,,ESTER'S BETHEL ENTERPRISE,[in full dataset],[in full dataset],Olomore,Nigeria,,SEA,Main Container Port,Main Container Port,2023,4,2023-04,5159.1,KG,5159.1,5375.4,10334.79,10334.79,9353.15,922.33,59.31,1.81,EUR,103.5286,DDP,4.1,423.73,2151.7,2575.43,DHL Customs Svc,REF3339668,492,BALES,PKG31863,18274065,Nigeria importer (import)
8479200000,CD201606000001238475,2016-06-26,2016-06-13,export,70,Consumption,847920,Machinery; for the extraction or preparation of animal or fixed vegetable or microbial fats or oils,China,China,Nigeria,"Jiangxi Jovo Energy Co., Ltd.",[in full dataset],[in full dataset],Guangzhou,China,[in full dataset],MODANDOLA GROUP,[in full dataset],[in full dataset],Lagos,Nigeria,[in full dataset],AIR,Main Container Port,Main Container Port,2016,6,2016-06,19691.5,KG,19691.5,22570.2,23856.53,23856.53,21940.76,1790.31,125.46,1.11,JPY,104.7338,FOB,4,954.26,2977.29,3931.55,Livingston Intl,REF5598510,298,BALES,PKG5270,105718643,Nigeria importer (import)
2616100000,CD202502000000035897,2025-02-08,2025-02-23,import,61,Consumption,261610,Silver ores and concentrates,Nigeria,Nigeria,Malaysia,KONNBERG LOGISTICS LTD,[in full dataset],[in full dataset],Itu,Nigeria,[in full dataset],7-ELEVEN MALAYSIA HOLDINGS BERHAD,[in full dataset],[in full dataset],Kuala Lumpur,Malaysia,[in full dataset],SEA,Penang,Penang,2025,2,2025-02,4299.1,KG,4299.1,4575.4,3555.33,3555.33,3304.44,232.7,18.19,0.77,USD,1,DAP,4.9,174.21,186.48,360.69,Expeditors Customs,REF9837333,152,BAGS,PKG50194,1764612.02,Nigeria exporter (export)
1302110000,CD201502000000019674,2015-02-04,2015-02-07,export,51,Transit,130211,Vegetable saps and extracts; opium,United Kingdom,United Kingdom,Nigeria,CHAUMET (LONDON) LIMITED,[in full dataset],[in full dataset],LONDON,United Kingdom,[in full dataset],AL-MOSDARU AN-NURIY COLLEGE OF ARABIC AND ISLAMIC STUDIES LTD,[in full dataset],[in full dataset],Olodo,Nigeria,,SEA,Main Container Port,Main Container Port,2015,2,2015-02,10141.3,KG,10141.3,11540.4,7289.21,7289.21,7001.51,277.68,10.02,0.69,INR,100.9846,FOB,6.9,502.96,545.45,1048.41,Flexport Customs,REF1539364,359,DRUMS,PKG4306,578587.64,Nigeria importer (import)
8804000000,CD201905000000000436,2019-05-14,2019-05-24,export,51,Temporary,880400,Parachutes (including dirigible parachutes and paragliders) and rotochutes; parts thereof and accessories thereto,Brazil,Brazil,Nigeria,GE CELMA LTDA.,[in full dataset],[in full dataset],Petrópolis,Brazil,,SG HOLDINGS LIMITED,[in full dataset],[in full dataset],Lekki,Nigeria,[in full dataset],AIR,Main Container Port,Main Container Port,2019,5,2019-05,530.5,KG,530.5,604.8,18187.45,18187.45,17507,569.91,110.54,33,USD,1,CFR,0,0,3273.74,3273.74,DSV Customs,REF4310847,305,BAGS,PKG67167,17507,Nigeria importer (import)
2613100000,CD202412000000871984,2024-12-26,2024-12-09,import,70,Re-export,261310,Molybdenum ores and concentrates; roasted,Nigeria,Nigeria,China,RINA CTSI NIGERIA LIMITED,[in full dataset],[in full dataset],Lagos,Nigeria,[in full dataset],"Binzhou Jufuyi Comprehensive Trading Co., Ltd",[in full dataset],[in full dataset],Binzhou,China,,AIR,Xiamen,Qingdao,2024,12,2024-12,1029.5,KG,1029.5,1087.2,18373.42,18373.42,16970.61,1343.01,59.8,16.48,USD,1,CFR,4,734.94,0,734.94,AN Deringer,REF9560517,414,DRUMS,PKG76040,70218400,Nigeria exporter (export)
5206420000,CD202602000000000279,2026-02-19,2026-02-03,import,42,Re-export,520642,"Cotton yarn; (not sewing thread), multiple or cabled, of combed fibres, less than 85% by weight of cotton, 714.28 to 232.56 decitex (15 to 43 metric number) per single yarn, not for retail sale",Nigeria,Nigeria,United States,WACOT LIMITED,[in full dataset],[in full dataset],Ikeja,Nigeria,[in full dataset],"Port of Corpus Christi Authority of Nueces County, Texas",[in full dataset],[in full dataset],Corpus Christi,United States,[in full dataset],SEA,"New York/Newark, NJ","New York/Newark, NJ",2026,2,2026-02,5923.5,KG,5923.5,6425.3,4089.71,4089.71,3966,118.63,5.08,0.67,EUR,55.3522,EXW,6.5,265.83,871.11,1136.94,Descartes,REF8869571,472,BAGS,PKG81801,3966,Nigeria exporter (export)
2713120000,CD201712000003010514,2017-12-04,2017-12-09,import,42,Temporary,271312,"Petroleum coke; calcined, obtained from bituminous minerals",Nigeria,Nigeria,United States,NIGERIA LNG LIMITED,[in full dataset],[in full dataset],Port Harcourt,Nigeria,[in full dataset],Sunoco LP,[in full dataset],[in full dataset],Dallas,United States,[in full dataset],SEA,"Seattle, WA","Long Beach, CA",2017,12,2017-12,21477.4,KG,21477.4,22022.5,10732.26,10732.26,10443.47,251.66,37.13,0.49,USD,1,CFR,6.3,676.13,2053.51,2729.64,CEVA Customs,REF6046237,257,ROLLS,PKG2257,551900749,Nigeria exporter (export)
8406100000,CD201606000001239572,2016-06-26,2016-06-11,export,10,Warehouse,840610,"Turbines; steam and other vapour turbines, for marine propulsion",China,China,Nigeria,Liaoyuan No. 2 Plastics Factory,[in full dataset],[in full dataset],Liaoyuan,China,,MIDIS ENERGY SERVICES LIMITED,[in full dataset],[in full dataset],Port Harcourt,Nigeria,[in full dataset],SEA,Main Container Port,Main Container Port,2016,6,2016-06,10717.4,KG,10717.4,12124.5,24129.34,24129.34,21993.9,2064.56,70.88,2.05,USD,1,DAP,3.6,868.66,2999.76,3868.42,Expeditors Customs,REF2396795,36,CRATES,PKG52730,105718643,Nigeria importer (import)
8429300000,CD202101000000129198,2021-01-17,2021-01-28,export,42,Warehouse,842930,Scrapers; self-propelled,Netherlands,Netherlands,Nigeria,VDL Enabling Technologies Group Almelo B.V.,[in full dataset],[in full dataset],Almelo,Netherlands,[in full dataset],DE COON SERVICES LIMITED,[in full dataset],[in full dataset],Port Harcourt,Nigeria,[in full dataset],AIR,Main Container Port,Main Container Port,2021,1,2021-01,11492.3,KG,11492.3,11889.1,17797.3,17797.3,16720.22,1041.19,35.89,1.45,JPY,72.8955,EXW,2,355.95,0,355.95,DB Schenker Customs,REF2461438,432,PALLETS,PKG98541,9039315.85,Nigeria importer (import)
1302320000,CD201512000000023116,2015-12-21,2015-12-24,export,70,Temporary,130232,"Mucilages and thickeners; whether or not modified, derived from locust beans, locust bean seeds or guar seeds",United Kingdom,United Kingdom,Nigeria,CHAUMET (LONDON) LIMITED,[in full dataset],[in full dataset],LONDON,United Kingdom,[in full dataset],MARKAZ ABDULLATEEF FOR QURANIC MEMORIZATION & ARABIC STUDIES LIMITED,[in full dataset],[in full dataset],Ogba,Nigeria,,SEA,Main Container Port,Main Container Port,2015,12,2015-12,24520.1,KG,24520.1,26165.5,15127.35,15127.35,14475.93,537.85,113.57,0.59,USD,1,CIF,5.5,832,1915.12,2747.12,AN Deringer,REF6008566,330,BULK,PKG34906,715573.13,Nigeria importer (import)
2618000000,CD202109000000331380,2021-09-21,2021-09-24,import,10,Transit,261800,"Slag, granulated (slag sand); from the manufacture or iron or steel",Nigeria,Nigeria,China,TRANSPORT SERVICES LIMITED,[in full dataset],[in full dataset],Ikoyi,Nigeria,[in full dataset],"FESCO Group Co., Ltd",[in full dataset],[in full dataset],Beijing,China,[in full dataset],AIR,Shanghai,Dalian,2021,9,2021-09,8483.2,KG,8483.2,8708.3,7514.32,7514.32,6883.12,622.21,8.99,0.81,JPY,91.4168,FCA,5.2,390.74,1581.01,1971.75,Expeditors Customs,REF3841351,203,PALLETS,PKG89019,20610188,Nigeria exporter (export)
8441100000,CD202101000001385026,2021-01-19,2021-01-26,export,51,Consumption,844110,"Machines; cutting, of all kinds, for making up paper pulp, paper or paperboard",China,China,Nigeria,"Jason Furniture (Hangzhou) Co.,Ltd.",[in full dataset],[in full dataset],Hangzhou,China,[in full dataset],ACOUNS NIGERIA LIMITED,[in full dataset],[in full dataset],Lagos,Nigeria,[in full dataset],SEA,Main Container Port,Main Container Port,2021,1,2021-01,12134.2,KG,12134.2,13428.7,14544.31,14544.31,13442.8,1028.81,72.7,1.11,EUR,93.0392,CIF,4,581.77,2722.69,3304.46,Expeditors Customs,REF9367209,280,CASES,PKG71858,152289143,Nigeria importer (import)
5203002000,CD202601000000000521,2026-01-27,2026-01-10,import,61,Warehouse,520300,Cotton; carded or combed,Nigeria,Nigeria,Brazil,WACOT LIMITED,[in full dataset],[in full dataset],Ikeja,Nigeria,[in full dataset],NEW COTTON TEXTIL LTDA,[in full dataset],[in full dataset],BLUMENAU,Brazil,,SEA,Santos,Suape,2026,1,2026-01,4208,KG,4208,4317.8,12036.32,12036.32,11490,462.22,84.1,2.73,USD,1,CIF,13.9,1673.05,2741.87,4414.92,AN Deringer,REF8583265,77,BULK,PKG75504,11490,Nigeria exporter (export)
2715000000,CD201712000003010763,2017-12-16,2017-12-02,import,51,Transit,271500,"Bituminous mixtures based on natural asphalt, on natural bitumen, on petroleum bitumen, on mineral tar or on mineral tar pitch (e.g. bituminous mastics, cut-backs)",Nigeria,Nigeria,United States,NNPC ENGINEERING & TECHNICAL COMPANY LIMITED,[in full dataset],[in full dataset],Victoria Island,Nigeria,[in full dataset],ARKO Corp.,[in full dataset],[in full dataset],Richmond,United States,[in full dataset],SEA,"Long Beach, CA","Savannah, GA",2017,12,2017-12,24660.4,KG,24660.4,26514.1,19900.82,19900.82,19209.63,594.58,96.61,0.78,USD,1,CFR,4.6,915.44,4163.25,5078.69,DB Schenker Customs,REF5361293,444,PALLETS,PKG45635,551900749,Nigeria exporter (export)
1501900000,CD201607000000361376,2016-07-18,2016-07-03,import,70,Re-export,150190,Poultry fat; other than that of heading 0209 or 1503,Nigeria,Nigeria,Germany,INTERNATIONAL FRACTIONATION AND MARGARINE PRODUCTS LTD,[in full dataset],[in full dataset],Lagos,Nigeria,,Kunibert Rape,[in full dataset],[in full dataset],Diepholz,Germany,,SEA,Wilhelmshaven,Bremerhaven,2016,7,2016-07,11814.5,KG,11814.5,13101.4,25726.72,25726.72,24393.99,1284.93,47.8,2.06,USD,1,CFR,5.2,1337.79,3247.74,4585.53,Expeditors Customs,REF3595264,85,BAGS,PKG31919,2543876.47,Nigeria exporter (export)
4002590000,CD202007000000234250,2020-07-02,2020-07-12,import,70,Re-export,400259,"Rubber; synthetic, acrylonitrile-butadiene rubber (NBR), (other than latex), in primary forms or in plates, sheets or strip",Nigeria,Nigeria,Italy,INDORAMA ELEME PETROCHEMICALS LIMITED,[in full dataset],[in full dataset],Port Harcourt,Nigeria,[in full dataset],BMW ITALIA RETAIL SRL,[in full dataset],[in full dataset],ROMA,Italy,[in full dataset],AIR,Trieste,Gioia Tauro,2020,7,2020-07,5401.6,KG,5401.6,6196,195118.05,195118.05,181956.33,12558.53,603.19,33.69,EUR,106.3004,DAP,7.2,14048.5,31374.98,45423.48,DSV Customs,REF2091800,169,PALLETS,PKG95377,750970.12,Nigeria exporter (export)
2712200000,CD202306000002475401,2023-06-26,2023-06-02,import,70,Transit,271220,"Paraffin wax; containing by weight less than 0.75% of oil, obtained by synthesis or by other processes, whether or not coloured",Nigeria,Nigeria,United States,NIGERIAN NATIONAL PETROLEUM COMPANY LIMITED,[in full dataset],[in full dataset],Abuja,Nigeria,[in full dataset],Exxon Mobil Corporation,[in full dataset],[in full dataset],Spring,United States,[in full dataset],ROAD,"Miami, FL","Savannah, GA",2023,6,2023-06,8844.7,KG,8844.7,9269,15751.05,15751.05,15099.38,598.5,53.17,1.71,JPY,53.9842,EXW,5.6,882.06,1663.31,2545.37,AN Deringer,REF2408818,84,CRATES,PKG13666,402347215,Nigeria exporter (export)
2620300000,CD202604000000000382,2026-04-27,2026-04-02,import,40,Temporary,262030,"Slag, ash and residues; (not from the manufacture of iron or steel), containing mainly copper",Nigeria,Nigeria,Brazil,FENOG NIGERIA LIMITED,[in full dataset],[in full dataset],Warri,Nigeria,[in full dataset],COMPANHIA BRASILEIRA DE DISTRIBUICAO,[in full dataset],[in full dataset],SAO PAULO,Brazil,,AIR,Paranagua,Paranagua,2026,4,2026-04,13528.6,KG,13528.6,14360.8,6284.51,6284.51,5993.27,247.32,43.92,0.44,CNY,87.5857,FCA,3.5,219.96,455.31,675.27,Expeditors Customs,REF2164390,168,BALES,PKG24537,486714,Nigeria exporter (export)
8423890000,CD201606000000234918,2016-06-15,2016-06-02,export,51,Temporary,842389,"Weighing machines; other than personal, conveyor or constant weight scales, having a maximum weighing capacity exceeding 5000kg",Italy,Italy,Nigeria,ENI SPA,[in full dataset],[in full dataset],ROMA,Italy,[in full dataset],DE COON SERVICES LIMITED,[in full dataset],[in full dataset],Port Harcourt,Nigeria,[in full dataset],AIR,Main Container Port,Main Container Port,2016,6,2016-06,17746.5,KG,17746.5,18941.3,12279.07,12279.07,11820.58,413.3,45.19,0.67,JPY,38.5092,CIF,3,368.37,2276.54,2644.91,Expeditors Customs,REF7313368,263,BULK,PKG95572,14859640.01,Nigeria importer (import)
2616909000,CD202210000000107788,2022-10-05,2022-10-17,import,10,Transit,261690,Precious metal ores and concentrates; (excluding silver),Nigeria,Nigeria,Malaysia,RINA CTSI NIGERIA LIMITED,[in full dataset],[in full dataset],Lagos,Nigeria,[in full dataset],SRI SEMANTAN PRECIOUS METAL SDN. BHD.,[in full dataset],[in full dataset],Bandar Puncak Alam,Malaysia,,SEA,Tanjung Pelepas,Port Klang,2022,10,2022-10,4593.6,KG,4593.6,5231.3,5831.55,5831.55,5656.07,147.21,28.27,1.23,EUR,50.0002,DAP,5.7,332.4,739.67,1072.07,DB Schenker Customs,REF8440439,495,BALES,PKG37057,5303689.64,Nigeria exporter (export)
2620300000,CD201912000000183692,2019-12-26,2019-12-07,import,40,Warehouse,262030,"Slag, ash and residues; (not from the manufacture of iron or steel), containing mainly copper",Nigeria,Nigeria,China,ELPER OILFIELD ENGINEERING (NIGERIA) LIMITED,[in full dataset],[in full dataset],Lagos,Nigeria,[in full dataset],Italy Ovise Fashion Sanitary Ware Xun County Flagship Store,[in full dataset],[in full dataset],Hebi,China,,AIR,Dalian,Ningbo-Zhoushan,2019,12,2019-12,3686.1,KG,3686.1,4036.1,1264.45,1264.45,1200.48,61.76,2.21,0.33,JPY,99.68,FCA,4.1,51.84,131.63,183.47,Descartes,REF9146742,61,PALLETS,PKG85841,9075130,Nigeria exporter (export)
2716000000,CD201712000002827070,2017-12-08,2017-12-22,import,51,Warehouse,271600,Electrical energy,Nigeria,Nigeria,Spain,NIGERIA LNG LIMITED,[in full dataset],[in full dataset],Port Harcourt,Nigeria,[in full dataset],MOEVE SA.,[in full dataset],[in full dataset],MADRID,Spain,[in full dataset],SEA,Valencia,Algeciras,2017,12,2017-12,9444.3,KG,9444.3,10664.4,40621.52,40621.52,38676.24,1661.98,283.3,4.1,INR,21.7334,DDP,5.1,2071.7,0,2071.7,Flexport Customs,REF9161216,38,CARTONS,PKG62697,484927112.98,Nigeria exporter (export)
7310210000,CD202505000000344632,2025-05-17,2025-05-22,export,61,Consumption,731021,"Cans; which are to be closed by soldering or crimping, for any material (excluding compressed or liquefied gas), less than 50l capacity, of iron or steel",Italy,Italy,Nigeria,F.I.O.R. - FABBRICA ITALIANA OREFICERIA SPA,[in full dataset],[in full dataset],LATERINA PERGINE VALDARNO,Italy,[in full dataset],Modern Foundry Products Ltd,[in full dataset],[in full dataset],Lagos,Nigeria,[in full dataset],SEA,Main Container Port,Main Container Port,2025,5,2025-05,8061.7,KG,8061.7,8688.2,508.8,508.8,472.16,36.17,0.47,0.06,INR,114.6285,DAP,6.2,31.55,97.26,128.81,Expeditors Customs,REF1124774,425,PALLETS,PKG87818,18356287.87,Nigeria importer (import)
2617900000,CD201912000000182809,2019-12-17,2019-12-21,import,61,Re-export,261790,Ores and concentrates n.e.c. in chapter 26; other than antimony,Nigeria,Nigeria,China,ELPER OILFIELD ENGINEERING (NIGERIA) LIMITED,[in full dataset],[in full dataset],Lagos,Nigeria,[in full dataset],Italy Ovise Fashion Sanitary Ware Xun County Flagship Store,[in full dataset],[in full dataset],Hebi,China,,SEA,Shenzhen,Xiamen,2019,12,2019-12,4860.2,KG,4860.2,5530.7,4018.64,4018.64,3698.28,293.84,26.52,0.76,CNY,93.4075,CFR,6.6,265.23,428.39,693.62,AN Deringer,REF9134470,304,BALES,PKG65207,9075130,Nigeria exporter (export)
2922290000,CD202201000000178252,2022-01-20,2022-01-28,export,42,Transit,292229,"Amino-naphthols and other amino-phenols, other than those containing more than one kind of oxygen function, their ethers and esters; salts thereof n.e.c. in item no. 2922.2",China,China,Nigeria,"Jiangsu Brother Vitamins Co.,Ltd.",[in full dataset],[in full dataset],Yancheng,China,[in full dataset],BILE ACIDS NIGERIA LTD,[in full dataset],[in full dataset],Suleja,Nigeria,,RAIL,Main Container Port,Main Container Port,2022,1,2022-01,9015,KG,9015,10225,1749.55,1749.55,1683.17,59.97,6.41,0.19,USD,1,CPT,6,104.97,333.81,438.78,Livingston Intl,REF4050838,112,ROLLS,PKG63261,19120015,Nigeria importer (import)
1302120000,CD201502000000001136,2015-02-09,2015-02-24,import,51,Warehouse,130212,Vegetable saps and extracts; of liquorice,Nigeria,Nigeria,Germany,DAARUL-HADEETH SCHOOL OF ARABIC/ISLAMIYYA STUDIES LTD,[in full dataset],[in full dataset],Gbagi,Nigeria,,Natural Gums Dr. W. Agster GmbH,[in full dataset],[in full dataset],Reutlingen,Germany,[in full dataset],ROAD,Hamburg,Wilhelmshaven,2015,2,2015-02,6250.7,KG,6250.7,7149.2,25595.95,25595.95,24195.93,1215.53,184.49,3.87,EUR,77.5984,EXW,6.6,1689.33,3274.23,4963.56,Flexport Customs,REF3524413,301,ROLLS,PKG63845,24195.93,Nigeria exporter (export)
1302390000,CD201511000000007933,2015-11-05,2015-11-14,import,42,Transit,130239,"Mucilages and thickeners; whether or not modified, derived from vegetable products, n.e.c. in item no. 1302.3",Nigeria,Nigeria,Germany,MARKAZ ABDULLATEEF FOR QURANIC MEMORIZATION & ARABIC STUDIES LIMITED,[in full dataset],[in full dataset],Ogba,Nigeria,,Natural Gums Dr. W. Agster GmbH,[in full dataset],[in full dataset],Reutlingen,Germany,[in full dataset],SEA,Bremerhaven,Wilhelmshaven,2015,11,2015-11,8283.5,KG,8283.5,9072.6,11124.73,11124.73,10331.06,740.77,52.9,1.25,GBP,128.0409,DDP,5.8,645.23,2353.99,2999.22,Descartes,REF2928680,184,CRATES,PKG16623,207267.07,Nigeria exporter (export)
2618000000,CD202109000000334085,2021-09-11,2021-09-25,import,70,Consumption,261800,"Slag, granulated (slag sand); from the manufacture or iron or steel",Nigeria,Nigeria,China,RINA CTSI NIGERIA LIMITED,[in full dataset],[in full dataset],Lagos,Nigeria,[in full dataset],"Xi'an Jiehuiting Trading Co., Ltd",[in full dataset],[in full dataset],Xi'an,China,,AIR,Tianjin,Qingdao,2021,9,2021-09,13319.1,KG,13319.1,14364.6,5125.19,5125.19,4762.41,357.38,5.4,0.36,CNY,113.4776,DAP,5.9,302.39,542.76,845.15,CEVA Customs,REF2869564,306,CASES,PKG12188,20610188,Nigeria exporter (export)
8802300000,CD201905000000010642,2019-05-22,2019-05-03,export,40,Consumption,880230,"Aeroplanes and other aircraft, except unmanned; of an unladen weight exceeding 2000kg but not exceeding 15,000kg",Singapore,Singapore,Nigeria,ROCKWELL COLLINS SOUTHEAST ASIA PTE. LTD.,[in full dataset],[in full dataset],Singapore,Singapore,[in full dataset],SG HOLDINGS LIMITED,[in full dataset],[in full dataset],Lekki,Nigeria,[in full dataset],SEA,Main Container Port,Main Container Port,2019,5,2019-05,21723.3,KG,21723.3,22259.8,23598.46,23598.46,21646.53,1878.45,73.48,1,GBP,23.8337,FOB,0,0,4719.69,4719.69,DSV Customs,REF8967334,47,DRUMS,PKG80285,10905835.8,Nigeria importer (import)
2620990000,CD202210000000107774,2022-10-04,2022-10-09,import,10,Consumption,262099,"Slag, ash and residues; (not from the manufacture of iron or steel), containing mainly metals or their compounds, n.e.c. in heading no. 2620",Nigeria,Nigeria,Malaysia,TRANSPORT SERVICES LIMITED,[in full dataset],[in full dataset],Ikoyi,Nigeria,[in full dataset],GTIC PRECIOUS METAL REFINERY (M) SDN. BHD.,[in full dataset],[in full dataset],Melaka,Malaysia,,SEA,Tanjung Pelepas,Port Klang,2022,10,2022-10,14761,KG,14761,15576.9,1917.39,1917.39,1860.28,47.5,9.61,0.13,USD,1,CIF,6.3,120.8,244.58,365.38,CEVA Customs,REF3453532,3,BALES,PKG81779,5303689.64,Nigeria exporter (export)
0409000000,CD202603000000097032,2026-03-14,2026-03-20,export,10,Transit,040900,Honey; natural,Ireland,Ireland,Nigeria,GLANBIA PUBLIC LIMITED COMPANY,[in full dataset],[in full dataset],KILKENNY,Ireland,[in full dataset],FRIESLANDCAMPINA WAMCO NIGERIA PLC,[in full dataset],[in full dataset],Ikeja,Nigeria,[in full dataset],AIR,Main Container Port,Main Container Port,2026,3,2026-03,14589.3,KG,14589.3,15317.3,11674.87,11674.87,11244.05,385.97,44.85,0.77,USD,1,CPT,17,1984.73,2458.73,4443.46,Flexport Customs,REF2026637,489,CRATES,PKG13437,2867477.02,Nigeria importer (import)
1302120000,CD201507000000023746,2015-07-10,2015-07-20,export,10,Temporary,130212,Vegetable saps and extracts; of liquorice,United Kingdom,United Kingdom,Nigeria,CHAUMET (LONDON) LIMITED,[in full dataset],[in full dataset],LONDON,United Kingdom,[in full dataset],DAARUL-HADEETH SCHOOL OF ARABIC/ISLAMIYYA STUDIES LTD,[in full dataset],[in full dataset],Gbagi,Nigeria,,ROAD,Main Container Port,Main Container Port,2015,7,2015-07,3815.5,KG,3815.5,3960.8,11364.56,11364.56,10434.5,902.88,27.18,2.73,GBP,114.7122,CPT,6.6,750.06,1453.75,2203.81,Flexport Customs,REF8661324,288,BAGS,PKG90256,742006.77,Nigeria importer (import)
1516100000,CD201607000000021087,2016-07-14,2016-07-28,import,40,Temporary,151610,"Animal fats and oils and their fractions; partly or wholly hydrogenated, inter-esterified, re-esterified or elaidinised, whether or not refined, but not further prepared",Nigeria,Nigeria,United States,GLORIA MARGARINE COMPANY,[in full dataset],[in full dataset],Aba,Nigeria,,"The International Group, Inc.",[in full dataset],[in full dataset],Titusville,United States,[in full dataset],AIR,"Los Angeles, CA","Charleston, SC",2016,7,2016-07,18902.3,KG,18902.3,20640.9,3648.73,3648.73,3376.87,261.24,10.62,0.18,INR,15.5441,FCA,6,218.92,386.76,605.68,Flexport Customs,REF3123071,300,ROLLS,PKG19549,130627,Nigeria exporter (export)
6806100000,CD201804000000077562,2018-04-03,2018-04-05,export,70,Transit,680610,"Slag wool, rock wool and similar mineral wools (including intermixtures thereof), in bulk, sheets or rolls",Turkiye,Turkiye,Nigeria,GULSAN INSAAT SANAYI TURIZM NAKLIYAT VE TICARET ANONIM SIRKETI,[in full dataset],[in full dataset],Istanbul (Anatolia),Turkiye,[in full dataset],GLOBAL MANPOWER NIGERIA LTD,[in full dataset],[in full dataset],Lagos,Nigeria,[in full dataset],AIR,Main Container Port,Main Container Port,2018,4,2018-04,13137.8,KG,13137.8,14372.5,43996.06,43996.06,40869.12,3076.5,50.44,3.11,EUR,42.1307,CFR,6,2639.76,8394.45,11034.21,AN Deringer,REF2421349,432,CRATES,PKG97942,258389,Nigeria importer (import)
2616909000,CD201912000000183666,2019-12-13,2019-12-15,import,40,Warehouse,261690,Precious metal ores and concentrates; (excluding silver),Nigeria,Nigeria,China,PANALPINA WORLD TRANSPORT (NIGERIA) LTD,[in full dataset],[in full dataset],Lagos,Nigeria,[in full dataset],"5i5j Holding Group Co., Ltd",[in full dataset],[in full dataset],Beijing,China,[in full dataset],SEA,Guangzhou,Shenzhen,2019,12,2019-12,21986.5,KG,21986.5,23766.2,9558.35,9558.35,8899.69,644.19,14.47,0.4,EUR,127.0621,CPT,4.4,420.57,1496.84,1917.41,Kuehne+Nagel Brokerage,REF7654006,355,BALES,PKG93562,9075130,Nigeria exporter (export)
1302140000,CD201506000000005372,2015-06-24,2015-06-02,import,40,Re-export,130214,Vegetable saps and extracts; of ephedra,Nigeria,Nigeria,Germany,SHAIBATULHAMDI COLLEGE FOR ARABIC AND ISLAMIC STUDIES LTD,[in full dataset],[in full dataset],Azare,Nigeria,,Natural Gums Dr. W. Agster GmbH,[in full dataset],[in full dataset],Reutlingen,Germany,[in full dataset],SEA,Wilhelmshaven,Hamburg,2015,6,2015-06,10239.8,KG,10239.8,11223,1837.88,1837.88,1710.08,114.64,13.16,0.17,EUR,65.4974,CIF,5.2,95.57,193.34,288.91,Expeditors Customs,REF1833428,230,PALLETS,PKG8610,133198.11,Nigeria exporter (export)
8416200000,CD201606000001238358,2016-06-17,2016-06-23,export,10,Transit,841620,"Furnaces; furnace burners, for pulverized solid fuel or gas, including combination burners",China,China,Nigeria,China CSSC Holdings Limited,[in full dataset],[in full dataset],Shanghai,China,[in full dataset],ACOUNS NIGERIA LIMITED,[in full dataset],[in full dataset],Lagos,Nigeria,[in full dataset],SEA,Main Container Port,Main Container Port,2016,6,2016-06,4215.4,KG,4215.4,4532.6,82447.89,82447.89,76187.27,6005.76,254.86,18.07,INR,32.7673,CIF,3.1,2555.88,0,2555.88,Descartes,REF2771422,217,BAGS,PKG29767,105718643,Nigeria importer (import)
8483500000,CD202101000001386621,2021-01-20,2021-01-28,export,10,Consumption,848350,"Pulleys and flywheels, including pulley blocks",China,China,Nigeria,ZCZL Industrial Technology Group Company Limited,[in full dataset],[in full dataset],Zhengzhou,China,[in full dataset],DE COON SERVICES LIMITED,[in full dataset],[in full dataset],Port Harcourt,Nigeria,[in full dataset],AIR,Main Container Port,Main Container Port,2021,1,2021-01,20053.5,KG,20053.5,21680.1,50259.38,50259.38,49105,1039.35,115.03,2.45,EUR,74.0607,DAP,3.1,1558.04,9327.14,10885.18,Kuehne+Nagel Brokerage,REF2234301,118,CASES,PKG43631,152289143,Nigeria importer (import)
2608000000,CD202109000000333549,2021-09-09,2021-09-11,import,10,Warehouse,260800,Zinc ores and concentrates,Nigeria,Nigeria,China,PANALPINA WORLD TRANSPORT (NIGERIA) LTD,[in full dataset],[in full dataset],Lagos,Nigeria,[in full dataset],"FESCO Group Co., Ltd",[in full dataset],[in full dataset],Beijing,China,[in full dataset],SEA,Qingdao,Shanghai,2021,9,2021-09,1347.9,KG,1347.9,1398.9,1811.34,1811.34,1743.22,63.99,4.13,1.29,USD,1,EXW,4.5,81.51,340.71,422.22,Livingston Intl,REF8614104,96,CARTONS,PKG42083,20610188,Nigeria exporter (export)
8531200000,CD201705000001280278,2017-05-11,2017-05-26,export,51,Re-export,853120,"Signalling apparatus; electric, sound or visual, indicator panels incorporating liquid crystal devices (LCD) or light-emitting diodes (LED), excluding those of heading no. 8512 or 8530",China,China,Nigeria,"China Post Group Co.,Ltd.",[in full dataset],[in full dataset],Beijing,China,[in full dataset],MTN NIGERIA COMMUNICATIONS PLC,[in full dataset],[in full dataset],Ikoyi,Nigeria,[in full dataset],SEA,Main Container Port,Main Container Port,2017,5,2017-05,22274.8,KG,22274.8,22854.1,104019.38,104019.38,101201.22,2593.69,224.47,4.54,GBP,92.3494,DDP,2,2080.39,21219.95,23300.34,CEVA Customs,REF4635210,26,ROLLS,PKG59184,130976781,Nigeria importer (import)
2604000000,CD201912000000083243,2019-12-19,2019-12-24,import,40,Warehouse,260400,Nickel ores and concentrates,Nigeria,Nigeria,Malaysia,TRANSPORT SERVICES LIMITED,[in full dataset],[in full dataset],Ikoyi,Nigeria,[in full dataset],MUHIBBAH ENGINEERING (M) BHD.,[in full dataset],[in full dataset],Klang,Malaysia,[in full dataset],ROAD,Tanjung Pelepas,Tanjung Pelepas,2019,12,2019-12,10508.5,KG,10508.5,11136.3,568.13,568.13,544.96,20.14,3.03,0.05,GBP,90.8607,CFR,6.2,35.22,72.4,107.62,AN Deringer,REF3668562,79,BULK,PKG63044,4040293.33,Nigeria exporter (export)
8806940000,CD201905000000006294,2019-05-04,2019-05-09,export,61,Consumption,880694,Unmanned aircraft; for other than remote-controlled flight and other than for carriage of passengers with a maximum take-off weight more than 25kg but not more than 150kg,United States,United States,Nigeria,"V2X, Inc.",[in full dataset],[in full dataset],Reston,United States,[in full dataset],SG HOLDINGS LIMITED,[in full dataset],[in full dataset],Lekki,Nigeria,[in full dataset],ROAD,Main Container Port,Main Container Port,2019,5,2019-05,6168.9,KG,6168.9,6956.3,91271.72,91271.72,82576.7,8234.01,461.01,13.39,CNY,102.7556,CPT,0,0,6389.02,6389.02,Kuehne+Nagel Brokerage,REF2279366,347,DRUMS,PKG64377,5189510,Nigeria importer (import)
4011800000,CD202011000000155082,2020-11-26,2020-11-09,import,61,Warehouse,401180,"Rubber; new pneumatic tyres, of a kind used on construction, mining or industrial handling vehicles and machines",Nigeria,Nigeria,Poland,INDORAMA ELEME PETROCHEMICALS LIMITED,[in full dataset],[in full dataset],Port Harcourt,Nigeria,[in full dataset],PGD RG MOTORS SP Z O O,[in full dataset],[in full dataset],Warszawa,Poland,[in full dataset],SEA,Gdynia,Gdynia,2020,11,2020-11,16177.3,KG,16177.3,18426.5,3382,3382,3081.87,280.17,19.96,0.19,CNY,87.4665,DAP,11.8,399.08,453.73,852.81,AN Deringer,REF3281675,439,ROLLS,PKG51751,494646,Nigeria exporter (export)
2906190000,CD202201000000178594,2022-01-23,2022-01-27,export,42,Transit,290619,"Alcohols; cyclanic, cyclenic or cycloterpenic and derivatives, n.e.c. in item no. 2906.1",China,China,Nigeria,"Ningbo When Jay Hyde Amino Acids (ningbo) Industrial Co., Ltd.",[in full dataset],[in full dataset],Ningbo,China,[in full dataset],ESTERS CATERING AND EVENT MANAGEMENT,[in full dataset],[in full dataset],Lagos,Nigeria,,SEA,Main Container Port,Main Container Port,2022,1,2022-01,23701.7,KG,23701.7,26163.6,1387.42,1387.42,1282.37,102.91,2.14,0.05,INR,85.4987,FCA,6.3,87.41,0,87.41,CEVA Customs,REF2203742,317,DRUMS,PKG10519,19120015,Nigeria importer (import)
0402212900,CD202602000000088326,2026-02-04,2026-02-19,export,10,Consumption,040221,"Dairy produce; milk and cream, concentrated, not containing added sugar or other sweetening matter, in powder, granules or other solid forms, of a fat content exceeding 1.5% (by weight)",Netherlands,Netherlands,Nigeria,A-ware Dairy Trade B.V.,[in full dataset],[in full dataset],Lopik,Netherlands,[in full dataset],CADBURY NIGERIA PLC,[in full dataset],[in full dataset],Ikeja,Nigeria,[in full dataset],RAIL,Main Container Port,Main Container Port,2026,2,2026-02,18505.4,KG,18505.4,19785.4,5418.14,5418.14,5135.41,253.03,29.7,0.28,JPY,47.7527,DDP,16.5,893.99,946.82,1840.81,Descartes,REF3139435,25,CRATES,PKG30218,2585962.9,Nigeria importer (import)
8801000000,CD201905000000010638,2019-05-25,2019-05-02,export,70,Re-export,880100,"Balloons and dirigibles; gliders, hang gliders and other non-powered aircraft.",Singapore,Singapore,Nigeria,SIA ENGINEERING COMPANY LIMITED,[in full dataset],[in full dataset],Singapore,Singapore,[in full dataset],SG HOLDINGS LIMITED,[in full dataset],[in full dataset],Lekki,Nigeria,[in full dataset],ROAD,Main Container Port,Main Container Port,2019,5,2019-05,17419.7,KG,17419.7,19749.6,269626.1,269626.1,254971.32,13160.74,1494.04,14.64,INR,29.6459,DAP,0,0,40443.91,40443.91,CEVA Customs,REF2693699,404,CRATES,PKG38230,10905835.8,Nigeria importer (import)
2612100000,CD202412000000866861,2024-12-11,2024-12-23,import,10,Warehouse,261210,Uranium ores and concentrates,Nigeria,Nigeria,China,TRANSPORT SERVICES LIMITED,[in full dataset],[in full dataset],Ikoyi,Nigeria,[in full dataset],"Xi'an Xiangqingyan Trading Co., Ltd",[in full dataset],[in full dataset],Xi'an,China,,SEA,Shanghai,Xiamen,2024,12,2024-12,6929.1,KG,6929.1,7592.8,6174.57,6174.57,5755.05,402.98,16.54,0.83,EUR,42.5975,FOB,3.7,228.46,768.36,996.82,AN Deringer,REF1925002,93,BALES,PKG90661,70218400,Nigeria exporter (export)
2620290000,CD202412000000870960,2024-12-24,2024-12-26,import,40,Temporary,262029,"Slag, ash and residues; (not from the manufacture of iron or steel), containing mainly lead; excluding leaded gasoline sludges and leaded anti-knock compound sludges",Nigeria,Nigeria,China,MAKOCH ENERGY SOLUTIONS LTD,[in full dataset],[in full dataset],Port Harcourt,Nigeria,[in full dataset],"Chongqing Department Store Co.,Ltd.",[in full dataset],[in full dataset],Chongqing,China,[in full dataset],SEA,Dalian,Dalian,2024,12,2024-12,2881.6,KG,2881.6,2986.7,1331.32,1331.32,1241.96,86.12,3.24,0.43,EUR,120.3132,DDP,6.3,83.87,283.04,366.91,DB Schenker Customs,REF3086068,447,CARTONS,PKG49136,70218400,Nigeria exporter (export)
2620210000,CD202502000000036043,2025-02-07,2025-02-22,import,51,Warehouse,262021,"Slag, ash and residues; (not from the manufacture of iron or steel), containing mainly lead; leaded gasoline sludges and leaded anti-knock compound sludges",Nigeria,Nigeria,Malaysia,PRIME ATLANTIC CEGELEC NIGERIA LIMITED,[in full dataset],[in full dataset],Victoria Island,Nigeria,[in full dataset],MUHIBBAH ENGINEERING (M) BHD.,[in full dataset],[in full dataset],Klang,Malaysia,[in full dataset],SEA,Penang,Tanjung Pelepas,2025,2,2025-02,17523.3,KG,17523.3,18369.5,4112.61,4112.61,3993.83,110.77,8.01,0.23,INR,122.2899,EXW,3.2,131.6,424.42,556.02,CEVA Customs,REF4631536,36,CASES,PKG10056,1764612.02,Nigeria exporter (export)
4003000000,CD201807000000045990,2018-07-11,2018-07-26,import,10,Temporary,400300,"Rubber; reclaimed rubber, in primary forms or in plates, sheets or strip",Nigeria,Nigeria,United Kingdom,INDORAMA ELEME PETROCHEMICALS LIMITED,[in full dataset],[in full dataset],Port Harcourt,Nigeria,[in full dataset],INEOS INDUSTRIES LIMITED,[in full dataset],[in full dataset],LYNDHURST,United Kingdom,[in full dataset],ROAD,Felixstowe,Southampton,2018,7,2018-07,6959.8,KG,6959.8,7636.9,5660.4,5660.4,5444.3,180.84,35.26,0.78,INR,51.0963,CPT,9.3,526.42,1237.36,1763.78,CEVA Customs,REF9737552,143,DRUMS,PKG69834,138756.74,Nigeria exporter (export)
8806990000,CD201905000000010628,2019-05-16,2019-05-20,export,70,Transit,880699,Unmanned aircraft; for other than remote-controlled flight and other than for carriage of passengers with a maximum take-off weight more than 150kg,Singapore,Singapore,Nigeria,AIRBUS HELICOPTERS SOUTHEAST ASIA PRIVATE LIMITED,[in full dataset],[in full dataset],Singapore,Singapore,[in full dataset],SG HOLDINGS LIMITED,[in full dataset],[in full dataset],Lekki,Nigeria,[in full dataset],AIR,Main Container Port,Main Container Port,2019,5,2019-05,21678.8,KG,21678.8,23137.6,15750.54,15750.54,14480.92,1177.58,92.04,0.67,INR,123.4319,DDP,0,0,1890.06,1890.06,DHL Customs Svc,REF9915509,125,BULK,PKG98043,10905835.8,Nigeria importer (import)
1301200000,CD201505000000012051,2015-05-21,2015-05-02,import,42,Temporary,130120,Gum Arabic,Nigeria,Nigeria,Germany,NURUDDEEN COLLEGE FOR ARABIC & ISLAMIC STUDIES YAYAYI KWAMI LTD,[in full dataset],[in full dataset],Kwami,Nigeria,,Natural Gums Dr. W. Agster GmbH,[in full dataset],[in full dataset],Reutlingen,Germany,[in full dataset],AIR,Hamburg,Bremerhaven,2015,5,2015-05,5573,KG,5573,6330.2,3350.67,3350.67,3160.82,178.5,11.35,0.57,JPY,92.7231,FOB,3.9,130.68,417.76,548.44,DSV Customs,REF1322129,158,CRATES,PKG65270,326233.39,Nigeria exporter (export)
1512190000,CD201607000000361429,2016-07-12,2016-07-17,import,10,Transit,151219,"Vegetable oils; sunflower seed or safflower oil and their fractions, other than crude, whether or not refined, but not chemically modified",Nigeria,Nigeria,Germany,GLORIA MARGARINE COMPANY,[in full dataset],[in full dataset],Aba,Nigeria,,The Beef Tallow Company GmbH,[in full dataset],[in full dataset],Alzenau,Germany,,ROAD,Bremerhaven,Wilhelmshaven,2016,7,2016-07,11635,KG,11635,12197.1,48543.93,48543.93,44413.62,3978.32,151.99,3.82,EUR,49.4122,FOB,6.5,3155.36,9305.87,12461.23,CEVA Customs,REF2260111,4,BAGS,PKG47910,2543876.47,Nigeria exporter (export)
2915120000,CD202201000000009253,2022-01-17,2022-01-04,export,61,Re-export,291512,Acids; saturated acyclic monocarboxylic acids; salts of formic acids,Germany,Germany,Nigeria,INEOS Phenol GmbH,[in full dataset],[in full dataset],Gladbeck,Germany,[in full dataset],BILE ACIDS NIGERIA LTD,[in full dataset],[in full dataset],Suleja,Nigeria,,RAIL,Main Container Port,Main Container Port,2022,1,2022-01,572.4,KG,572.4,585.2,62174.39,62174.39,57354.34,4414.02,406.03,100.2,USD,1,CFR,5,3108.72,13056.62,16165.34,CEVA Customs,REF5182874,141,PALLETS,PKG69334,1018852.73,Nigeria importer (import)
2716000000,CD201712000003004464,2017-12-18,2017-12-25,import,61,Transit,271600,Electrical energy,Nigeria,Nigeria,United States,SHABAZZ INTERNATIONAL LIMITED,[in full dataset],[in full dataset],Port Harcourt,Nigeria,[in full dataset],Coterra Energy Inc.,[in full dataset],[in full dataset],Houston,United States,[in full dataset],SEA,"Charleston, SC","Norfolk, VA",2017,12,2017-12,12525.4,KG,12525.4,13956,2715.91,2715.91,2541.24,157.01,17.66,0.2,GBP,78.0664,FOB,4.8,130.36,199.24,329.6,Kuehne+Nagel Brokerage,REF4715853,126,ROLLS,PKG56329,551900749,Nigeria exporter (export)
2716000000,CD201712000000233271,2017-12-03,2017-12-05,import,40,Re-export,271600,Electrical energy,Nigeria,Nigeria,Brazil,CB GEOPHYSICAL SOLUTIONS LIMITED,[in full dataset],[in full dataset],Port Harcourt,Nigeria,[in full dataset],RAIZEN S.A.,[in full dataset],[in full dataset],RIO DE JANEIRO,Brazil,[in full dataset],ROAD,Itajai,Rio Grande,2017,12,2017-12,14209.9,KG,14209.9,14931,1058.28,1058.28,995.61,60.18,2.49,0.07,USD,1,EXW,4.2,44.45,165.41,209.86,Livingston Intl,REF5950518,449,PALLETS,PKG61586,26961838,Nigeria exporter (export)
2621900000,CD202604000000000361,2026-04-20,2026-04-07,import,10,Warehouse,262190,Slag and ash n.e.c. in chapter 26; including seaweed ash (kelp) but excluding ash and residues from the incineration of municipal waste,Nigeria,Nigeria,Brazil,RINA CTSI NIGERIA LIMITED,[in full dataset],[in full dataset],Lagos,Nigeria,[in full dataset],COOPERATIVA DOS AGRICULTORES DA REGIAO DE ORLANDIA,[in full dataset],[in full dataset],ORLANDIA,Brazil,[in full dataset],ROAD,Rio Grande,Rio Grande,2026,4,2026-04,7077.2,KG,7077.2,7418.4,1856.91,1856.91,1723.62,126.56,6.73,0.24,CNY,126.1366,CFR,5.3,98.42,391.07,489.49,Livingston Intl,REF8872874,137,PALLETS,PKG65102,486714,Nigeria exporter (export)
8407290000,CD201606000001239269,2016-06-04,2016-06-19,export,51,Re-export,840729,"Engines; for marine propulsion, (other than outboard motors), spark-ignition reciprocating or rotary internal combustion piston engines",China,China,Nigeria,"Yantai Jereh Oilfield Services Group Co., Ltd.",[in full dataset],[in full dataset],Yantai,China,[in full dataset],DE COON SERVICES LIMITED,[in full dataset],[in full dataset],Port Harcourt,Nigeria,[in full dataset],SEA,Main Container Port,Main Container Port,2016,6,2016-06,7295.2,KG,7295.2,8190.4,956.46,956.46,870.97,81.92,3.57,0.12,USD,1,FCA,3.3,31.56,0,31.56,Flexport Customs,REF9473052,173,PALLETS,PKG72752,105718643,Nigeria importer (import)
8453800000,CD201606000001237910,2016-06-15,2016-06-23,export,61,Warehouse,845380,"Machinery; for making or repairing articles of hides, skins or leather, other than sewing machines",China,China,Nigeria,"Sinomach Heavy Equipment Group Co.,Ltd",[in full dataset],[in full dataset],Deyang,China,[in full dataset],DE COON SERVICES LIMITED,[in full dataset],[in full dataset],Port Harcourt,Nigeria,[in full dataset],AIR,Main Container Port,Main Container Port,2016,6,2016-06,4007.1,KG,4007.1,4495,828.01,828.01,779.7,47.5,0.81,0.19,CNY,63.8996,EXW,4,33.12,172.23,205.35,Flexport Customs,REF3932558,87,PALLETS,PKG85220,105718643,Nigeria importer (import)
2937210000,CD202304000000023413,2023-04-03,2023-04-11,export,70,Transit,293721,"Steroidal hormones, their derivatives and structural analogues; cortisone, hydrocortisone, prednisone (dehydrocortisone) and prednisolone (dehydrohydrocortisone)",Brazil,Brazil,Nigeria,DANIEL IGOR MENDOZA QUINONES,[in full dataset],[in full dataset],SANTO ANDRE,Brazil,,ESTERS CATERING AND EVENT MANAGEMENT,[in full dataset],[in full dataset],Lagos,Nigeria,,SEA,Main Container Port,Main Container Port,2023,4,2023-04,20372.2,KG,20372.2,22938,25886.09,25886.09,25138.25,584.33,163.51,1.23,EUR,11.9112,CIF,6.4,1656.71,1377.14,3033.85,DHL Customs Svc,REF6500193,329,CASES,PKG18934,2423529,Nigeria importer (import)
1302200000,CD201507000000010297,2015-07-22,2015-07-08,import,51,Warehouse,130220,Pectic substances; pectinates and pectates,Nigeria,Nigeria,Germany,AL-EEMAN SCHOOL OF SCIENCE AND ARABIC STUDIES LTD,[in full dataset],[in full dataset],Gbagi,Nigeria,,Natural Gums Dr. W. Agster GmbH,[in full dataset],[in full dataset],Reutlingen,Germany,[in full dataset],RAIL,Bremerhaven,Wilhelmshaven,2015,7,2015-07,18669.6,KG,18669.6,20684.5,16162.99,16162.99,15290.77,819.86,52.36,0.82,USD,1,FOB,3.2,517.22,0,517.22,Flexport Customs,REF6642804,45,CRATES,PKG98837,274420.57,Nigeria exporter (export)
2707100000,CD202306000002089911,2023-06-14,2023-06-17,import,40,Transit,270710,Oils and products of the distillation of high temperature coal tar; benzol (benzene),Nigeria,Nigeria,Poland,NNPC E AND P LIMITED,[in full dataset],[in full dataset],Benin City,Nigeria,[in full dataset],ORLEN PALIWA SP Z O O,[in full dataset],[in full dataset],Widełka,Poland,[in full dataset],SEA,Gdansk,Gdynia,2023,6,2023-06,21128.5,KG,21128.5,22652.6,23413.31,23413.31,21221.55,2030.88,160.88,1,EUR,40.8447,DAP,4.6,1077.01,3673.55,4750.56,CEVA Customs,REF5366161,161,BALES,PKG81600,306441474,Nigeria exporter (export)
4011200000,CD202011000000221673,2020-11-02,2020-11-17,import,51,Re-export,401120,"Rubber; new pneumatic tyres, of a kind used on buses or lorries",Nigeria,Nigeria,Germany,INDORAMA ELEME PETROCHEMICALS LIMITED,[in full dataset],[in full dataset],Port Harcourt,Nigeria,[in full dataset],BASF SE,[in full dataset],[in full dataset],Ludwigshafen am Rhein,Germany,[in full dataset],SEA,Hamburg,Bremerhaven,2020,11,2020-11,3140.2,KG,3140.2,3318.6,5683.3,5683.3,5221.71,439.36,22.23,1.66,USD,1,EXW,9.8,556.96,748.83,1305.79,AN Deringer,REF2973438,385,BALES,PKG53784,707546.55,Nigeria exporter (export)
2608000000,CD202109000000332007,2021-09-06,2021-09-10,import,70,Warehouse,260800,Zinc ores and concentrates,Nigeria,Nigeria,China,PANALPINA WORLD TRANSPORT (NIGERIA) LTD,[in full dataset],[in full dataset],Lagos,Nigeria,[in full dataset],"Shanghai Kuiji Trading Co., Ltd.",[in full dataset],[in full dataset],Shanghai,China,,SEA,Qingdao,Guangzhou,2021,9,2021-09,5006.4,KG,5006.4,5222.6,8748.37,8748.37,8263.4,420.68,64.29,1.65,USD,1,CIF,6.8,594.89,654.03,1248.92,DSV Customs,REF1921164,475,PALLETS,PKG23962,20610188,Nigeria exporter (export)
2922390000,CD202201000000178487,2022-01-07,2022-01-14,export,40,Temporary,292239,"Amino-aldehydes, amino-ketones and amino-quinones; other than those containing more than one kind of oxygen function; salts thereof, excluding amfepramone (INN), methadone (INN), and normethadone (INN) and salts thereof",China,China,Nigeria,"DSM Vitamins (Shandong) Co., Ltd.",[in full dataset],[in full dataset],Liaocheng,China,,BILE ACIDS NIGERIA LTD,[in full dataset],[in full dataset],Suleja,Nigeria,,ROAD,Main Container Port,Main Container Port,2022,1,2022-01,10338.4,KG,10338.4,11513.9,10244.46,10244.46,9801.2,379.17,64.09,0.95,CNY,36.117,CIF,3.1,317.58,1056.2,1373.78,Kuehne+Nagel Brokerage,REF4689337,440,BAGS,PKG68850,19120015,Nigeria importer (import)
0410900000,CD202602000000013825,2026-02-13,2026-02-23,export,10,Consumption,041090,"Animal products; edible products of animal origin, not elsewhere specified or included, other than insects",United Kingdom,United Kingdom,Nigeria,CHESTNUTT ANIMAL FEEDS LIMITED,[in full dataset],[in full dataset],BALLYMONEY,United Kingdom,[in full dataset],FRIESLANDCAMPINA WAMCO NIGERIA PLC,[in full dataset],[in full dataset],Ikeja,Nigeria,[in full dataset],RAIL,Main Container Port,Main Container Port,2026,2,2026-02,5231.6,KG,5231.6,5351.4,578.55,578.55,562.48,12.93,3.14,0.11,USD,1,CFR,21.2,122.65,140.24,262.89,Kuehne+Nagel Brokerage,REF4742993,301,BULK,PKG81141,436829.55,Nigeria importer (import)
7314200000,CD202505000000344485,2025-05-09,2025-05-19,export,70,Re-export,731420,"Iron or steel wire; grill, netting and fencing, welded at intersections, of wire with a maximum cross-sectional dimension of 3mm or more and mesh size 100cm2 or more",Italy,Italy,Nigeria,HEIDELBERG MATERIALS ITALIA CEMENTI SPA,[in full dataset],[in full dataset],PESCHIERA BORROMEO,Italy,[in full dataset],QUALCHEM GLOBAL CONCEPT LTD,[in full dataset],[in full dataset],Lagos,Nigeria,[in full dataset],SEA,Main Container Port,Main Container Port,2025,5,2025-05,13823.2,KG,13823.2,14204.6,732.27,732.27,666.43,63.04,2.8,0.05,JPY,17.7268,CFR,10.9,79.82,146.18,226,CEVA Customs,REF7463677,417,CRATES,PKG98830,18356287.87,Nigeria importer (import)
8408200000,CD201606000000191364,2016-06-19,2016-06-05,export,40,Re-export,840820,"Engines; compression-ignition internal combustion piston engines (diesel or semi-diesel engines), of a kind used for the propulsion of vehicles of chapter 87",Malaysia,Malaysia,Nigeria,BRADKEN CASTING (M) SDN. BHD.,[in full dataset],[in full dataset],Merlimau,Malaysia,,ACOUNS NIGERIA LIMITED,[in full dataset],[in full dataset],Lagos,Nigeria,[in full dataset],RAIL,Main Container Port,Main Container Port,2016,6,2016-06,11274.9,KG,11274.9,11627.1,5911,5911,5582.94,301.24,26.82,0.5,CNY,82.8236,DDP,2.5,147.78,424.11,571.89,Flexport Customs,REF1732155,438,CRATES,PKG32375,12000928.41,Nigeria importer (import)
2707100000,CD201712000001009140,2017-12-11,2017-12-13,import,61,Re-export,270710,Oils and products of the distillation of high temperature coal tar; benzol (benzene),Nigeria,Nigeria,Indonesia,NIGERIAN NATIONAL PETROLEUM COMPANY LIMITED,[in full dataset],[in full dataset],Abuja,Nigeria,[in full dataset],PT BAYAN RESOURCES TBK,[in full dataset],[in full dataset],Kota Administrasi Jakarta Selatan,Indonesia,[in full dataset],AIR,Makassar,Makassar,2017,12,2017-12,21830.6,KG,21830.6,23266.5,19067.27,19067.27,17939.68,1087.13,40.46,0.82,CNY,58.3349,CPT,6,1144.04,3638.04,4782.08,AN Deringer,REF6904448,184,CARTONS,PKG71268,108841698,Nigeria exporter (export)
6805300000,CD201809000000105112,2018-09-16,2018-09-21,export,61,Re-export,680530,"Abrasive powder or grain; natural or artificial, on a base of materials n.e.c. in heading no. 6805, whether or not cut to shape or sewn or otherwise made up",United States,United States,Nigeria,Halliburton Company,[in full dataset],[in full dataset],Houston,United States,[in full dataset],PICCOLO - BRUNELLI ENGINEERING LTD,[in full dataset],[in full dataset],Abuja,Nigeria,[in full dataset],RAIL,Main Container Port,Main Container Port,2018,9,2018-09,5911.3,KG,5911.3,6325.4,25872.95,25872.95,24238.3,1489.14,145.51,4.1,GBP,82.5424,FOB,5.7,1474.76,2734.77,4209.53,DB Schenker Customs,REF3712004,276,BAGS,PKG68977,355909,Nigeria importer (import)
2601120000,CD202210000000270603,2022-10-07,2022-10-10,import,61,Warehouse,260112,Iron ores and concentrates; agglomerated (excluding roasted iron pyrites),Nigeria,Nigeria,China,ELPER OILFIELD ENGINEERING (NIGERIA) LIMITED,[in full dataset],[in full dataset],Lagos,Nigeria,[in full dataset],"Ningbo Ocean Shipping Co., Ltd.",[in full dataset],[in full dataset],Ningbo,China,[in full dataset],ROAD,Yingkou,Yingkou,2022,10,2022-10,23007.2,KG,23007.2,26000.6,4931.96,4931.96,4617.89,282.49,31.58,0.2,INR,97.2034,CIF,6.8,335.37,0,335.37,CEVA Customs,REF6447730,464,BALES,PKG7035,14307299,Nigeria exporter (export)
1302130000,CD201511000000013060,2015-11-18,2015-11-24,export,42,Consumption,130213,Vegetable saps and extracts; of hops,Germany,Germany,Nigeria,Natural Gums Dr. W. Agster GmbH,[in full dataset],[in full dataset],Reutlingen,Germany,[in full dataset],AL-MOSDARU AN-NURIY COLLEGE OF ARABIC AND ISLAMIC STUDIES LTD,[in full dataset],[in full dataset],Olodo,Nigeria,,SEA,Main Container Port,Main Container Port,2015,11,2015-11,13316.3,KG,13316.3,13638,13672.13,13672.13,12838.86,811.79,21.48,0.96,EUR,10.5195,CFR,3.2,437.51,2539.74,2977.25,AN Deringer,REF5997160,410,ROLLS,PKG65929,363364.21,Nigeria importer (import)
2903210000,CD202304000000161553,2023-04-14,2023-04-28,export,10,Re-export,290321,Unsaturated chlorinated derivatives of acyclic hydrocarbons; vinyl chloride (chloroethylene),China,China,Nigeria,"Qilu Antibiotics Pharmaceutical Co., Ltd.",[in full dataset],[in full dataset],Jinan,China,[in full dataset],ESTER'S BETHEL ENTERPRISE,[in full dataset],[in full dataset],Olomore,Nigeria,,AIR,Main Container Port,Main Container Port,2023,4,2023-04,16326.2,KG,16326.2,18489.9,73271.05,73271.05,71214.98,1872.49,183.58,4.36,CNY,94.8987,FOB,6.7,4909.16,0,4909.16,Expeditors Customs,REF5434464,431,BAGS,PKG43998,18274065,Nigeria importer (import)
4016940000,CD201804000000492251,2018-04-16,2018-04-18,import,10,Temporary,401694,"Rubber; vulcanised (other than hard rubber), boat or dock fenders, whether or not inflatable, of non-cellular rubber",Nigeria,Nigeria,Spain,INDORAMA ELEME PETROCHEMICALS LIMITED,[in full dataset],[in full dataset],Port Harcourt,Nigeria,[in full dataset],EUROMASTER AUTOMOCION Y SERVICIOS SA,[in full dataset],[in full dataset],MADRID,Spain,[in full dataset],SEA,Barcelona,Valencia,2018,4,2018-04,9393.1,KG,9393.1,10556.4,3928.11,3928.11,3714.37,194.91,18.83,0.4,JPY,115.0746,DAP,12.8,502.8,531.71,1034.51,Kuehne+Nagel Brokerage,REF2869698,442,BULK,PKG53571,1404807.43,Nigeria exporter (export)
2909440000,CD202201000000178750,2022-01-19,2022-01-23,export,70,Transit,290944,"Ether-alcohols and their halogenated, sulphonated, nitrated or nitrosated derivatives; monoalkylethers of ethylene glycol or of diethylene glycol n.e.c. in heading no. 2909",China,China,Nigeria,"Qilu Antibiotics Pharmaceutical Co., Ltd.",[in full dataset],[in full dataset],Jinan,China,[in full dataset],ESTERS CATERING AND EVENT MANAGEMENT,[in full dataset],[in full dataset],Lagos,Nigeria,,AIR,Main Container Port,Main Container Port,2022,1,2022-01,6801.9,KG,6801.9,7234.6,51963.61,51963.61,48220.24,3589.39,153.98,7.09,USD,1,FOB,6.7,3481.56,9980.13,13461.69,DB Schenker Customs,REF5497483,368,CARTONS,PKG99663,19120015,Nigeria importer (import)
3822130000,CD202409000000121522,2024-09-07,2024-09-14,export,70,Consumption,382213,"Reagents; diagnostic or laboratory reagents on a backing, prepared diagnostic or laboratory reagents whether or not on a backing, whether or not put up in the form of kits; for blood grouping",United States,United States,Nigeria,"Koch, Inc.",[in full dataset],[in full dataset],Wichita,United States,[in full dataset],NOTORE CHEMICAL INDUSTRIES LTD,[in full dataset],[in full dataset],Port Harcourt,Nigeria,[in full dataset],SEA,Main Container Port,Main Container Port,2024,9,2024-09,9191.7,KG,9191.7,10035.3,49516.22,49516.22,44953.55,4271.99,290.68,4.89,GBP,71.4834,FOB,4.4,2178.71,9305.09,11483.8,Descartes,REF4574868,310,BULK,PKG31892,7192690,Nigeria importer (import)
9018200000,CD202007000000167711,2020-07-24,2020-07-08,export,51,Consumption,901820,"Medical, surgical instruments and appliances; ultra-violet or infra-red ray apparatus",China,China,Nigeria,"TCL King Electrical Appliances (Nanchang) Co., Ltd.",[in full dataset],[in full dataset],Nanchang,China,[in full dataset],CHAPCHAP DIGITAL COMMERCE LIMITED,[in full dataset],[in full dataset],Kano,Nigeria,[in full dataset],ROAD,Main Container Port,Main Container Port,2020,7,2020-07,5793.9,KG,5793.9,5946.4,7287.77,7287.77,6763.66,490.72,33.39,1.17,CNY,108.965,DDP,1.9,138.47,1113.94,1252.41,Livingston Intl,REF4681976,155,BAGS,PKG66197,26092899,Nigeria importer (import)
6804300000,CD201808000000639832,2018-08-08,2018-08-13,export,51,Transit,680430,"Stones; hand sharpening or polishing stones, of natural stone, agglomerated natural or artificial abrasives or ceramics, with or without parts of other materials",China,China,Nigeria,Beijing New Building Materials Public Limited Company,[in full dataset],[in full dataset],Beijing,China,[in full dataset],GLOBAL MANPOWER NIGERIA LTD,[in full dataset],[in full dataset],Lagos,Nigeria,[in full dataset],AIR,Main Container Port,Main Container Port,2018,8,2018-08,18057.9,KG,18057.9,19601,41087.72,41087.72,39809.6,1084.79,193.33,2.2,CNY,25.6497,DAP,6.2,2547.44,4363.52,6910.96,DHL Customs Svc,REF7989573,10,CARTONS,PKG51907,2890093,Nigeria importer (import)
4009210000,CD201803000000382589,2018-03-25,2018-03-01,import,51,Consumption,400921,"Rubber; vulcanised (other than hard rubber), tubing, piping and hoses, reinforced or otherwise combined only with metal, without fittings",Nigeria,Nigeria,Italy,INDORAMA ELEME PETROCHEMICALS LIMITED,[in full dataset],[in full dataset],Port Harcourt,Nigeria,[in full dataset],LA CISA SERVICE DI MARTINELLI MIRCO E LONGINOTTI FEDERICO SNC ADS SAN BENEDETTO EST 54026 MULAZZO,[in full dataset],[in full dataset],MULAZZO,Italy,,SEA,Gioia Tauro,Trieste,2018,3,2018-03,19270.6,KG,19270.6,21659.9,15670.32,15670.32,14357.26,1287.98,25.08,0.75,USD,1,CIF,8,1253.63,846.2,2099.83,DSV Customs,REF3313456,169,CASES,PKG57722,1082806.61,Nigeria exporter (export)
2614000000,CD202109000000227035,2021-09-03,2021-09-10,import,70,Warehouse,261400,Titanium ores and concentrates,Nigeria,Nigeria,Malaysia,PRIME ATLANTIC CEGELEC NIGERIA LIMITED,[in full dataset],[in full dataset],Victoria Island,Nigeria,[in full dataset],MUHIBBAH ENGINEERING (M) BHD.,[in full dataset],[in full dataset],Klang,Malaysia,[in full dataset],ROAD,Tanjung Pelepas,Tanjung Pelepas,2021,9,2021-09,23278.1,KG,23278.1,26245,2241.97,2241.97,2146.61,80.3,15.06,0.09,EUR,38.6674,FCA,5.4,121.07,283.56,404.63,Livingston Intl,REF2697997,193,BAGS,PKG90800,12900926.17,Nigeria exporter (export)
5211410000,CD202603000000000644,2026-03-25,2026-03-27,import,61,Re-export,521141,"Fabrics, woven; containing less than 85% by weight of cotton, mixed mainly or solely with man-made fibres, weighing more than 200g/m2, of yarns of different colours, plain weave",Nigeria,Nigeria,United States,WACOT LIMITED,[in full dataset],[in full dataset],Ikeja,Nigeria,[in full dataset],Cotton Incorporated,[in full dataset],[in full dataset],Cary,United States,[in full dataset],SEA,"Los Angeles, CA","Norfolk, VA",2026,3,2026-03,22090.9,KG,22090.9,23868.3,19268.59,19268.59,17666,1565.44,37.15,0.8,EUR,11.189,CPT,10.4,2003.93,1063.63,3067.56,DSV Customs,REF8951044,478,CARTONS,PKG31913,17666,Nigeria exporter (export)
2933910000,CD202304000000161460,2023-04-08,2023-04-22,export,10,Consumption,293391,"Heterocyclic compounds; alprazolam (INN), camazepam (INN), chlordiazepoxide (INN), clonazepam (INN), clorazepate, delorazepam (INN), diazepam (INN), estazolam (INN), ethyl loflazepate (INN), fludiazepam (INN), flunitrazepam (INN), (cont)",China,China,Nigeria,"Qilu Antibiotics Pharmaceutical Co., Ltd.",[in full dataset],[in full dataset],Jinan,China,[in full dataset],BILE ACIDS NIGERIA LTD,[in full dataset],[in full dataset],Suleja,Nigeria,,SEA,Main Container Port,Main Container Port,2023,4,2023-04,21411.8,KG,21411.8,24214.1,44754.73,44754.73,43663.23,999.65,91.85,2.04,EUR,56.4773,CIF,3.1,1387.4,0,1387.4,DHL Customs Svc,REF7655183,117,CRATES,PKG92168,18274065,Nigeria importer (import)
0407900000,CD202601000000122579,2026-01-10,2026-01-20,export,42,Temporary,040790,"Birds' eggs, in shell; preserved or cooked",Germany,Germany,Nigeria,DMK Deutsches Milchkontor GmbH,[in full dataset],[in full dataset],Zeven,Germany,[in full dataset],FRIESLANDCAMPINA WAMCO NIGERIA PLC,[in full dataset],[in full dataset],Ikeja,Nigeria,[in full dataset],AIR,Main Container Port,Main Container Port,2026,1,2026-01,10336.1,KG,10336.1,11376,11540.37,11540.37,11219.37,250.61,70.39,1.09,USD,1,DDP,22.1,2550.42,1690.89,4241.31,Descartes,REF4456476,248,BALES,PKG32755,3938874.96,Nigeria importer (import)
1301900000,CD201506000000005375,2015-06-10,2015-06-17,import,40,Re-export,130190,"Natural gums, resins, gum-resins and oleoresins, n.e.c. in heading no. 1301",Nigeria,Nigeria,Germany,SHAIBATULHAMDI COLLEGE FOR ARABIC AND ISLAMIC STUDIES LTD,[in full dataset],[in full dataset],Azare,Nigeria,,Natural Gums Dr. W. Agster GmbH,[in full dataset],[in full dataset],Reutlingen,Germany,[in full dataset],AIR,Hamburg,Wilhelmshaven,2015,6,2015-06,12598.4,KG,12598.4,14468.3,29088.36,29088.36,27347.88,1622.2,118.28,2.17,INR,11.1444,EXW,4.8,1396.24,3048.46,4444.7,Descartes,REF5503942,194,ROLLS,PKG66452,133198.11,Nigeria exporter (export)
1501900000,CD201607000000361480,2016-07-10,2016-07-16,import,61,Temporary,150190,Poultry fat; other than that of heading 0209 or 1503,Nigeria,Nigeria,Germany,UDY & SON SOYA BEAN FLOUR ENTERPRISE,[in full dataset],[in full dataset],Ini,Nigeria,,Autohaus Rape GmbH,[in full dataset],[in full dataset],Vechta,Germany,[in full dataset],SEA,Wilhelmshaven,Wilhelmshaven,2016,7,2016-07,20239.2,KG,20239.2,22412.1,17707.69,17707.69,16291.4,1322.22,94.07,0.8,USD,1,FOB,4.9,867.68,3343.57,4211.25,Flexport Customs,REF1060334,168,CASES,PKG73234,2543876.47,Nigeria exporter (export)
2707200000,CD202306000002499804,2023-06-13,2023-06-26,import,70,Transit,270720,Oils and products of the distillation of high temperature coal tar; toluol (toluene),Nigeria,Nigeria,Netherlands,NIGERIA LNG LIMITED,[in full dataset],[in full dataset],Port Harcourt,Nigeria,[in full dataset],TotalEnergies EP Yemen Block 3 B.V.,[in full dataset],[in full dataset],'s-Gravenhage,Netherlands,,SEA,Amsterdam,Amsterdam,2023,6,2023-06,4057.8,KG,4057.8,4198.5,107137.85,107137.85,102530.88,4455.26,151.71,25.27,USD,1,FOB,5.9,6321.13,13615.08,19936.21,AN Deringer,REF2633857,488,CARTONS,PKG10182,406759751.65,Nigeria exporter (export)
8480710000,CD202101000001385878,2021-01-05,2021-01-07,export,10,Re-export,848071,"Moulds; for rubber or plastics, injection or compression types",China,China,Nigeria,"Shanghai Dazhong Valve Co., Ltd.",[in full dataset],[in full dataset],Shanghai,China,[in full dataset],DE COON SERVICES LIMITED,[in full dataset],[in full dataset],Port Harcourt,Nigeria,[in full dataset],SEA,Main Container Port,Main Container Port,2021,1,2021-01,11274.5,KG,11274.5,12073.8,2625.79,2625.79,2514.99,101.09,9.71,0.22,EUR,109.2982,DAP,2,52.52,267.83,320.35,Descartes,REF4509689,158,BULK,PKG87818,152289143,Nigeria importer (import)
8424300000,CD201606000001239085,2016-06-26,2016-06-04,export,51,Temporary,842430,Mechanical appliances; steam or sand blasting machines and similar jet projecting machines,China,China,Nigeria,"Shanghai Huizhong Automotive Manufacturing Co., Ltd.",[in full dataset],[in full dataset],Shanghai,China,[in full dataset],TECON OIL SERVICES LIMITED,[in full dataset],[in full dataset],Victoria Island,Nigeria,[in full dataset],AIR,Main Container Port,Main Container Port,2016,6,2016-06,10759.6,KG,10759.6,11106.1,216.81,216.81,200,16.11,0.7,0.02,USD,1,CFR,3.9,8.46,33.79,42.25,Livingston Intl,REF8558837,276,PALLETS,PKG76188,105718643,Nigeria importer (import)
2602000000,CD202109000000332272,2021-09-14,2021-09-22,import,61,Consumption,260200,"Manganese ores and concentrates, including ferruginous manganese ores and concentrates with a manganese content of 20% or more, calculated on the dry weight",Nigeria,Nigeria,China,FENOG NIGERIA LIMITED,[in full dataset],[in full dataset],Warri,Nigeria,[in full dataset],"Suzhou Hechengying Trading Co., Ltd.",[in full dataset],[in full dataset],Suzhou,China,,SEA,Yingkou,Xiamen,2021,9,2021-09,8584.2,KG,8584.2,8833,9856.55,9856.55,9280.57,525.81,50.17,1.08,USD,1,FOB,5.9,581.54,521.9,1103.44,AN Deringer,REF9410645,41,DRUMS,PKG30173,20610188,Nigeria exporter (export)
3827140000,CD202409000000016055,2024-09-02,2024-09-04,export,51,Warehouse,382714,"Mixtures containing halogenated derivatives of methane, ethane or propane, not elsewhere specified or included; containing 1,1,1-trichloroethane (methyl chloroform)",Saudi Arabia,Saudi Arabia,Nigeria,SAUDI ARABIAN OIL COMPANY (SAUDI ARAMCO) A SAUDI JOINT-STOCK COMPANY,[in full dataset],[in full dataset],Dhahran,Saudi Arabia,[in full dataset],MARTA INDUSTRIES NIGERIA LTD,[in full dataset],[in full dataset],Onistha,Nigeria,,RAIL,Main Container Port,Main Container Port,2024,9,2024-09,11995.3,KG,11995.3,12507.4,1941.79,1941.79,1885.96,52.06,3.77,0.16,USD,1,CPT,5.6,108.74,246.06,354.8,Flexport Customs,REF8465489,240,CASES,PKG22024,797607.18,Nigeria importer (import)
9008500000,CD202007000000048382,2020-07-27,2020-07-03,export,61,Warehouse,900850,"Image projectors, photographic enlargers and reducers, excluding cinematographic",United States,United States,Nigeria,Sutter Bay Hospitals,[in full dataset],[in full dataset],San Francisco,United States,[in full dataset],STRAPRE TECHNOLOGIES LTD,[in full dataset],[in full dataset],Benin,Nigeria,[in full dataset],SEA,Main Container Port,Main Container Port,2020,7,2020-07,5688.1,KG,5688.1,5996.5,67721.05,67721.05,61419.78,5916.42,384.85,10.8,GBP,119.8742,FCA,1.9,1286.7,12421.4,13708.1,Kuehne+Nagel Brokerage,REF8953459,224,CRATES,PKG70497,5495741,Nigeria importer (import)
6815910000,CD201803000000529018,2018-03-07,2018-03-09,export,61,Re-export,681591,"Stone articles and articles of other mineral substances; containing magnesite, magnesia in the form of periclase, dolomite including in the form of dolime, or chromite",Malaysia,Malaysia,Nigeria,STONE MASTER CORPORATION BHD,[in full dataset],[in full dataset],Petaling Jaya,Malaysia,,GLOBAL MANPOWER NIGERIA LTD,[in full dataset],[in full dataset],Lagos,Nigeria,[in full dataset],ROAD,Main Container Port,Main Container Port,2018,3,2018-03,23849.9,KG,23849.9,25136.2,12940.01,12940.01,12215.96,631.32,92.73,0.51,INR,84.5843,EXW,5.7,737.58,2461.97,3199.55,DSV Customs,REF7469005,297,CASES,PKG23946,2267108.85,Nigeria importer (import)
2920230000,CD202304000000161651,2023-04-01,2023-04-14,export,51,Re-export,292023,"Esters; phosphite esters and their salts; their halogenated, sulphonated, nitrated or nitrosated derivatives, trimethyl phosphite",China,China,Nigeria,"Qilu Antibiotics Pharmaceutical Co., Ltd.",[in full dataset],[in full dataset],Jinan,China,[in full dataset],ESTERS CATERING AND EVENT MANAGEMENT,[in full dataset],[in full dataset],Lagos,Nigeria,,ROAD,Main Container Port,Main Container Port,2023,4,2023-04,16554.9,KG,16554.9,19031.2,33427.82,33427.82,32446.1,928.57,53.15,1.96,GBP,72.5311,DDP,6.2,2072.52,0,2072.52,AN Deringer,REF5767656,114,DRUMS,PKG71822,18274065,Nigeria importer (import)
2615100000,CD201912000000183284,2019-12-16,2019-12-01,import,61,Transit,261510,Zirconium ores and concentrates,Nigeria,Nigeria,China,NAGOS PROJECTS LIMITED,[in full dataset],[in full dataset],Port Harcourt,Nigeria,[in full dataset],"Nanning Kailesi Trading Co., Ltd.",[in full dataset],[in full dataset],Nanning,China,,SEA,Guangzhou,Guangzhou,2019,12,2019-12,24814.5,KG,24814.5,26732.6,31321.56,31321.56,29814.31,1295.96,211.29,1.2,USD,1,CFR,3.4,1064.93,6477.3,7542.23,Expeditors Customs,REF5484211,371,PALLETS,PKG75090,9075130,Nigeria exporter (export)
8807300000,CD201905000000010645,2019-05-14,2019-05-26,export,10,Transit,880730,"Aircraft and spacecraft; parts of aeroplanes, helicopters or unmanned aircraft n.e.c. in heading no. 8807",Singapore,Singapore,Nigeria,SIA ENGINEERING COMPANY LIMITED,[in full dataset],[in full dataset],Singapore,Singapore,[in full dataset],SG HOLDINGS LIMITED,[in full dataset],[in full dataset],Lekki,Nigeria,[in full dataset],SEA,Main Container Port,Main Container Port,2019,5,2019-05,11345.1,KG,11345.1,12891.4,185525.5,185525.5,171820.11,12898.04,807.35,15.14,USD,1,CIF,0,0,37105.1,37105.1,DSV Customs,REF7921918,432,ROLLS,PKG82337,10905835.8,Nigeria importer (import)
2905430000,CD202304000000161532,2023-04-16,2023-04-02,export,61,Transit,290543,"Alcohols; polyhydric, mannitol",China,China,Nigeria,"Qilu Antibiotics Pharmaceutical Co., Ltd.",[in full dataset],[in full dataset],Jinan,China,[in full dataset],BILE ACIDS NIGERIA LTD,[in full dataset],[in full dataset],Suleja,Nigeria,,SEA,Main Container Port,Main Container Port,2023,4,2023-04,24127.2,KG,24127.2,27455.3,30910.73,30910.73,28334.05,2522.66,54.02,1.17,EUR,36.3147,CFR,4.8,1483.72,3887.33,5371.05,CEVA Customs,REF1507786,464,DRUMS,PKG73337,18274065,Nigeria importer (import)
2918190000,CD202304000000161942,2023-04-20,2023-04-26,export,51,Temporary,291819,"Acids; carboxylic acids, (with alcohol function but without other oxygen function), other than lactic, tartaric, citric, and gluconic acids and their salts and esters",China,China,Nigeria,DSM Vitamins (Shanghai) Limited,[in full dataset],[in full dataset],Shanghai,China,[in full dataset],ESTER'S BETHEL ENTERPRISE,[in full dataset],[in full dataset],Olomore,Nigeria,,RAIL,Main Container Port,Main Container Port,2023,4,2023-04,20485.6,KG,20485.6,23526.9,3091.96,3091.96,2913.49,155.91,22.56,0.14,EUR,70.7776,DAP,3,92.76,636.94,729.7,DSV Customs,REF3922662,169,CASES,PKG83576,18274065,Nigeria importer (import)
2602000000,CD202109000000334032,2021-09-03,2021-09-09,import,70,Transit,260200,"Manganese ores and concentrates, including ferruginous manganese ores and concentrates with a manganese content of 20% or more, calculated on the dry weight",Nigeria,Nigeria,China,FENOG NIGERIA LIMITED,[in full dataset],[in full dataset],Warri,Nigeria,[in full dataset],"FESCO Group Co., Ltd",[in full dataset],[in full dataset],Beijing,China,[in full dataset],SEA,Qingdao,Dalian,2021,9,2021-09,17376,KG,17376,19129.8,7393.25,7393.25,6741.33,631.72,20.2,0.39,INR,34.5347,CFR,5.5,406.63,0,406.63,Livingston Intl,REF2543857,234,PALLETS,PKG93393,20610188,Nigeria exporter (export)
7304230000,CD202505000000121567,2025-05-06,2025-05-08,export,10,Transit,730423,"Iron or steel (excluding cast iron or stainless steel); seamless, drill pipe, of a kind used in drilling for oil or gas",United States,United States,Nigeria,Big-D Construction Corp.,[in full dataset],[in full dataset],Salt Lake City,United States,[in full dataset],BLACK PELICAN LIMITED,[in full dataset],[in full dataset],Lagos,Nigeria,[in full dataset],SEA,Main Container Port,Main Container Port,2025,5,2025-05,4125.6,KG,4125.6,4719.6,14267.33,14267.33,12945.94,1288.24,33.15,3.14,GBP,32.8921,DDP,11.4,1626.48,2384.07,4010.55,AN Deringer,REF9454524,18,BULK,PKG18173,5306681,Nigeria importer (import)
2613900000,CD202412000000869664,2024-12-06,2024-12-12,import,40,Temporary,261390,Molybdenum ores and concentrates; other than roasted,Nigeria,Nigeria,China,RINA CTSI NIGERIA LIMITED,[in full dataset],[in full dataset],Lagos,Nigeria,[in full dataset],Nanchang Non-staple Food Factory Kangle Branch,[in full dataset],[in full dataset],Nanchang,China,,SEA,Xiamen,Shenzhen,2024,12,2024-12,7707.6,KG,7707.6,8156.5,3082.93,3082.93,2936.92,138.02,7.99,0.38,JPY,74.7942,DDP,3.2,98.65,381.79,480.44,DSV Customs,REF8268166,184,CASES,PKG30514,70218400,Nigeria exporter (export)
9022120000,CD202007000000025266,2020-07-02,2020-07-17,export,51,Warehouse,902212,"Apparatus based on the use of x-rays; including radiography or radiotherapy apparatus, whether or not for medical, surgical, dental or veterinary uses, computed tomography apparatus",Germany,Germany,Nigeria,GEA Group Aktiengesellschaft,[in full dataset],[in full dataset],Düsseldorf,Germany,[in full dataset],CHAPCHAP DIGITAL COMMERCE LIMITED,[in full dataset],[in full dataset],Kano,Nigeria,[in full dataset],SEA,Main Container Port,Main Container Port,2020,7,2020-07,22483.8,KG,22483.8,25523.2,105394.28,105394.28,98106.51,6646.53,641.24,4.36,GBP,110.8694,CIF,2.7,2845.65,10823.99,13669.64,DB Schenker Customs,REF2990843,229,CRATES,PKG78267,2757077.12,Nigeria importer (import)
2708100000,CD202306000000724719,2023-06-13,2023-06-18,import,10,Re-export,270810,Pitch; obtained from coal tar or from other mineral tars,Nigeria,Nigeria,Canada,DAN MADU OIL & GAS LIMITED,[in full dataset],[in full dataset],Abuja,Nigeria,[in full dataset],Parkland Corporation,[in full dataset],[in full dataset],Calgary,Canada,[in full dataset],SEA,"Prince Rupert, BC","Halifax, NS",2023,6,2023-06,6641.6,KG,6641.6,6982.1,8985.03,8985.03,8748.62,189.32,47.09,1.32,EUR,106.82,DAP,3.3,296.51,1113.78,1410.29,Flexport Customs,REF2146222,116,DRUMS,PKG49585,89165482.25,Nigeria exporter (export)
2613100000,CD202412000000862106,2024-12-12,2024-12-20,import,61,Consumption,261310,Molybdenum ores and concentrates; roasted,Nigeria,Nigeria,China,TRANSPORT SERVICES LIMITED,[in full dataset],[in full dataset],Ikoyi,Nigeria,[in full dataset],"Zhengzhou Yushiyan Trading Co., Ltd",[in full dataset],[in full dataset],Zhengzhou,China,,ROAD,Tianjin,Xiamen,2024,12,2024-12,14188.9,KG,14188.9,15820.8,8211.34,8211.34,7597.15,569.2,44.99,0.54,EUR,0.7964,CPT,5.6,459.84,1300.68,1760.52,DHL Customs Svc,REF8675722,115,PALLETS,PKG52798,70218400,Nigeria exporter (export)
8448420000,CD202101000001387377,2021-01-12,2021-01-16,export,61,Consumption,844842,"Weaving machines (looms); parts including their auxiliary machinery, and accessories thereof, reeds for looms, healds and heald-frames",China,China,Nigeria,"Yonyou Network Technology Co., Ltd.",[in full dataset],[in full dataset],Beijing,China,[in full dataset],DE COON SERVICES LIMITED,[in full dataset],[in full dataset],Port Harcourt,Nigeria,[in full dataset],ROAD,Main Container Port,Main Container Port,2021,1,2021-01,6747.5,KG,6747.5,6986.7,7748.91,7748.91,7444.69,257.09,47.13,1.1,CNY,66.4231,DAP,2.4,185.97,0,185.97,DB Schenker Customs,REF9599121,19,PALLETS,PKG12917,152289143,Nigeria importer (import)
8806910000,CD201905000000010655,2019-05-27,2019-05-10,export,40,Consumption,880691,Unmanned aircraft; for other than remote-controlled flight and other than for carriage of passengers with a maximum take-off weight not more than 250g,Singapore,Singapore,Nigeria,SIA ENGINEERING COMPANY LIMITED,[in full dataset],[in full dataset],Singapore,Singapore,[in full dataset],SG HOLDINGS LIMITED,[in full dataset],[in full dataset],Lekki,Nigeria,[in full dataset],SEA,Main Container Port,Main Container Port,2019,5,2019-05,21585.3,KG,21585.3,22188.5,273485.67,273485.67,267045.73,5944.53,495.41,12.37,USD,1,FOB,0,0,41022.85,41022.85,Livingston Intl,REF4127571,477,BULK,PKG28848,10905835.8,Nigeria importer (import)
6812800000,CD201810000000132949,2018-10-05,2018-10-20,export,10,Re-export,681280,"Fabricated crocidolite (blue asbestos) fibres, mixtures with a basis of crocidolite (blue asbestos), articles of crocidolite (blue asbestos), whether or not reinforced, not goods of heading 6811 or 6813",Italy,Italy,Nigeria,SPORTSWEAR COMPANY SPA,[in full dataset],[in full dataset],RAVARINO,Italy,[in full dataset],GLOBAL MANPOWER NIGERIA LTD,[in full dataset],[in full dataset],Lagos,Nigeria,[in full dataset],ROAD,Main Container Port,Main Container Port,2018,10,2018-10,8242.8,KG,8242.8,9120.2,2787.47,2787.47,2616.89,152.65,17.93,0.32,INR,105.216,FCA,5,139.37,146.34,285.71,Livingston Intl,REF1293619,408,CARTONS,PKG3076,452226.99,Nigeria importer (import)
2601119000,CD201912000000182886,2019-12-13,2019-12-20,import,70,Consumption,260111,Iron ores and concentrates; non-agglomerated,Nigeria,Nigeria,China,PETROCONSULT ENERGY CO. LTD,[in full dataset],[in full dataset],Rivers State,Nigeria,[in full dataset],"Wuhan Branch of Daye Xinye Special Steel Co., Ltd",[in full dataset],[in full dataset],Wuhan,China,,ROAD,Shenzhen,Tianjin,2019,12,2019-12,4291.1,KG,4291.1,4681.9,210.66,210.66,200,9.38,1.28,0.05,EUR,77.9311,FOB,5.7,12.01,40.08,52.09,CEVA Customs,REF3579743,196,ROLLS,PKG69992,9075130,Nigeria exporter (export)
8432390000,CD201606000000087740,2016-06-10,2016-06-16,export,70,Temporary,843239,"Seeders, planters and transplanters; other than no-till direct seeders, planters and transplanters",Turkiye,Turkiye,Nigeria,CIMTAS CELIK IMALAT MONTAJ VE TESISAT ANONIM SIRKETI,[in full dataset],[in full dataset],Istanbul (Europe),Turkiye,[in full dataset],IGPES GAS & POWER LIMITED,[in full dataset],[in full dataset],Ikoyi,Nigeria,[in full dataset],SEA,Main Container Port,Main Container Port,2016,6,2016-06,4313.1,KG,4313.1,4502.3,1178.6,1178.6,1117.09,60.03,1.48,0.26,EUR,61.1624,CFR,4.2,49.5,85.97,135.47,DHL Customs Svc,REF9233299,190,ROLLS,PKG68133,5445468,Nigeria importer (import)
8807300000,CD201905000000006273,2019-05-21,2019-05-26,export,61,Consumption,880730,"Aircraft and spacecraft; parts of aeroplanes, helicopters or unmanned aircraft n.e.c. in heading no. 8807",United States,United States,Nigeria,"Ansett Aircraft Spares & Services, Inc.",[in full dataset],[in full dataset],Sylmar,United States,,SG HOLDINGS LIMITED,[in full dataset],[in full dataset],Lekki,Nigeria,[in full dataset],ROAD,Main Container Port,Main Container Port,2019,5,2019-05,3871.2,KG,3871.2,4025.4,5274.87,5274.87,4794.61,454.44,25.82,1.24,CNY,10.2475,EXW,0,0,263.74,263.74,CEVA Customs,REF5421961,140,DRUMS,PKG84935,5189510,Nigeria importer (import)
4013100000,CD202011000000267964,2020-11-15,2020-11-24,import,40,Transit,401310,"Rubber; inner tubes, of a kind used on motorcars (including station wagons and racing cars), buses and lorries",Nigeria,Nigeria,China,INDORAMA ELEME PETROCHEMICALS LIMITED,[in full dataset],[in full dataset],Port Harcourt,Nigeria,[in full dataset],"Hengli Petrochemical Co.,Ltd.",[in full dataset],[in full dataset],Dalian,China,[in full dataset],ROAD,Shanghai,Dalian,2020,11,2020-11,14983.1,KG,14983.1,16631.5,6900.36,6900.36,6414.12,448.1,38.14,0.43,GBP,61.3306,DDP,6.9,476.12,368.82,844.94,DHL Customs Svc,REF7815734,246,DRUMS,PKG20923,858459,Nigeria exporter (export)
7315199000,CD202505000000104690,2025-05-19,2025-05-03,export,70,Warehouse,731519,"Chain; articulated link parts, of iron or steel",Turkiye,Turkiye,Nigeria,GURIS INSAAT VE MUHENDISLIK ANONIM SIRKETI,[in full dataset],[in full dataset],Ankara,Turkiye,[in full dataset],INCLINED TECH & CONSTRUCTION COMPANY LIMITED,[in full dataset],[in full dataset],Warri,Nigeria,[in full dataset],AIR,Main Container Port,Main Container Port,2025,5,2025-05,24000.3,KG,24000.3,25737.3,1500.73,1500.73,1447.88,44.9,7.95,0.06,JPY,16.6786,CIF,12.1,181.59,302.82,484.41,AN Deringer,REF8707034,189,CARTONS,PKG8773,4504318,Nigeria importer (import)
1302130000,CD201507000000010299,2015-07-03,2015-07-17,import,40,Re-export,130213,Vegetable saps and extracts; of hops,Nigeria,Nigeria,Germany,NURUL IMAN ARABIC & ISLAMIC ACADEMY LTD,[in full dataset],[in full dataset],Zaria,Nigeria,,Natural Gums Dr. W. Agster GmbH,[in full dataset],[in full dataset],Reutlingen,Germany,[in full dataset],ROAD,Hamburg,Wilhelmshaven,2015,7,2015-07,5152.1,KG,5152.1,5304.8,21979.28,21979.28,20825.12,1114.34,39.82,4.04,JPY,50.2161,DDP,3.9,857.19,1598.55,2455.74,DB Schenker Customs,REF5474002,192,BAGS,PKG97917,274420.57,Nigeria exporter (export)
8806910000,CD201905000000010668,2019-05-05,2019-05-19,export,61,Warehouse,880691,Unmanned aircraft; for other than remote-controlled flight and other than for carriage of passengers with a maximum take-off weight not more than 250g,Singapore,Singapore,Nigeria,AIRBUS HELICOPTERS SOUTHEAST ASIA PRIVATE LIMITED,[in full dataset],[in full dataset],Singapore,Singapore,[in full dataset],SG HOLDINGS LIMITED,[in full dataset],[in full dataset],Lekki,Nigeria,[in full dataset],RAIL,Main Container Port,Main Container Port,2019,5,2019-05,23978.6,KG,23978.6,25650.6,7805.67,7805.67,7404.63,344.24,56.8,0.31,EUR,79.6908,EXW,0,0,780.57,780.57,Kuehne+Nagel Brokerage,REF6537352,372,CASES,PKG39409,10905835.8,Nigeria importer (import)
2620290000,CD202604000000000320,2026-04-12,2026-04-26,import,10,Consumption,262029,"Slag, ash and residues; (not from the manufacture of iron or steel), containing mainly lead; excluding leaded gasoline sludges and leaded anti-knock compound sludges",Nigeria,Nigeria,Brazil,TRANSNATIONAL CORPORATION PLC,[in full dataset],[in full dataset],Lagos,Nigeria,[in full dataset],AMERICANAS SA - EM RECUPERACAO JUDICIAL,[in full dataset],[in full dataset],OSASCO,Brazil,,SEA,Paranagua,Rio Grande,2026,4,2026-04,22298.8,KG,22298.8,24293.6,4762.29,4762.29,4479.58,262.24,20.47,0.2,CNY,127.9054,FOB,4.4,209.54,745.77,955.31,DB Schenker Customs,REF9145048,309,DRUMS,PKG66633,486714,Nigeria exporter (export)
2618000000,CD202210000000271001,2022-10-24,2022-10-10,import,51,Temporary,261800,"Slag, granulated (slag sand); from the manufacture or iron or steel",Nigeria,Nigeria,China,NORTHRIDGE ENGINEERING LIMITED,[in full dataset],[in full dataset],Lagos,Nigeria,[in full dataset],"Wushang Group Co.,Ltd.",[in full dataset],[in full dataset],Wuhan,China,[in full dataset],AIR,Guangzhou,Yingkou,2022,10,2022-10,18257.2,KG,18257.2,20172,1157.23,1157.23,1054.86,100.33,2.04,0.06,JPY,77.7942,FCA,6.7,77.53,222.26,299.79,Livingston Intl,REF6362990,214,BALES,PKG64981,14307299,Nigeria exporter (export)
2701190000,CD202306000001212477,2023-06-12,2023-06-18,import,70,Temporary,270119,"Coal; (other than anthracite and bituminous), whether or not pulverised but not agglomerated",Nigeria,Nigeria,Italy,NIGERIAN NATIONAL PETROLEUM COMPANY LIMITED,[in full dataset],[in full dataset],Abuja,Nigeria,[in full dataset],OMV SUPPLY & TRADING ITALIA SRL,[in full dataset],[in full dataset],TRIESTE,Italy,,AIR,Trieste,Trieste,2023,6,2023-06,21916.3,KG,21916.3,22951.8,13350.79,13350.79,12998,288.95,63.84,0.59,CNY,27.527,CIF,6.6,881.15,2561.75,3442.9,Livingston Intl,REF5304334,91,BULK,PKG78248,154840657.1,Nigeria exporter (export)
4010120000,CD201809000000289646,2018-09-21,2018-09-03,import,51,Temporary,401012,"Rubber; vulcanised, conveyor belts or belting, reinforced only with textile materials",Nigeria,Nigeria,Germany,THE OKOMU OIL PALM COMPANY PLC,[in full dataset],[in full dataset],Edo,Nigeria,[in full dataset],BASF SE,[in full dataset],[in full dataset],Ludwigshafen am Rhein,Germany,[in full dataset],ROAD,Wilhelmshaven,Bremerhaven,2018,9,2018-09,16554,KG,16554,18665.5,1038.78,1038.78,942.92,92.91,2.95,0.06,JPY,24.1955,FOB,13.2,137.12,0,137.12,Livingston Intl,REF1986566,271,PALLETS,PKG55732,812758.29,Nigeria exporter (export)
8486400000,CD201606000001238521,2016-06-15,2016-06-20,export,61,Warehouse,848640,"Machines and apparatus of a kind used solely or principally for the manufacture or repair of masks and reticles, assembling semiconductor devices or electronic integrated circuits, or for lifting, handling, loading or unloading items of heading 8486",China,China,Nigeria,"Pci Technology Group Co.,Ltd",[in full dataset],[in full dataset],Guangzhou,China,[in full dataset],ASTRA INSTRUMENTS LIMITED,[in full dataset],[in full dataset],Abia,Nigeria,[in full dataset],AIR,Main Container Port,Main Container Port,2016,6,2016-06,10699.4,KG,10699.4,11377,2405.88,2405.88,2199.24,201.6,5.04,0.21,USD,1,CFR,3.5,84.21,298.81,383.02,DSV Customs,REF3198434,66,CASES,PKG4435,105718643,Nigeria importer (import)
3802100000,CD202409000000029116,2024-09-20,2024-09-03,export,10,Re-export,380210,Carbon; activated,Belgium,Belgium,Nigeria,Procter & Gamble Manufacturing Belgium,[in full dataset],[in full dataset],Grimbergen,Belgium,[in full dataset],INDORAMA ELEME FERTILIZER & CHEMICALS LIMITED,[in full dataset],[in full dataset],Port Harcourt,Nigeria,[in full dataset],ROAD,Main Container Port,Main Container Port,2024,9,2024-09,5030.5,KG,5030.5,5635.3,1660.39,1660.39,1579.62,78.71,2.06,0.31,GBP,0.7204,FCA,5.8,96.3,175.67,271.97,DB Schenker Customs,REF3896281,55,BULK,PKG36988,1451555,Nigeria importer (import)
8429200000,CD201606000001237358,2016-06-19,2016-06-27,export,40,Temporary,842920,Graders and levellers,China,China,Nigeria,Agricultural Bank Of China Limited,[in full dataset],[in full dataset],Beijing,China,[in full dataset],DE COON SERVICES LIMITED,[in full dataset],[in full dataset],Port Harcourt,Nigeria,[in full dataset],AIR,Main Container Port,Main Container Port,2016,6,2016-06,1624.5,KG,1624.5,1686.3,111471.23,111471.23,106160.66,4807.14,503.43,65.35,USD,1,DDP,2.9,3232.67,17205.58,20438.25,Livingston Intl,REF6948901,403,CRATES,PKG99566,105718643,Nigeria importer (import)
8448200000,CD202101000000412731,2021-01-16,2021-01-18,export,40,Temporary,844820,Machines; parts and accessories of machines or auxiliary machinery of heading no. 8444,United States,United States,Nigeria,General Motors Company,[in full dataset],[in full dataset],Detroit,United States,[in full dataset],JOCAM NIGERIA LIMITED,[in full dataset],[in full dataset],Port Harcourt,Nigeria,[in full dataset],ROAD,Main Container Port,Main Container Port,2021,1,2021-01,21407,KG,21407,24449.6,58318.38,58318.38,54495.1,3632.53,190.75,2.55,USD,1,EXW,3.1,1807.87,4208.84,6016.71,Descartes,REF8847245,203,DRUMS,PKG81409,34172615,Nigeria importer (import)
1302310000,CD201507000000010292,2015-07-20,2015-07-05,import,61,Temporary,130231,"Mucilages and thickeners; agar-agar, whether or not modified, derived from vegetable products",Nigeria,Nigeria,Germany,NURUL IMAN ARABIC & ISLAMIC ACADEMY LTD,[in full dataset],[in full dataset],Zaria,Nigeria,,Natural Gums Dr. W. Agster GmbH,[in full dataset],[in full dataset],Reutlingen,Germany,[in full dataset],SEA,Wilhelmshaven,Wilhelmshaven,2015,7,2015-07,15232.4,KG,15232.4,17128.5,121641.32,121641.32,110681.04,10319.65,640.63,7.27,CNY,42.1818,CIF,4.9,5960.42,0,5960.42,AN Deringer,REF3175176,292,BAGS,PKG78287,274420.57,Nigeria exporter (export)
2920210000,CD202304000000161792,2023-04-22,2023-04-04,export,40,Warehouse,292021,"Esters; phosphite esters and their salts; their halogenated, sulphonated, nitrated or nitrosated derivatives, dimethyl phosphite",China,China,Nigeria,"Qilu Antibiotics Pharmaceutical Co., Ltd.",[in full dataset],[in full dataset],Jinan,China,[in full dataset],BILE ACIDS NIGERIA LTD,[in full dataset],[in full dataset],Suleja,Nigeria,,RAIL,Main Container Port,Main Container Port,2023,4,2023-04,16725.5,KG,16725.5,18233.1,16696.27,16696.27,15255.36,1339.98,100.93,0.91,GBP,78.9875,EXW,4.2,701.24,1739.75,2440.99,Flexport Customs,REF4897460,39,BULK,PKG26912,18274065,Nigeria importer (import)
8806230000,CD201905000000010669,2019-05-03,2019-05-15,export,51,Transit,880623,"Unmanned aircraft; for remote-controlled flight only, for other than for carriage of passengers, with the maximum take-off weight of more than 7kg but not more than 25kg",Singapore,Singapore,Nigeria,ROCKWELL COLLINS SOUTHEAST ASIA PTE. LTD.,[in full dataset],[in full dataset],Singapore,Singapore,[in full dataset],SG HOLDINGS LIMITED,[in full dataset],[in full dataset],Lekki,Nigeria,[in full dataset],SEA,Main Container Port,Main Container Port,2019,5,2019-05,8835.2,KG,8835.2,9830.5,1539500.68,1539500.68,1455056.74,78391.55,6052.39,164.69,EUR,126.9219,EXW,0,0,184740.08,184740.08,Kuehne+Nagel Brokerage,REF4193090,265,CASES,PKG13637,10905835.8,Nigeria importer (import)
4010390000,CD202006000000268602,2020-06-03,2020-06-15,import,40,Re-export,401039,"Rubber; vulcanised, conveyor or transmission belts or belting, n.e.c. in heading no. 4010",Nigeria,Nigeria,Spain,INDORAMA ELEME PETROCHEMICALS LIMITED,[in full dataset],[in full dataset],Port Harcourt,Nigeria,[in full dataset],NEX TYRES SL,[in full dataset],[in full dataset],MADRID,Spain,[in full dataset],AIR,Valencia,Barcelona,2020,6,2020-06,3031.4,KG,3031.4,3244.5,28168.51,28168.51,27190.44,809.66,168.41,8.97,USD,1,EXW,8.4,2366.15,6106.93,8473.08,Flexport Customs,REF5259777,455,BALES,PKG2613,860509.28,Nigeria exporter (export)
2709000000,CD202306000001696600,2023-06-06,2023-06-13,import,42,Temporary,270900,"Oils; petroleum oils and oils obtained from bituminous minerals, crude",Nigeria,Nigeria,Germany,BONO ENERGY LIMITED,[in full dataset],[in full dataset],Victoria Island,Nigeria,[in full dataset],Uniper Global Commodities SE,[in full dataset],[in full dataset],Düsseldorf,Germany,[in full dataset],AIR,Wilhelmshaven,Hamburg,2023,6,2023-06,21653.2,KG,21653.2,24125.3,9059.2,9059.2,8242.26,791.94,25,0.38,EUR,92.7253,CIF,4.6,416.72,1421.39,1838.11,Livingston Intl,REF3833961,233,ROLLS,PKG78337,236270292.4,Nigeria exporter (export)
2613900000,CD202412000000862332,2024-12-26,2024-12-01,import,70,Re-export,261390,Molybdenum ores and concentrates; other than roasted,Nigeria,Nigeria,China,FENOG NIGERIA LIMITED,[in full dataset],[in full dataset],Warri,Nigeria,[in full dataset],Italy Ovise Fashion Sanitary Ware Xun County Flagship Store,[in full dataset],[in full dataset],Hebi,China,,SEA,Ningbo-Zhoushan,Yingkou,2024,12,2024-12,22383.3,KG,22383.3,24014.9,2476.95,2476.95,2370.76,101.07,5.12,0.11,EUR,73.095,FCA,4.5,111.46,129.42,240.88,DSV Customs,REF3073828,253,CASES,PKG31354,70218400,Nigeria exporter (export)
7314310000,CD202505000000089981,2025-05-26,2025-05-28,export,40,Temporary,731431,"Iron or steel wire; grill, netting and fencing, welded at the intersection, n.e.c. in item no. 7314.20, plated or coated with zinc",Germany,Germany,Nigeria,Viega Holding GmbH & Co. KG,[in full dataset],[in full dataset],Attendorn,Germany,[in full dataset],QUALCHEM GLOBAL CONCEPT LTD,[in full dataset],[in full dataset],Lagos,Nigeria,[in full dataset],RAIL,Main Container Port,Main Container Port,2025,5,2025-05,7837.9,KG,7837.9,8335.5,1683.69,1683.69,1575.2,96.89,11.6,0.2,GBP,129.0256,FCA,7.4,124.59,126.58,251.17,CEVA Customs,REF9884912,349,CARTONS,PKG87496,3763041.26,Nigeria importer (import)
1512290000,CD201608000000000402,2016-08-20,2016-08-01,import,10,Temporary,151229,"Vegetable oils; cotton-seed oil and its fractions, other than crude, whether or not refined, but not chemically modified",Nigeria,Nigeria,United Kingdom,UDY & SON SOYA BEAN FLOUR ENTERPRISE,[in full dataset],[in full dataset],Ini,Nigeria,,SOMERSET AND AVON RAPE AND SEXUAL ABUSE SUPPORT,[in full dataset],[in full dataset],BRISTOL,United Kingdom,[in full dataset],ROAD,Liverpool,Tilbury,2016,8,2016-08,3002.6,KG,3002.6,3343.5,1844.25,1844.25,1761.45,72.7,10.1,0.59,EUR,35.2326,CPT,6.6,121.72,393.19,514.91,Flexport Customs,REF2031395,36,DRUMS,PKG93264,1761.45,Nigeria exporter (export)
2710910000,CD201712000000629649,2017-12-20,2017-12-23,import,10,Temporary,271091,"Waste Oils; of petroleum or obtained from bituminous minerals, not crude; and preparations n.e.c., weight 70% or preparations of the same, containing polychlorinated biphenyls (PCBs), polychorinated terphenyls (PCTs) or polybrominated biphenyls (PBBs)",Nigeria,Nigeria,Thailand,ARADEL ENERGY LIMITED,[in full dataset],[in full dataset],Victoria Island,Nigeria,[in full dataset],PTT EXPLORATION AND PRODUCTION PUBLIC COMPANY LIMITED,[in full dataset],[in full dataset],CHATUCHAK,Thailand,[in full dataset],SEA,Bangkok,Laem Chabang,2017,12,2017-12,1268.1,KG,1268.1,1426.8,10745.05,10745.05,10449.58,269.8,25.67,8.24,INR,46.1264,CPT,5.7,612.47,2044.35,2656.82,DSV Customs,REF2440935,199,PALLETS,PKG97441,66380648.53,Nigeria exporter (export)
9018120000,CD202007000000167714,2020-07-22,2020-07-01,export,40,Transit,901812,"Medical, surgical instruments and appliances; ultrasonic scanning apparatus",China,China,Nigeria,Zhejiang Shengli Copper Ware Meters Factory,[in full dataset],[in full dataset],Wenzhou,China,,CHAPCHAP DIGITAL COMMERCE LIMITED,[in full dataset],[in full dataset],Kano,Nigeria,[in full dataset],RAIL,Main Container Port,Main Container Port,2020,7,2020-07,14644.7,KG,14644.7,15894.9,13514.75,13514.75,12401.13,1032.9,80.72,0.85,USD,1,CIF,1.8,243.27,2751.6,2994.87,DSV Customs,REF4305368,87,BAGS,PKG93002,26092899,Nigeria importer (import)
1515909000,CD201607000000361357,2016-07-13,2016-07-23,import,10,Re-export,151590,"Fixed vegetable fats and oils and their fractions n.e.c. in heading 1515; other than linseed, maize (corn), castor, sesame, microbial oils, whether or not refined, but not chemically modified",Nigeria,Nigeria,Germany,INTERNATIONAL FRACTIONATION AND MARGARINE PRODUCTS LTD,[in full dataset],[in full dataset],Lagos,Nigeria,,The Beef Tallow Company GmbH,[in full dataset],[in full dataset],Alzenau,Germany,,ROAD,Wilhelmshaven,Bremerhaven,2016,7,2016-07,16519.9,KG,16519.9,17260.5,18432.89,18432.89,17616.06,712.41,104.42,1.07,CNY,114.6835,CFR,3.3,608.29,1904.12,2512.41,Flexport Customs,REF1883821,446,ROLLS,PKG57444,2543876.47,Nigeria exporter (export)
2932910000,CD202304000000161683,2023-04-06,2023-04-09,export,51,Consumption,293291,"Heterocyclic compounds; with oxygen hetero-atom(s) only, (other than lactones or compounds containing an unfused furan ring (whether or not hydrogenated) in the structure), isosafrole",China,China,Nigeria,"Tai'an Sailu Cellulose Ethers Technology Co.,ltd.",[in full dataset],[in full dataset],Tai'an,China,[in full dataset],BILE ACIDS NIGERIA LTD,[in full dataset],[in full dataset],Suleja,Nigeria,,ROAD,Main Container Port,Main Container Port,2023,4,2023-04,4794.6,KG,4794.6,4955.7,7619.28,7619.28,7326.23,273.77,19.28,1.53,INR,82.4358,DAP,5.4,411.44,803.07,1214.51,Livingston Intl,REF4975075,61,CASES,PKG13635,18274065,Nigeria importer (import)
8474200000,CD201606000000273693,2016-06-06,2016-06-13,export,42,Consumption,847420,"Machines; for crushing or grinding earth, stone, ores or other mineral substances",United Kingdom,United Kingdom,Nigeria,SONY INTERACTIVE ENTERTAINMENT EUROPE LIMITED,[in full dataset],[in full dataset],LONDON,United Kingdom,[in full dataset],HERITON TRADE LIMITED,[in full dataset],[in full dataset],Warri,Nigeria,[in full dataset],AIR,Main Container Port,Main Container Port,2016,6,2016-06,11936.2,KG,11936.2,13010.3,50012.35,50012.35,47453.22,2472.98,86.15,3.98,JPY,44.2561,FOB,2.3,1150.28,7674.39,8824.67,AN Deringer,REF4893075,79,BULK,PKG30438,17476418.52,Nigeria importer (import)
1302200000,CD201507000000010286,2015-07-18,2015-07-26,import,10,Consumption,130220,Pectic substances; pectinates and pectates,Nigeria,Nigeria,Germany,MAHAD ALLAHU ASBY SCHOOL ARABIC AND ISLAMIC STUDIES LTD,[in full dataset],[in full dataset],Gaa,Nigeria,,Natural Gums Dr. W. Agster GmbH,[in full dataset],[in full dataset],Reutlingen,Germany,[in full dataset],SEA,Hamburg,Wilhelmshaven,2015,7,2015-07,2579.9,KG,2579.9,2677,28863.47,28863.47,27714.78,1117.96,30.73,10.74,INR,67.942,CFR,4.6,1327.72,0,1327.72,Flexport Customs,REF5798279,327,DRUMS,PKG41930,274420.57,Nigeria exporter (export)
2606000000,CD202210000000108059,2022-10-03,2022-10-15,import,42,Transit,260600,Aluminium ores and concentrates,Nigeria,Nigeria,Malaysia,QUIDAX TECHNOLOGIES LIMITED,[in full dataset],[in full dataset],Lekki,Nigeria,[in full dataset],7-ELEVEN MALAYSIA HOLDINGS BERHAD,[in full dataset],[in full dataset],Kuala Lumpur,Malaysia,[in full dataset],RAIL,Port Klang,Tanjung Pelepas,2022,10,2022-10,11060.4,KG,11060.4,12340.3,678.43,678.43,621.49,54.13,2.81,0.06,USD,1,EXW,5.6,37.99,50.15,88.14,DSV Customs,REF6903103,301,BULK,PKG62199,5303689.64,Nigeria exporter (export)
2611000000,CD202210000000270564,2022-10-05,2022-10-14,import,10,Temporary,261100,Tungsten ores and concentrates,Nigeria,Nigeria,China,NAGOS PROJECTS LIMITED,[in full dataset],[in full dataset],Port Harcourt,Nigeria,[in full dataset],"Guangzhou Teyao Trading Co., Ltd.",[in full dataset],[in full dataset],Guangzhou,China,,SEA,Shanghai,Ningbo-Zhoushan,2022,10,2022-10,23955.7,KG,23955.7,25021,2773.18,2773.18,2632.81,136.6,3.77,0.11,JPY,74.3328,EXW,6.9,191.35,355.74,547.09,AN Deringer,REF4496775,165,CRATES,PKG22206,14307299,Nigeria exporter (export)
8532220000,CD201705000001279134,2017-05-08,2017-05-16,export,70,Temporary,853222,"Electrical capacitors; fixed, aluminium electrolytic",China,China,Nigeria,Dongfeng Motor Group Company Limited,[in full dataset],[in full dataset],Wuhan,China,[in full dataset],CABLE TRONICS TECHNICAL COMPANY LTD,[in full dataset],[in full dataset],Rivers,Nigeria,[in full dataset],SEA,Main Container Port,Main Container Port,2017,5,2017-05,1562.9,KG,1562.9,1761.6,13736.03,13736.03,13244.51,468.12,23.4,8.47,GBP,120.3595,FCA,2.6,357.14,0,357.14,Kuehne+Nagel Brokerage,REF5135427,394,PALLETS,PKG24837,130976781,Nigeria importer (import)
1302130000,CD201507000000010290,2015-07-11,2015-07-24,import,70,Transit,130213,Vegetable saps and extracts; of hops,Nigeria,Nigeria,Germany,GUM ARABIC COMPANY NIGERIA (GACON) LIMITED,[in full dataset],[in full dataset],Lagos,Nigeria,[in full dataset],Natural Gums Dr. W. Agster GmbH,[in full dataset],[in full dataset],Reutlingen,Germany,[in full dataset],SEA,Bremerhaven,Hamburg,2015,7,2015-07,20395.9,KG,20395.9,22184.5,8197.8,8197.8,7717.53,423.52,56.75,0.38,USD,1,CIF,4.5,368.9,856.67,1225.57,AN Deringer,REF4766114,250,BALES,PKG51941,274420.57,Nigeria exporter (export)
1510100000,CD201607000000021084,2016-07-26,2016-07-09,import,40,Transit,151010,"Vegetable oils; crude olive pomace oil and their fractions, obtained solely from olives, whether or not refined, but not chemically modified",Nigeria,Nigeria,United States,GLORIA MARGARINE COMPANY,[in full dataset],[in full dataset],Aba,Nigeria,,"The International Group, Inc.",[in full dataset],[in full dataset],Titusville,United States,[in full dataset],ROAD,"Houston, TX","Long Beach, CA",2016,7,2016-07,12825.4,KG,12825.4,13913.1,20483.72,20483.72,19649.83,764.13,69.76,1.53,CNY,51.4197,EXW,3.2,655.48,3805.06,4460.54,Descartes,REF5606542,110,CARTONS,PKG95763,130627,Nigeria exporter (export)
1501100000,CD201607000000361470,2016-07-05,2016-07-20,import,10,Consumption,150110,"Pig fat; lard, other than that of heading 0209 and 1503",Nigeria,Nigeria,Germany,INTERNATIONAL FRACTIONATION AND MARGARINE PRODUCTS LTD,[in full dataset],[in full dataset],Lagos,Nigeria,,Tallow GmbH,[in full dataset],[in full dataset],Gerlingen,Germany,,SEA,Bremerhaven,Hamburg,2016,7,2016-07,23241.2,KG,23241.2,25992.8,45339.33,45339.33,42211.97,3066.61,60.75,1.82,USD,1,FOB,3.9,1768.23,2355.38,4123.61,Descartes,REF9454739,290,PALLETS,PKG52372,2543876.47,Nigeria exporter (export)
6808000000,CD201807000000088774,2018-07-19,2018-07-28,export,40,Transit,680800,"Panels, boards, tiles, blocks and the like; of vegetable fibre, of straw, shavings, chips, particles, sawdust or other waste, of wood, agglomerated with cement, plaster or other mineral binders",Germany,Germany,Nigeria,Gebr. Knauf KG,[in full dataset],[in full dataset],Iphofen,Germany,[in full dataset],PICCOLO - BRUNELLI ENGINEERING LTD,[in full dataset],[in full dataset],Abuja,Nigeria,[in full dataset],SEA,Main Container Port,Main Container Port,2018,7,2018-07,19498.8,KG,19498.8,21284.8,1079.25,1079.25,1040.3,32.91,6.04,0.05,USD,1,CPT,4.5,48.57,203.01,251.58,Expeditors Customs,REF2950281,429,BULK,PKG96057,297607.5,Nigeria importer (import)
8807300000,CD201905000000010652,2019-05-16,2019-05-01,export,42,Temporary,880730,"Aircraft and spacecraft; parts of aeroplanes, helicopters or unmanned aircraft n.e.c. in heading no. 8807",Singapore,Singapore,Nigeria,ROCKWELL COLLINS SOUTHEAST ASIA PTE. LTD.,[in full dataset],[in full dataset],Singapore,Singapore,[in full dataset],SG HOLDINGS LIMITED,[in full dataset],[in full dataset],Lekki,Nigeria,[in full dataset],SEA,Main Container Port,Main Container Port,2019,5,2019-05,24293.1,KG,24293.1,26282,113869.76,113869.76,108597.84,5026.02,245.9,4.47,INR,58.1997,DDP,0,0,17080.46,17080.46,Flexport Customs,REF7534078,281,CASES,PKG63165,10905835.8,Nigeria importer (import)
4010110000,CD201802000000115242,2018-02-13,2018-02-25,import,61,Transit,401011,"Rubber; vulcanised, conveyor belts or belting, reinforced only with metal",Nigeria,Nigeria,China,INROLL INTERNATIONAL CO LTD,[in full dataset],[in full dataset],Abia State,Nigeria,[in full dataset],"Shandong Wosen Rubber Co., Ltd.",[in full dataset],[in full dataset],Dongying,China,[in full dataset],SEA,Qingdao,Tianjin,2018,2,2018-02,5960,KG,5960,6617.5,541.45,541.45,492.57,46.48,2.4,0.08,JPY,21.5042,DDP,9.8,53.06,89.18,142.24,Kuehne+Nagel Brokerage,REF3900056,279,ROLLS,PKG60297,332036,Nigeria exporter (export)
2704000000,CD201712000003008822,2017-12-17,2017-12-19,import,51,Warehouse,270400,"Coke and semi-coke; of coal, lignite or peat, whether or not agglomerated; retort carbon",Nigeria,Nigeria,United States,NIGERIAN NATIONAL PETROLEUM COMPANY LIMITED,[in full dataset],[in full dataset],Abuja,Nigeria,[in full dataset],Exxon Mobil Corporation,[in full dataset],[in full dataset],Spring,United States,[in full dataset],SEA,"Los Angeles, CA","Long Beach, CA",2017,12,2017-12,1718.6,KG,1718.6,1809.7,16022.53,16022.53,15011.46,966.97,44.1,8.73,USD,1,FOB,5.4,865.22,0,865.22,Livingston Intl,REF6740406,99,CARTONS,PKG26680,551900749,Nigeria exporter (export)
8502391000,CD201705000001278003,2017-05-10,2017-05-16,export,42,Transit,850239,"Electric generating sets; (excluding those with spark-ignition or compression-ignition internal combustion piston engines), other than wind powered",China,China,Nigeria,"Xiamen Xiangyu Co., Ltd.",[in full dataset],[in full dataset],Xiamen,China,[in full dataset],INLAKS POWER SOLUTIONS LIMITED,[in full dataset],[in full dataset],Ikeja,Nigeria,[in full dataset],SEA,Main Container Port,Main Container Port,2017,5,2017-05,15391.7,KG,15391.7,17408.6,17010.84,17010.84,15469.67,1499.07,42.1,1.01,GBP,70.6924,EXW,2.5,425.27,1743.61,2168.88,DB Schenker Customs,REF7343599,406,BULK,PKG5557,130976781,Nigeria importer (import)
2604000000,CD201912000000183580,2019-12-07,2019-12-20,import,42,Temporary,260400,Nickel ores and concentrates,Nigeria,Nigeria,China,ELPER OILFIELD ENGINEERING (NIGERIA) LIMITED,[in full dataset],[in full dataset],Lagos,Nigeria,[in full dataset],"Chongqing Department Store Co.,Ltd.",[in full dataset],[in full dataset],Chongqing,China,[in full dataset],RAIL,Yingkou,Shanghai,2019,12,2019-12,756.5,KG,756.5,791.5,20389.75,20389.75,19618.65,693.61,77.49,25.93,GBP,34.7954,FOB,6.4,1304.94,1518.63,2823.57,DSV Customs,REF5985683,23,BULK,PKG69027,9075130,Nigeria exporter (export)
2608000000,CD202412000000866648,2024-12-17,2024-12-02,import,61,Re-export,260800,Zinc ores and concentrates,Nigeria,Nigeria,China,NAGOS PROJECTS LIMITED,[in full dataset],[in full dataset],Port Harcourt,Nigeria,[in full dataset],Italy Ovise Fashion Sanitary Ware Xun County Flagship Store,[in full dataset],[in full dataset],Hebi,China,,AIR,Dalian,Xiamen,2024,12,2024-12,20718.1,KG,20718.1,23005,7189.22,7189.22,6537.47,624.95,26.8,0.32,USD,1,CFR,3.2,230.06,1335.47,1565.53,DSV Customs,REF5958919,103,ROLLS,PKG26766,70218400,Nigeria exporter (export)
3807000000,CD202409000000207884,2024-09-22,2024-09-25,export,42,Re-export,380700,"Wood tar; wood tar oils; wood creosote; wood naphtha; vegetable pitch; brewers' pitch and similar preparations based on rosin, resin acids or on vegetable pitch",China,China,Nigeria,Levima Advanced Materials Corporation,[in full dataset],[in full dataset],Zaozhuang,China,[in full dataset],NIGERIAN GERMAN CHEMICALS PLC,[in full dataset],[in full dataset],Lagos,Nigeria,[in full dataset],ROAD,Main Container Port,Main Container Port,2024,9,2024-09,18707,KG,18707,21313.9,6253.76,6253.76,5749.73,460.3,43.73,0.31,INR,91.9261,FOB,3.5,218.88,1294.53,1513.41,Expeditors Customs,REF3293603,356,CASES,PKG41096,14471660,Nigeria importer (import)
9015300000,CD202007000000048364,2020-07-26,2020-07-06,export,70,Temporary,901530,Surveying equipment; levels,United States,United States,Nigeria,UPMC,[in full dataset],[in full dataset],Pittsburgh,United States,[in full dataset],Habideen Commercial Agency Ltd,[in full dataset],[in full dataset],Lagos,Nigeria,,SEA,Main Container Port,Main Container Port,2020,7,2020-07,5707.6,KG,5707.6,5949.1,24294.04,24294.04,22867.07,1288.84,138.13,4.01,EUR,47.4505,DDP,2.7,655.94,4990,5645.94,Kuehne+Nagel Brokerage,REF5589176,470,BALES,PKG37612,5495741,Nigeria importer (import)
2620300000,CD202502000000035934,2025-02-12,2025-02-26,import,42,Temporary,262030,"Slag, ash and residues; (not from the manufacture of iron or steel), containing mainly copper",Nigeria,Nigeria,Malaysia,FENOG NIGERIA LIMITED,[in full dataset],[in full dataset],Warri,Nigeria,[in full dataset],DIALOG GROUP BERHAD,[in full dataset],[in full dataset],Petaling Jaya,Malaysia,[in full dataset],SEA,Penang,Tanjung Pelepas,2025,2,2025-02,4691.7,KG,4691.7,5074.2,3538.22,3538.22,3244.13,288.92,5.17,0.69,USD,1,CIF,4.6,162.76,444.12,606.88,Descartes,REF3143595,462,DRUMS,PKG90582,1764612.02,Nigeria exporter (export)
1302320000,CD201512000000023121,2015-12-06,2015-12-14,export,40,Warehouse,130232,"Mucilages and thickeners; whether or not modified, derived from locust beans, locust bean seeds or guar seeds",United Kingdom,United Kingdom,Nigeria,CHAUMET (LONDON) LIMITED,[in full dataset],[in full dataset],LONDON,United Kingdom,[in full dataset],MARKAZ ABDULLATEEF FOR QURANIC MEMORIZATION & ARABIC STUDIES LIMITED,[in full dataset],[in full dataset],Ogba,Nigeria,,AIR,Main Container Port,Main Container Port,2015,12,2015-12,16361,KG,16361,18126.3,2406.74,2406.74,2201.53,196.13,9.08,0.13,CNY,103.5948,DAP,5.5,132.37,177.74,310.11,AN Deringer,REF6564888,280,BALES,PKG36099,715573.13,Nigeria importer (import)
4009310000,CD202002000000288977,2020-02-01,2020-02-08,import,42,Consumption,400931,"Rubber; vulcanised (other than hard rubber), tubing, piping and hoses, reinforced or otherwise combined only with textile materials, without fittings",Nigeria,Nigeria,Germany,INDORAMA ELEME PETROCHEMICALS LIMITED,[in full dataset],[in full dataset],Port Harcourt,Nigeria,[in full dataset],BASF SE,[in full dataset],[in full dataset],Ludwigshafen am Rhein,Germany,[in full dataset],SEA,Hamburg,Hamburg,2020,2,2020-02,4232.7,KG,4232.7,4348.9,108899.9,108899.9,100566.57,7614.94,718.39,23.76,GBP,77.444,DAP,11.7,12741.29,24328.24,37069.53,Livingston Intl,REF1216128,211,DRUMS,PKG34916,930591.26,Nigeria exporter (export)
2714100000,CD202306000001700474,2023-06-06,2023-06-13,import,61,Warehouse,271410,Bituminous or oil shale and tar sands,Nigeria,Nigeria,Germany,NIGERIA LNG LIMITED,[in full dataset],[in full dataset],Port Harcourt,Nigeria,[in full dataset],ORLEN Deutschland GmbH,[in full dataset],[in full dataset],Elmshorn,Germany,[in full dataset],RAIL,Bremerhaven,Wilhelmshaven,2023,6,2023-06,525.7,KG,525.7,586.7,12261.96,12261.96,11588.63,656.51,16.82,22.04,INR,21.7529,CIF,3.8,465.95,1909.19,2375.14,Descartes,REF5113020,288,BALES,PKG28200,236270292.4,Nigeria exporter (export)
9018200000,CD202007000000025247,2020-07-27,2020-07-12,export,61,Consumption,901820,"Medical, surgical instruments and appliances; ultra-violet or infra-red ray apparatus",Germany,Germany,Nigeria,CompuGroup Medical SE & Co. KGaA,[in full dataset],[in full dataset],Koblenz,Germany,[in full dataset],AYEMERE GALLERY,[in full dataset],[in full dataset],Lagos,Nigeria,[in full dataset],SEA,Main Container Port,Main Container Port,2020,7,2020-07,22170.8,KG,22170.8,24586.5,256559.07,256559.07,241980.1,13580.86,998.11,10.91,EUR,38.5982,CPT,1.5,3848.39,52081.49,55929.88,Kuehne+Nagel Brokerage,REF9021880,216,BULK,PKG88566,2757077.12,Nigeria importer (import)
6812800000,CD201808000000034102,2018-08-03,2018-08-09,export,42,Consumption,681280,"Fabricated crocidolite (blue asbestos) fibres, mixtures with a basis of crocidolite (blue asbestos), articles of crocidolite (blue asbestos), whether or not reinforced, not goods of heading 6811 or 6813",Thailand,Thailand,Nigeria,KORN STONE COMPANY LIMITED,[in full dataset],[in full dataset],SI RACHA,Thailand,,GLOBAL MANPOWER NIGERIA LTD,[in full dataset],[in full dataset],Lagos,Nigeria,[in full dataset],SEA,Main Container Port,Main Container Port,2018,8,2018-08,22616.6,KG,22616.6,25618.6,1245.6,1245.6,1139.31,100.35,5.94,0.05,GBP,80.0083,FCA,6.4,79.72,159.04,238.76,DB Schenker Customs,REF1017898,392,CARTONS,PKG85960,111255.37,Nigeria importer (import)
2617100000,CD202604000000000334,2026-04-22,2026-04-25,import,40,Re-export,261710,Antimony ores and concentrates,Nigeria,Nigeria,Brazil,ELPER OILFIELD ENGINEERING (NIGERIA) LIMITED,[in full dataset],[in full dataset],Lagos,Nigeria,[in full dataset],DIA BRASIL SOCIEDADE LIMITADA EM RECUPERACAO JUDICIAL,[in full dataset],[in full dataset],SAO PAULO,Brazil,,SEA,Paranagua,Suape,2026,4,2026-04,19675.9,KG,19675.9,22537.2,14502.15,14502.15,13359.68,1096.16,46.31,0.68,JPY,79.3408,FCA,5.8,841.12,1534.33,2375.45,DHL Customs Svc,REF5251204,148,BALES,PKG50978,486714,Nigeria exporter (export)
2614000000,CD202412000000871247,2024-12-19,2024-12-25,import,42,Temporary,261400,Titanium ores and concentrates,Nigeria,Nigeria,China,TRANSPORT SERVICES LIMITED,[in full dataset],[in full dataset],Ikoyi,Nigeria,[in full dataset],"Suzhou Lalelu Trading Co., Ltd.",[in full dataset],[in full dataset],Suzhou,China,,ROAD,Qingdao,Ningbo-Zhoushan,2024,12,2024-12,13366.4,KG,13366.4,14563.6,5583.6,5583.6,5406.2,166.26,11.14,0.4,USD,1,FCA,5.4,301.51,411.96,713.47,Flexport Customs,REF8965857,377,CARTONS,PKG13959,70218400,Nigeria exporter (export)
2933910000,CD202304000000045845,2023-04-05,2023-04-08,export,61,Warehouse,293391,"Heterocyclic compounds; alprazolam (INN), camazepam (INN), chlordiazepoxide (INN), clonazepam (INN), clorazepate, delorazepam (INN), diazepam (INN), estazolam (INN), ethyl loflazepate (INN), fludiazepam (INN), flunitrazepam (INN), (cont)",South Korea,South Korea,Nigeria,Ether's Dream Act Institute,[in full dataset],[in full dataset],Gyeongsan,South Korea,,BILE ACIDS NIGERIA LTD,[in full dataset],[in full dataset],Suleja,Nigeria,,SEA,Main Container Port,Main Container Port,2023,4,2023-04,6525.9,KG,6525.9,6969.2,5021.92,5021.92,4828.59,178.41,14.92,0.74,CNY,40.2358,DDP,4.3,215.94,628.54,844.48,DSV Customs,REF3432757,437,PALLETS,PKG42875,5048193,Nigeria importer (import)
2620400000,CD202604000000000326,2026-04-09,2026-04-20,import,51,Warehouse,262040,"Slag, ash and residues; (not from the manufacture of iron or steel), containing mainly aluminium",Nigeria,Nigeria,Brazil,RINA CTSI NIGERIA LIMITED,[in full dataset],[in full dataset],Lagos,Nigeria,[in full dataset],LOJAS RENNER S.A.,[in full dataset],[in full dataset],PORTO ALEGRE,Brazil,[in full dataset],SEA,Itajai,Itajai,2026,4,2026-04,5159.5,KG,5159.5,5679.5,6365.15,6365.15,5962.06,384.82,18.27,1.16,USD,1,CPT,6.4,407.37,0,407.37,DB Schenker Customs,REF3499538,440,ROLLS,PKG49301,486714,Nigeria exporter (export)
9022140000,CD202007000000046058,2020-07-02,2020-07-09,export,61,Warehouse,902214,"Apparatus based on the use of x-rays; including radiography or radiotherapy apparatus, for medical, surgical or veterinary uses, not dental uses, excluding computed tomography apparatus",Netherlands,Netherlands,Nigeria,Kiwa Assurance B.V.,[in full dataset],[in full dataset],Rijswijk ZH,Netherlands,[in full dataset],CHAPCHAP DIGITAL COMMERCE LIMITED,[in full dataset],[in full dataset],Kano,Nigeria,[in full dataset],SEA,Main Container Port,Main Container Port,2020,7,2020-07,4171.3,KG,4171.3,4501,5110.14,5110.14,4703.13,388.1,18.91,1.13,GBP,41.2884,DDP,1.3,66.43,776.49,842.92,Descartes,REF5789972,54,DRUMS,PKG28369,5257478.63,Nigeria importer (import)
8462290000,CD202101000000412808,2021-01-15,2021-01-18,export,42,Consumption,846229,"Machine-tools; bending, folding, straightening or flattening machines (including press brakes), for working metal, numerically controlled n.e.c. in item 84.62.2",United States,United States,Nigeria,Alphabet Inc.,[in full dataset],[in full dataset],Mountain View,United States,[in full dataset],DE COON SERVICES LIMITED,[in full dataset],[in full dataset],Port Harcourt,Nigeria,[in full dataset],SEA,Main Container Port,Main Container Port,2021,1,2021-01,19633.2,KG,19633.2,21144.9,136701.95,136701.95,127587.31,8777.97,336.67,6.5,EUR,85.8087,FOB,2,2734.04,13943.6,16677.64,DB Schenker Customs,REF4414280,77,CASES,PKG59421,34172615,Nigeria importer (import)
2621900000,CD202502000000029945,2025-02-25,2025-02-07,import,61,Temporary,262190,Slag and ash n.e.c. in chapter 26; including seaweed ash (kelp) but excluding ash and residues from the incineration of municipal waste,Nigeria,Nigeria,Hong Kong,TRANSPORT SERVICES LIMITED,[in full dataset],[in full dataset],Ikoyi,Nigeria,[in full dataset],HENDERSON LAND DEVELOPMENT COMPANY LIMITED,[in full dataset],[in full dataset],Central District,Hong Kong,[in full dataset],SEA,Hong Kong (Kwai Tsing),Hong Kong (Kwai Tsing),2025,2,2025-02,1819.7,KG,1819.7,2007.4,42334.28,42334.28,38916.86,3264.39,153.03,21.39,USD,1,CPT,5.4,2286.05,8031.66,10317.71,DHL Customs Svc,REF9884125,190,PALLETS,PKG19683,1441546.72,Nigeria exporter (export)
2707200000,CD202306000000724992,2023-06-05,2023-06-19,import,70,Temporary,270720,Oils and products of the distillation of high temperature coal tar; toluol (toluene),Nigeria,Nigeria,Canada,NIGERIAN NATIONAL PETROLEUM COMPANY LIMITED,[in full dataset],[in full dataset],Abuja,Nigeria,[in full dataset],TC Energy Corporation,[in full dataset],[in full dataset],Calgary,Canada,[in full dataset],AIR,"Prince Rupert, BC","Prince Rupert, BC",2023,6,2023-06,24432.1,KG,24432.1,25994.8,16189.05,16189.05,15747.05,378.18,63.82,0.64,INR,120.4023,CIF,4.8,777.07,0,777.07,AN Deringer,REF4906376,114,CASES,PKG8452,89165482.25,Nigeria exporter (export)
1302120000,CD201509000000002568,2015-09-15,2015-09-22,import,70,Re-export,130212,Vegetable saps and extracts; of liquorice,Nigeria,Nigeria,Germany,DAARUL-HADEETH SCHOOL OF ARABIC/ISLAMIYYA STUDIES LTD,[in full dataset],[in full dataset],Gbagi,Nigeria,,Natural Gums Dr. W. Agster GmbH,[in full dataset],[in full dataset],Reutlingen,Germany,[in full dataset],SEA,Hamburg,Hamburg,2015,9,2015-09,20058.2,KG,20058.2,22200.7,6071.19,6071.19,5713.53,350.11,7.55,0.28,INR,72.5424,EXW,5.4,327.84,639.9,967.74,DB Schenker Customs,REF4254508,178,ROLLS,PKG86980,63965.31,Nigeria exporter (export)
2713120000,CD201712000001071288,2017-12-24,2017-12-07,import,10,Temporary,271312,"Petroleum coke; calcined, obtained from bituminous minerals",Nigeria,Nigeria,South Korea,NIGERIAN NATIONAL PETROLEUM COMPANY LIMITED,[in full dataset],[in full dataset],Abuja,Nigeria,[in full dataset],S-Oil Corporation,[in full dataset],[in full dataset],Seoul,South Korea,[in full dataset],SEA,Incheon,Busan,2017,12,2017-12,951.6,KG,951.6,1087.3,64590.47,64590.47,62226.24,1966.93,397.3,65.39,USD,1,EXW,5.9,3810.84,3420.07,7230.91,Descartes,REF3427976,280,CRATES,PKG4217,114450761,Nigeria exporter (export)
1302320000,CD201504000000002678,2015-04-04,2015-04-14,import,40,Temporary,130232,"Mucilages and thickeners; whether or not modified, derived from locust beans, locust bean seeds or guar seeds",Nigeria,Nigeria,Germany,SHAIBATULHAMDI COLLEGE FOR ARABIC AND ISLAMIC STUDIES LTD,[in full dataset],[in full dataset],Azare,Nigeria,,Natural Gums Dr. W. Agster GmbH,[in full dataset],[in full dataset],Reutlingen,Germany,[in full dataset],RAIL,Bremerhaven,Wilhelmshaven,2015,4,2015-04,13476.6,KG,13476.6,14222,9429.65,9429.65,8701.05,660.28,68.32,0.65,INR,73.7744,FOB,3.3,311.18,0,311.18,Flexport Customs,REF9386107,169,BULK,PKG22862,67877.52,Nigeria exporter (export)
1514990000,CD201605000000017744,2016-05-08,2016-05-13,import,10,Warehouse,151499,"Vegetable oils; excluding low erucic acid rape or colza oil and its fractions, other than crude, but not chemically modified",Nigeria,Nigeria,United States,GLORIA MARGARINE COMPANY,[in full dataset],[in full dataset],Aba,Nigeria,,"The International Group, Inc.",[in full dataset],[in full dataset],Titusville,United States,[in full dataset],ROAD,"Seattle, WA","Savannah, GA",2016,5,2016-05,15025,KG,15025,17229.9,21432.56,21432.56,20855.31,429.15,148.1,1.39,USD,1,EXW,6.5,1393.12,2282.57,3675.69,Kuehne+Nagel Brokerage,REF5802617,286,CRATES,PKG91805,111374,Nigeria exporter (export)
8530800000,CD201705000000593041,2017-05-06,2017-05-10,export,10,Consumption,853080,"Signalling, safety or traffic control equipment; for roads, inland waterways, parking facilities, port installations or airfields (excluding those of heading no. 8608)",Hong Kong,Hong Kong,Nigeria,CHINA TELECOM CORPORATION LIMITED,[in full dataset],[in full dataset],Wan Chai,Hong Kong,[in full dataset],AIRTEL NETWORKS LIMITED,[in full dataset],[in full dataset],Victoria Island,Nigeria,[in full dataset],SEA,Main Container Port,Main Container Port,2017,5,2017-05,10031.8,KG,10031.8,10693.4,17832.06,17832.06,16459.73,1253.53,118.8,1.64,USD,1,DAP,2.3,410.14,3283.6,3693.74,DHL Customs Svc,REF3097185,166,PALLETS,PKG54666,46360806.37,Nigeria importer (import)
8511900000,CD201705000000592502,2017-05-20,2017-05-07,export,70,Temporary,851190,"Ignition or starting equipment; parts of the equipment of heading no. 8511, for use in spark-ignition or compression-ignition internal combustion engines",Hong Kong,Hong Kong,Nigeria,Xiaomi Corporation,[in full dataset],[in full dataset],Kwun Tong,Hong Kong,[in full dataset],PAULIZA LIMITED,[in full dataset],[in full dataset],Lagos,Nigeria,[in full dataset],AIR,Main Container Port,Main Container Port,2017,5,2017-05,11730.4,KG,11730.4,13363.8,41936.58,41936.58,39635.35,1996.9,304.33,3.38,USD,1,CPT,1.3,545.18,0,545.18,DSV Customs,REF8361994,277,BALES,PKG72387,46360806.37,Nigeria importer (import)
8452290000,CD201606000000548974,2016-06-11,2016-06-25,export,51,Transit,845229,Sewing machines; not household or automatic unit type,United States,United States,Nigeria,Apple Inc.,[in full dataset],[in full dataset],Cupertino,United States,[in full dataset],MIDIS ENERGY SERVICES LIMITED,[in full dataset],[in full dataset],Port Harcourt,Nigeria,[in full dataset],AIR,Main Container Port,Main Container Port,2016,6,2016-06,20190.3,KG,20190.3,20748.8,33488.16,33488.16,30686.16,2747.22,54.78,1.52,USD,1,CPT,2.3,770.23,6851.68,7621.91,DB Schenker Customs,REF1246304,62,CASES,PKG89803,38931544,Nigeria importer (import)
2708200000,CD201712000002833101,2017-12-10,2017-12-14,import,42,Consumption,270820,Pitch coke; obtained from coal tar or from other mineral tars,Nigeria,Nigeria,Spain,NNPC E AND P LIMITED,[in full dataset],[in full dataset],Benin City,Nigeria,[in full dataset],JALON-OIL SL,[in full dataset],[in full dataset],CALATAYUD,Spain,[in full dataset],SEA,Valencia,Bilbao,2017,12,2017-12,662.5,KG,662.5,696.8,14056.16,14056.16,12785.9,1201.5,68.76,19.3,EUR,14.6622,CFR,4.4,618.47,2201.19,2819.66,AN Deringer,REF6290011,465,CRATES,PKG11754,484927112.98,Nigeria exporter (export)
1511100000,CD201607000000361444,2016-07-23,2016-07-26,import,10,Temporary,151110,"Vegetable oils; palm oil and its fractions, crude, not chemically modified",Nigeria,Nigeria,Germany,GLORIA MARGARINE COMPANY,[in full dataset],[in full dataset],Aba,Nigeria,,Autohaus Rape GmbH,[in full dataset],[in full dataset],Vechta,Germany,[in full dataset],SEA,Wilhelmshaven,Bremerhaven,2016,7,2016-07,3513.8,KG,3513.8,3615.6,33816.9,33816.9,32249.32,1443.17,124.41,9.18,USD,1,EXW,5.4,1826.11,0,1826.11,Flexport Customs,REF4952070,80,BULK,PKG63800,2543876.47,Nigeria exporter (export)
8806210000,CD201905000000000022,2019-05-10,2019-05-13,export,40,Warehouse,880621,"Unmanned aircraft; for remote-controlled flight only, for other than for carriage of passengers, with the maximum take-off weight of not more than 250g",Malaysia,Malaysia,Nigeria,EXECUJET AIRCRAFT MANAGEMENT SDN. BHD.,[in full dataset],[in full dataset],Subang,Malaysia,[in full dataset],SG HOLDINGS LIMITED,[in full dataset],[in full dataset],Lekki,Nigeria,[in full dataset],AIR,Main Container Port,Main Container Port,2019,5,2019-05,10601.8,KG,10601.8,11926.1,1456.43,1456.43,1413.38,36.29,6.76,0.13,USD,1,CIF,0,0,72.82,72.82,Descartes,REF3540709,174,CARTONS,PKG57729,1413.38,Nigeria importer (import)
8514400000,CD201705000000592180,2017-05-07,2017-05-22,export,10,Re-export,851440,"Heating equipment; for the heat treatment of materials by induction or dielectric loss, industrial or laboratory, other than furnaces and ovens",Hong Kong,Hong Kong,Nigeria,LENOVO GROUP LIMITED,[in full dataset],[in full dataset],Quarry Bay,Hong Kong,[in full dataset],INLAKS POWER SOLUTIONS LIMITED,[in full dataset],[in full dataset],Ikeja,Nigeria,[in full dataset],ROAD,Main Container Port,Main Container Port,2017,5,2017-05,4861.4,KG,4861.4,5072.7,9812.17,9812.17,8963.42,787.92,60.83,1.84,EUR,26.8378,CPT,1.4,137.37,1492.43,1629.8,DHL Customs Svc,REF5431875,161,BULK,PKG50177,46360806.37,Nigeria importer (import)
3824920000,CD202409000000025073,2024-09-23,2024-09-26,export,61,Warehouse,382492,"Chemical products, mixtures and preparations; polyglycol esters of methylphosphonic acid",Germany,Germany,Nigeria,Henkel AG & Co. KGaA,[in full dataset],[in full dataset],Düsseldorf,Germany,[in full dataset],INDORAMA ELEME FERTILIZER & CHEMICALS LIMITED,[in full dataset],[in full dataset],Port Harcourt,Nigeria,[in full dataset],SEA,Main Container Port,Main Container Port,2024,9,2024-09,13061.7,KG,13061.7,13482.6,11936.44,11936.44,11128.27,748.89,59.28,0.85,INR,56.7353,EXW,3.1,370.03,861.45,1231.48,Descartes,REF8238741,104,PALLETS,PKG61986,1254000.67,Nigeria importer (import)
2903450000,CD202201000000025991,2022-01-18,2022-01-21,export,42,Consumption,290345,"Saturated fluorinated derivatives of acyclic hydrocarbons; 1,1,1,2-tetrafluoroethane (HFC-134a) and 1,1,2,2-tetrafluoroethane (HFC-134)",Brazil,Brazil,Nigeria,VITAMINS FOR LIFE DO BRASIL LTDA,[in full dataset],[in full dataset],ABADIANIA,Brazil,,ESTERS CATERING AND EVENT MANAGEMENT,[in full dataset],[in full dataset],Lagos,Nigeria,,SEA,Main Container Port,Main Container Port,2022,1,2022-01,18729.2,KG,18729.2,21353.7,69656.29,69656.29,67645.35,1835.02,175.92,3.61,USD,1,FCA,3.6,2507.63,8659.67,11167.3,Flexport Customs,REF9984675,306,BALES,PKG14228,2677486,Nigeria importer (import)
2707100000,CD201712000002834490,2017-12-17,2017-12-24,import,70,Warehouse,270710,Oils and products of the distillation of high temperature coal tar; benzol (benzene),Nigeria,Nigeria,Spain,BONO ENERGY LIMITED,[in full dataset],[in full dataset],Victoria Island,Nigeria,[in full dataset],PETROLEOS DEL NORTE SOCIEDAD ANONIMA,[in full dataset],[in full dataset],MUSKIZ,Spain,[in full dataset],ROAD,Algeciras,Barcelona,2017,12,2017-12,8526.9,KG,8526.9,8947.8,26276.11,26276.11,24918.93,1184.89,172.29,2.92,USD,1,CPT,6.6,1734.22,3361.24,5095.46,Livingston Intl,REF1342655,217,BAGS,PKG82227,484927112.98,Nigeria exporter (export)
4012190000,CD202009000000053326,2020-09-19,2020-09-01,import,51,Transit,401219,"Retreaded tyres; other than of a kind used on motor cars (including station wagons and racing cars), buses and lorries and aircraft",Nigeria,Nigeria,Germany,THE OKOMU OIL PALM COMPANY PLC,[in full dataset],[in full dataset],Edo,Nigeria,[in full dataset],BASF SE,[in full dataset],[in full dataset],Ludwigshafen am Rhein,Germany,[in full dataset],ROAD,Bremerhaven,Wilhelmshaven,2020,9,2020-09,23522,KG,23522,24433.2,3016.99,3016.99,2908.47,92.63,15.89,0.12,EUR,77.0813,CFR,10.3,310.75,499.16,809.91,Flexport Customs,REF7719279,49,BAGS,PKG32348,178613.74,Nigeria exporter (export)
2601200000,CD201912000000182526,2019-12-13,2019-12-21,import,40,Consumption,260120,Iron pyrites; roasted,Nigeria,Nigeria,China,QUIDAX TECHNOLOGIES LIMITED,[in full dataset],[in full dataset],Lekki,Nigeria,[in full dataset],"FESCO Group Co., Ltd",[in full dataset],[in full dataset],Beijing,China,[in full dataset],AIR,Ningbo-Zhoushan,Qingdao,2019,12,2019-12,12708.8,KG,12708.8,13078.3,636.97,636.97,580.06,55,1.91,0.05,USD,1,CPT,5,31.85,66.88,98.73,Kuehne+Nagel Brokerage,REF8828478,171,BAGS,PKG64876,9075130,Nigeria exporter (export)
2601111000,CD202502000000030037,2025-02-01,2025-02-11,import,61,Transit,260111,Iron ores and concentrates; non-agglomerated,Nigeria,Nigeria,Hong Kong,TRANSPORT SERVICES LIMITED,[in full dataset],[in full dataset],Ikoyi,Nigeria,[in full dataset],HENDERSON LAND DEVELOPMENT COMPANY LIMITED,[in full dataset],[in full dataset],Central District,Hong Kong,[in full dataset],SEA,Hong Kong (Kwai Tsing),Hong Kong (Kwai Tsing),2025,2,2025-02,14391.4,KG,14391.4,16091.4,1754.66,1754.66,1642.82,103.54,8.3,0.11,JPY,106.967,EXW,4.5,78.96,330.05,409.01,Flexport Customs,REF2279120,270,CARTONS,PKG75453,1441546.72,Nigeria exporter (export)
6815110000,CD201804000000609795,2018-04-15,2018-04-28,export,51,Re-export,681511,Stone or other mineral substances not elsewhere specified or included; carbon fibres for non-electrical uses,China,China,Nigeria,"Huaxin Building Materials Group Co.,Ltd.",[in full dataset],[in full dataset],Wuhan,China,[in full dataset],PICCOLO - BRUNELLI ENGINEERING LTD,[in full dataset],[in full dataset],Abuja,Nigeria,[in full dataset],SEA,Main Container Port,Main Container Port,2018,4,2018-04,13691.3,KG,13691.3,14832.1,53698.02,53698.02,52151.3,1151.63,395.09,3.81,EUR,91.176,CFR,4.9,2631.2,10139.26,12770.46,DHL Customs Svc,REF4490184,265,CARTONS,PKG43892,2720747,Nigeria importer (import)
8806920000,CD201905000000006296,2019-05-14,2019-05-27,export,42,Transit,880692,Unmanned aircraft; for other than remote-controlled flight and other than for carriage of passengers with a maximum take-off weight more than 250g but not more than 7kg,United States,United States,Nigeria,"Maverick Helicopters, Inc.",[in full dataset],[in full dataset],Las Vegas,United States,[in full dataset],SG HOLDINGS LIMITED,[in full dataset],[in full dataset],Lekki,Nigeria,[in full dataset],AIR,Main Container Port,Main Container Port,2019,5,2019-05,15307.6,KG,15307.6,15713.5,1836.75,1836.75,1689.33,138.15,9.27,0.11,JPY,3.6569,FCA,0,0,330.62,330.62,DB Schenker Customs,REF7359555,105,DRUMS,PKG22550,5189510,Nigeria importer (import)
6811810000,CD201802000000705871,2018-02-04,2018-02-13,export,61,Transit,681181,"Cellulose fibre-cement; articles or the like; corrugated sheets, not containing asbestos",China,China,Nigeria,Beijing New Building Materials Public Limited Company,[in full dataset],[in full dataset],Beijing,China,[in full dataset],GLOBAL MANPOWER NIGERIA LTD,[in full dataset],[in full dataset],Lagos,Nigeria,[in full dataset],ROAD,Main Container Port,Main Container Port,2018,2,2018-02,231.9,KG,231.9,238.7,14372.69,14372.69,13710.48,600.31,61.9,59.12,CNY,1.7922,CFR,6.1,876.73,1524.94,2401.67,DHL Customs Svc,REF6014439,7,BALES,PKG72998,3247526,Nigeria importer (import)
1302200000,CD201506000000031440,2015-06-19,2015-06-26,export,40,Transit,130220,Pectic substances; pectinates and pectates,United Kingdom,United Kingdom,Nigeria,CHAUMET (LONDON) LIMITED,[in full dataset],[in full dataset],LONDON,United Kingdom,[in full dataset],NURUDDEEN COLLEGE FOR ARABIC & ISLAMIC STUDIES YAYAYI KWAMI LTD,[in full dataset],[in full dataset],Kwami,Nigeria,,ROAD,Main Container Port,Main Container Port,2015,6,2015-06,15490.7,KG,15490.7,15977.1,60206.73,60206.73,56643.39,3374.18,189.16,3.66,JPY,35.6032,CIF,5.9,3552.2,3187.95,6740.15,DSV Customs,REF1066978,25,CASES,PKG16960,1121241.73,Nigeria importer (import)
8461200000,CD202101000000181975,2021-01-09,2021-01-21,export,61,Temporary,846120,"Machine-tools; shaping or slotting machines, working by removing metal, sintered metal carbides or cermets",Italy,Italy,Nigeria,LEONARDO SPA,[in full dataset],[in full dataset],ROMA,Italy,[in full dataset],ARDOVA PLC,[in full dataset],[in full dataset],Lagos,Nigeria,[in full dataset],SEA,Main Container Port,Main Container Port,2021,1,2021-01,2746.9,KG,2746.9,3081.3,92917.06,92917.06,89957.69,2389.56,569.81,32.75,USD,1,FCA,2.3,2137.09,17109.75,19246.84,DB Schenker Customs,REF8317024,152,ROLLS,PKG60578,13231041.79,Nigeria importer (import)
3810900000,CD202409000000121603,2024-09-19,2024-09-02,export,42,Temporary,381090,"Fluxes and other auxiliary preparations; for soldering, brazing or welding, or preparations used as cores or coatings for welding electrodes or rods",United States,United States,Nigeria,Wacker Chemical Corporation,[in full dataset],[in full dataset],Adrian,United States,[in full dataset],INDORAMA ELEME FERTILIZER & CHEMICALS LIMITED,[in full dataset],[in full dataset],Port Harcourt,Nigeria,[in full dataset],SEA,Main Container Port,Main Container Port,2024,9,2024-09,19689.5,KG,19689.5,21901.6,465.09,465.09,428.02,35.53,1.54,0.02,USD,1,CFR,3.7,17.21,0,17.21,Expeditors Customs,REF8626880,441,CARTONS,PKG44146,7192690,Nigeria importer (import)
2917320000,CD202304000000161813,2023-04-23,2023-04-08,export,70,Temporary,291732,Acids; aromatic polycarboxylic acids; dioctyl orthophthalates,China,China,Nigeria,"Qilu Antibiotics Pharmaceutical Co., Ltd.",[in full dataset],[in full dataset],Jinan,China,[in full dataset],BILE ACIDS NIGERIA LTD,[in full dataset],[in full dataset],Suleja,Nigeria,,SEA,Main Container Port,Main Container Port,2023,4,2023-04,19900.3,KG,19900.3,21396.7,61974.17,61974.17,56404.84,5224.4,344.93,2.83,USD,1,DAP,3.7,2293.04,6426.72,8719.76,Expeditors Customs,REF5773509,358,DRUMS,PKG51604,18274065,Nigeria importer (import)
8806290000,CD201905000000006275,2019-05-04,2019-05-13,export,42,Transit,880629,"Unmanned aircraft; for remote-controlled flight only, for other than for carriage of passengers, with the maximum take-off weight of more than 150kg",United States,United States,Nigeria,"Columbia Helicopters, Inc.",[in full dataset],[in full dataset],Aurora,United States,[in full dataset],SG HOLDINGS LIMITED,[in full dataset],[in full dataset],Lekki,Nigeria,[in full dataset],RAIL,Main Container Port,Main Container Port,2019,5,2019-05,9599.5,KG,9599.5,10447.3,141269.98,141269.98,129173.08,11396.07,700.83,13.46,GBP,10.9879,EXW,0,0,28254,28254,DB Schenker Customs,REF9350819,483,PALLETS,PKG98271,5189510,Nigeria importer (import)
2604000000,CD202502000000035867,2025-02-09,2025-02-24,import,40,Transit,260400,Nickel ores and concentrates,Nigeria,Nigeria,Malaysia,PANALPINA WORLD TRANSPORT (NIGERIA) LTD,[in full dataset],[in full dataset],Lagos,Nigeria,[in full dataset],MUHIBBAH ENGINEERING (M) BHD.,[in full dataset],[in full dataset],Klang,Malaysia,[in full dataset],ROAD,Port Klang,Penang,2025,2,2025-02,13842.7,KG,13842.7,15741.7,13661.94,13661.94,12705.95,940.21,15.78,0.92,USD,1,CIF,6.1,833.38,2899.06,3732.44,Descartes,REF5478115,401,BULK,PKG36492,1764612.02,Nigeria exporter (export)
2931540000,CD202201000000178489,2022-01-22,2022-01-01,export,51,Transit,293154,Halogenated organo-phosphorous derivatives; trichlorfon (ISO),China,China,Nigeria,"DSM Vitamins (Shandong) Co., Ltd.",[in full dataset],[in full dataset],Liaocheng,China,,ESTERS CATERING AND EVENT MANAGEMENT,[in full dataset],[in full dataset],Lagos,Nigeria,,ROAD,Main Container Port,Main Container Port,2022,1,2022-01,21723.7,KG,21723.7,22982.9,18001.13,18001.13,17233.6,729.64,37.89,0.79,USD,1,EXW,4.7,846.05,2261.66,3107.71,Kuehne+Nagel Brokerage,REF7833044,469,CARTONS,PKG77997,19120015,Nigeria importer (import)
4011300000,CD202010000000216413,2020-10-09,2020-10-11,import,10,Consumption,401130,"Rubber; new pneumatic tyres, of a kind used on aircraft",Nigeria,Nigeria,Italy,THE OKOMU OIL PALM COMPANY PLC,[in full dataset],[in full dataset],Benin City,Nigeria,[in full dataset],BMW ITALIA RETAIL SRL,[in full dataset],[in full dataset],ROMA,Italy,[in full dataset],SEA,Genoa,Genoa,2020,10,2020-10,11545.6,KG,11545.6,12670.3,24639.59,24639.59,22663.34,1942.87,33.38,1.96,INR,78.5125,EXW,13.4,3301.71,1397.06,4698.77,Descartes,REF4310776,73,PALLETS,PKG43977,691277.25,Nigeria exporter (export)
2620110000,CD202502000000030058,2025-02-13,2025-02-17,import,10,Temporary,262011,"Slag, ash and residues; (not from the manufacture of iron or steel), containing mainly zinc, hard zinc spelter",Nigeria,Nigeria,Hong Kong,KONNBERG LOGISTICS LTD,[in full dataset],[in full dataset],Itu,Nigeria,[in full dataset],"Qingdao Port International Co., Ltd.",[in full dataset],[in full dataset],Causeway Bay,Hong Kong,[in full dataset],ROAD,Hong Kong (Kwai Tsing),Hong Kong (Kwai Tsing),2025,2,2025-02,427.5,KG,427.5,450.2,602.22,602.22,561.99,38.44,1.79,1.31,INR,93.0294,DDP,4.2,25.29,112.95,138.24,Expeditors Customs,REF4588965,462,BAGS,PKG60306,1441546.72,Nigeria exporter (export)
2903120000,CD202201000000025997,2022-01-03,2022-01-06,export,40,Re-export,290312,Saturated chlorinated derivatives of acyclic hydrocarbons; dichloromethane (methylene chloride),Brazil,Brazil,Nigeria,YEP VITAMINS AND SERVICES LTDA,[in full dataset],[in full dataset],RIBEIRAO PRETO,Brazil,,BILE ACIDS NIGERIA LTD,[in full dataset],[in full dataset],Suleja,Nigeria,,AIR,Main Container Port,Main Container Port,2022,1,2022-01,15337.2,KG,15337.2,16346.3,42219.46,42219.46,40693.87,1450.68,74.91,2.65,USD,1,DDP,3.2,1351.02,5228.46,6579.48,DHL Customs Svc,REF4814305,331,BAGS,PKG29138,2677486,Nigeria importer (import)
2620600000,CD201912000000183427,2019-12-01,2019-12-12,import,40,Re-export,262060,"Slag, ash and residues; (not from the manufacture of iron or steel), containing arsenic, mercury, thallium or their mixtures, of a kind used for the extraction of arsenic or those metals or for the manufacture of their chemical compounds",Nigeria,Nigeria,China,PENTAGON PETROLEUM NIGERIA LIMITED ,[in full dataset],[in full dataset],Lagos,Nigeria,[in full dataset],"Inzone Group Co.,Ltd.",[in full dataset],[in full dataset],Jinan,China,[in full dataset],ROAD,Yingkou,Guangzhou,2019,12,2019-12,20704,KG,20704,21638.5,14900.94,14900.94,14085.32,771.78,43.84,0.68,GBP,77.6219,DDP,3.8,566.24,3093.44,3659.68,DSV Customs,REF3125999,95,CARTONS,PKG25758,9075130,Nigeria exporter (export)
2712200000,CD202306000002507649,2023-06-06,2023-06-17,import,51,Re-export,271220,"Paraffin wax; containing by weight less than 0.75% of oil, obtained by synthesis or by other processes, whether or not coloured",Nigeria,Nigeria,Netherlands,NIGERIA LNG LIMITED,[in full dataset],[in full dataset],Port Harcourt,Nigeria,[in full dataset],TotalEnergies EP Yemen Block 3 B.V.,[in full dataset],[in full dataset],'s-Gravenhage,Netherlands,,SEA,Rotterdam,Amsterdam,2023,6,2023-06,14039.2,KG,14039.2,15822.3,115312.93,115312.93,108471.09,6660.5,181.34,7.73,JPY,17.3266,DDP,6.8,7841.28,22167.76,30009.04,CEVA Customs,REF4028512,342,PALLETS,PKG63514,406759751.65,Nigeria exporter (export)
2615100000,CD202502000000035804,2025-02-05,2025-02-10,import,10,Re-export,261510,Zirconium ores and concentrates,Nigeria,Nigeria,Malaysia,TRANSPORT SERVICES LIMITED,[in full dataset],[in full dataset],Ikoyi,Nigeria,[in full dataset],DIALOG GROUP BERHAD,[in full dataset],[in full dataset],Petaling Jaya,Malaysia,[in full dataset],SEA,Penang,Port Klang,2025,2,2025-02,3073.7,KG,3073.7,3529.6,9816.87,9816.87,9013.7,736.94,66.23,2.93,USD,1,CPT,6,589.01,1040.59,1629.6,Expeditors Customs,REF6732906,279,BAGS,PKG82503,1764612.02,Nigeria exporter (export)
4017000000,CD202012000000098091,2020-12-18,2020-12-24,import,10,Consumption,401700,"Rubber; ebonite and other hard rubbers in all forms, including waste and scrap, and articles of hard rubber",Nigeria,Nigeria,Germany,THE OKOMU OIL PALM COMPANY PLC,[in full dataset],[in full dataset],Benin City,Nigeria,[in full dataset],BASF SE,[in full dataset],[in full dataset],Ludwigshafen am Rhein,Germany,[in full dataset],SEA,Wilhelmshaven,Bremerhaven,2020,12,2020-12,13952.2,KG,13952.2,15321.9,6467.01,6467.01,6309.01,144.74,13.26,0.45,CNY,123.5801,DDP,13.7,885.98,882.36,1768.34,DHL Customs Svc,REF6023384,408,CASES,PKG87601,318986.88,Nigeria exporter (export)
4001290000,CD201812000000145738,2018-12-21,2018-12-02,import,51,Re-export,400129,"Rubber; natural (excluding latex, technically specified natural rubber and smoked sheets), in primary forms or in plates, sheets or strip",Nigeria,Nigeria,Italy,INDORAMA ELEME PETROCHEMICALS LIMITED,[in full dataset],[in full dataset],Port Harcourt,Nigeria,[in full dataset],VOLKSWAGEN GROUP ITALIA SPA,[in full dataset],[in full dataset],VERONA,Italy,[in full dataset],SEA,Trieste,Trieste,2018,12,2018-12,3318.1,KG,3318.1,3777.8,16768.41,16768.41,15590.21,1149.84,28.36,4.7,CNY,87.2387,EXW,9,1509.16,1827.76,3336.92,CEVA Customs,REF1816343,89,BULK,PKG81684,416823.74,Nigeria exporter (export)
7313000000,CD202505000000344226,2025-05-24,2025-05-06,export,42,Temporary,731300,"Iron of steel; barbed wire, twisted hoop or single flat wire and loosely twisted double wire, used for fencing",Italy,Italy,Nigeria,PRYSMIAN SPA,[in full dataset],[in full dataset],MILANO,Italy,[in full dataset],QUALCHEM GLOBAL CONCEPT LTD,[in full dataset],[in full dataset],Lagos,Nigeria,[in full dataset],SEA,Main Container Port,Main Container Port,2025,5,2025-05,4991.1,KG,4991.1,5334.7,24542.58,24542.58,23642.54,758.65,141.39,4.74,EUR,88.8677,FCA,11.3,2773.31,3277.91,6051.22,Expeditors Customs,REF8535328,275,PALLETS,PKG99083,18356287.87,Nigeria importer (import)
7305120000,CD202505000000343963,2025-05-16,2025-05-19,export,10,Transit,730512,"Iron or steel (excluding cast iron); line pipe of a kind used for oil or gas pipelines (not seamless), longitudinally welded (not submerged arc welded), having circular cross-sections, external diameter exceeds 406.4mm",Italy,Italy,Nigeria,NUOVA OMPI SRL,[in full dataset],[in full dataset],PIOMBINO DESE,Italy,[in full dataset],QUALCHEM GLOBAL CONCEPT LTD,[in full dataset],[in full dataset],Lagos,Nigeria,[in full dataset],SEA,Main Container Port,Main Container Port,2025,5,2025-05,12527.7,KG,12527.7,13158.6,1254.65,1254.65,1212.99,37.55,4.11,0.1,INR,11.951,EXW,9.3,116.68,246.84,363.52,Flexport Customs,REF3057629,6,BALES,PKG83151,18356287.87,Nigeria importer (import)
2612100000,CD202604000000000324,2026-04-18,2026-04-24,import,70,Warehouse,261210,Uranium ores and concentrates,Nigeria,Nigeria,Brazil,PANALPINA WORLD TRANSPORT (NIGERIA) LTD,[in full dataset],[in full dataset],Lagos,Nigeria,[in full dataset],DIA BRASIL SOCIEDADE LIMITADA EM RECUPERACAO JUDICIAL,[in full dataset],[in full dataset],SAO PAULO,Brazil,,RAIL,Rio Grande,Rio Grande,2026,4,2026-04,7128.4,KG,7128.4,7567.3,38946.02,38946.02,36432.26,2438.34,75.42,5.11,CNY,128.2208,FCA,6.6,2570.44,8303.29,10873.73,Expeditors Customs,REF9651820,464,PALLETS,PKG46495,486714,Nigeria exporter (export)
6811820000,CD201812000000509249,2018-12-24,2018-12-02,export,42,Transit,681182,"Cellulose fibre-cement; articles or the like, sheets, panels, tiles and similar articles (other than corrugated sheets), not containing asbestos",China,China,Nigeria,"Qi County Jialan Industry Co., Ltd.",[in full dataset],[in full dataset],Hebi,China,,PICCOLO - BRUNELLI ENGINEERING LTD,[in full dataset],[in full dataset],Abuja,Nigeria,[in full dataset],ROAD,Main Container Port,Main Container Port,2018,12,2018-12,5864.7,KG,5864.7,6672.2,905.84,905.84,882.05,20.04,3.75,0.15,EUR,85.0157,DDP,6.8,61.6,0,61.6,Livingston Intl,REF6871979,383,PALLETS,PKG5713,2166976,Nigeria importer (import)
1507100000,CD201607000000361481,2016-07-09,2016-07-17,import,70,Temporary,150710,"Vegetable oils; soya-bean oil and its fractions, crude, whether or not degummed, not chemically modified",Nigeria,Nigeria,Germany,UDY & SON SOYA BEAN FLOUR ENTERPRISE,[in full dataset],[in full dataset],Ini,Nigeria,,Autohaus Rape GmbH,[in full dataset],[in full dataset],Vechta,Germany,[in full dataset],ROAD,Wilhelmshaven,Wilhelmshaven,2016,7,2016-07,10724.4,KG,10724.4,11712.4,22877.7,22877.7,21831.02,879.19,167.49,2.04,INR,6.8607,DAP,4.4,1006.62,1671.9,2678.52,Descartes,REF6914841,80,BULK,PKG85400,2543876.47,Nigeria exporter (export)
2620400000,CD201912000000019762,2019-12-22,2019-12-28,import,70,Transit,262040,"Slag, ash and residues; (not from the manufacture of iron or steel), containing mainly aluminium",Nigeria,Nigeria,Hong Kong,TRANSPORT SERVICES LIMITED,[in full dataset],[in full dataset],Ikoyi,Nigeria,[in full dataset],WISON ENGINEERING SERVICES CO. LTD.,[in full dataset],[in full dataset],Wan Chai,Hong Kong,[in full dataset],SEA,Hong Kong (Kwai Tsing),Hong Kong (Kwai Tsing),2019,12,2019-12,11204.3,KG,11204.3,11670.5,26629.55,26629.55,25395.56,1135.44,98.55,2.27,CNY,121.7368,CFR,6.5,1730.92,2836.05,4566.97,Descartes,REF8956217,352,CASES,PKG33674,808249.16,Nigeria exporter (export)
3808520000,CD202409000000121611,2024-09-17,2024-09-20,export,10,Transit,380852,"Insecticides and the like; containing goods specified in Subheading Note 1 to this Chapter; for retail sale or as preparations or articles; DDT (ISO) (clofenotane (INN)), in packings of 300g or less",United States,United States,Nigeria,International Flavors & Fragrances Inc.,[in full dataset],[in full dataset],New York,United States,[in full dataset],GUINNESS NIGERIA PLC,[in full dataset],[in full dataset],Ikeja,Nigeria,[in full dataset],AIR,Main Container Port,Main Container Port,2024,9,2024-09,12933.9,KG,12933.9,13904.2,5656.56,5656.56,5437.89,184.09,34.58,0.42,JPY,121.4048,DAP,4.7,265.86,592.24,858.1,Kuehne+Nagel Brokerage,REF9212408,380,CASES,PKG15622,7192690,Nigeria importer (import)
3825610000,CD202409000000208093,2024-09-24,2024-09-28,export,42,Transit,382561,"Residual products of the chemical or allied industries, not elsewhere specified or included; (other than sewage sludge, municipal waste or waste covered in 27.10); other wastes n.e.c. in 3825; those mainly containing organic constituents",China,China,Nigeria,Rianlon Corporation,[in full dataset],[in full dataset],Tianjin,China,[in full dataset],INDORAMA ELEME FERTILIZER & CHEMICALS LIMITED,[in full dataset],[in full dataset],Port Harcourt,Nigeria,[in full dataset],ROAD,Main Container Port,Main Container Port,2024,9,2024-09,11640,KG,11640,11895.4,7054.13,7054.13,6636.96,402.39,14.78,0.57,USD,1,EXW,5.8,409.14,522.43,931.57,DSV Customs,REF5465647,360,BAGS,PKG32821,14471660,Nigeria importer (import)
7305200000,CD202505000000104810,2025-05-20,2025-05-06,export,51,Temporary,730520,"Iron or steel (excluding cast iron); casing of a kind used in drilling for oil or gas (not seamless), having circular cross-sections, external diameter exceeds 406.4mm",Turkiye,Turkiye,Nigeria,CIMBETON HAZIRBETON VE PREFABRIK YAPI ELEMANLARI SANAYI VE TICARET ANONIM SIRKETI,[in full dataset],[in full dataset],Izmir,Turkiye,[in full dataset],QUALCHEM GLOBAL CONCEPT LTD,[in full dataset],[in full dataset],Lagos,Nigeria,[in full dataset],SEA,Main Container Port,Main Container Port,2025,5,2025-05,24390,KG,24390,26075.1,10592.05,10592.05,9800.67,773.95,17.43,0.4,CNY,109.5707,DAP,10.1,1069.8,583.09,1652.89,Expeditors Customs,REF9853993,267,BULK,PKG72223,4504318,Nigeria importer (import)
8536690000,CD201705000000592274,2017-05-25,2017-05-03,export,70,Re-export,853669,"Electrical apparatus; plugs and sockets, for a voltage not exceeding 1000 volts",Hong Kong,Hong Kong,Nigeria,Xiaomi Corporation,[in full dataset],[in full dataset],Kwun Tong,Hong Kong,[in full dataset],MANTRAC NIGERIA LIMITED,[in full dataset],[in full dataset],Ikeja,Nigeria,[in full dataset],SEA,Main Container Port,Main Container Port,2017,5,2017-05,22953.5,KG,22953.5,24621,356058.67,356058.67,332310.95,21260.91,2486.81,14.48,EUR,120.3362,FCA,1.8,6409.06,43496.13,49905.19,Kuehne+Nagel Brokerage,REF9918412,46,BALES,PKG84599,46360806.37,Nigeria importer (import)
8806220000,CD201905000000010658,2019-05-03,2019-05-15,export,51,Transit,880622,"Unmanned aircraft; for remote-controlled flight only, for other than for carriage of passengers, with the maximum take-off weight of more than 250g but not more than 7kg",Singapore,Singapore,Nigeria,SIA ENGINEERING COMPANY LIMITED,[in full dataset],[in full dataset],Singapore,Singapore,[in full dataset],SG HOLDINGS LIMITED,[in full dataset],[in full dataset],Lekki,Nigeria,[in full dataset],RAIL,Main Container Port,Main Container Port,2019,5,2019-05,21113.5,KG,21113.5,22542,136890.14,136890.14,128565.58,7801.16,523.4,6.09,USD,1,EXW,0,0,0,0,Expeditors Customs,REF2010927,83,CRATES,PKG55919,10905835.8,Nigeria importer (import)
1515290000,CD201607000000021088,2016-07-02,2016-07-05,import,42,Warehouse,151529,"Vegetable oils; maize (corn) oil and its fractions, other than crude, whether or not refined, but not chemically modified",Nigeria,Nigeria,United States,UDY & SON SOYA BEAN FLOUR ENTERPRISE,[in full dataset],[in full dataset],Ini,Nigeria,,"The International Group, Inc.",[in full dataset],[in full dataset],Titusville,United States,[in full dataset],SEA,"Norfolk, VA","Miami, FL",2016,7,2016-07,8008.2,KG,8008.2,8260.7,68881.43,68881.43,64162.58,4649.39,69.46,8.01,USD,1,CIF,4.7,3237.43,8654.26,11891.69,DB Schenker Customs,REF7752194,190,BULK,PKG29302,130627,Nigeria exporter (export)
4012120000,CD201808000000315883,2018-08-16,2018-08-24,import,70,Temporary,401212,Retreaded tyres; of a kind used on motor buses or lorries,Nigeria,Nigeria,Poland,INDORAMA ELEME PETROCHEMICALS LIMITED,[in full dataset],[in full dataset],Port Harcourt,Nigeria,[in full dataset],VOLKSWAGEN GROUP POLSKA SP Z O O,[in full dataset],[in full dataset],Poznań,Poland,[in full dataset],SEA,Gdansk,Gdansk,2018,8,2018-08,3759.2,KG,3759.2,4151,33280.81,33280.81,30360.46,2696.39,223.96,8.08,USD,1,DAP,9.6,3194.96,0,3194.96,CEVA Customs,REF8050339,474,BALES,PKG18717,886701,Nigeria exporter (export)
2618000000,CD202604000000000350,2026-04-07,2026-04-10,import,40,Warehouse,261800,"Slag, granulated (slag sand); from the manufacture or iron or steel",Nigeria,Nigeria,Brazil,PANALPINA WORLD TRANSPORT (NIGERIA) LTD,[in full dataset],[in full dataset],Lagos,Nigeria,[in full dataset],LOJAS RENNER S.A.,[in full dataset],[in full dataset],PORTO ALEGRE,Brazil,[in full dataset],SEA,Rio Grande,Rio Grande,2026,4,2026-04,704.8,KG,704.8,748.3,18912.97,18912.97,17452.82,1326.21,133.94,24.76,JPY,97.7062,CFR,3.4,643.04,1955.6,2598.64,DSV Customs,REF1106954,191,BALES,PKG15684,486714,Nigeria exporter (export)
2939300000,CD202304000000161718,2023-04-26,2023-04-01,export,61,Transit,293930,Alkaloids; caffeine and its salts,China,China,Nigeria,"Qilu Antibiotics Pharmaceutical Co., Ltd.",[in full dataset],[in full dataset],Jinan,China,[in full dataset],ESTER'S BETHEL ENTERPRISE,[in full dataset],[in full dataset],Olomore,Nigeria,,SEA,Main Container Port,Main Container Port,2023,4,2023-04,15887.4,KG,15887.4,17262.2,524798.4,524798.4,476284.23,46332.15,2182.02,29.98,USD,1,FOB,6.5,34111.9,100603.85,134715.75,DHL Customs Svc,REF8024338,189,ROLLS,PKG88059,18274065,Nigeria importer (import)
2711140000,CD202306000001210917,2023-06-01,2023-06-12,import,51,Temporary,271114,"Petroleum gases and other gaseous hydrocarbons; liquefied, ethylene, propylene, butylene and butadiene",Nigeria,Nigeria,Italy,BLUETAG SYNERGY PROJECTS LIMITED,[in full dataset],[in full dataset],Lagos,Nigeria,[in full dataset],KUWAIT PETROLEUM ITALIA SPA,[in full dataset],[in full dataset],ROMA,Italy,[in full dataset],SEA,La Spezia,La Spezia,2023,6,2023-06,20377.4,KG,20377.4,20860.4,12126.28,12126.28,11253.89,849.14,23.25,0.55,JPY,84.6267,CFR,5.7,691.2,1922.62,2613.82,DB Schenker Customs,REF7071620,368,ROLLS,PKG48504,154840657.1,Nigeria exporter (export)
2710200000,CD201712000003008380,2017-12-07,2017-12-09,import,40,Re-export,271020,"Petroleum oils and oils from bituminous minerals, containing biodiesel, not crude, not waste oils; preparations n.e.c, containing by weight 70% or more of petroleum oils or oils from bituminous minerals",Nigeria,Nigeria,United States,NIGERIAN NATIONAL PETROLEUM COMPANY LIMITED,[in full dataset],[in full dataset],Abuja,Nigeria,[in full dataset],Valero Energy Corporation,[in full dataset],[in full dataset],San Antonio,United States,[in full dataset],SEA,"Houston, TX","Charleston, SC",2017,12,2017-12,4203.8,KG,4203.8,4626.9,21803.6,21803.6,20881.11,875.07,47.42,4.97,USD,1,EXW,5.3,1155.59,4132.65,5288.24,Flexport Customs,REF9693002,79,BAGS,PKG46271,551900749,Nigeria exporter (export)
0407110000,CD202601000000047509,2026-01-18,2026-01-01,export,61,Temporary,040711,"Birds' eggs, in shell; fresh, fertilised eggs for incubation, of fowls of the species Gallus domesticus (domestic hens)",Belgium,Belgium,Nigeria,Kaasbrik,[in full dataset],[in full dataset],Halen,Belgium,[in full dataset],CADBURY NIGERIA PLC,[in full dataset],[in full dataset],Ikeja,Nigeria,[in full dataset],ROAD,Main Container Port,Main Container Port,2026,1,2026-01,1237.3,KG,1237.3,1353.8,892.9,892.9,809.99,77.28,5.63,0.65,USD,1,CFR,12.1,108.04,200.19,308.23,CEVA Customs,REF2154922,399,PALLETS,PKG98229,1321943.17,Nigeria importer (import)
2903199000,CD202201000000178580,2022-01-17,2022-01-27,export,51,Consumption,290319,Saturated chlorinated derivatives of acyclic hydrocarbons; n.e.c. in item no. 2903.1,China,China,Nigeria,Yidu City Phenol Kui Trading Company (sole Proprietorship),[in full dataset],[in full dataset],Yidu,China,,BILE ACIDS NIGERIA LTD,[in full dataset],[in full dataset],Suleja,Nigeria,,RAIL,Main Container Port,Main Container Port,2022,1,2022-01,16897,KG,16897,19163.2,2393.54,2393.54,2221.89,159.99,11.66,0.13,JPY,35.3697,DDP,6.4,153.19,254.67,407.86,Livingston Intl,REF4206738,229,DRUMS,PKG53059,19120015,Nigeria importer (import)
2601120000,CD202502000000029988,2025-02-25,2025-02-07,import,51,Transit,260112,Iron ores and concentrates; agglomerated (excluding roasted iron pyrites),Nigeria,Nigeria,Hong Kong,MARCONI.NG EPC LIMITED,[in full dataset],[in full dataset],Port Harcourt,Nigeria,[in full dataset],HENDERSON LAND DEVELOPMENT COMPANY LIMITED,[in full dataset],[in full dataset],Central District,Hong Kong,[in full dataset],SEA,Hong Kong (Kwai Tsing),Hong Kong (Kwai Tsing),2025,2,2025-02,15165.8,KG,15165.8,16498.6,1107.97,1107.97,1047.46,53.67,6.84,0.07,EUR,26.0663,CPT,5.6,62.05,81.9,143.95,DSV Customs,REF2403660,153,CARTONS,PKG33703,1441546.72,Nigeria exporter (export)
9028200000,CD202007000000025279,2020-07-12,2020-07-15,export,42,Transit,902820,"Meters; liquid supply or production meters, including calibrating meters thereof",Germany,Germany,Nigeria,GEA Group Aktiengesellschaft,[in full dataset],[in full dataset],Düsseldorf,Germany,[in full dataset],Habideen Commercial Agency Ltd,[in full dataset],[in full dataset],Lagos,Nigeria,,RAIL,Main Container Port,Main Container Port,2020,7,2020-07,12254.2,KG,12254.2,13247.8,13996.89,13996.89,13592.16,331.46,73.27,1.11,GBP,119.3601,CFR,2.7,377.92,2587.47,2965.39,Expeditors Customs,REF8997634,1,ROLLS,PKG95441,2757077.12,Nigeria importer (import)
1512190000,CD201607000000361479,2016-07-01,2016-07-07,import,70,Transit,151219,"Vegetable oils; sunflower seed or safflower oil and their fractions, other than crude, whether or not refined, but not chemically modified",Nigeria,Nigeria,Germany,GLORIA MARGARINE COMPANY,[in full dataset],[in full dataset],Aba,Nigeria,,Autohaus Rape GmbH,[in full dataset],[in full dataset],Vechta,Germany,[in full dataset],AIR,Wilhelmshaven,Hamburg,2016,7,2016-07,4726.1,KG,4726.1,4879.1,12008.25,12008.25,11341.78,654.4,12.07,2.4,EUR,67.9613,DAP,3.3,396.27,2480.9,2877.17,DSV Customs,REF5440574,165,PALLETS,PKG42984,2543876.47,Nigeria exporter (export)
2616100000,CD202109000000332566,2021-09-05,2021-09-09,import,42,Transit,261610,Silver ores and concentrates,Nigeria,Nigeria,China,DE WAYLE'S INTERNATIONAL LIMITED,[in full dataset],[in full dataset],Warri,Nigeria,[in full dataset],"Wushang Group Co.,Ltd.",[in full dataset],[in full dataset],Wuhan,China,[in full dataset],SEA,Ningbo-Zhoushan,Yingkou,2021,9,2021-09,17130.7,KG,17130.7,17976.4,1695.88,1695.88,1542.74,145.46,7.68,0.09,INR,44.466,EXW,6.5,110.23,216.73,326.96,AN Deringer,REF5892240,158,BULK,PKG81390,20610188,Nigeria exporter (export)
2606000000,CD202502000000036054,2025-02-17,2025-02-01,import,10,Transit,260600,Aluminium ores and concentrates,Nigeria,Nigeria,Malaysia,PANALPINA WORLD TRANSPORT (NIGERIA) LTD,[in full dataset],[in full dataset],Lagos,Nigeria,[in full dataset],7-ELEVEN MALAYSIA HOLDINGS BERHAD,[in full dataset],[in full dataset],Kuala Lumpur,Malaysia,[in full dataset],SEA,Penang,Tanjung Pelepas,2025,2,2025-02,24646.6,KG,24646.6,27782.1,2425.49,2425.49,2357.82,63.49,4.18,0.1,USD,1,DAP,3.9,94.59,453.61,548.2,DSV Customs,REF9028183,172,BALES,PKG79032,1764612.02,Nigeria exporter (export)
8406100000,CD201606000000549377,2016-06-25,2016-06-05,export,42,Transit,840610,"Turbines; steam and other vapour turbines, for marine propulsion",United States,United States,Nigeria,Apple Inc.,[in full dataset],[in full dataset],Cupertino,United States,[in full dataset],EDO STATE CO-OPERATIVE FARMERS AGENCY LIMITED,[in full dataset],[in full dataset],Benin City,Nigeria,,AIR,Main Container Port,Main Container Port,2016,6,2016-06,11489.7,KG,11489.7,12867.8,41074.32,41074.32,37206.38,3692.01,175.93,3.24,USD,1,CFR,3,1232.23,8461.31,9693.54,AN Deringer,REF5930831,294,CASES,PKG12066,38931544,Nigeria importer (import)
2701110000,CD202306000001212737,2023-06-27,2023-06-04,import,10,Transit,270111,"Coal; anthracite, whether or not pulverised, but not agglomerated",Nigeria,Nigeria,Italy,NNPC E AND P LIMITED,[in full dataset],[in full dataset],Benin City,Nigeria,[in full dataset],OMV SUPPLY & TRADING ITALIA SRL,[in full dataset],[in full dataset],TRIESTE,Italy,,ROAD,Gioia Tauro,Trieste,2023,6,2023-06,14015.2,KG,14015.2,15102.5,8552.35,8552.35,7998.34,528.25,25.76,0.57,INR,109.9504,DAP,6.3,538.8,909.12,1447.92,DB Schenker Customs,REF5712686,28,CASES,PKG47201,154840657.1,Nigeria exporter (export)
4008119000,CD202009000000232219,2020-09-18,2020-09-21,import,51,Transit,400811,"Rubber; vulcanised (other than hard rubber), in plates, sheets and strip of cellular rubber",Nigeria,Nigeria,China,INDORAMA ELEME PETROCHEMICALS LIMITED,[in full dataset],[in full dataset],Port Harcourt,Nigeria,[in full dataset],"Hengli Petrochemical Co.,Ltd.",[in full dataset],[in full dataset],Dalian,China,[in full dataset],SEA,Guangzhou,Yingkou,2020,9,2020-09,2244.9,KG,2244.9,2385.1,90144.88,90144.88,84880.17,5070.52,194.19,37.81,GBP,49.436,FCA,13.9,12530.14,7187.25,19717.39,Flexport Customs,REF5147959,311,BALES,PKG53988,744408,Nigeria exporter (export)
8479900000,CD201606000000464279,2016-06-05,2016-06-18,export,61,Temporary,847990,"Machines and mechanical appliances; parts, of those having individual functions",Germany,Germany,Nigeria,AUDI Aktiengesellschaft,[in full dataset],[in full dataset],Ingolstadt,Germany,[in full dataset],MIDIS ENERGY SERVICES LIMITED,[in full dataset],[in full dataset],Port Harcourt,Nigeria,[in full dataset],AIR,Main Container Port,Main Container Port,2016,6,2016-06,3161,KG,3161,3373.2,39904.77,39904.77,37586.02,2111.93,206.82,11.89,GBP,6.1536,CPT,2.8,1117.33,2871.55,3988.88,DSV Customs,REF4803536,300,ROLLS,PKG38108,30722218.36,Nigeria importer (import)
2620210000,CD202109000000332404,2021-09-09,2021-09-19,import,61,Re-export,262021,"Slag, ash and residues; (not from the manufacture of iron or steel), containing mainly lead; leaded gasoline sludges and leaded anti-knock compound sludges",Nigeria,Nigeria,China,PANALPINA WORLD TRANSPORT (NIGERIA) LTD,[in full dataset],[in full dataset],Lagos,Nigeria,[in full dataset],"Guangzhou Changwei Trading Co., Ltd",[in full dataset],[in full dataset],Guangzhou,China,,SEA,Ningbo-Zhoushan,Guangzhou,2021,9,2021-09,18580.8,KG,18580.8,19579.5,2998.94,2998.94,2933.51,59.07,6.36,0.16,USD,1,FOB,3.9,116.96,218.11,335.07,Livingston Intl,REF2304277,441,PALLETS,PKG84772,20610188,Nigeria exporter (export)
2604000000,CD202109000000013276,2021-09-23,2021-09-26,import,10,Transit,260400,Nickel ores and concentrates,Nigeria,Nigeria,Thailand,FENOG NIGERIA LIMITED,[in full dataset],[in full dataset],Warri,Nigeria,[in full dataset],KING POWER CORPORATION COMPANY LIMITED,[in full dataset],[in full dataset],RATCHATHEWI,Thailand,[in full dataset],SEA,Laem Chabang,Bangkok,2021,9,2021-09,21426.6,KG,21426.6,24009.9,1525.63,1525.63,1431,92.83,1.8,0.07,INR,84.4789,CPT,6.7,102.22,0,102.22,DSV Customs,REF3035814,96,BALES,PKG7423,514626.27,Nigeria exporter (export)
8501400000,CD201705000001277993,2017-05-26,2017-05-07,export,51,Consumption,850140,"Electric motors; AC motors, single-phase",China,China,Nigeria,"Digital China Group Co.,Ltd.",[in full dataset],[in full dataset],Beijing,China,[in full dataset],MULTIDIGITAL NIGERIA LIMITED,[in full dataset],[in full dataset],Port Harcourt,Nigeria,[in full dataset],RAIL,Main Container Port,Main Container Port,2017,5,2017-05,22890.8,KG,22890.8,24793.4,7525.7,7525.7,7304.94,179.06,41.7,0.32,INR,72.3548,FCA,1.7,127.94,1148.05,1275.99,Expeditors Customs,REF2662603,71,BALES,PKG59915,130976781,Nigeria importer (import)
2621900000,CD202412000000869263,2024-12-13,2024-12-15,import,42,Consumption,262190,Slag and ash n.e.c. in chapter 26; including seaweed ash (kelp) but excluding ash and residues from the incineration of municipal waste,Nigeria,Nigeria,China,TRANSPORT SERVICES LIMITED,[in full dataset],[in full dataset],Ikoyi,Nigeria,[in full dataset],"Ningbo Ocean Shipping Co., Ltd.",[in full dataset],[in full dataset],Ningbo,China,[in full dataset],AIR,Yingkou,Shenzhen,2024,12,2024-12,23838.9,KG,23838.9,25033.4,4160.78,4160.78,3845.41,291.65,23.72,0.16,GBP,12.9791,DAP,6.5,270.45,886.25,1156.7,DSV Customs,REF8824142,259,PALLETS,PKG48776,70218400,Nigeria exporter (export)
2903590000,CD202201000000178364,2022-01-05,2022-01-20,export,10,Re-export,290359,Unsaturated fluorinated derivatives of acyclic hydrocarbons; n.e.c. in item no. 2903.5,China,China,Nigeria,"Qilu Antibiotics Pharmaceutical Co., Ltd.",[in full dataset],[in full dataset],Jinan,China,[in full dataset],ESTER'S BETHEL ENTERPRISE,[in full dataset],[in full dataset],Olomore,Nigeria,,SEA,Main Container Port,Main Container Port,2022,1,2022-01,3051,KG,3051,3353,104202.71,104202.71,96147.98,7825.31,229.42,31.51,USD,1,EXW,6,6252.16,16568.23,22820.39,DHL Customs Svc,REF1623743,75,DRUMS,PKG64460,19120015,Nigeria importer (import)
1302390000,CD201507000000017683,2015-07-21,2015-07-24,export,70,Temporary,130239,"Mucilages and thickeners; whether or not modified, derived from vegetable products, n.e.c. in item no. 1302.3",Germany,Germany,Nigeria,Adriatic Baltic Arabic GmbH,[in full dataset],[in full dataset],Regensburg,Germany,,NURUDDEEN COLLEGE FOR ARABIC & ISLAMIC STUDIES YAYAYI KWAMI LTD,[in full dataset],[in full dataset],Kwami,Nigeria,,SEA,Main Container Port,Main Container Port,2015,7,2015-07,5524.7,KG,5524.7,5790.7,1350.34,1350.34,1288.52,53.26,8.56,0.23,JPY,73.7733,CPT,4,54.01,0,54.01,DB Schenker Customs,REF8968305,391,ROLLS,PKG62262,508762.93,Nigeria importer (import)
1301200000,CD201509000000029979,2015-09-10,2015-09-21,export,10,Warehouse,130120,Gum Arabic,United Kingdom,United Kingdom,Nigeria,CHAUMET (LONDON) LIMITED,[in full dataset],[in full dataset],LONDON,United Kingdom,[in full dataset],ARABIC TEACHERS' COLLEGE KEFFI LTD,[in full dataset],[in full dataset],Keffi,Nigeria,,SEA,Main Container Port,Main Container Port,2015,9,2015-09,7164.2,KG,7164.2,7680.3,1799.78,1799.78,1695.32,100.25,4.21,0.24,CNY,3.8058,CFR,5.4,97.19,284.55,381.74,Expeditors Customs,REF9025192,47,ROLLS,PKG68516,1048994.52,Nigeria importer (import)
7314420000,CD202505000000066113,2025-05-17,2025-05-23,export,42,Re-export,731442,"Iron or steel wire; grill, netting and fencing, coated with plastic",United Kingdom,United Kingdom,Nigeria,CHINA CONSTRUCTION BANK CORPORATION LONDON BRANCH,[in full dataset],[in full dataset],LONDON,United Kingdom,[in full dataset],QUALCHEM GLOBAL CONCEPT LTD,[in full dataset],[in full dataset],Lagos,Nigeria,[in full dataset],AIR,Main Container Port,Main Container Port,2025,5,2025-05,4253.8,KG,4253.8,4461.8,16071.3,16071.3,15668.7,333.96,68.64,3.68,USD,1,EXW,13.7,2201.77,2740.96,4942.73,DB Schenker Customs,REF8746831,489,CARTONS,PKG77453,2722468.02,Nigeria importer (import)
1522000000,CD201607000000361378,2016-07-06,2016-07-20,import,42,Transit,152200,Degras; residues resulting from the treatment of fatty substances or animal or vegetable waxes,Nigeria,Nigeria,Germany,UDY & SON SOYA BEAN FLOUR ENTERPRISE,[in full dataset],[in full dataset],Ini,Nigeria,,TAG Halle-Immobilien GmbH,[in full dataset],[in full dataset],Hamburg,Germany,[in full dataset],SEA,Wilhelmshaven,Wilhelmshaven,2016,7,2016-07,3515.9,KG,3515.9,3586.4,7267.09,7267.09,6962.46,264.84,39.79,1.98,CNY,122.7623,CIF,6.3,457.83,926.99,1384.82,Descartes,REF4356334,339,CRATES,PKG5087,2543876.47,Nigeria exporter (export)
2711290000,CD202306000000723674,2023-06-08,2023-06-17,import,40,Transit,271129,"Petroleum gases and other gaseous hydrocarbons; in gaseous state, other than natural gas",Nigeria,Nigeria,Canada,NIGERIAN NATIONAL PETROLEUM COMPANY LIMITED,[in full dataset],[in full dataset],Abuja,Nigeria,[in full dataset],TC Energy Corporation,[in full dataset],[in full dataset],Calgary,Canada,[in full dataset],RAIL,"Prince Rupert, BC","Prince Rupert, BC",2023,6,2023-06,5311.3,KG,5311.3,6013.2,5743.91,5743.91,5205.61,503.57,34.73,0.98,JPY,32.6924,EXW,3,172.32,0,172.32,Livingston Intl,REF9774000,197,DRUMS,PKG48756,89165482.25,Nigeria exporter (export)
2917350000,CD202201000000178268,2022-01-11,2022-01-25,export,10,Re-export,291735,Acids; aromatic polycarboxylic acids; phthalic anhydride,China,China,Nigeria,"Qilu Antibiotics Pharmaceutical Co., Ltd.",[in full dataset],[in full dataset],Jinan,China,[in full dataset],ESTERS CATERING AND EVENT MANAGEMENT,[in full dataset],[in full dataset],Lagos,Nigeria,,AIR,Main Container Port,Main Container Port,2022,1,2022-01,3753,KG,3753,4122.9,48706.04,48706.04,44963.23,3621.35,121.46,11.98,USD,1,FCA,5.3,2581.42,5128.75,7710.17,DB Schenker Customs,REF1698602,8,CARTONS,PKG56043,19120015,Nigeria importer (import)
6805300000,CD201807000000616401,2018-07-20,2018-07-23,export,40,Transit,680530,"Abrasive powder or grain; natural or artificial, on a base of materials n.e.c. in heading no. 6805, whether or not cut to shape or sewn or otherwise made up",China,China,Nigeria,"China Testing & Certification International Group Co.,Ltd.",[in full dataset],[in full dataset],Beijing,China,[in full dataset],GLOBAL MANPOWER NIGERIA LTD,[in full dataset],[in full dataset],Lagos,Nigeria,[in full dataset],SEA,Main Container Port,Main Container Port,2018,7,2018-07,20699.9,KG,20699.9,23342.3,7020.22,7020.22,6434.35,538.44,47.43,0.31,INR,129.7871,DDP,5.2,365.05,1477.05,1842.1,AN Deringer,REF8429840,66,CASES,PKG40754,2758608,Nigeria importer (import)
8544110000,CD201705000000125155,2017-05-08,2017-05-15,export,10,Transit,854411,"Insulated electric conductors; winding wire, of copper",Germany,Germany,Nigeria,Deutsche Telekom AG,[in full dataset],[in full dataset],Bonn,Germany,[in full dataset],SEAMFIX LIMITED,[in full dataset],[in full dataset],Lagos,Nigeria,[in full dataset],SEA,Main Container Port,Main Container Port,2017,5,2017-05,22230.8,KG,22230.8,22707.6,75294.28,75294.28,69109.97,6089.04,95.27,3.11,USD,1,CFR,1.7,1280,9188.91,10468.91,DHL Customs Svc,REF9383530,140,CRATES,PKG94779,7573145.74,Nigeria importer (import)
2932190000,CD202304000000003466,2023-04-06,2023-04-18,export,10,Consumption,293219,"Heterocyclic compounds; with oxygen hetero-atom(s) only, containing an unfused furan ring (whether or not hydrogenated) in the structure, n.e.c. in item no. 2932.1",Belgium,Belgium,Nigeria,Ineos Phenol Belgium,[in full dataset],[in full dataset],Beveren-Waas,Belgium,[in full dataset],ESTER'S BETHEL ENTERPRISE,[in full dataset],[in full dataset],Olomore,Nigeria,,ROAD,Main Container Port,Main Container Port,2023,4,2023-04,21569.6,KG,21569.6,22039.3,112935.7,112935.7,103560.32,8859.36,516.02,4.8,USD,1,FOB,5.8,6550.27,21507.47,28057.74,DHL Customs Svc,REF7387770,200,BAGS,PKG54499,392398.97,Nigeria importer (import)
8533310000,CD201705000001278988,2017-05-18,2017-05-22,export,40,Consumption,853331,"Electrical resistors; wirewound variable, including rheostats and potentiometers, for a power handling capacity not exceeding 20W (excluding heating)",China,China,Nigeria,"Digital China Group Co.,Ltd.",[in full dataset],[in full dataset],Beijing,China,[in full dataset],SEAMFIX LIMITED,[in full dataset],[in full dataset],Lagos,Nigeria,[in full dataset],ROAD,Main Container Port,Main Container Port,2017,5,2017-05,8822.1,KG,8822.1,9326,59713.25,59713.25,55464.89,4175.16,73.2,6.29,EUR,23.5035,CPT,1.2,716.56,6042.98,6759.54,DB Schenker Customs,REF3201246,167,CARTONS,PKG97414,130976781,Nigeria importer (import)
4005990000,CD201802000000308374,2018-02-15,2018-02-27,import,40,Transit,400599,"Rubber; unvulcanised, (compounded other than with carbon black or silica), in primary forms, (other than plates, sheets, strip, solutions or dispersions)",Nigeria,Nigeria,Spain,THE OKOMU OIL PALM COMPANY PLC,[in full dataset],[in full dataset],Edo,Nigeria,[in full dataset],WEST PHARMACEUTICAL SERVICES HISPANIA SA,[in full dataset],[in full dataset],MADRID,Spain,[in full dataset],ROAD,Bilbao,Valencia,2018,2,2018-02,10390.6,KG,10390.6,11415.6,2569.7,2569.7,2390.17,161.92,17.61,0.23,GBP,114.5201,CPT,12.4,318.64,0,318.64,DHL Customs Svc,REF5999054,423,CRATES,PKG86621,864940.78,Nigeria exporter (export)
8460190000,CD201606000000548955,2016-06-05,2016-06-12,export,51,Re-export,846019,"Machine-tools; flat-surface grinding machines, other than numerically controlled",United States,United States,Nigeria,Lockheed Martin Corporation,[in full dataset],[in full dataset],Bethesda,United States,[in full dataset],EDO STATE CO-OPERATIVE FARMERS AGENCY LIMITED,[in full dataset],[in full dataset],Benin City,Nigeria,,ROAD,Main Container Port,Main Container Port,2016,6,2016-06,9972.7,KG,9972.7,10945.3,6835.45,6835.45,6284.2,523.7,27.55,0.63,USD,1,EXW,2.5,170.89,840.76,1011.65,DB Schenker Customs,REF7865461,370,CARTONS,PKG34059,38931544,Nigeria importer (import)
0405909000,CD202602000000107981,2026-02-20,2026-02-07,export,61,Transit,040590,Dairy produce; fats and oils derived from milk (other than butter or dairy spreads),Ireland,Ireland,Nigeria,NUTRICIA IRELAND LIMITED,[in full dataset],[in full dataset],DUBLIN,Ireland,[in full dataset],FRIESLANDCAMPINA WAMCO NIGERIA PLC,[in full dataset],[in full dataset],Ikeja,Nigeria,[in full dataset],SEA,Main Container Port,Main Container Port,2026,2,2026-02,1338.6,KG,1338.6,1414.1,5295.56,5295.56,4789.21,473.73,32.62,3.58,USD,1,CIF,25.8,1366.25,1199.13,2565.38,Livingston Intl,REF8511225,448,CARTONS,PKG45428,3387733.12,Nigeria importer (import)
2614000000,CD202210000000271446,2022-10-09,2022-10-15,import,40,Consumption,261400,Titanium ores and concentrates,Nigeria,Nigeria,China,PANALPINA WORLD TRANSPORT (NIGERIA) LTD,[in full dataset],[in full dataset],Lagos,Nigeria,[in full dataset],"5i5j Holding Group Co., Ltd",[in full dataset],[in full dataset],Beijing,China,[in full dataset],ROAD,Xiamen,Shanghai,2022,10,2022-10,19514.9,KG,19514.9,20568.4,25443.56,25443.56,23428.4,1843.69,171.47,1.2,CNY,7.3767,FOB,6.3,1602.94,4056.98,5659.92,Livingston Intl,REF3197559,378,BULK,PKG5664,14307299,Nigeria exporter (export)
8471501000,CD202101000001386627,2021-01-24,2021-01-27,export,51,Consumption,847150,"Units of automatic data processing machines; processing units other than those of item no. 8471.41 or 8471.49, whether or not containing in the same housing one or two of the following types of unit: storage units, input units or output units",China,China,Nigeria,Agricultural Bank Of China Limited,[in full dataset],[in full dataset],Beijing,China,[in full dataset],JOCAM NIGERIA LIMITED,[in full dataset],[in full dataset],Port Harcourt,Nigeria,[in full dataset],SEA,Main Container Port,Main Container Port,2021,1,2021-01,21798.1,KG,21798.1,22325.7,16470.85,16470.85,15374.86,982.99,113,0.71,JPY,16.2685,FCA,2.4,395.3,2529.92,2925.22,AN Deringer,REF3759199,50,CASES,PKG95364,152289143,Nigeria importer (import)
2937900000,CD202304000000045812,2023-04-08,2023-04-16,export,61,Transit,293790,"Hormones, prostaglandins, thromboxanes and leukotrienes, natural or reproduced by synthesis; derivatives and structural analogues thereof, including chain modified polypeptides, used primarily as hormones, n.e.c. in heading 2937",South Korea,South Korea,Nigeria,Ether's Dream Act Institute,[in full dataset],[in full dataset],Gyeongsan,South Korea,,ESTERS CATERING AND EVENT MANAGEMENT,[in full dataset],[in full dataset],Lagos,Nigeria,,ROAD,Main Container Port,Main Container Port,2023,4,2023-04,9463.6,KG,9463.6,10111.1,193767.61,193767.61,185332.94,7849.15,585.52,19.58,USD,1,CPT,7,13563.73,37319.64,50883.37,CEVA Customs,REF9018738,193,CARTONS,PKG27269,5048193,Nigeria importer (import)
2620210000,CD202210000000270063,2022-10-15,2022-10-21,import,10,Consumption,262021,"Slag, ash and residues; (not from the manufacture of iron or steel), containing mainly lead; leaded gasoline sludges and leaded anti-knock compound sludges",Nigeria,Nigeria,China,NAGOS PROJECTS LIMITED,[in full dataset],[in full dataset],Port Harcourt,Nigeria,[in full dataset],"Shanghai Haojing Trading Co., Ltd.",[in full dataset],[in full dataset],Shanghai,China,,SEA,Guangzhou,Dalian,2022,10,2022-10,1682.8,KG,1682.8,1850,756.46,756.46,689.72,63.38,3.36,0.41,INR,87.6903,CPT,4,30.26,39.34,69.6,Flexport Customs,REF5196992,130,BAGS,PKG94847,14307299,Nigeria exporter (export)
2939450000,CD202201000000178722,2022-01-02,2022-01-16,export,61,Re-export,293945,"Alkaloids; of ephedrine and their derivatives; levometamfetamine, metamfetamine (INN), metamefetamine racemate and their salts",China,China,Nigeria,"Xinchang NHU Vitamins Co.,Ltd (Plant 2)",[in full dataset],[in full dataset],Shaoxing,China,,ESTER'S BETHEL ENTERPRISE,[in full dataset],[in full dataset],Olomore,Nigeria,,SEA,Main Container Port,Main Container Port,2022,1,2022-01,17928.6,KG,17928.6,19411.8,53165.05,53165.05,48898.55,3940.37,326.13,2.73,INR,80.6608,CIF,6,3189.9,10143.89,13333.79,Descartes,REF9383555,325,BALES,PKG45337,19120015,Nigeria importer (import)
1501900000,CD201607000000361440,2016-07-09,2016-07-12,import,40,Transit,150190,Poultry fat; other than that of heading 0209 or 1503,Nigeria,Nigeria,Germany,INTERNATIONAL FRACTIONATION AND MARGARINE PRODUCTS LTD,[in full dataset],[in full dataset],Lagos,Nigeria,,Autohaus Rape GmbH,[in full dataset],[in full dataset],Vechta,Germany,[in full dataset],SEA,Wilhelmshaven,Wilhelmshaven,2016,7,2016-07,5953.1,KG,5953.1,6656.3,99626.41,99626.41,90981.27,8404.5,240.64,15.28,USD,1,FCA,3.3,3287.67,20582.82,23870.49,DB Schenker Customs,REF9633359,346,BALES,PKG74486,2543876.47,Nigeria exporter (export)
2710200000,CD201712000000233114,2017-12-14,2017-12-18,import,70,Temporary,271020,"Petroleum oils and oils from bituminous minerals, containing biodiesel, not crude, not waste oils; preparations n.e.c, containing by weight 70% or more of petroleum oils or oils from bituminous minerals",Nigeria,Nigeria,Brazil,NIGERIAN NATIONAL PETROLEUM COMPANY LIMITED,[in full dataset],[in full dataset],Abuja,Nigeria,[in full dataset],IPIRANGA PRODUTOS DE PETROLEO S.A.,[in full dataset],[in full dataset],RIO DE JANEIRO,Brazil,[in full dataset],AIR,Itajai,Itajai,2017,12,2017-12,17192.6,KG,17192.6,19254.5,83223.98,83223.98,76135.38,6575.52,513.08,4.43,EUR,83.0844,FCA,3.1,2579.94,0,2579.94,AN Deringer,REF8603682,35,BALES,PKG89720,26961838,Nigeria exporter (export)
9025900000,CD202007000000046060,2020-07-11,2020-07-14,export,61,Consumption,902590,"Hydrometers and similar floating instruments, barometers, hygrometers, psychrometers, thermometers, pyrometers; recording or not, any combination of these instruments, parts and accessories",Netherlands,Netherlands,Nigeria,Philips Medical Systems International B.V.,[in full dataset],[in full dataset],Best,Netherlands,[in full dataset],C8 (CRYPT8) E-COMMERCE SERVICES WORLDWIDE LIMITED,[in full dataset],[in full dataset],Lagos,Nigeria,[in full dataset],ROAD,Main Container Port,Main Container Port,2020,7,2020-07,6375.3,KG,6375.3,7183.7,178082.59,178082.59,173224.2,3625.5,1232.89,27.17,USD,1,CFR,1.6,2849.32,12665.23,15514.55,DSV Customs,REF8591504,368,BALES,PKG74953,5257478.63,Nigeria importer (import)
0405200000,CD202601000000122443,2026-01-17,2026-01-02,export,51,Temporary,040520,Dairy produce; dairy spreads,Germany,Germany,Nigeria,Ehrmann SE,[in full dataset],[in full dataset],Oberschönegg,Germany,[in full dataset],FAN MILK LTD,[in full dataset],[in full dataset],Lagos,Nigeria,[in full dataset],SEA,Main Container Port,Main Container Port,2026,1,2026-01,13353.9,KG,13353.9,15119.1,48265.75,48265.75,46346.71,1711.35,207.69,3.47,GBP,15.8,CFR,12.3,5936.69,10840.49,16777.18,Livingston Intl,REF8222074,230,CARTONS,PKG84905,3938874.96,Nigeria importer (import)
1302110000,CD201505000000012061,2015-05-22,2015-05-24,import,42,Temporary,130211,Vegetable saps and extracts; opium,Nigeria,Nigeria,Germany,SHAIBATULHAMDI COLLEGE FOR ARABIC AND ISLAMIC STUDIES LTD,[in full dataset],[in full dataset],Azare,Nigeria,,Natural Gums Dr. W. Agster GmbH,[in full dataset],[in full dataset],Reutlingen,Germany,[in full dataset],AIR,Hamburg,Bremerhaven,2015,5,2015-05,15273.1,KG,15273.1,16753.3,9685.34,9685.34,9215,418.85,51.49,0.6,USD,1,FCA,6,581.12,1539.97,2121.09,AN Deringer,REF2013069,451,BULK,PKG75579,326233.39,Nigeria exporter (export)
8514900000,CD201705000001278656,2017-05-24,2017-05-10,export,70,Re-export,851490,"Furnaces, ovens and heating equipment; parts of the industrial or laboratory equipment of heading no. 8514",China,China,Nigeria,"XTC New Energy Materials (Xiamen) Co.,LTD.",[in full dataset],[in full dataset],Xiamen,China,[in full dataset],SEAMFIX LIMITED,[in full dataset],[in full dataset],Lagos,Nigeria,[in full dataset],SEA,Main Container Port,Main Container Port,2017,5,2017-05,19513.3,KG,19513.3,21242,1239.82,1239.82,1183.11,50.48,6.23,0.06,USD,1,DDP,1.6,19.84,151.16,171,AN Deringer,REF9920740,133,BAGS,PKG92311,130976781,Nigeria importer (import)
3827200000,CD202409000000121597,2024-09-08,2024-09-23,export,42,Temporary,382720,"Mixtures containing halogenated derivatives of methane, ethane or propane, not elsewhere specified or included; containing bromochlorodifluoromethane (Halon-1211), bromotrifluoromethane (Halon-1301) or dibromotetrafluoroethanes (Halon-2402)",United States,United States,Nigeria,"Koch Industries, LLC",[in full dataset],[in full dataset],Wichita,United States,[in full dataset],GUINNESS NIGERIA PLC,[in full dataset],[in full dataset],Ikeja,Nigeria,[in full dataset],SEA,Main Container Port,Main Container Port,2024,9,2024-09,4402.9,KG,4402.9,4887.6,16834.59,16834.59,16246.14,487.52,100.93,3.69,CNY,8.6415,EXW,6.3,1060.58,1252.66,2313.24,Livingston Intl,REF4564368,429,CARTONS,PKG26650,7192690,Nigeria importer (import)
8805290000,CD201905000000010675,2019-05-02,2019-05-08,export,51,Warehouse,880529,Ground flying trainers and parts thereof; other than air combat simulators and parts thereof,Singapore,Singapore,Nigeria,ROCKWELL COLLINS SOUTHEAST ASIA PTE. LTD.,[in full dataset],[in full dataset],Singapore,Singapore,[in full dataset],SG HOLDINGS LIMITED,[in full dataset],[in full dataset],Lekki,Nigeria,[in full dataset],SEA,Main Container Port,Main Container Port,2019,5,2019-05,11913.9,KG,11913.9,13183.7,304155.85,304155.85,295459.05,7178.09,1518.71,24.8,GBP,97.7117,CFR,0,0,45623.38,45623.38,Flexport Customs,REF7457931,210,CRATES,PKG8853,10905835.8,Nigeria importer (import)
4012209000,CD201812000000307350,2018-12-21,2018-12-01,import,61,Warehouse,401220,Rubber; used pneumatic tyres,Nigeria,Nigeria,Spain,INDORAMA ELEME PETROCHEMICALS LIMITED,[in full dataset],[in full dataset],Port Harcourt,Nigeria,[in full dataset],AUTO VULCANIZADOS EUROPA SL,[in full dataset],[in full dataset],L'ALDEA,Spain,,SEA,Algeciras,Bilbao,2018,12,2018-12,18814.4,KG,18814.4,19926.8,10734.83,10734.83,10461.45,248.77,24.61,0.56,EUR,25.699,DDP,6.9,740.7,0,740.7,DSV Customs,REF8612971,186,PALLETS,PKG98702,861445.3,Nigeria exporter (export)
2617100000,CD202412000000862329,2024-12-01,2024-12-14,import,10,Consumption,261710,Antimony ores and concentrates,Nigeria,Nigeria,China,ELPER OILFIELD ENGINEERING (NIGERIA) LIMITED,[in full dataset],[in full dataset],Lagos,Nigeria,[in full dataset],"FESCO Group Co., Ltd",[in full dataset],[in full dataset],Beijing,China,[in full dataset],AIR,Qingdao,Qingdao,2024,12,2024-12,17623.9,KG,17623.9,18987.4,760.51,760.51,712.42,46.27,1.82,0.04,USD,1,FOB,4,30.42,55.37,85.79,Expeditors Customs,REF5143450,385,BULK,PKG91088,70218400,Nigeria exporter (export)
2612200000,CD202502000000030108,2025-02-13,2025-02-26,import,70,Warehouse,261220,Thorium ores and concentrates,Nigeria,Nigeria,Hong Kong,PANALPINA WORLD TRANSPORT (NIGERIA) LTD,[in full dataset],[in full dataset],Lagos,Nigeria,[in full dataset],"Qingdao Port International Co., Ltd.",[in full dataset],[in full dataset],Causeway Bay,Hong Kong,[in full dataset],SEA,Hong Kong (Kwai Tsing),Hong Kong (Kwai Tsing),2025,2,2025-02,8532.7,KG,8532.7,8888.4,9114.09,9114.09,8782.81,274.51,56.77,1.03,GBP,115.2725,EXW,5.4,492.16,1152.75,1644.91,DSV Customs,REF6649257,97,BULK,PKG86695,1441546.72,Nigeria exporter (export)
2613900000,CD202604000000000337,2026-04-26,2026-04-03,import,61,Temporary,261390,Molybdenum ores and concentrates; other than roasted,Nigeria,Nigeria,Brazil,TRANSPORT SERVICES LIMITED,[in full dataset],[in full dataset],Ikoyi,Nigeria,[in full dataset],LOJAS RENNER S.A.,[in full dataset],[in full dataset],PORTO ALEGRE,Brazil,[in full dataset],AIR,Santos,Rio Grande,2026,4,2026-04,489.7,KG,489.7,562,11162.98,11162.98,10201.07,940.93,20.98,20.83,USD,1,EXW,6.5,725.59,2139.94,2865.53,Descartes,REF3449051,176,DRUMS,PKG87567,486714,Nigeria exporter (export)
2605000000,CD201912000000083450,2019-12-26,2019-12-03,import,10,Temporary,260500,Cobalt ores and concentrates,Nigeria,Nigeria,Malaysia,TRANSPORT SERVICES LIMITED,[in full dataset],[in full dataset],Ikoyi,Nigeria,[in full dataset],DIALOG GROUP BERHAD,[in full dataset],[in full dataset],Petaling Jaya,Malaysia,[in full dataset],SEA,Tanjung Pelepas,Penang,2019,12,2019-12,21331,KG,21331,24356.6,7142.68,7142.68,6680.42,440.86,21.4,0.31,EUR,125.4202,DAP,4.6,328.56,896.55,1225.11,DSV Customs,REF7642033,195,CASES,PKG9113,4040293.33,Nigeria exporter (export)
4002990000,CD201810000000167416,2018-10-04,2018-10-06,import,40,Transit,400299,"Rubber; synthetic, n.e.c. in heading 4002, (other than latex), in primary forms or in plates, sheets or strip",Nigeria,Nigeria,Italy,THE OKOMU OIL PALM COMPANY PLC,[in full dataset],[in full dataset],Benin City,Nigeria,[in full dataset],LEONORI SPA,[in full dataset],[in full dataset],ROMA,Italy,[in full dataset],AIR,Genoa,Gioia Tauro,2018,10,2018-10,4566.3,KG,4566.3,5015.2,34512,34512,33061.94,1244.14,205.92,7.24,USD,1,EXW,6.3,2174.26,5502.94,7677.2,AN Deringer,REF8116081,133,DRUMS,PKG42048,474679.98,Nigeria exporter (export)
2613900000,CD202412000000863189,2024-12-06,2024-12-08,import,61,Transit,261390,Molybdenum ores and concentrates; other than roasted,Nigeria,Nigeria,China,RINA CTSI NIGERIA LIMITED,[in full dataset],[in full dataset],Lagos,Nigeria,[in full dataset],"Harbin Gongbai Xingda Trading Co., Ltd.",[in full dataset],[in full dataset],Harbin,China,,ROAD,Ningbo-Zhoushan,Guangzhou,2024,12,2024-12,22002.3,KG,22002.3,23234.9,2878.62,2878.62,2681.3,186.09,11.23,0.12,GBP,26.3312,CIF,6.7,192.87,0,192.87,Expeditors Customs,REF6631603,427,PALLETS,PKG68226,70218400,Nigeria exporter (export)
2907130000,CD202304000000023411,2023-04-10,2023-04-18,export,10,Re-export,290713,"Monophenols; octylphenol, nonylphenol and their isomers, salts thereof",Brazil,Brazil,Nigeria,DE VITAMINS SHOP LTDA,[in full dataset],[in full dataset],NITEROI,Brazil,,BILE ACIDS NIGERIA LTD,[in full dataset],[in full dataset],Suleja,Nigeria,,AIR,Main Container Port,Main Container Port,2023,4,2023-04,10222.9,KG,10222.9,11070.7,13719.36,13719.36,13131.24,511.91,76.21,1.28,INR,118.8313,CPT,6.6,905.48,1462.48,2367.96,Livingston Intl,REF6084845,428,CASES,PKG25319,2423529,Nigeria importer (import)
4009310000,CD201806000000184045,2018-06-10,2018-06-15,import,51,Transit,400931,"Rubber; vulcanised (other than hard rubber), tubing, piping and hoses, reinforced or otherwise combined only with textile materials, without fittings",Nigeria,Nigeria,Spain,INDORAMA ELEME PETROCHEMICALS LIMITED,[in full dataset],[in full dataset],Port Harcourt,Nigeria,[in full dataset],JM CARAVANING S.C.P.,[in full dataset],[in full dataset],IGUALADA,Spain,,SEA,Bilbao,Algeciras,2018,6,2018-06,6225.3,KG,6225.3,6436,40170.88,40170.88,37028.74,2888.19,253.95,5.95,USD,1,FCA,10.9,4378.63,8909.9,13288.53,Expeditors Customs,REF8740368,81,ROLLS,PKG61226,521771.55,Nigeria exporter (export)
9003110000,CD202007000000167716,2020-07-09,2020-07-22,export,40,Consumption,900311,"Frames and mountings; for spectacles, goggles or the like, of plastics",China,China,Nigeria,"Gree Electric Appliances, Inc. Of Zhuhai",[in full dataset],[in full dataset],Zhuhai,China,[in full dataset],Habideen Commercial Agency Ltd,[in full dataset],[in full dataset],Lagos,Nigeria,,SEA,Main Container Port,Main Container Port,2020,7,2020-07,18290.7,KG,18290.7,21013.4,79017.17,79017.17,73789.43,5114.07,113.67,4.03,JPY,4.8669,DDP,2,1580.34,16119.5,17699.84,DHL Customs Svc,REF7821042,222,PALLETS,PKG18402,26092899,Nigeria importer (import)
2922290000,CD202304000000161667,2023-04-16,2023-04-20,export,61,Transit,292229,"Amino-naphthols and other amino-phenols, other than those containing more than one kind of oxygen function, their ethers and esters; salts thereof n.e.c. in item no. 2922.2",China,China,Nigeria,"Xinchang NHU Vitamins Co.,Ltd (Plant 2)",[in full dataset],[in full dataset],Shaoxing,China,,ESTERS CATERING AND EVENT MANAGEMENT,[in full dataset],[in full dataset],Lagos,Nigeria,,AIR,Main Container Port,Main Container Port,2023,4,2023-04,8160.7,KG,8160.7,8913.8,26341.6,26341.6,24813.53,1471.84,56.23,3.04,CNY,100.8084,CPT,3.1,816.59,2715.82,3532.41,Descartes,REF2891352,497,CARTONS,PKG26195,18274065,Nigeria importer (import)
2711190000,CD202306000002467367,2023-06-03,2023-06-09,import,61,Transit,271119,"Petroleum gases and other gaseous hydrocarbons; liquefied, n.e.c. in heading no. 2711",Nigeria,Nigeria,United States,TOTALENERGIES MARKETING NIGERIA PLC,[in full dataset],[in full dataset],Victoria Island,Nigeria,[in full dataset],"VNOM Sub, Inc.",[in full dataset],[in full dataset],Midland,United States,[in full dataset],RAIL,"Los Angeles, CA","Long Beach, CA",2023,6,2023-06,15965.3,KG,15965.3,16543.1,2018.37,2018.37,1907.75,103.77,6.85,0.12,USD,1,FOB,5.6,113.03,106.57,219.6,CEVA Customs,REF5827876,341,CASES,PKG44704,402347215,Nigeria exporter (export)
3827590000,CD202409000000017612,2024-09-11,2024-09-20,export,40,Transit,382759,"Mixtures containing halogenated derivatives of methane, ethane or propane; containing trifluoromethan (HFC-23) or perfluorocarbons (PFCs) not containing chlorofluorocarbons (CFCs) or hydrochlorofluorocarbons (HCFCs); other mixtures n.e.c. in subheading 38",Italy,Italy,Nigeria,TRICON DRY CHEMICALS ITALY SRL,[in full dataset],[in full dataset],MILANO,Italy,,RMM GLOBAL COMPANY LIMITED,[in full dataset],[in full dataset],Kano,Nigeria,[in full dataset],AIR,Main Container Port,Main Container Port,2024,9,2024-09,8106.8,KG,8106.8,8430.5,2870.25,2870.25,2774.59,86.68,8.98,0.34,GBP,60.1761,FCA,5.2,149.25,362.34,511.59,AN Deringer,REF9891724,480,CRATES,PKG58854,869703.09,Nigeria importer (import)
2620910000,CD202502000000030081,2025-02-26,2025-02-28,import,42,Temporary,262091,"Slag, ash and residues; (not from the manufacture of iron or steel), containing antimony, beryllium, cadmium, chromium or their mixtures",Nigeria,Nigeria,Hong Kong,PANALPINA WORLD TRANSPORT (NIGERIA) LTD,[in full dataset],[in full dataset],Lagos,Nigeria,[in full dataset],DICKSON CONCEPTS (INTERNATIONAL) LIMITED,[in full dataset],[in full dataset],Tsim Sha Tsui East,Hong Kong,[in full dataset],ROAD,Hong Kong (Kwai Tsing),Hong Kong (Kwai Tsing),2025,2,2025-02,12391.9,KG,12391.9,13943.6,534.06,534.06,491.6,40.51,1.95,0.04,USD,1,EXW,4.1,21.9,27.8,49.7,DB Schenker Customs,REF8927062,131,BAGS,PKG41076,1441546.72,Nigeria exporter (export)
1301900000,CD201507000000023745,2015-07-21,2015-07-03,export,70,Re-export,130190,"Natural gums, resins, gum-resins and oleoresins, n.e.c. in heading no. 1301",United Kingdom,United Kingdom,Nigeria,ARABIC GRILL LIMITED,[in full dataset],[in full dataset],NEW MALDEN,United Kingdom,,NURUL IMAN ARABIC & ISLAMIC ACADEMY LTD,[in full dataset],[in full dataset],Zaria,Nigeria,,ROAD,Main Container Port,Main Container Port,2015,7,2015-07,23132.3,KG,23132.3,24881.2,16562.86,16562.86,15657.1,828.16,77.6,0.68,USD,1,EXW,6.3,1043.46,3521.26,4564.72,Expeditors Customs,REF5345360,303,CRATES,PKG56343,742006.77,Nigeria importer (import)
2617900000,CD201912000000183344,2019-12-17,2019-12-26,import,40,Warehouse,261790,Ores and concentrates n.e.c. in chapter 26; other than antimony,Nigeria,Nigeria,China,ELPER OILFIELD ENGINEERING (NIGERIA) LIMITED,[in full dataset],[in full dataset],Lagos,Nigeria,[in full dataset],"Inzone Group Co.,Ltd.",[in full dataset],[in full dataset],Jinan,China,[in full dataset],SEA,Guangzhou,Tianjin,2019,12,2019-12,20472.7,KG,20472.7,22580.7,376.92,376.92,366.26,8.44,2.22,0.02,USD,1,CIF,3.9,14.7,19.58,34.28,Descartes,REF2216955,184,CRATES,PKG85938,9075130,Nigeria exporter (export)
2604000000,CD202210000000270719,2022-10-24,2022-10-09,import,42,Consumption,260400,Nickel ores and concentrates,Nigeria,Nigeria,China,FENOG NIGERIA LIMITED,[in full dataset],[in full dataset],Warri,Nigeria,[in full dataset],"Qingdao Dacheng Precious Metal Co.,ltd.",[in full dataset],[in full dataset],Qingdao,China,,SEA,Shenzhen,Dalian,2022,10,2022-10,19724.5,KG,19724.5,20535.8,2562.3,2562.3,2382.39,175.52,4.39,0.12,CNY,35.2141,CIF,4.8,122.99,0,122.99,DHL Customs Svc,REF2566583,29,ROLLS,PKG83753,14307299,Nigeria exporter (export)
2708100000,CD202306000002086981,2023-06-09,2023-06-15,import,61,Consumption,270810,Pitch; obtained from coal tar or from other mineral tars,Nigeria,Nigeria,Poland,NIGERIA LNG LIMITED,[in full dataset],[in full dataset],Port Harcourt,Nigeria,[in full dataset],TAURON POLSKA ENERGIA S A,[in full dataset],[in full dataset],Katowice,Poland,[in full dataset],SEA,Gdynia,Gdynia,2023,6,2023-06,18769.6,KG,18769.6,19622.2,65090.94,65090.94,61171.78,3534.71,384.45,3.26,EUR,65.7771,DDP,3.7,2408.36,10124.9,12533.26,DSV Customs,REF4523256,96,CASES,PKG24622,306441474,Nigeria exporter (export)
4011900000,CD201804000000251436,2018-04-04,2018-04-06,import,70,Transit,401190,"Rubber; new pneumatic tyres, of a kind used on light commercial vehicles",Nigeria,Nigeria,Germany,INDORAMA ELEME PETROCHEMICALS LIMITED,[in full dataset],[in full dataset],Port Harcourt,Nigeria,[in full dataset],BASF SE,[in full dataset],[in full dataset],Ludwigshafen am Rhein,Germany,[in full dataset],AIR,Wilhelmshaven,Wilhelmshaven,2018,4,2018-04,8557.7,KG,8557.7,9422.1,1203.45,1203.45,1147.76,53.01,2.68,0.13,USD,1,CPT,12.4,149.23,94.69,243.92,Flexport Customs,REF4882624,287,PALLETS,PKG50671,703792.91,Nigeria exporter (export)
1302120000,CD201504000000002676,2015-04-12,2015-04-17,import,51,Consumption,130212,Vegetable saps and extracts; of liquorice,Nigeria,Nigeria,Germany,SHAIBATULHAMDI COLLEGE FOR ARABIC AND ISLAMIC STUDIES LTD,[in full dataset],[in full dataset],Azare,Nigeria,,Natural Gums Dr. W. Agster GmbH,[in full dataset],[in full dataset],Reutlingen,Germany,[in full dataset],RAIL,Hamburg,Wilhelmshaven,2015,4,2015-04,19411.2,KG,19411.2,19934.2,46807.02,46807.02,43989.96,2667.43,149.63,2.27,GBP,129.3681,EXW,6.4,2995.65,8964.48,11960.13,DHL Customs Svc,REF4847926,317,CARTONS,PKG12759,67877.52,Nigeria exporter (export)
2601113000,CD202412000000864220,2024-12-24,2024-12-28,import,40,Transit,260111,Iron ores and concentrates; non-agglomerated,Nigeria,Nigeria,China,RINA CTSI NIGERIA LIMITED,[in full dataset],[in full dataset],Lagos,Nigeria,[in full dataset],"Gansu Guofang Industry & Trade (Group) Co., Ltd.",[in full dataset],[in full dataset],Lanzhou,China,[in full dataset],SEA,Xiamen,Ningbo-Zhoushan,2024,12,2024-12,21188.4,KG,21188.4,21942.8,5030.81,5030.81,4677.75,325.71,27.35,0.22,CNY,22.9206,DDP,4,201.23,784.81,986.04,AN Deringer,REF2973882,34,BULK,PKG18833,70218400,Nigeria exporter (export)
6815190000,CD201810000000137598,2018-10-21,2018-10-23,export,61,Consumption,681519,Stone or other mineral substances not elsewhere specified or included; non-electrical articles of graphite or carbon n.e.c. in heading 6815,Netherlands,Netherlands,Nigeria,IJssel Technologie B.V.,[in full dataset],[in full dataset],Zwolle,Netherlands,[in full dataset],GLOBAL MANPOWER NIGERIA LTD,[in full dataset],[in full dataset],Lagos,Nigeria,[in full dataset],SEA,Main Container Port,Main Container Port,2018,10,2018-10,23878.4,KG,23878.4,25720.3,4852.73,4852.73,4608.07,232.5,12.16,0.19,CNY,23.7509,CPT,6.3,305.72,361.09,666.81,DSV Customs,REF9298038,136,DRUMS,PKG47569,470004.95,Nigeria importer (import)
2707400000,CD201712000000613762,2017-12-26,2017-12-10,import,42,Warehouse,270740,Oils and products of the distillation of high temperature coal tar; naphthalene,Nigeria,Nigeria,United Kingdom,PRIME INFRASTRUCTURE & ENGINEERING SERVICES LIMITED,[in full dataset],[in full dataset],Lagos,Nigeria,,PREMIER OIL UK LIMITED,[in full dataset],[in full dataset],LONDON,United Kingdom,[in full dataset],RAIL,Felixstowe,London Gateway,2017,12,2017-12,4708.7,KG,4708.7,5136.1,1543.81,1543.81,1501.46,30.38,11.97,0.32,EUR,29.5794,DAP,4.6,71.02,242.22,313.24,DSV Customs,REF4784435,351,BAGS,PKG33399,64074196.15,Nigeria exporter (export)
6810990000,CD201812000000509213,2018-12-04,2018-12-06,export,70,Re-export,681099,"Cement, concrete or artificial stone; articles (other than prefabricated structural components for building or civil engineering), whether or not reinforced, n.e.c. in heading no. 6810",China,China,Nigeria,"Jiangxi Fuhuang Steel Structure Co., Ltd.",[in full dataset],[in full dataset],Jiujiang,China,,PICCOLO - BRUNELLI ENGINEERING LTD,[in full dataset],[in full dataset],Abuja,Nigeria,[in full dataset],SEA,Main Container Port,Main Container Port,2018,12,2018-12,18453.4,KG,18453.4,19287.9,866.41,866.41,792.86,69.59,3.96,0.04,CNY,9.9838,DDP,4.4,38.12,180.91,219.03,DSV Customs,REF8694084,11,BULK,PKG96148,2166976,Nigeria importer (import)
8421399000,CD201606000000464042,2016-06-11,2016-06-21,export,10,Consumption,842139,"Machinery; for filtering or purifying gases, other than intake air filters, catalytic converters or particulate filters for internal combustion engines",Germany,Germany,Nigeria,thyssenkrupp AG,[in full dataset],[in full dataset],Essen,Germany,[in full dataset],DE COON SERVICES LIMITED,[in full dataset],[in full dataset],Port Harcourt,Nigeria,[in full dataset],RAIL,Main Container Port,Main Container Port,2016,6,2016-06,9591.3,KG,9591.3,10853.1,10868.36,10868.36,9926.11,871.01,71.24,1.03,USD,1,FOB,2.4,260.84,2225.84,2486.68,Kuehne+Nagel Brokerage,REF4979322,485,CARTONS,PKG11581,30722218.36,Nigeria importer (import)
1301900000,CD201507000000017673,2015-07-01,2015-07-13,export,40,Consumption,130190,"Natural gums, resins, gum-resins and oleoresins, n.e.c. in heading no. 1301",Germany,Germany,Nigeria,Natural Gums Dr. W. Agster GmbH,[in full dataset],[in full dataset],Reutlingen,Germany,[in full dataset],DARUL-MUQINEEN ARABIC AND ISLAMIC CENTRE,[in full dataset],[in full dataset],Isheri,Nigeria,,SEA,Main Container Port,Main Container Port,2015,7,2015-07,22611.4,KG,22611.4,24445.5,8982.17,8982.17,8490.96,462.53,28.68,0.38,EUR,118.8871,CFR,3.1,278.45,1111.27,1389.72,CEVA Customs,REF2047016,139,BULK,PKG98225,508762.93,Nigeria importer (import)
3815190000,CD202409000000208040,2024-09-27,2024-09-13,export,40,Transit,381519,"Catalysts, supported; reaction initiators, reaction accelerators and catalytic preparations, with an active substance other than nickel or precious metals or their compounds, n.e.c. or included",China,China,Nigeria,"Hainan Fengpai Huyu Culture Media Co., Ltd.",[in full dataset],[in full dataset],Haikou,China,,INDORAMA ELEME FERTILIZER & CHEMICALS LIMITED,[in full dataset],[in full dataset],Port Harcourt,Nigeria,[in full dataset],AIR,Main Container Port,Main Container Port,2024,9,2024-09,2217.6,KG,2217.6,2340.2,13080.15,13080.15,12287.99,739.07,53.09,5.54,GBP,82.2993,CFR,6.9,902.53,2516.88,3419.41,DSV Customs,REF2056466,250,PALLETS,PKG83234,14471660,Nigeria importer (import)
3825100000,CD202409000000121546,2024-09-21,2024-09-27,export,61,Re-export,382510,"Residual products of the chemical or allied industries, not elsewhere specified or included; municipal waste",United States,United States,Nigeria,International Flavors & Fragrances Inc.,[in full dataset],[in full dataset],New York,United States,[in full dataset],INDORAMA ELEME FERTILIZER & CHEMICALS LIMITED,[in full dataset],[in full dataset],Port Harcourt,Nigeria,[in full dataset],ROAD,Main Container Port,Main Container Port,2024,9,2024-09,9909.1,KG,9909.1,11344.7,14674.09,14674.09,13890.42,736.18,47.49,1.4,USD,1,FOB,6.6,968.49,782.13,1750.62,DHL Customs Svc,REF8661482,189,ROLLS,PKG50829,7192690,Nigeria importer (import)
1302190000,CD201509000000002570,2015-09-09,2015-09-24,import,70,Transit,130219,Vegetable saps and extracts; n.e.c. in item no. 1302.1,Nigeria,Nigeria,Germany,SHAIBATULHAMDI COLLEGE FOR ARABIC AND ISLAMIC STUDIES LTD,[in full dataset],[in full dataset],Azare,Nigeria,,Natural Gums Dr. W. Agster GmbH,[in full dataset],[in full dataset],Reutlingen,Germany,[in full dataset],RAIL,Wilhelmshaven,Wilhelmshaven,2015,9,2015-09,14135.6,KG,14135.6,15960,58731.88,58731.88,55591.71,2765.35,374.82,3.93,GBP,76.0223,CFR,3.9,2290.54,12204.48,14495.02,Livingston Intl,REF9083819,284,PALLETS,PKG38057,63965.31,Nigeria exporter (export)
2601120000,CD202210000000270812,2022-10-16,2022-10-21,import,42,Warehouse,260112,Iron ores and concentrates; agglomerated (excluding roasted iron pyrites),Nigeria,Nigeria,China,ELPER OILFIELD ENGINEERING (NIGERIA) LIMITED,[in full dataset],[in full dataset],Lagos,Nigeria,[in full dataset],Easyhome New Retail Group Corporation Limited,[in full dataset],[in full dataset],Beijing,China,[in full dataset],SEA,Dalian,Shanghai,2022,10,2022-10,11692.9,KG,11692.9,13284.4,1186.36,1186.36,1101.88,77.68,6.8,0.09,GBP,70.6249,DDP,6,71.18,0,71.18,DB Schenker Customs,REF1832391,462,ROLLS,PKG5082,14307299,Nigeria exporter (export)
3823130000,CD202409000000029097,2024-09-23,2024-09-25,export,10,Consumption,382313,"Industrial monocarboxylic fatty acids, acid oils from refining; tall oil fatty acids",Belgium,Belgium,Nigeria,Ineos Aromatics Limited,[in full dataset],[in full dataset],Geel,Belgium,[in full dataset],INDORAMA ELEME FERTILIZER & CHEMICALS LIMITED,[in full dataset],[in full dataset],Port Harcourt,Nigeria,[in full dataset],ROAD,Main Container Port,Main Container Port,2024,9,2024-09,19457.2,KG,19457.2,20600.8,16696.79,16696.79,15370.89,1267.15,58.75,0.79,USD,1,FOB,5.8,968.41,3533.04,4501.45,DHL Customs Svc,REF3957055,228,DRUMS,PKG43123,1451555,Nigeria importer (import)
8804000000,CD201905000000010651,2019-05-17,2019-05-01,export,42,Consumption,880400,Parachutes (including dirigible parachutes and paragliders) and rotochutes; parts thereof and accessories thereto,Singapore,Singapore,Nigeria,SIA ENGINEERING COMPANY LIMITED,[in full dataset],[in full dataset],Singapore,Singapore,[in full dataset],SG HOLDINGS LIMITED,[in full dataset],[in full dataset],Lekki,Nigeria,[in full dataset],SEA,Main Container Port,Main Container Port,2019,5,2019-05,17904.6,KG,17904.6,19537.4,212371.99,212371.99,204171.5,7503.8,696.69,11.4,CNY,125.9939,DDP,0,0,21237.2,21237.2,DSV Customs,REF6389073,112,BULK,PKG17785,10905835.8,Nigeria importer (import)
4001290000,CD202009000000167397,2020-09-21,2020-09-25,import,10,Consumption,400129,"Rubber; natural (excluding latex, technically specified natural rubber and smoked sheets), in primary forms or in plates, sheets or strip",Nigeria,Nigeria,Spain,INDORAMA ELEME PETROCHEMICALS LIMITED,[in full dataset],[in full dataset],Port Harcourt,Nigeria,[in full dataset],PERFORMANCE SPECIALTY PRODUCTS ASTURIAS SLU,[in full dataset],[in full dataset],CARREÑO,Spain,[in full dataset],SEA,Algeciras,Algeciras,2020,9,2020-09,24203.9,KG,24203.9,27637.5,26203.77,26203.77,25042.28,1000.51,160.98,1.03,USD,1,CFR,6.6,1729.45,0,1729.45,Kuehne+Nagel Brokerage,REF1380427,129,PALLETS,PKG31879,533124.35,Nigeria exporter (export)
8459690000,CD202101000001385650,2021-01-19,2021-01-02,export,70,Warehouse,845969,"Machine-tools; for milling by removing metal, not knee-type, other than numerically controlled",China,China,Nigeria,"Dongfeng Automobile Co.,Ltd.",[in full dataset],[in full dataset],Wuhan,China,[in full dataset],RITE FOODS LIMITED,[in full dataset],[in full dataset],Ikeja,Nigeria,[in full dataset],SEA,Main Container Port,Main Container Port,2021,1,2021-01,23196.5,KG,23196.5,24945.3,4686.86,4686.86,4321.35,344.54,20.97,0.19,JPY,41.236,CPT,3.5,164.04,0,164.04,CEVA Customs,REF8699774,245,BALES,PKG35211,152289143,Nigeria importer (import)
2620910000,CD202412000000865935,2024-12-04,2024-12-15,import,10,Consumption,262091,"Slag, ash and residues; (not from the manufacture of iron or steel), containing antimony, beryllium, cadmium, chromium or their mixtures",Nigeria,Nigeria,China,ELPER OILFIELD ENGINEERING (NIGERIA) LIMITED,[in full dataset],[in full dataset],Lagos,Nigeria,[in full dataset],"Chengdu Xingchuang Materials Trading Co., Ltd.",[in full dataset],[in full dataset],Chengdu,China,,SEA,Guangzhou,Shanghai,2024,12,2024-12,11906.4,KG,11906.4,13416.6,131361.35,131361.35,120253.51,10437.28,670.56,10.1,JPY,32.5342,DAP,5.5,7224.87,16630.35,23855.22,Flexport Customs,REF8521955,375,CRATES,PKG36606,70218400,Nigeria exporter (export)
2610000000,CD202502000000035990,2025-02-11,2025-02-21,import,40,Re-export,261000,Chromium ores and concentrates,Nigeria,Nigeria,Malaysia,ELPER OILFIELD ENGINEERING (NIGERIA) LIMITED,[in full dataset],[in full dataset],Lagos,Nigeria,[in full dataset],7-ELEVEN MALAYSIA HOLDINGS BERHAD,[in full dataset],[in full dataset],Kuala Lumpur,Malaysia,[in full dataset],SEA,Port Klang,Tanjung Pelepas,2025,2,2025-02,561.6,KG,561.6,581.8,1080.06,1080.06,1032.97,44.87,2.22,1.84,JPY,122.6736,DAP,6.2,66.96,80.29,147.25,Flexport Customs,REF4533199,332,CARTONS,PKG5957,1764612.02,Nigeria exporter (export)
8443170000,CD201606000001237014,2016-06-26,2016-06-13,export,61,Re-export,844317,Printing machinery; gravure,China,China,Nigeria,"Haitong Unitrust International Financial Leasing Co.,Ltd.",[in full dataset],[in full dataset],Shanghai,China,[in full dataset],ACOUNS NIGERIA LIMITED,[in full dataset],[in full dataset],Lagos,Nigeria,[in full dataset],RAIL,Main Container Port,Main Container Port,2016,6,2016-06,23549.5,KG,23549.5,25268.2,14036.6,14036.6,12802.61,1170.91,63.08,0.54,GBP,112.7994,FOB,3.6,505.32,2617.55,3122.87,DHL Customs Svc,REF9504281,424,DRUMS,PKG11528,105718643,Nigeria importer (import)
3827680000,CD202409000000207742,2024-09-19,2024-09-05,export,40,Consumption,382768,"Mixtures containing halogenated derivatives of methane, ethane or propane; containing other hydrofluorocarbons (HFCs) but not containing chlorofluorocarbons (CFCs) or hydrochlorofluorocarbons (HCFCs); other mixtures, not included in the subheadings above,",China,China,Nigeria,Sinochem International Corporation,[in full dataset],[in full dataset],Shanghai,China,[in full dataset],GUINNESS NIGERIA PLC,[in full dataset],[in full dataset],Ikeja,Nigeria,[in full dataset],SEA,Main Container Port,Main Container Port,2024,9,2024-09,20409.1,KG,20409.1,21956.5,56246.3,56246.3,51678.58,4479.02,88.7,2.53,GBP,13.1999,CIF,4.1,2306.1,4098.67,6404.77,Flexport Customs,REF5234347,55,CASES,PKG3702,14471660,Nigeria importer (import)
0401400000,CD202603000000097025,2026-03-12,2026-03-20,export,51,Warehouse,040140,"Dairy produce; milk and cream, not concentrated, not containing added sugar or other sweetening matter, of a fat content, by weight, exceeding 6% but not exceeding 10%",Ireland,Ireland,Nigeria,AN BORD BAINNE MANAGEMENT LIMITED,[in full dataset],[in full dataset],DUBLIN,Ireland,,FRIESLANDCAMPINA WAMCO NIGERIA PLC,[in full dataset],[in full dataset],Ikeja,Nigeria,[in full dataset],SEA,Main Container Port,Main Container Port,2026,3,2026-03,15550.2,KG,15550.2,16786.1,5550.91,5550.91,5423.63,110.04,17.24,0.35,INR,85.8231,EXW,22.3,1237.85,1221.98,2459.83,DB Schenker Customs,REF2656298,253,CARTONS,PKG34033,2867477.02,Nigeria importer (import)
2614000000,CD202210000000271759,2022-10-23,2022-10-03,import,51,Consumption,261400,Titanium ores and concentrates,Nigeria,Nigeria,China,PANALPINA WORLD TRANSPORT (NIGERIA) LTD,[in full dataset],[in full dataset],Lagos,Nigeria,[in full dataset],"Guangzhou Grandbuy Co.,Ltd",[in full dataset],[in full dataset],Guangzhou,China,[in full dataset],RAIL,Xiamen,Dalian,2022,10,2022-10,6525.9,KG,6525.9,7201.5,4746.13,4746.13,4466.96,272.44,6.73,0.68,CNY,102.4367,CIF,6.7,317.99,911.54,1229.53,Flexport Customs,REF5580411,59,CARTONS,PKG84324,14307299,Nigeria exporter (export)
0404100000,CD202602000000088237,2026-02-03,2026-02-15,export,40,Re-export,040410,"Dairy produce; whey, whether or not concentrated or containing added sugar or other sweetening matter",Netherlands,Netherlands,Nigeria,A-ware Logistics B.V.,[in full dataset],[in full dataset],Deventer,Netherlands,[in full dataset],FRIESLANDCAMPINA WAMCO NIGERIA PLC,[in full dataset],[in full dataset],Ikeja,Nigeria,[in full dataset],SEA,Main Container Port,Main Container Port,2026,2,2026-02,21967.6,KG,21967.6,25062.5,4640.39,4640.39,4477.74,153.17,9.48,0.2,USD,1,CPT,23.3,1081.21,400.51,1481.72,Livingston Intl,REF1580603,305,CRATES,PKG86460,2585962.9,Nigeria importer (import)
0407210000,CD202602000000102341,2026-02-02,2026-02-13,export,10,Re-export,040721,"Birds' eggs, in shell; fresh, not for incubation, of fowls of the species Gallus domesticus (domestic hens)",Germany,Germany,Nigeria,MEGGLE GmbH & Co. KG,[in full dataset],[in full dataset],Wasserburg a. Inn,Germany,[in full dataset],FRIESLANDCAMPINA WAMCO NIGERIA PLC,[in full dataset],[in full dataset],Ikeja,Nigeria,[in full dataset],RAIL,Main Container Port,Main Container Port,2026,2,2026-02,7671.5,KG,7671.5,8389.1,3519.67,3519.67,3429.54,72.14,17.99,0.45,USD,1,FOB,13.9,489.23,200.44,689.67,Kuehne+Nagel Brokerage,REF4662478,342,PALLETS,PKG71960,3170764.82,Nigeria importer (import)
2931430000,CD202201000000030956,2022-01-11,2022-01-21,export,42,Temporary,293143,Non-halogenated organo-phosphorous derivatives; diethyl ethylphosphonate,South Korea,South Korea,Nigeria,Ether's Dream Act Institute,[in full dataset],[in full dataset],Gyeongsan,South Korea,,BILE ACIDS NIGERIA LTD,[in full dataset],[in full dataset],Suleja,Nigeria,,ROAD,Main Container Port,Main Container Port,2022,1,2022-01,22921.3,KG,22921.3,23792.4,3332.6,3332.6,3228.72,93.14,10.74,0.14,GBP,29.4913,DDP,6.5,216.62,638.86,855.48,Livingston Intl,REF5445287,92,PALLETS,PKG96635,3173770,Nigeria importer (import)
3801100000,CD202409000000207882,2024-09-13,2024-09-23,export,10,Transit,380110,Graphite; artificial,China,China,Nigeria,"Shandong Weifang Rainbow Chemical Co., Ltd.",[in full dataset],[in full dataset],Weifang,China,[in full dataset],INDORAMA ELEME FERTILIZER & CHEMICALS LIMITED,[in full dataset],[in full dataset],Port Harcourt,Nigeria,[in full dataset],ROAD,Main Container Port,Main Container Port,2024,9,2024-09,12067.6,KG,12067.6,12975.6,11302.94,11302.94,10637.83,599.69,65.42,0.88,GBP,45.0159,FOB,5.6,632.96,835.51,1468.47,Flexport Customs,REF2681227,301,CASES,PKG36179,14471660,Nigeria importer (import)
2617900000,CD202502000000035809,2025-02-20,2025-02-23,import,10,Re-export,261790,Ores and concentrates n.e.c. in chapter 26; other than antimony,Nigeria,Nigeria,Malaysia,RINA CTSI NIGERIA LIMITED,[in full dataset],[in full dataset],Lagos,Nigeria,[in full dataset],MUHIBBAH ENGINEERING (M) BHD.,[in full dataset],[in full dataset],Klang,Malaysia,[in full dataset],SEA,Tanjung Pelepas,Penang,2025,2,2025-02,11738.8,KG,11738.8,12387.9,824.16,824.16,772.57,47.52,4.07,0.07,JPY,46.8111,CFR,4.5,37.09,60.29,97.38,AN Deringer,REF4332480,485,CASES,PKG97446,1764612.02,Nigeria exporter (export)
2601112000,CD202109000000227712,2021-09-20,2021-09-26,import,10,Consumption,260111,Iron ores and concentrates; non-agglomerated,Nigeria,Nigeria,Malaysia,TRANSNATIONAL CORPORATION PLC,[in full dataset],[in full dataset],Lagos,Nigeria,[in full dataset],TSH RESOURCES BERHAD,[in full dataset],[in full dataset],Kuala Lumpur,Malaysia,[in full dataset],ROAD,Port Klang,Tanjung Pelepas,2021,9,2021-09,13509.5,KG,13509.5,14602.4,916.88,916.88,871.44,43.91,1.53,0.06,USD,1,DAP,3.1,28.42,113.44,141.86,Flexport Customs,REF2082645,102,BAGS,PKG72853,12900926.17,Nigeria exporter (export)
2610000000,CD202604000000000371,2026-04-21,2026-04-05,import,40,Re-export,261000,Chromium ores and concentrates,Nigeria,Nigeria,Brazil,NAGOS PROJECTS LIMITED,[in full dataset],[in full dataset],Port Harcourt,Nigeria,[in full dataset],COMPANHIA BRASILEIRA DE DISTRIBUICAO,[in full dataset],[in full dataset],SAO PAULO,Brazil,,SEA,Santos,Suape,2026,4,2026-04,9313.5,KG,9313.5,9741.1,15352.33,15352.33,14616.26,713.54,22.53,1.57,EUR,109.7944,CIF,5.4,829.03,0,829.03,Flexport Customs,REF8091342,222,CRATES,PKG67708,486714,Nigeria exporter (export)
8445120000,CD201606000000057837,2016-06-18,2016-06-20,export,51,Temporary,844512,Textile machinery; combing machines for preparing textile fibres,Japan,Japan,Nigeria,"DAIKIN INDUSTRIES, LTD.",[in full dataset],[in full dataset],OSAKA,Japan,[in full dataset],DE COON SERVICES LIMITED,[in full dataset],[in full dataset],Port Harcourt,Nigeria,[in full dataset],SEA,Main Container Port,Main Container Port,2016,6,2016-06,16055.3,KG,16055.3,16461.7,117702.02,117702.02,110532.73,6753.69,415.6,6.88,CNY,117.4178,CPT,3.5,4119.57,21927.89,26047.46,Flexport Customs,REF3423728,54,CRATES,PKG45789,3697511.45,Nigeria importer (import)
2607000000,CD201912000000182715,2019-12-19,2019-12-26,import,51,Re-export,260700,Lead ores and concentrates,Nigeria,Nigeria,China,PANALPINA WORLD TRANSPORT (NIGERIA) LTD,[in full dataset],[in full dataset],Lagos,Nigeria,[in full dataset],"FESCO Group Co., Ltd",[in full dataset],[in full dataset],Beijing,China,[in full dataset],SEA,Tianjin,Shanghai,2019,12,2019-12,6846.1,KG,6846.1,7003,105679.24,105679.24,97147.27,7988.08,543.89,14.19,INR,102.9932,DDP,3.4,3593.09,13112.68,16705.77,DSV Customs,REF3915242,436,BULK,PKG69931,9075130,Nigeria exporter (export)
3827400000,CD202409000000207963,2024-09-27,2024-09-10,export,51,Transit,382740,"Mixtures containing halogenated derivatives of methane, ethane or propane; containing hydrochlorofluorocarbons (HCFCs), perfluorocarbons (PFCs) or hydrofluorocarbons (HFCs) or not, but not containing chlorofluorocarbons (CFCs); containing bromomethane (me",China,China,Nigeria,"Yunnan Yuntianhua Co.,Ltd",[in full dataset],[in full dataset],Kunming,China,[in full dataset],INDORAMA ELEME FERTILIZER & CHEMICALS LIMITED,[in full dataset],[in full dataset],Port Harcourt,Nigeria,[in full dataset],ROAD,Main Container Port,Main Container Port,2024,9,2024-09,21061,KG,21061,23890.2,4514.8,4514.8,4080.89,401.9,32.01,0.19,INR,16.3121,FCA,3.8,171.56,328.05,499.61,Descartes,REF5084620,92,CRATES,PKG31226,14471660,Nigeria importer (import)
2908990000,CD202304000000161560,2023-04-21,2023-04-27,export,51,Consumption,290899,"Phenol or phenol-alcohol derivatives, sulphonated, nitrated or nitrosated derivatives thereof; other than dinoseb (ISO), and 4,6-dinitro-o-cresol (DNOC (ISO)), and their salts",China,China,Nigeria,"Shanghai Desano Vitamins Co., Ltd.",[in full dataset],[in full dataset],Shanghai,China,,ESTERS CATERING AND EVENT MANAGEMENT,[in full dataset],[in full dataset],Lagos,Nigeria,,ROAD,Main Container Port,Main Container Port,2023,4,2023-04,4862.2,KG,4862.2,5039.4,4915.16,4915.16,4689,203.69,22.47,0.96,USD,1,FCA,5.5,270.33,259.27,529.6,Expeditors Customs,REF5663716,239,BULK,PKG86554,18274065,Nigeria importer (import)
7317001000,CD202505000000344624,2025-05-25,2025-05-06,export,42,Temporary,731700,"Iron or steel; nails, tacks, drawing pins, corrugated nails, staples (not those of heading no. 8305) and the like, with heads of other material or not, but excluding articles with heads of copper",Italy,Italy,Nigeria,PRYSMIAN SPA,[in full dataset],[in full dataset],MILANO,Italy,[in full dataset],THE MOUNT CARMEL CHURCH OF CHRIST (ALADURA),[in full dataset],[in full dataset],Enugu State,Nigeria,,ROAD,Main Container Port,Main Container Port,2025,5,2025-05,5606.1,KG,5606.1,6039.9,28714.06,28714.06,26928.61,1734.8,50.65,4.8,INR,64.2691,CFR,7.8,2239.7,3714.45,5954.15,AN Deringer,REF9447004,199,BULK,PKG58922,18356287.87,Nigeria importer (import)
4010110000,CD201803000000068441,2018-03-22,2018-03-07,import,40,Re-export,401011,"Rubber; vulcanised, conveyor belts or belting, reinforced only with metal",Nigeria,Nigeria,Poland,THE OKOMU OIL PALM COMPANY PLC,[in full dataset],[in full dataset],Edo,Nigeria,[in full dataset],VOLKSWAGEN GROUP POLSKA SP Z O O,[in full dataset],[in full dataset],Poznań,Poland,[in full dataset],ROAD,Gdynia,Gdynia,2018,3,2018-03,14639.6,KG,14639.6,15777.4,4173.56,4173.56,3828.68,318.65,26.23,0.26,INR,4.3591,DAP,12.9,538.39,0,538.39,AN Deringer,REF5781339,473,CARTONS,PKG22182,203847,Nigeria exporter (export)
2904910000,CD202201000000178554,2022-01-12,2022-01-24,export,61,Warehouse,290491,"Derivatives of hydrocarbons; trichloronitromethane (chloropicrin), whether or not halogenated",China,China,Nigeria,"Xinchang NHU Vitamins Co.,Ltd (Plant 2)",[in full dataset],[in full dataset],Shaoxing,China,,ESTERS CATERING AND EVENT MANAGEMENT,[in full dataset],[in full dataset],Lagos,Nigeria,,ROAD,Main Container Port,Main Container Port,2022,1,2022-01,1609.9,KG,1609.9,1757.9,6754.57,6754.57,6234.55,472.19,47.83,3.87,USD,1,EXW,6.9,466.07,505.44,971.51,AN Deringer,REF5509021,422,PALLETS,PKG96604,19120015,Nigeria importer (import)
8801000000,CD201905000000001776,2019-05-10,2019-05-15,export,70,Consumption,880100,"Balloons and dirigibles; gliders, hang gliders and other non-powered aircraft.",Italy,Italy,Nigeria,AIRBUS HELICOPTERS ITALIA SRL,[in full dataset],[in full dataset],VILLAFRANCA DI VERONA,Italy,[in full dataset],SG HOLDINGS LIMITED,[in full dataset],[in full dataset],Lekki,Nigeria,[in full dataset],SEA,Main Container Port,Main Container Port,2019,5,2019-05,13572.9,KG,13572.9,14412.5,95106.18,95106.18,91445.46,3100.16,560.56,6.74,GBP,113.3096,EXW,0,0,0,0,AN Deringer,REF5991924,474,BAGS,PKG55531,796453.54,Nigeria importer (import)
0401100000,CD202602000000102317,2026-02-26,2026-02-04,export,70,Re-export,040110,"Dairy produce; milk and cream, not concentrated, not containing added sugar or other sweetening matter, of a fat content, by weight, not exceeding 1%",Germany,Germany,Nigeria,DMK Deutsches Milchkontor GmbH,[in full dataset],[in full dataset],Zeven,Germany,[in full dataset],FRIESLANDCAMPINA WAMCO NIGERIA PLC,[in full dataset],[in full dataset],Ikeja,Nigeria,[in full dataset],RAIL,Main Container Port,Main Container Port,2026,2,2026-02,7409.1,KG,7409.1,8476.8,11552.15,11552.15,10667.43,832.15,52.57,1.44,CNY,127.428,FCA,26.4,3049.77,2628.35,5678.12,Kuehne+Nagel Brokerage,REF6655785,426,PALLETS,PKG6698,3170764.82,Nigeria importer (import)
6802290000,CD201808000000639857,2018-08-18,2018-08-04,export,70,Transit,680229,"Stone; monumental or building stone, n.e.c. in item no. 6802.2, articles thereof, simply cut or sawn, with a flat or even surface",China,China,Nigeria,"Guangxi Yonghengxin Building Materials Co., Ltd.",[in full dataset],[in full dataset],Chongzuo,China,,PICCOLO - BRUNELLI ENGINEERING LTD,[in full dataset],[in full dataset],Abuja,Nigeria,[in full dataset],RAIL,Main Container Port,Main Container Port,2018,8,2018-08,24352.1,KG,24352.1,27181.8,6234.89,6234.89,5944,249.71,41.18,0.24,GBP,104.2418,DDP,5.5,342.92,1315.56,1658.48,Livingston Intl,REF2279418,162,CASES,PKG7461,2890093,Nigeria importer (import)
2711130000,CD201712000002830488,2017-12-26,2017-12-06,import,10,Re-export,271113,"Petroleum gases and other gaseous hydrocarbons; liquefied, butanes",Nigeria,Nigeria,Spain,NIGERIAN NATIONAL PETROLEUM COMPANY LIMITED,[in full dataset],[in full dataset],Abuja,Nigeria,[in full dataset],REPSOL SOLUCIONES ENERGETICAS SA.,[in full dataset],[in full dataset],MADRID,Spain,[in full dataset],RAIL,Barcelona,Algeciras,2017,12,2017-12,7308.5,KG,7308.5,7780.8,4682.71,4682.71,4393.13,266.22,23.36,0.6,GBP,91.4409,CFR,5.6,262.23,494.49,756.72,Kuehne+Nagel Brokerage,REF6152904,69,CASES,PKG17405,484927112.98,Nigeria exporter (export)
4011100000,CD202011000000362525,2020-11-15,2020-11-28,import,10,Consumption,401110,"Rubber; new pneumatic tyres, of a kind used on motor cars (including station wagons and racing cars)",Nigeria,Nigeria,Malaysia,INDORAMA ELEME PETROCHEMICALS LIMITED,[in full dataset],[in full dataset],Port Harcourt,Nigeria,[in full dataset],IOI CORPORATION BERHAD,[in full dataset],[in full dataset],Putrajaya,Malaysia,[in full dataset],SEA,Port Klang,Port Klang,2020,11,2020-11,19627.3,KG,19627.3,21407.3,18439.97,18439.97,18019.08,391.45,29.44,0.92,INR,45.4513,CFR,12.9,2378.76,0,2378.76,Expeditors Customs,REF3598246,5,CARTONS,PKG34184,1184283.84,Nigeria exporter (export)
2608000000,CD201912000000182929,2019-12-13,2019-12-17,import,10,Transit,260800,Zinc ores and concentrates,Nigeria,Nigeria,China,PANALPINA WORLD TRANSPORT (NIGERIA) LTD,[in full dataset],[in full dataset],Lagos,Nigeria,[in full dataset],"Yulin Quanjiafu Xiangshang Trading Co., Ltd",[in full dataset],[in full dataset],Yulin,China,,SEA,Tianjin,Dalian,2019,12,2019-12,12840.2,KG,12840.2,14331.7,28723.14,28723.14,27252.27,1403.18,67.69,2.12,EUR,60.2571,EXW,3.1,890.42,2072.95,2963.37,Expeditors Customs,REF5928504,201,PALLETS,PKG27722,9075130,Nigeria exporter (export)
9006610000,CD202007000000005221,2020-07-10,2020-07-16,export,70,Re-export,900661,Photographic flashlight apparatus; discharge lamp (electronic),Italy,Italy,Nigeria,DECATHLON ITALIA SRL,[in full dataset],[in full dataset],LISSONE,Italy,[in full dataset],Habideen Commercial Agency Ltd,[in full dataset],[in full dataset],Lagos,Nigeria,,ROAD,Main Container Port,Main Container Port,2020,7,2020-07,14800.3,KG,14800.3,15947.4,115482.43,115482.43,105090.68,10085.32,306.43,7.1,JPY,17.5869,FCA,2.3,2656.1,23627.71,26283.81,Expeditors Customs,REF6435885,421,BAGS,PKG89923,515312.62,Nigeria importer (import)
0405200000,CD202603000000096939,2026-03-26,2026-03-09,export,51,Temporary,040520,Dairy produce; dairy spreads,Ireland,Ireland,Nigeria,AURIVO DAIRY INGREDIENTS LIMITED,[in full dataset],[in full dataset],BALLAGHADERREEN,Ireland,[in full dataset],FRIESLANDCAMPINA WAMCO NIGERIA PLC,[in full dataset],[in full dataset],Ikeja,Nigeria,[in full dataset],ROAD,Main Container Port,Main Container Port,2026,3,2026-03,12546.5,KG,12546.5,14333.7,3479.71,3479.71,3163.35,295.67,20.69,0.25,JPY,84.5586,FOB,12.5,434.96,274.03,708.99,DB Schenker Customs,REF9908063,396,BULK,PKG15921,2867477.02,Nigeria importer (import)
4010360000,CD201809000000205917,2018-09-12,2018-09-24,import,70,Temporary,401036,"Rubber; vulcanised, endless synchronous belts, of an outside circumference exceeding 150 cm but not exceeding 198 cm",Nigeria,Nigeria,Italy,INDORAMA ELEME PETROCHEMICALS LIMITED,[in full dataset],[in full dataset],Port Harcourt,Nigeria,[in full dataset],BMW ITALIA RETAIL SRL,[in full dataset],[in full dataset],ROMA,Italy,[in full dataset],ROAD,Trieste,Gioia Tauro,2018,9,2018-09,6174.2,KG,6174.2,6497.6,10429.79,10429.79,9451.54,934.29,43.96,1.53,CNY,40.3056,EXW,13.9,1449.74,2375.91,3825.65,Kuehne+Nagel Brokerage,REF5741720,102,BULK,PKG27499,581448.52,Nigeria exporter (export)
4017000000,CD202007000000234233,2020-07-21,2020-07-06,import,51,Transit,401700,"Rubber; ebonite and other hard rubbers in all forms, including waste and scrap, and articles of hard rubber",Nigeria,Nigeria,Italy,INDORAMA ELEME PETROCHEMICALS LIMITED,[in full dataset],[in full dataset],Port Harcourt,Nigeria,[in full dataset],CONTINENTAL ITALIA SPA PNEUMATICI PRODOTTI DI GOMMA E PLASTICI,[in full dataset],[in full dataset],MILANO,Italy,[in full dataset],SEA,Genoa,Genoa,2020,7,2020-07,18752.8,KG,18752.8,19236.1,33028.82,33028.82,31145.3,1845.35,38.17,1.66,USD,1,FOB,9.9,3269.85,7259.73,10529.58,Flexport Customs,REF6142784,478,BAGS,PKG74005,750970.12,Nigeria exporter (export)
4002590000,CD201806000000202293,2018-06-20,2018-06-23,import,51,Warehouse,400259,"Rubber; synthetic, acrylonitrile-butadiene rubber (NBR), (other than latex), in primary forms or in plates, sheets or strip",Nigeria,Nigeria,China,INDORAMA ELEME PETROCHEMICALS LIMITED,[in full dataset],[in full dataset],Port Harcourt,Nigeria,[in full dataset],TDCONNEX (XIAMEN) COMPANY LIMITED,[in full dataset],[in full dataset],Xiamen,China,[in full dataset],ROAD,Ningbo-Zhoushan,Xiamen,2018,6,2018-06,1846.6,KG,1846.6,1995.5,1894.24,1894.24,1774.97,106.17,13.1,0.96,CNY,32.9906,DAP,7.7,145.86,306.02,451.88,Expeditors Customs,REF4800793,286,BAGS,PKG20461,572096,Nigeria exporter (export)
1302320000,CD201512000000023128,2015-12-14,2015-12-24,export,51,Transit,130232,"Mucilages and thickeners; whether or not modified, derived from locust beans, locust bean seeds or guar seeds",United Kingdom,United Kingdom,Nigeria,CHAUMET (LONDON) LIMITED,[in full dataset],[in full dataset],LONDON,United Kingdom,[in full dataset],ARABIC TEACHERS' COLLEGE KEFFI LTD,[in full dataset],[in full dataset],Keffi,Nigeria,,ROAD,Main Container Port,Main Container Port,2015,12,2015-12,24242.8,KG,24242.8,27647.2,6094.54,6094.54,5841.59,228.52,24.43,0.24,JPY,66.2956,FCA,4.5,274.25,445.82,720.07,Flexport Customs,REF9639668,184,BULK,PKG27285,715573.13,Nigeria importer (import)
2611000000,CD202109000000225949,2021-09-01,2021-09-11,import,61,Consumption,261100,Tungsten ores and concentrates,Nigeria,Nigeria,Malaysia,TRANSPORT SERVICES LIMITED,[in full dataset],[in full dataset],Ikoyi,Nigeria,[in full dataset],DIALOG GROUP BERHAD,[in full dataset],[in full dataset],Petaling Jaya,Malaysia,[in full dataset],SEA,Tanjung Pelepas,Tanjung Pelepas,2021,9,2021-09,19872.8,KG,19872.8,20355.8,518.08,518.08,475.56,39.64,2.88,0.02,INR,64.3213,DAP,4.9,25.39,97.82,123.21,Flexport Customs,REF4066486,480,DRUMS,PKG86965,12900926.17,Nigeria exporter (export)
9010500000,CD202007000000046042,2020-07-19,2020-07-06,export,70,Re-export,901050,"Photographic laboratory apparatus and equipment; n.e.c. in item no. 9010.10, for photographic (including cinematographic) laboratories; negatoscopes",Netherlands,Netherlands,Nigeria,Philips Medical Systems International B.V.,[in full dataset],[in full dataset],Best,Netherlands,[in full dataset],CHAPCHAP DIGITAL COMMERCE LIMITED,[in full dataset],[in full dataset],Kano,Nigeria,[in full dataset],SEA,Main Container Port,Main Container Port,2020,7,2020-07,8134.7,KG,8134.7,8858.3,21694.23,21694.23,20433.57,1104.75,155.91,2.51,JPY,15.7934,CIF,1.8,390.5,3312.71,3703.21,Livingston Intl,REF4749787,294,BAGS,PKG12893,5257478.63,Nigeria importer (import)
2605000000,CD202412000000870932,2024-12-20,2024-12-23,import,61,Transit,260500,Cobalt ores and concentrates,Nigeria,Nigeria,China,RINA CTSI NIGERIA LIMITED,[in full dataset],[in full dataset],Lagos,Nigeria,[in full dataset],"FESCO Group Co., Ltd",[in full dataset],[in full dataset],Beijing,China,[in full dataset],ROAD,Shenzhen,Qingdao,2024,12,2024-12,18346.5,KG,18346.5,19923.1,5999.39,5999.39,5460.84,503.51,35.04,0.3,USD,1,FCA,3.5,209.98,620.94,830.92,DB Schenker Customs,REF3461056,205,BAGS,PKG30723,70218400,Nigeria exporter (export)
2707300000,CD201712000002834200,2017-12-13,2017-12-27,import,51,Warehouse,270730,Oils and products of the distillation of high temperature coal tar; xylol (xylenes),Nigeria,Nigeria,Spain,OANDO PLC,[in full dataset],[in full dataset],Victoria Island,Nigeria,[in full dataset],MOEVE SA.,[in full dataset],[in full dataset],MADRID,Spain,[in full dataset],ROAD,Bilbao,Barcelona,2017,12,2017-12,13056,KG,13056,13982.2,1955.13,1955.13,1897.99,47.44,9.7,0.15,EUR,81.1474,DAP,6.4,125.13,208.03,333.16,CEVA Customs,REF3585958,373,CASES,PKG77691,484927112.98,Nigeria exporter (export)
2619000000,CD202502000000035888,2025-02-27,2025-02-12,import,10,Warehouse,261900,"Slag, dross; (other than granulated slag), scalings and other waste from the manufacture of iron or steel",Nigeria,Nigeria,Malaysia,FENOG NIGERIA LIMITED,[in full dataset],[in full dataset],Warri,Nigeria,[in full dataset],7-ELEVEN MALAYSIA HOLDINGS BERHAD,[in full dataset],[in full dataset],Kuala Lumpur,Malaysia,[in full dataset],RAIL,Tanjung Pelepas,Port Klang,2025,2,2025-02,24648.6,KG,24648.6,25769.8,7026.59,7026.59,6469.82,546.31,10.46,0.26,JPY,119.7889,CIF,6.5,456.73,0,456.73,Livingston Intl,REF6409220,127,CRATES,PKG25891,1764612.02,Nigeria exporter (export)
1302110000,CD201512000000023108,2015-12-11,2015-12-24,export,70,Transit,130211,Vegetable saps and extracts; opium,United Kingdom,United Kingdom,Nigeria,CHAUMET (LONDON) LIMITED,[in full dataset],[in full dataset],LONDON,United Kingdom,[in full dataset],AL-MOSDARU AN-NURIY COLLEGE OF ARABIC AND ISLAMIC STUDIES LTD,[in full dataset],[in full dataset],Olodo,Nigeria,,AIR,Main Container Port,Main Container Port,2015,12,2015-12,9518,KG,9518,10652,22679.36,22679.36,20623.5,1959.34,96.52,2.17,GBP,98.5123,DDP,5.9,1338.08,1681.22,3019.3,CEVA Customs,REF2440814,293,DRUMS,PKG3460,715573.13,Nigeria importer (import)
2934200000,CD202304000000001480,2023-04-07,2023-04-17,export,70,Consumption,293420,"Heterocyclic compounds; containing in the structure, a benzothiazole ring-system (whether or not hydrogenated), not further fused",Indonesia,Indonesia,Nigeria,PT INDONESIAN ACIDS INDUSTRY,[in full dataset],[in full dataset],Kota Administrasi Jakarta Timur,Indonesia,[in full dataset],ESTERS CATERING AND EVENT MANAGEMENT,[in full dataset],[in full dataset],Lagos,Nigeria,,ROAD,Main Container Port,Main Container Port,2023,4,2023-04,7143.2,KG,7143.2,7963.4,18512.5,18512.5,16944.59,1490.75,77.16,2.37,USD,1,CIF,4,740.5,1925.3,2665.8,CEVA Customs,REF5201032,200,BULK,PKG95610,188196.69,Nigeria importer (import)
2603000000,CD201912000000182357,2019-12-27,2019-12-13,import,61,Temporary,260300,Copper ores and concentrates,Nigeria,Nigeria,China,TRANSPORT SERVICES LIMITED,[in full dataset],[in full dataset],Ikoyi,Nigeria,[in full dataset],"Chongqing Department Store Co.,Ltd.",[in full dataset],[in full dataset],Chongqing,China,[in full dataset],SEA,Yingkou,Yingkou,2019,12,2019-12,17189.8,KG,17189.8,17947.4,2702.4,2702.4,2454.56,230.65,17.19,0.14,USD,1,CFR,5.3,143.23,569.13,712.36,CEVA Customs,REF8278628,429,BALES,PKG71274,9075130,Nigeria exporter (export)
2701200000,CD202306000001213266,2023-06-19,2023-06-21,import,10,Warehouse,270120,"Briquettes, ovoids and similar solid fuels; manufactured from coal",Nigeria,Nigeria,Italy,FONZO ENERGY LIMITED,[in full dataset],[in full dataset],Lagos,Nigeria,[in full dataset],OMV SUPPLY & TRADING ITALIA SRL,[in full dataset],[in full dataset],TRIESTE,Italy,,RAIL,Trieste,Trieste,2023,6,2023-06,4850.8,KG,4850.8,5047.2,7665.31,7665.31,6984.27,642.64,38.4,1.44,USD,1,CPT,3.3,252.96,1425.29,1678.25,Expeditors Customs,REF4049390,183,BULK,PKG71020,154840657.1,Nigeria exporter (export)
2611000000,CD202210000000271827,2022-10-07,2022-10-16,import,10,Transit,261100,Tungsten ores and concentrates,Nigeria,Nigeria,China,MARCONI.NG EPC LIMITED,[in full dataset],[in full dataset],Port Harcourt,Nigeria,[in full dataset],"Chongqing Department Store Co.,Ltd.",[in full dataset],[in full dataset],Chongqing,China,[in full dataset],SEA,Tianjin,Tianjin,2022,10,2022-10,13416.7,KG,13416.7,14026,626.78,626.78,579.1,44.42,3.26,0.04,USD,1,FCA,4.7,29.46,78.75,108.21,AN Deringer,REF7747844,315,CARTONS,PKG59896,14307299,Nigeria exporter (export)
8802200000,CD201905000000010650,2019-05-13,2019-05-28,export,70,Warehouse,880220,"Aeroplanes and other aircraft, except unmanned; of an unladen weight not exceeding 2000kg",Singapore,Singapore,Nigeria,ROCKWELL COLLINS SOUTHEAST ASIA PTE. LTD.,[in full dataset],[in full dataset],Singapore,Singapore,[in full dataset],SG HOLDINGS LIMITED,[in full dataset],[in full dataset],Lekki,Nigeria,[in full dataset],SEA,Main Container Port,Main Container Port,2019,5,2019-05,24707.6,KG,24707.6,28178.2,338900.29,338900.29,328180.98,8926.72,1792.59,13.28,USD,1,DDP,0,0,23723.02,23723.02,Kuehne+Nagel Brokerage,REF7172187,198,BAGS,PKG43255,10905835.8,Nigeria importer (import)
2619000000,CD202210000000270121,2022-10-16,2022-10-21,import,10,Re-export,261900,"Slag, dross; (other than granulated slag), scalings and other waste from the manufacture of iron or steel",Nigeria,Nigeria,China,TRANSPORT SERVICES LIMITED,[in full dataset],[in full dataset],Ikoyi,Nigeria,[in full dataset],Nanchang Non-staple Food Factory Kangle Branch,[in full dataset],[in full dataset],Nanchang,China,,ROAD,Qingdao,Shanghai,2022,10,2022-10,3454,KG,3454,3625.5,1791.07,1791.07,1723.03,58.46,9.58,0.5,USD,1,EXW,6.7,120,382.21,502.21,Descartes,REF9999215,96,CARTONS,PKG42950,14307299,Nigeria exporter (export)
0402102100,CD202602000000102344,2026-02-27,2026-02-02,export,42,Warehouse,040210,"Dairy produce; milk and cream, concentrated or containing added sugar or other sweetening matter, in powder, granules or other solid forms, of a fat content not exceeding 1.5% (by weight)",Germany,Germany,Nigeria,Ehrmann SE,[in full dataset],[in full dataset],Oberschönegg,Germany,[in full dataset],FRIESLANDCAMPINA WAMCO NIGERIA PLC,[in full dataset],[in full dataset],Ikeja,Nigeria,[in full dataset],AIR,Main Container Port,Main Container Port,2026,2,2026-02,21364.2,KG,21364.2,24289,9049.12,9049.12,8227.92,777.45,43.75,0.39,USD,1,FOB,14.5,1312.12,1036.12,2348.24,Descartes,REF6462886,459,CRATES,PKG60261,3170764.82,Nigeria importer (import)
2710910000,CD202306000002466442,2023-06-07,2023-06-17,import,51,Warehouse,271091,"Waste Oils; of petroleum or obtained from bituminous minerals, not crude; and preparations n.e.c., weight 70% or preparations of the same, containing polychlorinated biphenyls (PCBs), polychorinated terphenyls (PCTs) or polybrominated biphenyls (PBBs)",Nigeria,Nigeria,United States,BOVAS & COMPANY LIMITED,[in full dataset],[in full dataset],Ibadan,Nigeria,[in full dataset],Exxon Mobil Corporation,[in full dataset],[in full dataset],Spring,United States,[in full dataset],SEA,"Savannah, GA","Norfolk, VA",2023,6,2023-06,798.1,KG,798.1,905.4,4567.87,4567.87,4357.43,194.66,15.78,5.46,EUR,43.2246,DDP,6,274.07,338.94,613.01,Livingston Intl,REF6461291,150,BALES,PKG20715,402347215,Nigeria exporter (export)
8421230000,CD202101000001384637,2021-01-12,2021-01-25,export,40,Warehouse,842123,"Machinery; filtering or purifying machinery, oil or petrol filters for internal combustion engines",China,China,Nigeria,"Faw Jiefang Group Co.,ltd",[in full dataset],[in full dataset],Changchun,China,[in full dataset],EDO STATE CO-OPERATIVE FARMERS AGENCY LIMITED,[in full dataset],[in full dataset],Benin City,Nigeria,,ROAD,Main Container Port,Main Container Port,2021,1,2021-01,13859.4,KG,13859.4,14596,42034.99,42034.99,39665.68,2242.69,126.62,2.86,USD,1,DAP,3.5,1471.22,0,1471.22,DSV Customs,REF6966519,228,CARTONS,PKG46804,152289143,Nigeria importer (import)
2620290000,CD202604000000000385,2026-04-23,2026-04-07,import,70,Transit,262029,"Slag, ash and residues; (not from the manufacture of iron or steel), containing mainly lead; excluding leaded gasoline sludges and leaded anti-knock compound sludges",Nigeria,Nigeria,Brazil,PENTAGON PETROLEUM NIGERIA LIMITED ,[in full dataset],[in full dataset],Lagos,Nigeria,[in full dataset],LOJAS RENNER S.A.,[in full dataset],[in full dataset],PORTO ALEGRE,Brazil,[in full dataset],SEA,Paranagua,Rio Grande,2026,4,2026-04,5784.4,KG,5784.4,6569.6,825.89,825.89,793.87,28.49,3.53,0.14,USD,1,CFR,4.4,36.34,86.22,122.56,DHL Customs Svc,REF6880574,57,DRUMS,PKG94928,486714,Nigeria exporter (export)
6810990000,CD201804000000078302,2018-04-10,2018-04-13,export,40,Warehouse,681099,"Cement, concrete or artificial stone; articles (other than prefabricated structural components for building or civil engineering), whether or not reinforced, n.e.c. in heading no. 6810",Netherlands,Netherlands,Nigeria,Randstad Nederland B.V.,[in full dataset],[in full dataset],Diemen,Netherlands,[in full dataset],GLOBAL MANPOWER NIGERIA LTD,[in full dataset],[in full dataset],Lagos,Nigeria,[in full dataset],SEA,Main Container Port,Main Container Port,2018,4,2018-04,21593.5,KG,21593.5,24271.6,1385.68,1385.68,1329.22,49.2,7.26,0.06,INR,129.153,CPT,5.5,76.21,219.28,295.49,Flexport Customs,REF9092374,302,BALES,PKG84790,260359.45,Nigeria importer (import)
8410900000,CD201606000000191322,2016-06-06,2016-06-10,export,51,Temporary,841090,"Turbines; parts of hydraulic turbines and water wheels, including regulators",Malaysia,Malaysia,Nigeria,TOP GLOVE INTERNATIONAL SDN. BHD.,[in full dataset],[in full dataset],Shah Alam,Malaysia,[in full dataset],BECKSPOINT LIMITED,[in full dataset],[in full dataset],Mpape,Nigeria,,SEA,Main Container Port,Main Container Port,2016,6,2016-06,20895.2,KG,20895.2,22654.5,6512.65,6512.65,6310.11,179.42,23.12,0.3,CNY,127.989,CPT,4.1,267.02,677.97,944.99,Expeditors Customs,REF5401077,389,PALLETS,PKG92149,12000928.41,Nigeria importer (import)
8456300000,CD202101000001384813,2021-01-16,2021-01-27,export,42,Re-export,845630,"Machine-tools; for working any material by removal of material, operated by electro-discharge processes",China,China,Nigeria,"Fulin Precision Co., Ltd.",[in full dataset],[in full dataset],Mianyang,China,[in full dataset],DE COON SERVICES LIMITED,[in full dataset],[in full dataset],Port Harcourt,Nigeria,[in full dataset],SEA,Main Container Port,Main Container Port,2021,1,2021-01,19987.8,KG,19987.8,22220.3,2586.33,2586.33,2348.29,223.54,14.5,0.12,EUR,86.1241,EXW,3.7,95.69,268.2,363.89,Livingston Intl,REF9540933,42,CARTONS,PKG24550,152289143,Nigeria importer (import)
8419500000,CD202101000001385644,2021-01-04,2021-01-14,export,70,Consumption,841950,Heat exchange units; not used for domestic purposes,China,China,Nigeria,Shenzhen BYD Auto Industrial Co.Ltd,[in full dataset],[in full dataset],Shenzhen,China,,EDO STATE CO-OPERATIVE FARMERS AGENCY LIMITED,[in full dataset],[in full dataset],Benin City,Nigeria,,ROAD,Main Container Port,Main Container Port,2021,1,2021-01,13548,KG,13548,14468.2,7598.36,7598.36,7274.12,311.93,12.31,0.54,EUR,74.3199,CPT,3.9,296.34,947.36,1243.7,Kuehne+Nagel Brokerage,REF5454225,155,CARTONS,PKG27583,152289143,Nigeria importer (import)
8443910000,CD202101000000216942,2021-01-10,2021-01-19,export,51,Consumption,844391,"Printing machinery used for printing by means of plates, cylinders and other printing components of heading 8442; parts and accessories",United Kingdom,United Kingdom,Nigeria,AGRICULTURAL BANK OF CHINA LIMITED LONDON BRANCH,[in full dataset],[in full dataset],LONDON,United Kingdom,[in full dataset],BECKSPOINT LIMITED,[in full dataset],[in full dataset],Mpape,Nigeria,,SEA,Main Container Port,Main Container Port,2021,1,2021-01,24364.8,KG,24364.8,26804.6,91447.25,91447.25,85103.85,5948.84,394.56,3.49,USD,1,FCA,3.5,3200.65,11357.75,14558.4,Expeditors Customs,REF1308484,479,CASES,PKG29214,15907027.07,Nigeria importer (import)
9031900000,CD202007000000167845,2020-07-13,2020-07-22,export,10,Consumption,903190,"Instruments, appliances and machines; parts and accessories for those measuring or checking devices of heading no. 9031",China,China,Nigeria,"Linyi Shengya Medical Beauty Co., Ltd.",[in full dataset],[in full dataset],Linyi,China,,AYEMERE GALLERY,[in full dataset],[in full dataset],Lagos,Nigeria,[in full dataset],AIR,Main Container Port,Main Container Port,2020,7,2020-07,13718.7,KG,13718.7,15467,21285.07,21285.07,20289.19,951.6,44.28,1.48,USD,1,CFR,2.3,489.56,3919.43,4408.99,DB Schenker Customs,REF6988445,104,DRUMS,PKG48895,26092899,Nigeria importer (import)
7325100000,CD202505000000089989,2025-05-14,2025-05-26,export,40,Consumption,732510,Iron; articles of non-malleable cast iron,Germany,Germany,Nigeria,Wilh. Werhahn KG,[in full dataset],[in full dataset],Neuss,Germany,[in full dataset],QUALCHEM GLOBAL CONCEPT LTD,[in full dataset],[in full dataset],Lagos,Nigeria,[in full dataset],SEA,Main Container Port,Main Container Port,2025,5,2025-05,21413.5,KG,21413.5,24261,11562.02,11562.02,10674.07,875.4,12.55,0.5,INR,25.6882,FOB,9.6,1109.95,633.6,1743.55,Kuehne+Nagel Brokerage,REF5869249,425,CASES,PKG1486,3763041.26,Nigeria importer (import)
2601120000,CD202210000000270698,2022-10-08,2022-10-13,import,70,Temporary,260112,Iron ores and concentrates; agglomerated (excluding roasted iron pyrites),Nigeria,Nigeria,China,QUIDAX TECHNOLOGIES LIMITED,[in full dataset],[in full dataset],Lekki,Nigeria,[in full dataset],"Xinxiang Dl Live Square Co.,ltd.",[in full dataset],[in full dataset],Xinxiang,China,,ROAD,Ningbo-Zhoushan,Shanghai,2022,10,2022-10,760.3,KG,760.3,791.8,941,941,882.81,53.72,4.47,1.16,EUR,12.395,FOB,6.1,57.4,69.89,127.29,DHL Customs Svc,REF7249207,469,PALLETS,PKG48027,14307299,Nigeria exporter (export)
4005910000,CD202001000000326977,2020-01-27,2020-01-03,import,10,Temporary,400591,"Rubber; unvulcanised, (compounded other than with carbon black or silica), in plates, sheets and strip",Nigeria,Nigeria,Spain,INDORAMA ELEME PETROCHEMICALS LIMITED,[in full dataset],[in full dataset],Port Harcourt,Nigeria,[in full dataset],TOP RECAMBIOS SL,[in full dataset],[in full dataset],ALGINET,Spain,[in full dataset],SEA,Barcelona,Valencia,2020,1,2020-01,2184.8,KG,2184.8,2231.7,26645.05,26645.05,24625.96,1936.29,82.8,11.27,CNY,16.9633,CIF,12.8,3410.57,3606.67,7017.24,Expeditors Customs,REF3504136,172,CRATES,PKG99539,1063967.76,Nigeria exporter (export)
7308300000,CD202505000000090128,2025-05-08,2025-05-22,export,40,Consumption,730830,"Iron or steel; structures and parts thereof, doors, windows and their frames and thresholds for doors",Germany,Germany,Nigeria,KEMNA BAU Andreae GmbH & Co. KG,[in full dataset],[in full dataset],Pinneberg,Germany,[in full dataset],QUALCHEM GLOBAL CONCEPT LTD,[in full dataset],[in full dataset],Lagos,Nigeria,[in full dataset],AIR,Main Container Port,Main Container Port,2025,5,2025-05,17989.8,KG,17989.8,19824.2,2527.56,2527.56,2381.19,130.06,16.31,0.13,EUR,23.5345,FCA,8.6,217.37,274.49,491.86,Descartes,REF1094823,172,BAGS,PKG16262,3763041.26,Nigeria importer (import)
3822130000,CD202409000000028240,2024-09-15,2024-09-21,export,40,Warehouse,382213,"Reagents; diagnostic or laboratory reagents on a backing, prepared diagnostic or laboratory reagents whether or not on a backing, whether or not put up in the form of kits; for blood grouping",United Kingdom,United Kingdom,Nigeria,"JPMORGAN CHASE BANK, NATIONAL ASSOCIATION",[in full dataset],[in full dataset],LONDON,United Kingdom,[in full dataset],MANUCHAR TRADING HOUSE INTERNATIONAL LIMITED,[in full dataset],[in full dataset],Lagos,Nigeria,[in full dataset],AIR,Main Container Port,Main Container Port,2024,9,2024-09,22316.6,KG,22316.6,25401.2,23187.43,23187.43,22427.66,708.73,51.04,1,USD,1,FCA,6.6,1530.37,0,1530.37,Kuehne+Nagel Brokerage,REF5852561,162,BAGS,PKG53785,1411263.45,Nigeria importer (import)
2701110000,CD202306000000250663,2023-06-08,2023-06-19,import,51,Transit,270111,"Coal; anthracite, whether or not pulverised, but not agglomerated",Nigeria,Nigeria,South Korea,NIGERIA LNG LIMITED,[in full dataset],[in full dataset],Port Harcourt,Nigeria,[in full dataset],S-Oil Corporation,[in full dataset],[in full dataset],Seoul,South Korea,[in full dataset],ROAD,Busan,Gwangyang,2023,6,2023-06,11264,KG,11264,11712.1,69472.79,69472.79,66920.72,2246.86,305.21,5.94,USD,1,CPT,3.7,2570.49,7204.33,9774.82,Kuehne+Nagel Brokerage,REF9529389,292,DRUMS,PKG48505,32476702,Nigeria exporter (export)
2701120000,CD202306000002083271,2023-06-22,2023-06-28,import,61,Temporary,270112,"Coal; bituminous, whether or not pulverised, but not agglomerated",Nigeria,Nigeria,Poland,NIGERIAN NATIONAL PETROLEUM COMPANY LIMITED,[in full dataset],[in full dataset],Abuja,Nigeria,[in full dataset],OKTAN ENERGY & V L SERVICE SP Z O O,[in full dataset],[in full dataset],Szczecin,Poland,[in full dataset],ROAD,Gdansk,Gdansk,2023,6,2023-06,9604.4,KG,9604.4,10066.6,15046.76,15046.76,13901.15,1050.43,95.18,1.45,USD,1,EXW,5.8,872.71,3183.89,4056.6,DHL Customs Svc,REF9169225,189,ROLLS,PKG17812,306441474,Nigeria exporter (export)
2915500000,CD202304000000161668,2023-04-16,2023-04-26,export,61,Temporary,291550,"Acids; saturated acyclic monocarboxylic acids; propionic acid, its salts and esters",China,China,Nigeria,"Datong Tongxing Antibiotics Co., Ltd. Biological Branch",[in full dataset],[in full dataset],Shuozhou,China,[in full dataset],ESTER'S BETHEL ENTERPRISE,[in full dataset],[in full dataset],Olomore,Nigeria,,AIR,Main Container Port,Main Container Port,2023,4,2023-04,24691.5,KG,24691.5,27991.3,1200.11,1200.11,1125.55,71.41,3.15,0.05,JPY,64.029,EXW,6.6,79.21,63.97,143.18,AN Deringer,REF4696356,30,PALLETS,PKG39626,18274065,Nigeria importer (import)
2707990000,CD202306000002089083,2023-06-18,2023-06-23,import,42,Temporary,270799,Oils and other products of the distillation of high temperature coal tar; n.e.c. in heading no. 2707,Nigeria,Nigeria,Poland,WEST AFRICAN VENTURES LIMITED,[in full dataset],[in full dataset],Ikoyi,Nigeria,[in full dataset],RESPECT ENERGY S A,[in full dataset],[in full dataset],Warszawa,Poland,[in full dataset],RAIL,Gdansk,Gdynia,2023,6,2023-06,22606.6,KG,22606.6,23100.6,3323.96,3323.96,3021.1,298.07,4.79,0.13,USD,1,CPT,6.3,209.41,176.67,386.08,DB Schenker Customs,REF1996391,350,CASES,PKG46716,306441474,Nigeria exporter (export)
2941300000,CD202304000000161650,2023-04-19,2023-04-02,export,42,Temporary,294130,Antibiotics; tetracyclines and their derivatives; salts thereof,China,China,Nigeria,"Datong Tongxing Antibiotics Co., Ltd. Biological Branch",[in full dataset],[in full dataset],Shuozhou,China,[in full dataset],ESTERS CATERING AND EVENT MANAGEMENT,[in full dataset],[in full dataset],Lagos,Nigeria,,SEA,Main Container Port,Main Container Port,2023,4,2023-04,518.3,KG,518.3,587.2,3559.61,3559.61,3223.09,311.22,25.3,6.22,GBP,54.241,DDP,4.9,174.42,746.81,921.23,Descartes,REF5875669,7,DRUMS,PKG38220,18274065,Nigeria importer (import)
2606000000,CD202412000000867609,2024-12-15,2024-12-17,import,40,Temporary,260600,Aluminium ores and concentrates,Nigeria,Nigeria,China,RINA CTSI NIGERIA LIMITED,[in full dataset],[in full dataset],Lagos,Nigeria,[in full dataset],"Suzhou Lalelu Trading Co., Ltd.",[in full dataset],[in full dataset],Suzhou,China,,SEA,Ningbo-Zhoushan,Ningbo-Zhoushan,2024,12,2024-12,8644.7,KG,8644.7,9370.9,6042.99,6042.99,5714.16,294.57,34.26,0.66,INR,116.8636,CFR,5.5,332.36,956.3,1288.66,Expeditors Customs,REF9187111,55,PALLETS,PKG9953,70218400,Nigeria exporter (export)
8443130000,CD201606000000024421,2016-06-06,2016-06-14,export,42,Temporary,844313,"Printing machinery; offset, n.e.c. in item no. 8443.1",Spain,Spain,Nigeria,SEAT SAU,[in full dataset],[in full dataset],MARTORELL,Spain,[in full dataset],DE COON SERVICES LIMITED,[in full dataset],[in full dataset],Port Harcourt,Nigeria,[in full dataset],AIR,Main Container Port,Main Container Port,2016,6,2016-06,8664.1,KG,8664.1,9902.6,53184.17,53184.17,50578.18,2393.13,212.86,5.84,CNY,70.0973,FOB,2.8,1489.16,3827.13,5316.29,DSV Customs,REF7448341,222,CRATES,PKG61010,1638649.04,Nigeria importer (import)
2701110000,CD202306000002467276,2023-06-22,2023-06-06,import,51,Temporary,270111,"Coal; anthracite, whether or not pulverised, but not agglomerated",Nigeria,Nigeria,United States,NIGERIAN NATIONAL PETROLEUM COMPANY LIMITED,[in full dataset],[in full dataset],Abuja,Nigeria,[in full dataset],BP America Inc.,[in full dataset],[in full dataset],Warrenville,United States,[in full dataset],SEA,"Oakland, CA","Savannah, GA",2023,6,2023-06,15110.7,KG,15110.7,16055.7,16954.72,16954.72,15878.61,987.97,88.14,1.05,JPY,88.2323,DAP,5.6,949.46,3580.84,4530.3,Descartes,REF5697193,495,BALES,PKG92222,402347215,Nigeria exporter (export)
8433590000,CD201606000000549320,2016-06-05,2016-06-13,export,61,Re-export,843359,Harvesting machinery; n.e.c. in heading no. 8433,United States,United States,Nigeria,"The Home Depot, Inc.",[in full dataset],[in full dataset],Atlanta,United States,[in full dataset],ARDOVA PLC,[in full dataset],[in full dataset],Lagos,Nigeria,[in full dataset],AIR,Main Container Port,Main Container Port,2016,6,2016-06,2504.4,KG,2504.4,2642.6,75479.39,75479.39,70827.06,4332.19,320.14,28.28,EUR,86.601,CFR,3.8,2868.22,15669.52,18537.74,DB Schenker Customs,REF8789561,472,BALES,PKG76359,38931544,Nigeria importer (import)
8439300000,CD202101000000217046,2021-01-12,2021-01-19,export,40,Warehouse,843930,Machinery; for finishing paper or paperboard,United Kingdom,United Kingdom,Nigeria,CNH INDUSTRIAL N.V.,[in full dataset],[in full dataset],BASILDON,United Kingdom,[in full dataset],DE COON SERVICES LIMITED,[in full dataset],[in full dataset],Port Harcourt,Nigeria,[in full dataset],ROAD,Main Container Port,Main Container Port,2021,1,2021-01,2751.6,KG,2751.6,3076.6,4452.01,4452.01,4281.21,151.27,19.53,1.56,USD,1,DAP,3.5,155.82,322.55,478.37,DHL Customs Svc,REF4303653,354,PALLETS,PKG73967,15907027.07,Nigeria importer (import)
7320900000,CD202505000000121428,2025-05-21,2025-05-24,export,61,Transit,732090,Iron or steel; springs n.e.c. in heading no. 7320,United States,United States,Nigeria,"Crown Holdings, Inc.",[in full dataset],[in full dataset],Tampa,United States,[in full dataset],QUALCHEM GLOBAL CONCEPT LTD,[in full dataset],[in full dataset],Lagos,Nigeria,[in full dataset],SEA,Main Container Port,Main Container Port,2025,5,2025-05,3384.3,KG,3384.3,3835.1,7604.91,7604.91,6895.86,657.36,51.69,2.04,JPY,90.1292,EXW,12.7,965.82,1714.15,2679.97,DHL Customs Svc,REF5608656,132,DRUMS,PKG16489,5306681,Nigeria importer (import)
6815190000,CD201812000000509298,2018-12-06,2018-12-17,export,42,Transit,681519,Stone or other mineral substances not elsewhere specified or included; non-electrical articles of graphite or carbon n.e.c. in heading 6815,China,China,Nigeria,"Jingdezhen Hesheng Industrial Investment Development Co.,Ltd.",[in full dataset],[in full dataset],Jingdezhen,China,[in full dataset],GLOBAL MANPOWER NIGERIA LTD,[in full dataset],[in full dataset],Lagos,Nigeria,[in full dataset],SEA,Main Container Port,Main Container Port,2018,12,2018-12,13214.1,KG,13214.1,14805,1643.24,1643.24,1548.81,86.5,7.93,0.12,INR,86.5506,CFR,4.1,67.37,205.27,272.64,AN Deringer,REF6903153,111,CARTONS,PKG70588,2166976,Nigeria importer (import)
7307230000,CD202505000000121619,2025-05-15,2025-05-24,export,70,Transit,730723,"Steel, stainless; tube or pipe fittings, butt welding fittings",United States,United States,Nigeria,"American Builders & Contractors Supply Co., Inc.",[in full dataset],[in full dataset],Beloit,United States,[in full dataset],QUALCHEM GLOBAL CONCEPT LTD,[in full dataset],[in full dataset],Lagos,Nigeria,[in full dataset],SEA,Main Container Port,Main Container Port,2025,5,2025-05,12309.5,KG,12309.5,13878.8,7587.35,7587.35,7135.31,399.16,52.88,0.58,INR,113.8447,DDP,11.1,842.2,1685.91,2528.11,Livingston Intl,REF8837735,136,BULK,PKG50410,5306681,Nigeria importer (import)
2903710000,CD202201000000178506,2022-01-08,2022-01-11,export,42,Re-export,290371,Halogenated derivatives of acyclic hydrocarbons containing two or more different halogens; chlorodifluoromethane (HCFC-22),China,China,Nigeria,"Qilu Antibiotics Pharmaceutical Co., Ltd.",[in full dataset],[in full dataset],Jinan,China,[in full dataset],BILE ACIDS NIGERIA LTD,[in full dataset],[in full dataset],Suleja,Nigeria,,AIR,Main Container Port,Main Container Port,2022,1,2022-01,16575.5,KG,16575.5,17389.7,25002.55,25002.55,23273.97,1565.07,163.51,1.4,INR,127.9863,DDP,4.4,1100.11,3132.32,4232.43,DSV Customs,REF2992743,38,CRATES,PKG74685,19120015,Nigeria importer (import)
9010900000,CD202007000000009962,2020-07-15,2020-07-18,export,40,Consumption,901090,Photographic laboratory apparatus and equipment (including cinematographic); parts and accessories,Japan,Japan,Nigeria,"ALPEN CO.,LTD.",[in full dataset],[in full dataset],NAGOYA,Japan,[in full dataset],C8 (CRYPT8) E-COMMERCE SERVICES WORLDWIDE LIMITED,[in full dataset],[in full dataset],Lagos,Nigeria,[in full dataset],SEA,Main Container Port,Main Container Port,2020,7,2020-07,24633.8,KG,24633.8,28198,156898.06,156898.06,148483.27,8115.92,298.87,6.03,JPY,57.1151,FOB,1.2,1882.78,28580.55,30463.33,Flexport Customs,REF5561827,183,CASES,PKG67548,994419.78,Nigeria importer (import)
8516710000,CD201705000001280497,2017-05-08,2017-05-22,export,51,Consumption,851671,"Electro-thermic appliances; coffee or tea makers, of a kind used for domestic purposes",China,China,Nigeria,"China Post Group Co.,Ltd.",[in full dataset],[in full dataset],Beijing,China,[in full dataset],JULIUS BERGER NIGERIA PLC,[in full dataset],[in full dataset],Abuja,Nigeria,[in full dataset],AIR,Main Container Port,Main Container Port,2017,5,2017-05,1238.3,KG,1238.3,1330.1,11786.93,11786.93,10694.13,1033.68,59.12,8.64,INR,19.5026,FCA,2.1,247.53,1444.14,1691.67,Descartes,REF4706944,393,CARTONS,PKG4050,130976781,Nigeria importer (import)
7323100000,CD202505000000066056,2025-05-16,2025-05-19,export,51,Re-export,732310,"Iron or steel; wool, pot scourers and scouring or polishing pads, gloves and the like",United Kingdom,United Kingdom,Nigeria,RWE SUPPLY & TRADING GMBH,[in full dataset],[in full dataset],SWINDON,United Kingdom,[in full dataset],IRON PRODUCTS INDUSTRIES LIMITED,[in full dataset],[in full dataset],Ikoyi,Nigeria,[in full dataset],ROAD,Main Container Port,Main Container Port,2025,5,2025-05,15542.6,KG,15542.6,17456.5,1031.2,1031.2,1003.56,26.17,1.47,0.06,EUR,14.5283,FOB,7.2,74.25,221.09,295.34,DB Schenker Customs,REF3506160,144,PALLETS,PKG76278,2722468.02,Nigeria importer (import)
7324100000,CD202505000000344055,2025-05-14,2025-05-21,export,61,Temporary,732410,"Steel; sinks and wash basins, of stainless steel",Italy,Italy,Nigeria,ANTOLINI LUIGI & C SPA,[in full dataset],[in full dataset],CAVAION VERONESE,Italy,[in full dataset],Strabag Construction Nigeria Ltd,[in full dataset],[in full dataset],Abuja,Nigeria,[in full dataset],ROAD,Main Container Port,Main Container Port,2025,5,2025-05,9065.1,KG,9065.1,9465.3,1063.8,1063.8,1012.04,44.33,7.43,0.11,USD,1,CIF,6.6,70.21,113.4,183.61,Expeditors Customs,REF9776213,462,BULK,PKG21719,18356287.87,Nigeria importer (import)
2710990000,CD202306000000724025,2023-06-02,2023-06-16,import,40,Transit,271099,"Waste Oils; of petroleum or obtained from bituminous minerals, not crude and preparations n.e.c., weight 70% or preparations of the same, not containing polychlorinated biphenyls (PCBs), polychorinated terphenyls (PCTs) or polybrominated biphenyls (PBBs)",Nigeria,Nigeria,Canada,NNPC E AND P LIMITED,[in full dataset],[in full dataset],Benin City,Nigeria,[in full dataset],Gibson Energy Inc,[in full dataset],[in full dataset],Calgary,Canada,[in full dataset],SEA,"Prince Rupert, BC","Halifax, NS",2023,6,2023-06,8472.3,KG,8472.3,9138.1,40671.79,40671.79,39514.54,970.19,187.06,4.66,USD,1,DAP,5.9,2399.64,0,2399.64,Descartes,REF9450533,263,BAGS,PKG70828,89165482.25,Nigeria exporter (export)
4009310000,CD201803000000382579,2018-03-05,2018-03-20,import,42,Transit,400931,"Rubber; vulcanised (other than hard rubber), tubing, piping and hoses, reinforced or otherwise combined only with textile materials, without fittings",Nigeria,Nigeria,Italy,INDORAMA ELEME PETROCHEMICALS LIMITED,[in full dataset],[in full dataset],Port Harcourt,Nigeria,[in full dataset],VOLKSWAGEN GROUP ITALIA SPA,[in full dataset],[in full dataset],VERONA,Italy,[in full dataset],SEA,La Spezia,La Spezia,2018,3,2018-03,10417.6,KG,10417.6,11042,19032.8,19032.8,17238.2,1687.21,107.39,1.65,JPY,75.6746,CPT,7.5,1427.46,1023.01,2450.47,Kuehne+Nagel Brokerage,REF7671596,74,CRATES,PKG16873,1082806.61,Nigeria exporter (export)
9021310000,CD202007000000168057,2020-07-01,2020-07-15,export,61,Consumption,902131,Artificial parts of the body,China,China,Nigeria,Guangzhou Hinwa Appliances Industries Ltd.,[in full dataset],[in full dataset],Guangzhou,China,,CHAPCHAP DIGITAL COMMERCE LIMITED,[in full dataset],[in full dataset],Kano,Nigeria,[in full dataset],SEA,Main Container Port,Main Container Port,2020,7,2020-07,6144.5,KG,6144.5,6596,7239.71,7239.71,6722.03,486.52,31.16,1.09,GBP,52.5635,FCA,1.4,101.36,1468.21,1569.57,Expeditors Customs,REF8737027,274,CARTONS,PKG77382,26092899,Nigeria importer (import)
2620300000,CD201912000000083031,2019-12-14,2019-12-23,import,40,Transit,262030,"Slag, ash and residues; (not from the manufacture of iron or steel), containing mainly copper",Nigeria,Nigeria,Malaysia,ELPER OILFIELD ENGINEERING (NIGERIA) LIMITED,[in full dataset],[in full dataset],Lagos,Nigeria,[in full dataset],DIALOG GROUP BERHAD,[in full dataset],[in full dataset],Petaling Jaya,Malaysia,[in full dataset],SEA,Penang,Penang,2019,12,2019-12,17379.3,KG,17379.3,18693.3,3603.54,3603.54,3495.99,81.77,25.78,0.2,USD,1,FCA,5.7,205.4,0,205.4,Livingston Intl,REF8963207,146,BULK,PKG4433,4040293.33,Nigeria exporter (export)
8541590000,CD201705000001277748,2017-05-16,2017-05-24,export,42,Warehouse,854159,Electrical apparatus; photosensitive semiconductor devices n.e.c. in heading no. 8541,China,China,Nigeria,Wuxi Taiji Industry Limited Corporation,[in full dataset],[in full dataset],Wuxi,China,[in full dataset],INLAKS POWER SOLUTIONS LIMITED,[in full dataset],[in full dataset],Ikeja,Nigeria,[in full dataset],RAIL,Main Container Port,Main Container Port,2017,5,2017-05,19313,KG,19313,21349.1,1843.56,1843.56,1688.02,153.38,2.16,0.09,GBP,50.3332,EXW,2.1,38.71,94.11,132.82,Kuehne+Nagel Brokerage,REF7190448,297,BAGS,PKG73463,130976781,Nigeria importer (import)
4009220000,CD202004000000337720,2020-04-20,2020-04-27,import,40,Consumption,400922,"Rubber; vulcanised (other than hard rubber), tubing, piping and hoses, reinforced or otherwise combined only with metal, with fittings",Nigeria,Nigeria,Spain,INDORAMA ELEME PETROCHEMICALS LIMITED,[in full dataset],[in full dataset],Port Harcourt,Nigeria,[in full dataset],AUTO RECAMBIOS DIRESA SL,[in full dataset],[in full dataset],SANTIAGO DE COMPOSTELA,Spain,,RAIL,Bilbao,Barcelona,2020,4,2020-04,22859.5,KG,22859.5,25806.9,9481.95,9481.95,9003.37,414.1,64.48,0.39,GBP,9.2551,DDP,6.4,606.84,1815.98,2422.82,DSV Customs,REF3362155,28,CASES,PKG47366,1100139.98,Nigeria exporter (export)
7314500000,CD202505000000344509,2025-05-19,2025-05-27,export,70,Warehouse,731450,Iron or steel; expanded metal,Italy,Italy,Nigeria,PRYSMIAN SPA,[in full dataset],[in full dataset],MILANO,Italy,[in full dataset],CLARENCE LAND AND MARINE SERVICES LTD,[in full dataset],[in full dataset],Port Harcourt,Nigeria,,SEA,Main Container Port,Main Container Port,2025,5,2025-05,3822.1,KG,3822.1,3993.3,187486.27,187486.27,177806.27,9126.09,553.91,46.52,USD,1,EXW,7.3,13686.5,0,13686.5,DB Schenker Customs,REF9107486,160,BAGS,PKG92819,18356287.87,Nigeria importer (import)
2616100000,CD202109000000331903,2021-09-03,2021-09-05,import,40,Transit,261610,Silver ores and concentrates,Nigeria,Nigeria,China,PANALPINA WORLD TRANSPORT (NIGERIA) LTD,[in full dataset],[in full dataset],Lagos,Nigeria,[in full dataset],"Jinhua Zelang Textile Technology Co., Ltd",[in full dataset],[in full dataset],Jinhua,China,,SEA,Xiamen,Shanghai,2021,9,2021-09,23121.1,KG,23121.1,24566.5,2590.94,2590.94,2374.48,198.39,18.07,0.1,USD,1,CPT,3.7,95.86,0,95.86,Kuehne+Nagel Brokerage,REF4485155,58,CARTONS,PKG67001,20610188,Nigeria exporter (export)
1301900000,CD201502000000019689,2015-02-02,2015-02-10,export,70,Temporary,130190,"Natural gums, resins, gum-resins and oleoresins, n.e.c. in heading no. 1301",United Kingdom,United Kingdom,Nigeria,CHAUMET (LONDON) LIMITED,[in full dataset],[in full dataset],LONDON,United Kingdom,[in full dataset],DAARUL-HADEETH SCHOOL OF ARABIC/ISLAMIYYA STUDIES LTD,[in full dataset],[in full dataset],Gbagi,Nigeria,,SEA,Main Container Port,Main Container Port,2015,2,2015-02,23248.4,KG,23248.4,24953.1,4120.47,4120.47,3807.28,292.97,20.22,0.16,EUR,128.9993,CPT,5.1,210.14,779.51,989.65,AN Deringer,REF2047355,163,BULK,PKG80262,578587.64,Nigeria importer (import)
4002200000,CD202011000000267957,2020-11-12,2020-11-17,import,70,Re-export,400220,"Rubber; synthetic, butadiene rubber (BR), in primary forms or in plates, sheets or strip",Nigeria,Nigeria,China,FAITH MEDIPLEX CENTER,[in full dataset],[in full dataset],Benin,Nigeria,,Contitech (Shandong) Engineered Rubber Products Company Limited,[in full dataset],[in full dataset],Jining,China,,SEA,Shenzhen,Shenzhen,2020,11,2020-11,21180.6,KG,21180.6,22696.2,62850.3,62850.3,58035.29,4494.26,320.75,2.74,JPY,72.1058,CFR,6.4,4022.42,8024.73,12047.15,Descartes,REF3674641,336,BAGS,PKG57535,858459,Nigeria exporter (export)
2604000000,CD202210000000107949,2022-10-08,2022-10-23,import,40,Transit,260400,Nickel ores and concentrates,Nigeria,Nigeria,Malaysia,FENOG NIGERIA LIMITED,[in full dataset],[in full dataset],Warri,Nigeria,[in full dataset],MUHIBBAH ENGINEERING (M) BHD.,[in full dataset],[in full dataset],Klang,Malaysia,[in full dataset],SEA,Port Klang,Penang,2022,10,2022-10,6377.7,KG,6377.7,7016.6,12999.59,12999.59,12187.42,732.48,79.69,1.91,GBP,95.5665,EXW,5.7,740.98,1374.06,2115.04,Flexport Customs,REF9717995,368,PALLETS,PKG65072,5303689.64,Nigeria exporter (export)
1301900000,CD201506000000031479,2015-06-13,2015-06-27,export,10,Re-export,130190,"Natural gums, resins, gum-resins and oleoresins, n.e.c. in heading no. 1301",United Kingdom,United Kingdom,Nigeria,CHAUMET (LONDON) LIMITED,[in full dataset],[in full dataset],LONDON,United Kingdom,[in full dataset],DARUL-MUQINEEN ARABIC AND ISLAMIC CENTRE,[in full dataset],[in full dataset],Isheri,Nigeria,,SEA,Main Container Port,Main Container Port,2015,6,2015-06,9433.8,KG,9433.8,9839.9,14688.65,14688.65,14017.21,565.01,106.43,1.49,JPY,129.5496,CFR,6.9,1013.52,1570.22,2583.74,Kuehne+Nagel Brokerage,REF7541432,310,ROLLS,PKG59033,1121241.73,Nigeria importer (import)
8420990000,CD202101000000129326,2021-01-19,2021-01-24,export,70,Warehouse,842099,"Machines; parts, (other than cylinders), for calendering or other rolling machines, for other than metal or glass",Netherlands,Netherlands,Nigeria,Transport en Automotive Network Systems (T.A.N.S.) B.V.,[in full dataset],[in full dataset],Eindhoven,Netherlands,[in full dataset],DE COON SERVICES LIMITED,[in full dataset],[in full dataset],Port Harcourt,Nigeria,[in full dataset],AIR,Main Container Port,Main Container Port,2021,1,2021-01,12742.7,KG,12742.7,13549.3,12091.66,12091.66,10944.81,1063.05,83.8,0.86,USD,1,EXW,2.4,290.2,0,290.2,Kuehne+Nagel Brokerage,REF6881823,337,BAGS,PKG90746,9039315.85,Nigeria importer (import)
2616909000,CD202210000000108200,2022-10-23,2022-10-10,import,51,Re-export,261690,Precious metal ores and concentrates; (excluding silver),Nigeria,Nigeria,Malaysia,NAGOS PROJECTS LIMITED,[in full dataset],[in full dataset],Port Harcourt,Nigeria,[in full dataset],7-ELEVEN MALAYSIA HOLDINGS BERHAD,[in full dataset],[in full dataset],Kuala Lumpur,Malaysia,[in full dataset],SEA,Tanjung Pelepas,Tanjung Pelepas,2022,10,2022-10,21658.1,KG,21658.1,23603.5,3952.75,3952.75,3830.53,97.7,24.52,0.18,USD,1,CPT,3.1,122.54,0,122.54,Kuehne+Nagel Brokerage,REF5656080,50,PALLETS,PKG69093,5303689.64,Nigeria exporter (export)
6813200000,CD201807000000058105,2018-07-09,2018-07-17,export,61,Consumption,681320,"Friction material and articles thereof (e.g. sheets, rolls, strips, segments, discs, washers, pads) not mounted; for brakes, clutches or the like, with a basis of asbestos",Netherlands,Netherlands,Nigeria,Hotel De Bovenste Molen B.V.,[in full dataset],[in full dataset],Venlo,Netherlands,[in full dataset],GLOBAL MANPOWER NIGERIA LTD,[in full dataset],[in full dataset],Lagos,Nigeria,[in full dataset],SEA,Main Container Port,Main Container Port,2018,7,2018-07,8129.8,KG,8129.8,9218.5,286.92,286.92,268.9,17.08,0.94,0.03,USD,1,EXW,5.2,14.92,0,14.92,CEVA Customs,REF2144015,205,CARTONS,PKG3289,193103.18,Nigeria importer (import)
8415101000,CD201606000000549488,2016-06-04,2016-06-13,export,42,Temporary,841510,"Air conditioning machines; comprising a motor-driven fan and elements for changing the temperature and humidity, of a kind designed to be fixed to a window, wall, ceiling or floor, self-contained or 'split-system'",United States,United States,Nigeria,Apple Inc.,[in full dataset],[in full dataset],Cupertino,United States,[in full dataset],DE COON SERVICES LIMITED,[in full dataset],[in full dataset],Port Harcourt,Nigeria,[in full dataset],SEA,Main Container Port,Main Container Port,2016,6,2016-06,13694.9,KG,13694.9,14585.2,114447.84,114447.84,109758.97,4203.29,485.58,8.01,CNY,120.3603,FOB,3.2,3662.33,17716.53,21378.86,Livingston Intl,REF7563600,112,ROLLS,PKG3566,38931544,Nigeria importer (import)
2712100000,CD202306000001212018,2023-06-10,2023-06-12,import,40,Re-export,271210,Petroleum jelly,Nigeria,Nigeria,Italy,NIGERIAN NATIONAL PETROLEUM COMPANY LIMITED,[in full dataset],[in full dataset],Abuja,Nigeria,[in full dataset],ENI TRADE & BIOFUELS SPA,[in full dataset],[in full dataset],ROMA,Italy,[in full dataset],AIR,Gioia Tauro,Genoa,2023,6,2023-06,16338.8,KG,16338.8,18589.6,12993.88,12993.88,12576.54,364.56,52.78,0.77,USD,1,CFR,4.5,584.72,2715.72,3300.44,DHL Customs Svc,REF3283904,28,DRUMS,PKG96549,154840657.1,Nigeria exporter (export)
2620110000,CD201912000000183051,2019-12-08,2019-12-20,import,40,Temporary,262011,"Slag, ash and residues; (not from the manufacture of iron or steel), containing mainly zinc, hard zinc spelter",Nigeria,Nigeria,China,TRANSPORT SERVICES LIMITED,[in full dataset],[in full dataset],Ikoyi,Nigeria,[in full dataset],"Hangzhou Qiufan Trading Co., Ltd.",[in full dataset],[in full dataset],Hangzhou,China,,AIR,Ningbo-Zhoushan,Dalian,2019,12,2019-12,20042.8,KG,20042.8,22286.6,819.87,819.87,744.93,73.8,1.14,0.04,JPY,75.8208,DAP,3.4,27.88,169.55,197.43,Flexport Customs,REF9959300,378,PALLETS,PKG30509,9075130,Nigeria exporter (export)
6806100000,CD201803000000205730,2018-03-15,2018-03-18,export,51,Consumption,680610,"Slag wool, rock wool and similar mineral wools (including intermixtures thereof), in bulk, sheets or rolls",Italy,Italy,Nigeria,STONE SRL,[in full dataset],[in full dataset],MILANO,Italy,[in full dataset],GLOBAL MANPOWER NIGERIA LTD,[in full dataset],[in full dataset],Lagos,Nigeria,[in full dataset],AIR,Main Container Port,Main Container Port,2018,3,2018-03,230.1,KG,230.1,247.9,1638.97,1638.97,1563.24,70.76,4.97,6.79,INR,64.9186,CFR,3.6,59,0,59,Descartes,REF3103041,33,DRUMS,PKG14178,734812.56,Nigeria importer (import)
2933520000,CD202201000000178751,2022-01-20,2022-01-26,export,61,Transit,293352,"Heterocyclic compounds; containing a pyrimidine ring (whether or not hydrogenated) or piperazine ring in the structure, malonylurea (barbituric acid) and its salts",China,China,Nigeria,"Jiangsu Brother Vitamins Co.,Ltd.",[in full dataset],[in full dataset],Yancheng,China,[in full dataset],ESTER'S BETHEL ENTERPRISE,[in full dataset],[in full dataset],Olomore,Nigeria,,SEA,Main Container Port,Main Container Port,2022,1,2022-01,3209.2,KG,3209.2,3616.3,16880.92,16880.92,15699.61,1116.26,65.05,4.89,GBP,34.3727,CFR,6.4,1080.38,898.06,1978.44,Livingston Intl,REF1129510,285,ROLLS,PKG33340,19120015,Nigeria importer (import)
2614000000,CD202502000000030055,2025-02-06,2025-02-10,import,10,Warehouse,261400,Titanium ores and concentrates,Nigeria,Nigeria,Hong Kong,PANALPINA WORLD TRANSPORT (NIGERIA) LTD,[in full dataset],[in full dataset],Lagos,Nigeria,[in full dataset],"Shanghai Chicmax Cosmetic Co., Ltd.",[in full dataset],[in full dataset],Kwun Tong,Hong Kong,[in full dataset],SEA,Hong Kong (Kwai Tsing),Hong Kong (Kwai Tsing),2025,2,2025-02,23230.1,KG,23230.1,25788.2,4868.61,4868.61,4471.48,366.18,30.95,0.19,USD,1,CPT,4.7,228.82,356.82,585.64,DSV Customs,REF1191115,215,BULK,PKG33146,1441546.72,Nigeria exporter (export)
1302120000,CD201505000000012058,2015-05-18,2015-05-27,import,61,Temporary,130212,Vegetable saps and extracts; of liquorice,Nigeria,Nigeria,Germany,DARUL-MUQINEEN ARABIC AND ISLAMIC CENTRE,[in full dataset],[in full dataset],Isheri,Nigeria,,Natural Gums Dr. W. Agster GmbH,[in full dataset],[in full dataset],Reutlingen,Germany,[in full dataset],ROAD,Bremerhaven,Hamburg,2015,5,2015-05,12890.3,KG,12890.3,13297.2,7146.25,7146.25,6923.19,182.2,40.86,0.54,CNY,85.9196,CFR,4.8,343.02,748.93,1091.95,Kuehne+Nagel Brokerage,REF1934296,418,PALLETS,PKG97308,326233.39,Nigeria exporter (export)
1302320000,CD201509000000029958,2015-09-11,2015-09-19,export,51,Transit,130232,"Mucilages and thickeners; whether or not modified, derived from locust beans, locust bean seeds or guar seeds",United Kingdom,United Kingdom,Nigeria,CHAUMET (LONDON) LIMITED,[in full dataset],[in full dataset],LONDON,United Kingdom,[in full dataset],AL-EEMAN SCHOOL OF SCIENCE AND ARABIC STUDIES LTD,[in full dataset],[in full dataset],Gbagi,Nigeria,,RAIL,Main Container Port,Main Container Port,2015,9,2015-09,1617.6,KG,1617.6,1754.1,14811.31,14811.31,14318.32,433.74,59.25,8.85,USD,1,EXW,6.3,933.11,0,933.11,AN Deringer,REF3138560,87,CRATES,PKG2197,1048994.52,Nigeria importer (import)
6806900000,CD201805000000627481,2018-05-22,2018-05-03,export,70,Transit,680690,"Minerals; mixtures and articles of heat-insulating, sound-insulating or sound-absorbing mineral materials, other than those of heading no. 6811 or 6812 or of chapter 69",China,China,Nigeria,"Shantou Jianping Real Estate Co., Ltd.",[in full dataset],[in full dataset],Shantou,China,,GLOBAL MANPOWER NIGERIA LTD,[in full dataset],[in full dataset],Lagos,Nigeria,[in full dataset],SEA,Main Container Port,Main Container Port,2018,5,2018-05,18735.1,KG,18735.1,20179.6,4495.12,4495.12,4235.38,248.05,11.69,0.23,USD,1,CIF,3,134.85,324.1,458.95,Descartes,REF8867907,167,BAGS,PKG50031,2820557,Nigeria importer (import)
8437900000,CD202101000001386981,2021-01-26,2021-01-28,export,61,Warehouse,843790,"Machines; parts of those for cleaning, sorting or grading seed, grain or dried leguminous vegetables or for milling or working cereals or dried leguminous vegetables (not farm-type machinery)",China,China,Nigeria,"Shiyan Yujin Engineering Machinery Lease Co., Ltd.",[in full dataset],[in full dataset],Shiyan,China,,EDUVELLA INC,[in full dataset],[in full dataset],Osogbo,Nigeria,,ROAD,Main Container Port,Main Container Port,2021,1,2021-01,21710.4,KG,21710.4,23369.4,58944.81,58944.81,56618.56,1947.63,378.62,2.61,GBP,54.9554,DDP,2.1,1237.84,10832.88,12070.72,DSV Customs,REF4941484,217,BALES,PKG67069,152289143,Nigeria importer (import)
1302310000,CD201505000000012056,2015-05-16,2015-05-24,import,42,Re-export,130231,"Mucilages and thickeners; agar-agar, whether or not modified, derived from vegetable products",Nigeria,Nigeria,Germany,NURUL IMAN ARABIC & ISLAMIC ACADEMY LTD,[in full dataset],[in full dataset],Zaria,Nigeria,,Natural Gums Dr. W. Agster GmbH,[in full dataset],[in full dataset],Reutlingen,Germany,[in full dataset],RAIL,Wilhelmshaven,Wilhelmshaven,2015,5,2015-05,11559.7,KG,11559.7,12810.9,31260.42,31260.42,30121.29,944.46,194.67,2.61,JPY,73.9435,CFR,5.1,1594.28,1642.74,3237.02,Expeditors Customs,REF9304362,215,BALES,PKG41408,326233.39,Nigeria exporter (export)
3819000000,CD202409000000121488,2024-09-27,2024-09-05,export,70,Transit,381900,"Hydraulic fluids; for brakes and other prepared liquids for hydraulic transmission, not containing or containing less than 70% by weight of petroleum oils or oils obtained from bituminous minerals",United States,United States,Nigeria,Eastman Chemical Company,[in full dataset],[in full dataset],Kingsport,United States,[in full dataset],RMM GLOBAL COMPANY LIMITED,[in full dataset],[in full dataset],Kano,Nigeria,[in full dataset],AIR,Main Container Port,Main Container Port,2024,9,2024-09,16641.8,KG,16641.8,18707.9,7306.28,7306.28,6917.44,335.43,53.41,0.42,JPY,34.0591,FOB,4.7,343.4,764.97,1108.37,DSV Customs,REF7043812,138,BULK,PKG40665,7192690,Nigeria importer (import)
0408110000,CD202602000000088247,2026-02-26,2026-02-11,export,42,Consumption,040811,"Eggs; birds' eggs, yolks, dried, whether or not containing added sugar or other sweetening matter",Netherlands,Netherlands,Nigeria,FrieslandCampina Domo B.V.,[in full dataset],[in full dataset],Amersfoort,Netherlands,[in full dataset],FRIESLANDCAMPINA WAMCO NIGERIA PLC,[in full dataset],[in full dataset],Ikeja,Nigeria,[in full dataset],AIR,Main Container Port,Main Container Port,2026,2,2026-02,870.2,KG,870.2,977.2,75941.09,75941.09,70133.12,5475.13,332.84,80.59,USD,1,CPT,15.8,11998.69,8793.98,20792.67,Descartes,REF3530924,46,CASES,PKG27439,2585962.9,Nigeria importer (import)
9006590000,CD202007000000046098,2020-07-27,2020-07-02,export,70,Consumption,900659,"Cameras, photographic (excluding cinematographic); n.e.c. in heading no 9006",Netherlands,Netherlands,Nigeria,Kiwa Assurance B.V.,[in full dataset],[in full dataset],Rijswijk ZH,Netherlands,[in full dataset],Habideen Commercial Agency Ltd,[in full dataset],[in full dataset],Lagos,Nigeria,,RAIL,Main Container Port,Main Container Port,2020,7,2020-07,8834.5,KG,8834.5,9522.2,242940.34,242940.34,224048.47,18584.37,307.5,25.36,USD,1,CPT,2.4,5830.57,49754.18,55584.75,DSV Customs,REF8144988,273,PALLETS,PKG57567,5257478.63,Nigeria importer (import)
1302120000,CD201505000000012050,2015-05-19,2015-05-04,import,61,Transit,130212,Vegetable saps and extracts; of liquorice,Nigeria,Nigeria,Germany,NURUL IMAN ARABIC & ISLAMIC ACADEMY LTD,[in full dataset],[in full dataset],Zaria,Nigeria,,Natural Gums Dr. W. Agster GmbH,[in full dataset],[in full dataset],Reutlingen,Germany,[in full dataset],ROAD,Hamburg,Hamburg,2015,5,2015-05,12756.2,KG,12756.2,14372.5,68524.24,68524.24,62707.1,5632.9,184.24,4.92,USD,1,FOB,3.9,2672.45,10679.5,13351.95,Flexport Customs,REF4388076,136,BALES,PKG64362,326233.39,Nigeria exporter (export)
2602000000,CD202210000000271067,2022-10-01,2022-10-14,import,40,Temporary,260200,"Manganese ores and concentrates, including ferruginous manganese ores and concentrates with a manganese content of 20% or more, calculated on the dry weight",Nigeria,Nigeria,China,NAGOS PROJECTS LIMITED,[in full dataset],[in full dataset],Port Harcourt,Nigeria,[in full dataset],"Shanghai Hongqiao Parkson Commercial & Trading Co., Ltd.",[in full dataset],[in full dataset],Shanghai,China,,AIR,Shenzhen,Shanghai,2022,10,2022-10,8619.6,KG,8619.6,9352.3,18117.48,18117.48,16969.14,1121.68,26.66,1.97,GBP,54.0353,CFR,4,724.7,3768.44,4493.14,AN Deringer,REF8536992,487,CARTONS,PKG53126,14307299,Nigeria exporter (export)
1301900000,CD201509000000002569,2015-09-02,2015-09-07,import,51,Re-export,130190,"Natural gums, resins, gum-resins and oleoresins, n.e.c. in heading no. 1301",Nigeria,Nigeria,Germany,DAARUL-HADEETH SCHOOL OF ARABIC/ISLAMIYYA STUDIES LTD,[in full dataset],[in full dataset],Gbagi,Nigeria,,Natural Gums Dr. W. Agster GmbH,[in full dataset],[in full dataset],Reutlingen,Germany,[in full dataset],AIR,Bremerhaven,Wilhelmshaven,2015,9,2015-09,17073.2,KG,17073.2,19078,2902.95,2902.95,2660.07,228.66,14.22,0.16,USD,1,CFR,4.8,139.34,304.23,443.57,CEVA Customs,REF3769895,227,DRUMS,PKG43770,63965.31,Nigeria exporter (export)
4010320000,CD202001000000326944,2020-01-26,2020-01-13,import,40,Transit,401032,"Rubber; vulcanised, endless transmission belts of trapezoidal cross-section (V-belts), other than V-ribbed, of an outside circumference exceeding 60cm but not exceeding 180 cm",Nigeria,Nigeria,Spain,INDORAMA ELEME PETROCHEMICALS LIMITED,[in full dataset],[in full dataset],Port Harcourt,Nigeria,[in full dataset],PERFORMANCE SPECIALTY PRODUCTS ASTURIAS SLU,[in full dataset],[in full dataset],CARREÑO,Spain,[in full dataset],SEA,Valencia,Valencia,2020,1,2020-01,5860.6,KG,5860.6,6322.2,30941.31,30941.31,29954.78,863.03,123.5,5.11,INR,126.0434,CFR,13.7,4238.96,7036.05,11275.01,Flexport Customs,REF2932853,117,CARTONS,PKG91167,1063967.76,Nigeria exporter (export)
1515210000,CD201605000000017741,2016-05-25,2016-05-27,import,61,Consumption,151521,"Vegetable oils; maize (corn) oil and its fractions, crude, not chemically modified",Nigeria,Nigeria,United States,UDY & SON SOYA BEAN FLOUR ENTERPRISE,[in full dataset],[in full dataset],Ini,Nigeria,,"The International Group, Inc.",[in full dataset],[in full dataset],Titusville,United States,[in full dataset],SEA,"Seattle, WA","Charleston, SC",2016,5,2016-05,19351.3,KG,19351.3,20585.5,52424.21,52424.21,50192.67,2170.07,61.47,2.59,USD,1,CFR,6.4,3355.15,0,3355.15,Flexport Customs,REF6680522,127,ROLLS,PKG5261,111374,Nigeria exporter (export)
2613900000,CD202502000000029984,2025-02-02,2025-02-12,import,70,Re-export,261390,Molybdenum ores and concentrates; other than roasted,Nigeria,Nigeria,Hong Kong,PANALPINA WORLD TRANSPORT (NIGERIA) LTD,[in full dataset],[in full dataset],Lagos,Nigeria,[in full dataset],HENDERSON LAND DEVELOPMENT COMPANY LIMITED,[in full dataset],[in full dataset],Central District,Hong Kong,[in full dataset],SEA,Hong Kong (Kwai Tsing),Hong Kong (Kwai Tsing),2025,2,2025-02,21171.3,KG,21171.3,23841.3,427.68,427.68,396.92,28.49,2.27,0.02,USD,1,CFR,6.5,27.8,81.99,109.79,Flexport Customs,REF5904887,327,CARTONS,PKG3098,1441546.72,Nigeria exporter (export)
2920190000,CD202304000000161830,2023-04-02,2023-04-05,export,70,Warehouse,292019,Esters; thiophosphoric esters (phosphorothioates) and their salts; other than parathion (ISO) and parathion-methyl (ISO) (methyl-parathion),China,China,Nigeria,"Datong Tongxing Antibiotics Co., Ltd. Biological Branch",[in full dataset],[in full dataset],Shuozhou,China,[in full dataset],BILE ACIDS NIGERIA LTD,[in full dataset],[in full dataset],Suleja,Nigeria,,SEA,Main Container Port,Main Container Port,2023,4,2023-04,22833.5,KG,22833.5,24896.3,1779.77,1779.77,1661.77,112.11,5.89,0.07,USD,1,FOB,5.7,101.45,338.62,440.07,Flexport Customs,REF3224786,320,BULK,PKG3664,18274065,Nigeria importer (import)
1302200000,CD201511000000007930,2015-11-10,2015-11-25,import,51,Re-export,130220,Pectic substances; pectinates and pectates,Nigeria,Nigeria,Germany,QURANIC RECITATION & ARABIC LANGUAGE ACADEMY LTD,[in full dataset],[in full dataset],Kano,Nigeria,,Natural Gums Dr. W. Agster GmbH,[in full dataset],[in full dataset],Reutlingen,Germany,[in full dataset],ROAD,Bremerhaven,Hamburg,2015,11,2015-11,13260.5,KG,13260.5,14404,19068.17,19068.17,17917.82,1096.59,53.76,1.35,GBP,83.8364,DAP,6.3,1201.29,1013.47,2214.76,Flexport Customs,REF4806315,256,BALES,PKG93299,207267.07,Nigeria exporter (export)
9017800000,CD202007000000048368,2020-07-27,2020-07-10,export,42,Re-export,901780,Mathematical instruments and equipment; n.e.c. in heading no. 9017,United States,United States,Nigeria,Albany Med Health System,[in full dataset],[in full dataset],Albany,United States,[in full dataset],ES - EL40 Limited,[in full dataset],[in full dataset],Lagos,Nigeria,[in full dataset],ROAD,Main Container Port,Main Container Port,2020,7,2020-07,18337.2,KG,18337.2,20413.6,10217.77,10217.77,9401.88,765.07,50.82,0.51,EUR,76.3358,CIF,2.2,224.79,522.13,746.92,Kuehne+Nagel Brokerage,REF6968872,386,CRATES,PKG95643,5495741,Nigeria importer (import)
2620910000,CD202412000000868048,2024-12-02,2024-12-15,import,40,Temporary,262091,"Slag, ash and residues; (not from the manufacture of iron or steel), containing antimony, beryllium, cadmium, chromium or their mixtures",Nigeria,Nigeria,China,TRANSPORT SERVICES LIMITED,[in full dataset],[in full dataset],Ikoyi,Nigeria,[in full dataset],"Hubei Huangshang Group Co.,Ltd",[in full dataset],[in full dataset],Huanggang,China,[in full dataset],SEA,Shanghai,Guangzhou,2024,12,2024-12,18985.7,KG,18985.7,21211.9,3229.21,3229.21,3042.22,171.92,15.07,0.16,GBP,3.8017,DDP,4.2,135.63,168.24,303.87,Expeditors Customs,REF7758886,394,CRATES,PKG52445,70218400,Nigeria exporter (export)
9025190000,CD202007000000167735,2020-07-14,2020-07-17,export,40,Re-export,902519,"Thermometers and pyrometers; (other than liquid filled, for direct reading), not combined with other instruments",China,China,Nigeria,"Shanghai Runda Medical Technology Co., Ltd.",[in full dataset],[in full dataset],Shanghai,China,[in full dataset],CHAPCHAP DIGITAL COMMERCE LIMITED,[in full dataset],[in full dataset],Kano,Nigeria,[in full dataset],AIR,Main Container Port,Main Container Port,2020,7,2020-07,16284.9,KG,16284.9,17252.7,72246.22,72246.22,65640.63,6421.74,183.85,4.03,INR,129.6355,CFR,1.5,1083.69,14665.98,15749.67,Kuehne+Nagel Brokerage,REF8213823,190,CASES,PKG38380,26092899,Nigeria importer (import)
9015900000,CD202007000000168064,2020-07-21,2020-07-27,export,40,Temporary,901590,Surveying equipment; parts and accessories for articles of heading no. 9015,China,China,Nigeria,"Kunshan Sunwill Electric Appliances Co., Ltd.",[in full dataset],[in full dataset],Kunshan,China,[in full dataset],C8 (CRYPT8) E-COMMERCE SERVICES WORLDWIDE LIMITED,[in full dataset],[in full dataset],Lagos,Nigeria,[in full dataset],SEA,Main Container Port,Main Container Port,2020,7,2020-07,14578.8,KG,14578.8,16076.2,28808.14,28808.14,27296.19,1437.16,74.79,1.87,EUR,116.2813,FCA,2.1,604.97,0,604.97,Flexport Customs,REF3436812,130,PALLETS,PKG19320,26092899,Nigeria importer (import)
2713110000,CD201712000001094765,2017-12-08,2017-12-19,import,70,Consumption,271311,"Petroleum coke; (not calcined), obtained from bituminous minerals",Nigeria,Nigeria,Netherlands,NIGERIA LNG LIMITED,[in full dataset],[in full dataset],Port Harcourt,Nigeria,[in full dataset],Shell Trading Rotterdam B.V.,[in full dataset],[in full dataset],Rotterdam,Netherlands,[in full dataset],SEA,Rotterdam,Rotterdam,2017,12,2017-12,12007.4,KG,12007.4,13305.6,6894.76,6894.76,6474.59,389.43,30.74,0.54,USD,1,DAP,5.1,351.63,1086.96,1438.59,Kuehne+Nagel Brokerage,REF9065245,33,BULK,PKG1751,117950921.61,Nigeria exporter (export)
0407110000,CD202601000000076103,2026-01-21,2026-01-08,export,10,Temporary,040711,"Birds' eggs, in shell; fresh, fertilised eggs for incubation, of fowls of the species Gallus domesticus (domestic hens)",United Kingdom,United Kingdom,Nigeria,MULLER UK & IRELAND GROUP LLP,[in full dataset],[in full dataset],MARKET DRAYTON,United Kingdom,,FRIESLANDCAMPINA WAMCO NIGERIA PLC,[in full dataset],[in full dataset],Ikeja,Nigeria,[in full dataset],ROAD,Main Container Port,Main Container Port,2026,1,2026-01,1972.3,KG,1972.3,2181.3,63040.22,63040.22,60206.13,2576.44,257.65,30.53,USD,1,CPT,13.4,8447.39,12867.77,21315.16,DSV Customs,REF3892602,218,CARTONS,PKG18835,2135223.03,Nigeria importer (import)
8448110000,CD202101000001387040,2021-01-06,2021-01-17,export,51,Consumption,844811,"Machinery, auxiliary; dobbies and jacquards, card reducing, copying, punching or assembling machines for use therewith",China,China,Nigeria,"Weichai Power Co., Ltd.",[in full dataset],[in full dataset],Weifang,China,[in full dataset],WRAGBY BUSINESS SOLUTIONS & TECHNOLOGIES LIMITED,[in full dataset],[in full dataset],Lekki,Nigeria,[in full dataset],AIR,Main Container Port,Main Container Port,2021,1,2021-01,8385.7,KG,8385.7,8763.9,13943.95,13943.95,13455.86,472.51,15.58,1.6,INR,33.5688,FCA,3.9,543.81,1014.14,1557.95,Kuehne+Nagel Brokerage,REF9911576,152,DRUMS,PKG32217,152289143,Nigeria importer (import)
2602000000,CD201912000000183234,2019-12-09,2019-12-14,import,61,Transit,260200,"Manganese ores and concentrates, including ferruginous manganese ores and concentrates with a manganese content of 20% or more, calculated on the dry weight",Nigeria,Nigeria,China,MARCONI.NG EPC LIMITED,[in full dataset],[in full dataset],Port Harcourt,Nigeria,[in full dataset],"Jinhua Woke Trading Co., Ltd",[in full dataset],[in full dataset],Yongkang,China,,SEA,Dalian,Dalian,2019,12,2019-12,1037.3,KG,1037.3,1130,6347.82,6347.82,5777.47,549.77,20.58,5.57,INR,19.3057,EXW,6.2,393.56,1213.45,1607.01,Kuehne+Nagel Brokerage,REF2393488,274,PALLETS,PKG31214,9075130,Nigeria exporter (export)
2611000000,CD201912000000182608,2019-12-21,2019-12-07,import,61,Consumption,261100,Tungsten ores and concentrates,Nigeria,Nigeria,China,RINA CTSI NIGERIA LIMITED,[in full dataset],[in full dataset],Lagos,Nigeria,[in full dataset],Easyhome New Retail Group Corporation Limited,[in full dataset],[in full dataset],Beijing,China,[in full dataset],SEA,Ningbo-Zhoushan,Shanghai,2019,12,2019-12,22511.6,KG,22511.6,24859.9,2227.3,2227.3,2136.12,77.53,13.65,0.09,EUR,126.9039,DDP,3.6,80.18,115.37,195.55,DSV Customs,REF1146481,48,CRATES,PKG43884,9075130,Nigeria exporter (export)
2620400000,CD202502000000036047,2025-02-23,2025-02-28,import,10,Consumption,262040,"Slag, ash and residues; (not from the manufacture of iron or steel), containing mainly aluminium",Nigeria,Nigeria,Malaysia,TRANSPORT SERVICES LIMITED,[in full dataset],[in full dataset],Ikoyi,Nigeria,[in full dataset],DIALOG GROUP BERHAD,[in full dataset],[in full dataset],Petaling Jaya,Malaysia,[in full dataset],SEA,Port Klang,Penang,2025,2,2025-02,10220.1,KG,10220.1,11681.2,603.99,603.99,576.1,25.02,2.87,0.06,JPY,58.0398,DAP,4.2,25.37,125.87,151.24,Flexport Customs,REF1927552,393,DRUMS,PKG70517,1764612.02,Nigeria exporter (export)
2616901000,CD202412000000868353,2024-12-27,2024-12-04,import,40,Transit,261690,Precious metal ores and concentrates; (excluding silver),Nigeria,Nigeria,China,NAGOS PROJECTS LIMITED,[in full dataset],[in full dataset],Port Harcourt,Nigeria,[in full dataset],"Guangzhou Grandbuy Co.,Ltd",[in full dataset],[in full dataset],Guangzhou,China,[in full dataset],SEA,Shenzhen,Xiamen,2024,12,2024-12,16555.3,KG,16555.3,17486.1,5482.75,5482.75,5085.23,377.12,20.4,0.31,USD,1,DDP,5.6,307.03,1157.96,1464.99,Expeditors Customs,REF6486697,121,BAGS,PKG5106,70218400,Nigeria exporter (export)
2938100000,CD202201000000178598,2022-01-02,2022-01-14,export,51,Temporary,293810,Glycosides; rutoside (rutin) and its derivatives,China,China,Nigeria,"Shanghai Desano Vitamins Co., Ltd.",[in full dataset],[in full dataset],Shanghai,China,,BILE ACIDS NIGERIA LTD,[in full dataset],[in full dataset],Suleja,Nigeria,,ROAD,Main Container Port,Main Container Port,2022,1,2022-01,11022,KG,11022,11907.5,4822.62,4822.62,4701.39,111.72,9.51,0.43,JPY,67.0739,CIF,6.6,318.29,359.86,678.15,Flexport Customs,REF2281126,188,BALES,PKG35334,19120015,Nigeria importer (import)
1302320000,CD201511000000007939,2015-11-13,2015-11-16,import,70,Re-export,130232,"Mucilages and thickeners; whether or not modified, derived from locust beans, locust bean seeds or guar seeds",Nigeria,Nigeria,Germany,NURUDDEEN COLLEGE FOR ARABIC & ISLAMIC STUDIES YAYAYI KWAMI LTD,[in full dataset],[in full dataset],Kwami,Nigeria,,Natural Gums Dr. W. Agster GmbH,[in full dataset],[in full dataset],Reutlingen,Germany,[in full dataset],SEA,Wilhelmshaven,Wilhelmshaven,2015,11,2015-11,21877.7,KG,21877.7,23692.9,12210.5,12210.5,11221.15,941.7,47.65,0.51,EUR,14.7371,CPT,6.8,830.31,2608.16,3438.47,Descartes,REF6069078,88,CARTONS,PKG5221,207267.07,Nigeria exporter (export)
2615900000,CD202604000000000314,2026-04-19,2026-04-06,import,42,Transit,261590,"Niobium, tantalum, vanadium ores and concentrates",Nigeria,Nigeria,Brazil,PANALPINA WORLD TRANSPORT (NIGERIA) LTD,[in full dataset],[in full dataset],Lagos,Nigeria,[in full dataset],COMPANHIA BRASILEIRA DE DISTRIBUICAO,[in full dataset],[in full dataset],SAO PAULO,Brazil,,SEA,Paranagua,Paranagua,2026,4,2026-04,4802,KG,4802,5247.4,4810.68,4810.68,4431.16,363.93,15.59,0.92,JPY,86.8734,EXW,5.1,245.34,758.4,1003.74,AN Deringer,REF6632753,225,CASES,PKG92636,486714,Nigeria exporter (export)
4006100000,CD202007000000073852,2020-07-15,2020-07-23,import,61,Consumption,400610,"Rubber; unvulcanised, camel-back strips for retreading rubber tyres",Nigeria,Nigeria,Germany,INDORAMA ELEME PETROCHEMICALS LIMITED,[in full dataset],[in full dataset],Port Harcourt,Nigeria,[in full dataset],BASF SE,[in full dataset],[in full dataset],Ludwigshafen am Rhein,Germany,[in full dataset],SEA,Wilhelmshaven,Bremerhaven,2020,7,2020-07,6297.9,KG,6297.9,6876.8,30293.54,30293.54,29155.74,992.47,145.33,4.63,JPY,105.5822,FCA,10.7,3241.41,1676.75,4918.16,Descartes,REF2049496,157,BAGS,PKG49660,245064.35,Nigeria exporter (export)
2710125000,CD202306000002500097,2023-06-14,2023-06-24,import,10,Transit,271012,"Petroleum oils and oils from bituminous minerals, not containing biodiesel, not crude, not waste oils; preparations n.e.c, containing by weight 70% or more of petroleum oils or oils from bituminous minerals; light oils and preparations",Nigeria,Nigeria,Netherlands,NIGERIAN NATIONAL PETROLEUM COMPANY LIMITED,[in full dataset],[in full dataset],Abuja,Nigeria,[in full dataset],AgroCare Energy B.V.,[in full dataset],[in full dataset],Wateringen,Netherlands,,SEA,Rotterdam,Amsterdam,2023,6,2023-06,2069.3,KG,2069.3,2298.8,32566.58,32566.58,29651.59,2727.28,187.71,14.33,USD,1,FOB,5.5,1791.16,6184.39,7975.55,DB Schenker Customs,REF4439578,272,CRATES,PKG29776,406759751.65,Nigeria exporter (export)
7321119900,CD202505000000344453,2025-05-24,2025-05-06,export,61,Consumption,732111,"Cooking appliances and plate warmers; for gas fuel or for both gas and other fuels, of iron or steel",Italy,Italy,Nigeria,HEIDELBERG MATERIALS ITALIA CEMENTI SPA,[in full dataset],[in full dataset],PESCHIERA BORROMEO,Italy,[in full dataset],QUALCHEM GLOBAL CONCEPT LTD,[in full dataset],[in full dataset],Lagos,Nigeria,[in full dataset],SEA,Main Container Port,Main Container Port,2025,5,2025-05,20981.6,KG,20981.6,21531.6,7812.88,7812.88,7312.69,450.5,49.69,0.35,GBP,34.6884,FCA,11.3,882.86,434.79,1317.65,Kuehne+Nagel Brokerage,REF3208532,61,CARTONS,PKG1976,18356287.87,Nigeria importer (import)
4010120000,CD201803000000382573,2018-03-08,2018-03-20,import,70,Re-export,401012,"Rubber; vulcanised, conveyor belts or belting, reinforced only with textile materials",Nigeria,Nigeria,Italy,INDORAMA ELEME PETROCHEMICALS LIMITED,[in full dataset],[in full dataset],Port Harcourt,Nigeria,[in full dataset],PIRELLI TYRE SPA,[in full dataset],[in full dataset],MILANO,Italy,[in full dataset],ROAD,Trieste,Genoa,2018,3,2018-03,13044.9,KG,13044.9,14101.5,8166.8,8166.8,7492.84,617.46,56.5,0.57,JPY,119.0149,CPT,13.9,1135.19,1860.4,2995.59,Livingston Intl,REF4304554,313,BULK,PKG45246,1082806.61,Nigeria exporter (export)
9031490000,CD202007000000046085,2020-07-27,2020-07-13,export,51,Consumption,903149,"Optical instruments and appliances; for measuring or checking, n.e.c. in chapter 90",Netherlands,Netherlands,Nigeria,Philips Medical Systems International B.V.,[in full dataset],[in full dataset],Best,Netherlands,[in full dataset],CHAPCHAP DIGITAL COMMERCE LIMITED,[in full dataset],[in full dataset],Kano,Nigeria,[in full dataset],AIR,Main Container Port,Main Container Port,2020,7,2020-07,5299.8,KG,5299.8,5951.2,20530.62,20530.62,18608.68,1843.57,78.37,3.51,EUR,88.4571,CPT,2.1,431.14,3773.12,4204.26,Expeditors Customs,REF6290216,163,DRUMS,PKG34098,5257478.63,Nigeria importer (import)
1521100000,CD201611000000003477,2016-11-13,2016-11-18,import,42,Re-export,152110,Vegetable waxes (other than triglycerides); whether or not refined or coloured,Nigeria,Nigeria,United States,INTERNATIONAL FRACTIONATION AND MARGARINE PRODUCTS LTD,[in full dataset],[in full dataset],Lagos,Nigeria,,Boston Area Rape Crisis Center,[in full dataset],[in full dataset],Cambridge,United States,[in full dataset],SEA,"Houston, TX","Seattle, WA",2016,11,2016-11,24934.1,KG,24934.1,26015.7,20715.13,20715.13,19604,988.52,122.61,0.79,INR,14.2097,CFR,3.5,725.03,2144.02,2869.05,Livingston Intl,REF1223027,146,CARTONS,PKG95680,19604,Nigeria exporter (export)
3827140000,CD202409000000207937,2024-09-26,2024-09-01,export,42,Consumption,382714,"Mixtures containing halogenated derivatives of methane, ethane or propane, not elsewhere specified or included; containing 1,1,1-trichloroethane (methyl chloroform)",China,China,Nigeria,"Hengyi Petrochemical Co.,Ltd.",[in full dataset],[in full dataset],Hangzhou,China,[in full dataset],GUINNESS NIGERIA PLC,[in full dataset],[in full dataset],Ikeja,Nigeria,[in full dataset],RAIL,Main Container Port,Main Container Port,2024,9,2024-09,9916.7,KG,9916.7,10819.4,3177.02,3177.02,2961.61,205.48,9.93,0.3,GBP,2.486,CFR,3.1,98.49,393.06,491.55,CEVA Customs,REF1344378,287,BALES,PKG39430,14471660,Nigeria importer (import)
1301200000,CD201505000000005905,2015-05-05,2015-05-16,export,51,Re-export,130120,Gum Arabic,United States,United States,Nigeria,"32 NORTH MEDIA, INC.",[in full dataset],[in full dataset],Chesapeake,United States,,AL-EEMAN SCHOOL OF SCIENCE AND ARABIC STUDIES LTD,[in full dataset],[in full dataset],Gbagi,Nigeria,,SEA,Main Container Port,Main Container Port,2015,5,2015-05,11137,KG,11137,12466.5,28426.6,28426.6,26311.63,2031.17,83.8,2.36,GBP,15.3041,DAP,3.5,994.93,2059.51,3054.44,DSV Customs,REF4339639,340,ROLLS,PKG60500,150922,Nigeria importer (import)
1301900000,CD201511000000000367,2015-11-01,2015-11-16,export,40,Re-export,130190,"Natural gums, resins, gum-resins and oleoresins, n.e.c. in heading no. 1301",United States,United States,Nigeria,Arabic Interpreters LLC,[in full dataset],[in full dataset],Arlington,United States,[in full dataset],QURANIC RECITATION & ARABIC LANGUAGE ACADEMY LTD,[in full dataset],[in full dataset],Kano,Nigeria,,SEA,Main Container Port,Main Container Port,2015,11,2015-11,23338.5,KG,23338.5,25544.2,4745.86,4745.86,4586,134.56,25.3,0.2,JPY,48.6952,FOB,5.5,261.02,751.03,1012.05,Livingston Intl,REF8446803,333,CARTONS,PKG2498,4586,Nigeria importer (import)
2922180000,CD202304000000161885,2023-04-03,2023-04-14,export,42,Warehouse,292218,"Amino-alcohols, other than those containing more than one kind of oxygen function; their ethers and esters; salts thereof, 2-(N,N- Diisopropylamino)ethanol",China,China,Nigeria,"Qilu Antibiotics Pharmaceutical Co., Ltd.",[in full dataset],[in full dataset],Jinan,China,[in full dataset],ESTERS CATERING AND EVENT MANAGEMENT,[in full dataset],[in full dataset],Lagos,Nigeria,,SEA,Main Container Port,Main Container Port,2023,4,2023-04,14136.3,KG,14136.3,15932.4,57719.04,57719.04,52649.27,4701.35,368.42,3.72,EUR,91.5355,DDP,4.6,2655.08,0,2655.08,Descartes,REF1388046,43,BULK,PKG37652,18274065,Nigeria importer (import)
4003000000,CD201806000000178735,2018-06-23,2018-06-26,import,70,Re-export,400300,"Rubber; reclaimed rubber, in primary forms or in plates, sheets or strip",Nigeria,Nigeria,Italy,THE OKOMU OIL PALM COMPANY PLC,[in full dataset],[in full dataset],Benin City,Nigeria,[in full dataset],AQUAFIL SPA,[in full dataset],[in full dataset],ARCO,Italy,[in full dataset],SEA,Trieste,Gioia Tauro,2018,6,2018-06,19848.9,KG,19848.9,21457.6,24398.12,24398.12,23502.94,750.61,144.57,1.18,CNY,104.6646,FCA,11.8,2878.98,2727.71,5606.69,Livingston Intl,REF3268513,134,ROLLS,PKG43724,507461.41,Nigeria exporter (export)
2715000000,CD202306000002087569,2023-06-04,2023-06-17,import,70,Re-export,271500,"Bituminous mixtures based on natural asphalt, on natural bitumen, on petroleum bitumen, on mineral tar or on mineral tar pitch (e.g. bituminous mastics, cut-backs)",Nigeria,Nigeria,Poland,NIGERIAN NATIONAL PETROLEUM COMPANY LIMITED,[in full dataset],[in full dataset],Abuja,Nigeria,[in full dataset],RESINVEST COMMODITIES PL S A,[in full dataset],[in full dataset],Katowice,Poland,[in full dataset],SEA,Gdynia,Gdansk,2023,6,2023-06,16636.4,KG,16636.4,18853.9,39250.19,39250.19,36625.47,2333.91,290.81,2.2,USD,1,EXW,6.2,2433.51,2084.19,4517.7,DB Schenker Customs,REF6330833,488,BALES,PKG41018,306441474,Nigeria exporter (export)
2621900000,CD202604000000000362,2026-04-03,2026-04-14,import,61,Consumption,262190,Slag and ash n.e.c. in chapter 26; including seaweed ash (kelp) but excluding ash and residues from the incineration of municipal waste,Nigeria,Nigeria,Brazil,PANALPINA WORLD TRANSPORT (NIGERIA) LTD,[in full dataset],[in full dataset],Lagos,Nigeria,[in full dataset],PROSEGUR BRASIL SA TRANSPORTADORA DE VALORES E SEGURANCA,[in full dataset],[in full dataset],BELO HORIZONTE,Brazil,[in full dataset],SEA,Suape,Paranagua,2026,4,2026-04,12027.4,KG,12027.4,12712,44876.28,44876.28,40931.96,3650.87,293.45,3.4,USD,1,CIF,4.3,1929.68,0,1929.68,Livingston Intl,REF9011025,486,ROLLS,PKG81057,486714,Nigeria exporter (export)
2616909000,CD202210000000107797,2022-10-16,2022-10-26,import,40,Warehouse,261690,Precious metal ores and concentrates; (excluding silver),Nigeria,Nigeria,Malaysia,PANALPINA WORLD TRANSPORT (NIGERIA) LTD,[in full dataset],[in full dataset],Lagos,Nigeria,[in full dataset],7-ELEVEN MALAYSIA HOLDINGS BERHAD,[in full dataset],[in full dataset],Kuala Lumpur,Malaysia,[in full dataset],SEA,Penang,Port Klang,2022,10,2022-10,13623.7,KG,13623.7,14144.1,2967.09,2967.09,2725.83,222.28,18.98,0.2,USD,1,DAP,6.6,195.83,379.55,575.38,DHL Customs Svc,REF3135655,143,CARTONS,PKG67604,5303689.64,Nigeria exporter (export)
4010360000,CD201811000000085790,2018-11-17,2018-11-03,import,70,Re-export,401036,"Rubber; vulcanised, endless synchronous belts, of an outside circumference exceeding 150 cm but not exceeding 198 cm",Nigeria,Nigeria,Italy,INDORAMA ELEME PETROCHEMICALS LIMITED,[in full dataset],[in full dataset],Port Harcourt,Nigeria,[in full dataset],VOLKSWAGEN GROUP ITALIA SPA,[in full dataset],[in full dataset],VERONA,Italy,[in full dataset],SEA,La Spezia,Genoa,2018,11,2018-11,14194.1,KG,14194.1,15459.5,20227.14,20227.14,19230.14,845.55,151.45,1.35,GBP,37.0993,EXW,12.8,2589.07,4106.92,6695.99,CEVA Customs,REF9308965,131,CASES,PKG46272,252277.23,Nigeria exporter (export)
2620910000,CD201912000000182947,2019-12-01,2019-12-14,import,42,Re-export,262091,"Slag, ash and residues; (not from the manufacture of iron or steel), containing antimony, beryllium, cadmium, chromium or their mixtures",Nigeria,Nigeria,China,PANALPINA WORLD TRANSPORT (NIGERIA) LTD,[in full dataset],[in full dataset],Lagos,Nigeria,[in full dataset],"Wushang Group Co.,Ltd.",[in full dataset],[in full dataset],Wuhan,China,[in full dataset],RAIL,Dalian,Yingkou,2019,12,2019-12,22479.9,KG,22479.9,24850.7,1121.94,1121.94,1090.09,26.32,5.53,0.05,GBP,88.1102,CPT,6.3,70.68,143.11,213.79,Kuehne+Nagel Brokerage,REF3246770,102,BAGS,PKG97706,9075130,Nigeria exporter (export)
8476290000,CD201606000000464413,2016-06-09,2016-06-15,export,42,Re-export,847629,"Machines; automatic beverage-vending machines, not incorporating heating or refrigerating devices",Germany,Germany,Nigeria,thyssenkrupp AG,[in full dataset],[in full dataset],Essen,Germany,[in full dataset],DE COON SERVICES LIMITED,[in full dataset],[in full dataset],Port Harcourt,Nigeria,[in full dataset],SEA,Main Container Port,Main Container Port,2016,6,2016-06,2218,KG,2218,2524.1,5369.58,5369.58,5138.77,210.26,20.55,2.32,USD,1,FOB,1.8,96.65,655.95,752.6,Kuehne+Nagel Brokerage,REF7988488,111,CRATES,PKG45099,30722218.36,Nigeria importer (import)
9022900000,CD202007000000168014,2020-07-04,2020-07-09,export,70,Consumption,902290,"Apparatus based on use of x-rays and similar; parts and accessories (x-ray generators, tubes, high tension generators, control panels and desks, screens, examination or treatment tables, chairs and like",China,China,Nigeria,Children's Hospital of Nanjing Medical University,[in full dataset],[in full dataset],Nanjing,China,,CHAPCHAP DIGITAL COMMERCE LIMITED,[in full dataset],[in full dataset],Kano,Nigeria,[in full dataset],SEA,Main Container Port,Main Container Port,2020,7,2020-07,22905.2,KG,22905.2,25185,40128.94,40128.94,37221.13,2735.17,172.64,1.63,USD,1,FCA,2.2,882.84,2050.59,2933.43,Expeditors Customs,REF7939076,67,DRUMS,PKG24767,26092899,Nigeria importer (import)
2617100000,CD201912000000082858,2019-12-24,2019-12-01,import,42,Warehouse,261710,Antimony ores and concentrates,Nigeria,Nigeria,Malaysia,RINA CTSI NIGERIA LIMITED,[in full dataset],[in full dataset],Lagos,Nigeria,[in full dataset],7-ELEVEN MALAYSIA HOLDINGS BERHAD,[in full dataset],[in full dataset],Kuala Lumpur,Malaysia,[in full dataset],AIR,Tanjung Pelepas,Penang,2019,12,2019-12,1851,KG,1851,2044.1,27193.38,27193.38,25311.96,1856.08,25.34,13.67,INR,118.3631,CPT,5,1359.67,2855.3,4214.97,CEVA Customs,REF5585043,390,PALLETS,PKG34176,4040293.33,Nigeria exporter (export)
2616100000,CD202109000000332106,2021-09-14,2021-09-27,import,40,Temporary,261610,Silver ores and concentrates,Nigeria,Nigeria,China,RINA CTSI NIGERIA LIMITED,[in full dataset],[in full dataset],Lagos,Nigeria,[in full dataset],"Guangzhou Caihua Trading Co., Ltd",[in full dataset],[in full dataset],Guangzhou,China,,RAIL,Guangzhou,Dalian,2021,9,2021-09,3484.8,KG,3484.8,3981,33564.78,33564.78,31377.93,1936.12,250.73,9,CNY,35.7978,CPT,6,2013.89,4269.44,6283.33,AN Deringer,REF8343344,213,PALLETS,PKG51776,20610188,Nigeria exporter (export)
2617900000,CD202502000000030003,2025-02-10,2025-02-13,import,51,Transit,261790,Ores and concentrates n.e.c. in chapter 26; other than antimony,Nigeria,Nigeria,Hong Kong,PANALPINA WORLD TRANSPORT (NIGERIA) LTD,[in full dataset],[in full dataset],Lagos,Nigeria,[in full dataset],"Qingdao Port International Co., Ltd.",[in full dataset],[in full dataset],Causeway Bay,Hong Kong,[in full dataset],RAIL,Hong Kong (Kwai Tsing),Hong Kong (Kwai Tsing),2025,2,2025-02,20551.8,KG,20551.8,22086.4,5705.17,5705.17,5324.32,372.83,8.02,0.26,GBP,6.0316,CIF,4.1,233.91,593.91,827.82,Descartes,REF1910890,334,BULK,PKG4909,1441546.72,Nigeria exporter (export)
9021290000,CD202007000000046070,2020-07-01,2020-07-07,export,70,Warehouse,902129,Dental fittings; other than artificial teeth,Netherlands,Netherlands,Nigeria,Philips Medical Systems Nederland B.V.,[in full dataset],[in full dataset],Best,Netherlands,[in full dataset],CHAPCHAP DIGITAL COMMERCE LIMITED,[in full dataset],[in full dataset],Kano,Nigeria,[in full dataset],SEA,Main Container Port,Main Container Port,2020,7,2020-07,24978.4,KG,24978.4,25894.1,33136.42,33136.42,31637.52,1410.68,88.22,1.27,JPY,65.8268,DDP,1.6,530.18,6059.99,6590.17,DB Schenker Customs,REF9977099,448,PALLETS,PKG99060,5257478.63,Nigeria importer (import)
2702200000,CD201712000000612551,2017-12-22,2017-12-26,import,51,Consumption,270220,"Lignite; agglomerated, excluding jet",Nigeria,Nigeria,United Kingdom,NIGERIA LNG LIMITED,[in full dataset],[in full dataset],Port Harcourt,Nigeria,[in full dataset],BP P.L.C.,[in full dataset],[in full dataset],LONDON,United Kingdom,[in full dataset],AIR,Liverpool,Tilbury,2017,12,2017-12,9060.3,KG,9060.3,9516.5,23607.52,23607.52,21900.93,1548.7,157.89,2.42,USD,1,FOB,6.2,1463.67,0,1463.67,DHL Customs Svc,REF2442415,140,BALES,PKG76770,64074196.15,Nigeria exporter (export)
4010360000,CD201812000000191178,2018-12-01,2018-12-05,import,61,Temporary,401036,"Rubber; vulcanised, endless synchronous belts, of an outside circumference exceeding 150 cm but not exceeding 198 cm",Nigeria,Nigeria,Poland,INDORAMA ELEME PETROCHEMICALS LIMITED,[in full dataset],[in full dataset],Port Harcourt,Nigeria,[in full dataset],AUTO FORUM 2 SP Z O O,[in full dataset],[in full dataset],Warszawa,Poland,[in full dataset],ROAD,Gdynia,Gdansk,2018,12,2018-12,20035.6,KG,20035.6,21890.6,19223.84,19223.84,17796.84,1317.42,109.58,0.89,CNY,108.5309,CPT,7.3,1403.34,0,1403.34,DB Schenker Customs,REF8787544,151,CARTONS,PKG65304,541000,Nigeria exporter (export)
2620190000,CD202109000000332066,2021-09-27,2021-09-06,import,51,Temporary,262019,"Slag, ash and residues; (not from the manufacture of iron or steel), containing mainly zinc, other than hard zinc spelter",Nigeria,Nigeria,China,RINA CTSI NIGERIA LIMITED,[in full dataset],[in full dataset],Lagos,Nigeria,[in full dataset],"FESCO Group Co., Ltd",[in full dataset],[in full dataset],Beijing,China,[in full dataset],AIR,Dalian,Ningbo-Zhoushan,2021,9,2021-09,8445,KG,8445,9270.7,4655.18,4655.18,4407.48,236.13,11.57,0.52,USD,1,FOB,6.4,297.93,495.31,793.24,Expeditors Customs,REF2726015,349,DRUMS,PKG21816,20610188,Nigeria exporter (export)
6809110000,CD201807000000616344,2018-07-16,2018-07-23,export,40,Consumption,680911,"Plaster, or plaster compositions; boards, sheets, panels, tiles and similar articles, faced or reinforced with paper or paperboard only, not ornamented",China,China,Nigeria,"Guizhou Chenchun Stone Industry Co.,ltd.",[in full dataset],[in full dataset],Anshun,China,,GLOBAL MANPOWER NIGERIA LTD,[in full dataset],[in full dataset],Lagos,Nigeria,[in full dataset],SEA,Main Container Port,Main Container Port,2018,7,2018-07,6625.3,KG,6625.3,7078.4,13047.93,13047.93,12373.82,614.16,59.95,1.87,USD,1,FCA,3.1,404.49,941.67,1346.16,Flexport Customs,REF9773687,36,BULK,PKG91986,2758608,Nigeria importer (import)
2617100000,CD202412000000869080,2024-12-14,2024-12-01,import,51,Consumption,261710,Antimony ores and concentrates,Nigeria,Nigeria,China,TRANSPORT SERVICES LIMITED,[in full dataset],[in full dataset],Ikoyi,Nigeria,[in full dataset],Easyhome New Retail Group Corporation Limited,[in full dataset],[in full dataset],Beijing,China,[in full dataset],SEA,Dalian,Yingkou,2024,12,2024-12,14310.7,KG,14310.7,16369.7,1559.61,1559.61,1465.34,91.85,2.42,0.1,INR,20.5349,DAP,4.9,76.42,163.6,240.02,AN Deringer,REF5227638,289,ROLLS,PKG91047,70218400,Nigeria exporter (export)
2922500000,CD202201000000004295,2022-01-15,2022-01-27,export,51,Consumption,292250,"Amino-alcohol-phenols, amino-acid-phenols and other amino-compounds with oxygen function",United Kingdom,United Kingdom,Nigeria,G & G FOOD SUPPLIES LIMITED,[in full dataset],[in full dataset],EAST GRINSTEAD,United Kingdom,[in full dataset],ESTER'S BETHEL ENTERPRISE,[in full dataset],[in full dataset],Olomore,Nigeria,,AIR,Main Container Port,Main Container Port,2022,1,2022-01,16011.1,KG,16011.1,16972.1,21806.27,21806.27,20919.61,810.69,75.97,1.31,USD,1,CIF,6.6,1439.21,4184.19,5623.4,Flexport Customs,REF9667178,228,DRUMS,PKG54854,493083.87,Nigeria importer (import)
2615900000,CD202109000000333136,2021-09-17,2021-09-23,import,70,Temporary,261590,"Niobium, tantalum, vanadium ores and concentrates",Nigeria,Nigeria,China,ELPER OILFIELD ENGINEERING (NIGERIA) LIMITED,[in full dataset],[in full dataset],Lagos,Nigeria,[in full dataset],"Suzhou Jinyue Trading Co., Ltd",[in full dataset],[in full dataset],Suzhou,China,,ROAD,Shanghai,Tianjin,2021,9,2021-09,1054.5,KG,1054.5,1147.3,2872.47,2872.47,2669.53,197.86,5.08,2.53,GBP,26.0204,FOB,3.3,94.79,0,94.79,DB Schenker Customs,REF9275001,205,BALES,PKG13481,20610188,Nigeria exporter (export)
9018200000,CD202007000000167795,2020-07-20,2020-07-24,export,40,Consumption,901820,"Medical, surgical instruments and appliances; ultra-violet or infra-red ray apparatus",China,China,Nigeria,"Shanghai C&D INNOSTIC Medical Technology Group Co., Ltd.",[in full dataset],[in full dataset],Shanghai,China,[in full dataset],CHAPCHAP DIGITAL COMMERCE LIMITED,[in full dataset],[in full dataset],Kano,Nigeria,[in full dataset],SEA,Main Container Port,Main Container Port,2020,7,2020-07,10860,KG,10860,11341.5,42880.56,42880.56,39460.6,3284.23,135.73,3.63,INR,71.9543,DAP,2.3,986.25,3070.68,4056.93,AN Deringer,REF5177652,466,CRATES,PKG50479,26092899,Nigeria importer (import)
2614000000,CD202109000000332435,2021-09-12,2021-09-21,import,42,Transit,261400,Titanium ores and concentrates,Nigeria,Nigeria,China,RINA CTSI NIGERIA LIMITED,[in full dataset],[in full dataset],Lagos,Nigeria,[in full dataset],"Ccoop Group Co.,Ltd.",[in full dataset],[in full dataset],Xi'an,China,[in full dataset],RAIL,Shenzhen,Shenzhen,2021,9,2021-09,13471.9,KG,13471.9,14271.3,19344.81,19344.81,18001.04,1274.93,68.84,1.34,EUR,107.1346,DDP,5.5,1063.96,2040.88,3104.84,Expeditors Customs,REF9126394,404,BALES,PKG2325,20610188,Nigeria exporter (export)
2903780000,CD202304000000161747,2023-04-05,2023-04-10,export,10,Re-export,290378,"Halogenated derivatives of acyclic hydrocarbons containing two or more different halogens; perhalogenated derivatives, other than those only with fluorine and chlorine, n.e.c. in item no. 2903.71 to 2903.76",China,China,Nigeria,"DSM Vitamins (Shandong) Co., Ltd.",[in full dataset],[in full dataset],Liaocheng,China,,ESTERS CATERING AND EVENT MANAGEMENT,[in full dataset],[in full dataset],Lagos,Nigeria,,RAIL,Main Container Port,Main Container Port,2023,4,2023-04,6153.1,KG,6153.1,6652.3,12026.02,12026.02,11686.77,305.86,33.39,1.9,JPY,59.8604,CIF,3.1,372.81,2231.79,2604.6,DHL Customs Svc,REF2440127,192,BALES,PKG90152,18274065,Nigeria importer (import)
8475900000,CD201606000000464108,2016-06-24,2016-06-28,export,70,Re-export,847590,"Machines; parts, of those for assembling electric or electronic lamps, tubes, valves or flash-bulbs, in glass envelopes and manufacturing or hot working glass or glassware",Germany,Germany,Nigeria,AUDI Aktiengesellschaft,[in full dataset],[in full dataset],Ingolstadt,Germany,[in full dataset],DE COON SERVICES LIMITED,[in full dataset],[in full dataset],Port Harcourt,Nigeria,[in full dataset],SEA,Main Container Port,Main Container Port,2016,6,2016-06,23971.9,KG,23971.9,25832.1,63942.73,63942.73,59113.21,4582.98,246.54,2.47,CNY,91.5363,CFR,2.7,1726.45,4596.84,6323.29,DHL Customs Svc,REF2175279,359,BAGS,PKG99898,30722218.36,Nigeria importer (import)
2608000000,CD202210000000271767,2022-10-14,2022-10-26,import,61,Consumption,260800,Zinc ores and concentrates,Nigeria,Nigeria,China,PRIME ATLANTIC CEGELEC NIGERIA LIMITED,[in full dataset],[in full dataset],Victoria Island,Nigeria,[in full dataset],Italy Ovise Fashion Sanitary Ware Xun County Flagship Store,[in full dataset],[in full dataset],Hebi,China,,RAIL,Tianjin,Shanghai,2022,10,2022-10,18293.1,KG,18293.1,19798.8,1522.29,1522.29,1465.48,46.96,9.85,0.08,USD,1,CPT,3.8,57.85,158.01,215.86,Kuehne+Nagel Brokerage,REF6417892,323,ROLLS,PKG47682,14307299,Nigeria exporter (export)
8474320000,CD202101000001386949,2021-01-11,2021-01-25,export,70,Warehouse,847432,Machines; for mixing mineral substances with bitumen,China,China,Nigeria,Agricultural Bank Of China Limited,[in full dataset],[in full dataset],Beijing,China,[in full dataset],MODANDOLA GROUP,[in full dataset],[in full dataset],Lagos,Nigeria,[in full dataset],AIR,Main Container Port,Main Container Port,2021,1,2021-01,2583.7,KG,2583.7,2702.2,163044.26,163044.26,158231.66,4615.15,197.45,61.24,GBP,0.8911,EXW,3.7,6032.64,8453.85,14486.49,CEVA Customs,REF7781626,339,CARTONS,PKG10020,152289143,Nigeria importer (import)
8535100000,CD201705000001277911,2017-05-12,2017-05-27,export,70,Re-export,853510,"Electrical apparatus; fuses, for a voltage exceeding 1000 volts",China,China,Nigeria,"Luxshare Precision Industry Co., Ltd.",[in full dataset],[in full dataset],Shenzhen,China,[in full dataset],MTN NIGERIA COMMUNICATIONS PLC,[in full dataset],[in full dataset],Ikoyi,Nigeria,[in full dataset],AIR,Main Container Port,Main Container Port,2017,5,2017-05,12251.7,KG,12251.7,13239.2,37554.98,37554.98,35835.61,1617.63,101.74,2.92,CNY,123.3411,FOB,2,751.1,7661.22,8412.32,Livingston Intl,REF3055791,64,CARTONS,PKG69114,130976781,Nigeria importer (import)
6814900000,CD201805000000627501,2018-05-08,2018-05-13,export,51,Re-export,681490,"Mica; worked mica and articles of mica (excluding plates, sheets and strips) whether or not on a support of paper, paperboard or other materials",China,China,Nigeria,"Sichuan Lu Qiao Sheng Tong Construction Engineering Co., Ltd.",[in full dataset],[in full dataset],Chengdu,China,[in full dataset],GLOBAL MANPOWER NIGERIA LTD,[in full dataset],[in full dataset],Lagos,Nigeria,[in full dataset],SEA,Main Container Port,Main Container Port,2018,5,2018-05,18104.5,KG,18104.5,19276.8,1353.86,1353.86,1291.28,56.45,6.13,0.07,INR,118.7837,FOB,3.3,44.68,97.9,142.58,DHL Customs Svc,REF3115573,95,DRUMS,PKG22620,2820557,Nigeria importer (import)
0408910000,CD202603000000022248,2026-03-20,2026-03-26,export,61,Transit,040891,"Eggs; birds' eggs (not in shell, excluding yolks only), dried, whether or not containing added sugar or other sweetening matter",Belgium,Belgium,Nigeria,Ferme Du Trou Bosquet,[in full dataset],[in full dataset],Geer,Belgium,,FAN MILK LTD,[in full dataset],[in full dataset],Lagos,Nigeria,[in full dataset],AIR,Main Container Port,Main Container Port,2026,3,2026-03,15969.5,KG,15969.5,17749.4,10629.69,10629.69,9860.07,713.87,55.75,0.62,USD,1,CPT,17.2,1828.31,2242.44,4070.75,Expeditors Customs,REF6126316,297,ROLLS,PKG42475,661564.97,Nigeria importer (import)
2714900000,CD201712000001096856,2017-12-11,2017-12-18,import,51,Transit,271490,"Bitumen and asphalt, natural; asphaltites and asphaltic rock",Nigeria,Nigeria,Netherlands,OANDO OIL LIMITED,[in full dataset],[in full dataset],Victoria Island,Nigeria,[in full dataset],Kuwait Petroleum Europe B.V.,[in full dataset],[in full dataset],Rotterdam,Netherlands,,SEA,Rotterdam,Amsterdam,2017,12,2017-12,22996.8,KG,22996.8,23662.3,15423.06,15423.06,14440.8,877.01,105.25,0.63,CNY,60.2318,CPT,4.9,755.73,1617.88,2373.61,DHL Customs Svc,REF5471386,197,CRATES,PKG85847,117950921.61,Nigeria exporter (export)
2617100000,CD202604000000000356,2026-04-21,2026-04-04,import,70,Transit,261710,Antimony ores and concentrates,Nigeria,Nigeria,Brazil,PANALPINA WORLD TRANSPORT (NIGERIA) LTD,[in full dataset],[in full dataset],Lagos,Nigeria,[in full dataset],COMPANHIA BRASILEIRA DE DISTRIBUICAO,[in full dataset],[in full dataset],SAO PAULO,Brazil,,AIR,Itajai,Santos,2026,4,2026-04,4812.7,KG,4812.7,5239.1,668.82,668.82,647.54,17.31,3.97,0.13,USD,1,CPT,5,33.44,105.34,138.78,CEVA Customs,REF3870464,286,DRUMS,PKG70772,486714,Nigeria exporter (export)
7306110000,CD202505000000344684,2025-05-23,2025-05-28,export,10,Re-export,730611,"Steel; stainless; line pipe of a kind used for oil or gas pipelines n.e.c. in chapter 73, welded, (not seamless)",Italy,Italy,Nigeria,PRYSMIAN SPA,[in full dataset],[in full dataset],MILANO,Italy,[in full dataset],QUALCHEM GLOBAL CONCEPT LTD,[in full dataset],[in full dataset],Lagos,Nigeria,[in full dataset],SEA,Main Container Port,Main Container Port,2025,5,2025-05,16668.6,KG,16668.6,18845.3,30478.04,30478.04,28785.05,1593.71,99.28,1.73,USD,1,DDP,10.5,3200.19,2357.48,5557.67,DSV Customs,REF7312345,24,BULK,PKG24388,18356287.87,Nigeria importer (import)
4001300000,CD202007000000038159,2020-07-25,2020-07-08,import,10,Warehouse,400130,"Balata, gutta-percha, guayule, chicle and similar natural gums; in primary forms or in plates, sheets or strip",Nigeria,Nigeria,Poland,Duben Group Ltd,[in full dataset],[in full dataset],Lagos,Nigeria,,ORLEN S A,[in full dataset],[in full dataset],Płock,Poland,[in full dataset],SEA,Gdynia,Gdansk,2020,7,2020-07,241,KG,241,263.4,1734.61,1734.61,1618.74,109.25,6.62,6.72,INR,120.6457,CIF,10.1,175.2,381.96,557.16,Kuehne+Nagel Brokerage,REF5682785,376,BULK,PKG73332,128678,Nigeria exporter (export)
3815120000,CD202409000000029098,2024-09-10,2024-09-15,export,42,Warehouse,381512,"Catalysts, supported; reaction initiators, reaction accelerators and catalytic preparations, with precious metal or precious metal compounds as the active substance, n.e.c. or included",Belgium,Belgium,Nigeria,Fujifilm Electronic Materials (Europe),[in full dataset],[in full dataset],Beveren-Kruibeke-Zwijndrecht,Belgium,[in full dataset],NORTHERN ENAMELWARE CO LTD,[in full dataset],,,Nigeria,,SEA,Main Container Port,Main Container Port,2024,9,2024-09,20547.5,KG,20547.5,23439,7553.2,7553.2,7025.28,497.01,30.91,0.34,GBP,117.7961,FCA,4.6,347.45,1185.1,1532.55,Flexport Customs,REF1210093,336,PALLETS,PKG61069,1451555,Nigeria importer (import)
1301200000,CD201507000000010287,2015-07-14,2015-07-20,import,10,Transit,130120,Gum Arabic,Nigeria,Nigeria,Germany,MAHAD ALLAHU ASBY SCHOOL ARABIC AND ISLAMIC STUDIES LTD,[in full dataset],[in full dataset],Gaa,Nigeria,,Natural Gums Dr. W. Agster GmbH,[in full dataset],[in full dataset],Reutlingen,Germany,[in full dataset],ROAD,Wilhelmshaven,Bremerhaven,2015,7,2015-07,24658.2,KG,24658.2,26037.4,9234.21,9234.21,8904.05,307.78,22.38,0.36,JPY,129.9401,CPT,3.9,360.13,671.6,1031.73,AN Deringer,REF5923258,450,ROLLS,PKG11450,274420.57,Nigeria exporter (export)
7322900000,CD202505000000344093,2025-05-07,2025-05-11,export,40,Temporary,732290,"Air heaters and hot air distributors, (not electrically heated), incorporating a motor-driven fan or blower and parts thereof, of iron or steel",Italy,Italy,Nigeria,PRYSMIAN SPA,[in full dataset],[in full dataset],MILANO,Italy,[in full dataset],IRON PRODUCTS INDUSTRIES LIMITED,[in full dataset],[in full dataset],Ikoyi,Nigeria,[in full dataset],ROAD,Main Container Port,Main Container Port,2025,5,2025-05,2260.1,KG,2260.1,2484.4,50669.62,50669.62,46079,4336.97,253.65,20.39,CNY,3.1492,CPT,13.1,6637.72,6876.88,13514.6,Livingston Intl,REF6144058,38,CARTONS,PKG34008,18356287.87,Nigeria importer (import)
8806220000,CD201905000000006283,2019-05-16,2019-05-28,export,10,Transit,880622,"Unmanned aircraft; for remote-controlled flight only, for other than for carriage of passengers, with the maximum take-off weight of more than 250g but not more than 7kg",United States,United States,Nigeria,"V2X, Inc.",[in full dataset],[in full dataset],Reston,United States,[in full dataset],SG HOLDINGS LIMITED,[in full dataset],[in full dataset],Lekki,Nigeria,[in full dataset],SEA,Main Container Port,Main Container Port,2019,5,2019-05,23073.2,KG,23073.2,25562.4,58025.98,58025.98,53792.12,4133.9,99.96,2.33,USD,1,FOB,0,0,0,0,Flexport Customs,REF4484231,58,ROLLS,PKG20323,5189510,Nigeria importer (import)
2601119000,CD202210000000270756,2022-10-26,2022-10-02,import,40,Transit,260111,Iron ores and concentrates; non-agglomerated,Nigeria,Nigeria,China,RINA CTSI NIGERIA LIMITED,[in full dataset],[in full dataset],Lagos,Nigeria,[in full dataset],"Hubei Huangshang Group Co.,Ltd",[in full dataset],[in full dataset],Huanggang,China,[in full dataset],ROAD,Xiamen,Yingkou,2022,10,2022-10,6480.6,KG,6480.6,7203.8,5698.95,5698.95,5296.55,371.32,31.08,0.82,JPY,0.8207,DDP,3.8,216.56,1064.79,1281.35,Expeditors Customs,REF7160679,392,BAGS,PKG8137,14307299,Nigeria exporter (export)
7325100000,CD202505000000344755,2025-05-18,2025-05-27,export,51,Warehouse,732510,Iron; articles of non-malleable cast iron,Italy,Italy,Nigeria,LA VENETA RETI SRL,[in full dataset],[in full dataset],LOREGGIA,Italy,[in full dataset],QUALCHEM GLOBAL CONCEPT LTD,[in full dataset],[in full dataset],Lagos,Nigeria,[in full dataset],RAIL,Main Container Port,Main Container Port,2025,5,2025-05,5039.7,KG,5039.7,5353,1037.97,1037.97,980.61,53.33,4.03,0.19,GBP,64.332,CFR,13.3,138.05,141.12,279.17,CEVA Customs,REF3352172,254,CARTONS,PKG65952,18356287.87,Nigeria importer (import)
3815900000,CD202409000000207782,2024-09-14,2024-09-01,export,10,Transit,381590,"Reaction initiators, reaction accelerators and catalytic preparations, unsupported, n.e.c. or included",China,China,Nigeria,"Beijing Oriental Yuhong Waterproof Technology Co., Ltd",[in full dataset],[in full dataset],Beijing,China,[in full dataset],NORTHERN ENAMELWARE CO LTD,[in full dataset],,,Nigeria,,SEA,Main Container Port,Main Container Port,2024,9,2024-09,13376.1,KG,13376.1,14767.8,12274.13,12274.13,11808.74,378.61,86.78,0.88,EUR,110.4224,FOB,4.3,527.79,2560.38,3088.17,Descartes,REF6552037,264,BALES,PKG95334,14471660,Nigeria importer (import)
1302110000,CD201507000000023754,2015-07-11,2015-07-21,export,40,Re-export,130211,Vegetable saps and extracts; opium,United Kingdom,United Kingdom,Nigeria,CHAUMET (LONDON) LIMITED,[in full dataset],[in full dataset],LONDON,United Kingdom,[in full dataset],QURANIC RECITATION & ARABIC LANGUAGE ACADEMY LTD,[in full dataset],[in full dataset],Kano,Nigeria,,SEA,Main Container Port,Main Container Port,2015,7,2015-07,3321.9,KG,3321.9,3655.2,7368.61,7368.61,7042.84,316.28,9.49,2.12,USD,1,CIF,3.2,235.8,380.22,616.02,Livingston Intl,REF1750772,254,ROLLS,PKG69448,742006.77,Nigeria importer (import)
8451500000,CD202101000000412755,2021-01-13,2021-01-22,export,42,Transit,845150,"Machines; for reeling, unreeling, folding, cutting or pinking textile fabrics",United States,United States,Nigeria,Honeywell International Inc.,[in full dataset],[in full dataset],Charlotte,United States,[in full dataset],RITE FOODS LIMITED,[in full dataset],[in full dataset],Ikeja,Nigeria,[in full dataset],SEA,Main Container Port,Main Container Port,2021,1,2021-01,2195.7,KG,2195.7,2377.3,182974.05,182974.05,171956.66,10057.81,959.58,78.32,USD,1,FOB,2.4,4391.38,18736.54,23127.92,DHL Customs Svc,REF1168621,309,CRATES,PKG31133,34172615,Nigeria importer (import)
2620190000,CD202412000000866653,2024-12-04,2024-12-17,import,40,Temporary,262019,"Slag, ash and residues; (not from the manufacture of iron or steel), containing mainly zinc, other than hard zinc spelter",Nigeria,Nigeria,China,TRANSPORT SERVICES LIMITED,[in full dataset],[in full dataset],Ikoyi,Nigeria,[in full dataset],"Harbin Gongbai Xingda Trading Co., Ltd.",[in full dataset],[in full dataset],Harbin,China,,AIR,Xiamen,Guangzhou,2024,12,2024-12,17160,KG,17160,17660.1,11351.42,11351.42,10358.64,971.22,21.56,0.6,USD,1,DDP,6,681.09,2406.5,3087.59,Kuehne+Nagel Brokerage,REF2600086,454,ROLLS,PKG48996,70218400,Nigeria exporter (export)
4003000000,CD201804000000050153,2018-04-26,2018-04-09,import,10,Re-export,400300,"Rubber; reclaimed rubber, in primary forms or in plates, sheets or strip",Nigeria,Nigeria,Italy,THE OKOMU OIL PALM COMPANY PLC,[in full dataset],[in full dataset],Benin City,Nigeria,[in full dataset],PIRELLI TYRE SPA,[in full dataset],[in full dataset],MILANO,Italy,[in full dataset],AIR,Trieste,Gioia Tauro,2018,4,2018-04,14435.5,KG,14435.5,15853.8,907.56,907.56,835.66,66.93,4.97,0.06,USD,1,FCA,13.7,124.34,72.23,196.57,DSV Customs,REF5190988,390,CARTONS,PKG45105,151151.94,Nigeria exporter (export)
7305190000,CD202505000000344510,2025-05-21,2025-05-25,export,61,Warehouse,730519,"Iron or steel (excluding cast iron); line pipe of a kind used for oil or gas pipelines (not seamless), (not longitudinally welded), having circular cross-sections, external diameter exceeds 406.4mm",Italy,Italy,Nigeria,TRIVIUM PACKAGING ITALY SRL,[in full dataset],[in full dataset],MONTECCHIO EMILIA,Italy,[in full dataset],QUALCHEM GLOBAL CONCEPT LTD,[in full dataset],[in full dataset],Lagos,Nigeria,[in full dataset],AIR,Main Container Port,Main Container Port,2025,5,2025-05,14948.3,KG,14948.3,15983.4,5826.28,5826.28,5329.97,488.87,7.44,0.36,EUR,110.7831,EXW,9.6,559.32,766.27,1325.59,Livingston Intl,REF3933081,465,BAGS,PKG71718,18356287.87,Nigeria importer (import)
3804000000,CD202409000000121447,2024-09-26,2024-09-12,export,40,Temporary,380400,"Lyes, residual; from the manufacture of wood pulp, whether or not concentrated, desugared or chemically treated, including lignin sulphonates but excluding tall oil of heading no. 3803",United States,United States,Nigeria,"Koch Industries, LLC",[in full dataset],[in full dataset],Wichita,United States,[in full dataset],RMM GLOBAL COMPANY LIMITED,[in full dataset],[in full dataset],Kano,Nigeria,[in full dataset],RAIL,Main Container Port,Main Container Port,2024,9,2024-09,7566.7,KG,7566.7,8153.5,8222.42,8222.42,7899.75,270.46,52.21,1.04,JPY,85.7706,CIF,4,328.9,1026.16,1355.06,AN Deringer,REF5154195,26,PALLETS,PKG7229,7192690,Nigeria importer (import)
1504200000,CD201607000000361416,2016-07-20,2016-07-23,import,42,Transit,150420,"Fats and oils and their fractions; of fish, (excluding liver-oils)",Nigeria,Nigeria,Germany,INTERNATIONAL FRACTIONATION AND MARGARINE PRODUCTS LTD,[in full dataset],[in full dataset],Lagos,Nigeria,,Autohaus Rape GmbH,[in full dataset],[in full dataset],Vechta,Germany,[in full dataset],AIR,Hamburg,Bremerhaven,2016,7,2016-07,6715.9,KG,6715.9,7464.4,12110.29,12110.29,11234.9,799.74,75.65,1.67,JPY,42.5128,CPT,5.1,617.62,1909.19,2526.81,Kuehne+Nagel Brokerage,REF9730217,309,DRUMS,PKG14021,2543876.47,Nigeria exporter (export)
8485800000,CD202101000001385105,2021-01-07,2021-01-21,export,70,Temporary,848580,"Machines for additive manufacturing; by other than metal, plastic, rubber, plaster, cement, ceramics or glass deposits",China,China,Nigeria,"Jiangsu Hengli Hydraulic Co., Ltd.",[in full dataset],[in full dataset],Changzhou,China,[in full dataset],MIDIS ENERGY SERVICES LIMITED,[in full dataset],[in full dataset],Port Harcourt,Nigeria,[in full dataset],ROAD,Main Container Port,Main Container Port,2021,1,2021-01,4393.8,KG,4393.8,4964.4,8293.59,8293.59,7827.48,426.58,39.53,1.78,USD,1,DDP,3.2,265.39,1283.85,1549.24,Expeditors Customs,REF1364164,418,ROLLS,PKG17742,152289143,Nigeria importer (import)
0406900000,CD202601000000122497,2026-01-02,2026-01-15,export,10,Consumption,040690,"Dairy produce; cheese (not grated, powdered or processed), n.e.c. in heading no. 0406",Germany,Germany,Nigeria,HOCHLAND Holding GmbH & Co. KG,[in full dataset],[in full dataset],Heimenkirch,Germany,[in full dataset],FRIESLANDCAMPINA WAMCO NIGERIA PLC,[in full dataset],[in full dataset],Ikeja,Nigeria,[in full dataset],SEA,Main Container Port,Main Container Port,2026,1,2026-01,8635.4,KG,8635.4,9355,45809.28,45809.28,44262.75,1240.45,306.08,5.13,USD,1,DDP,22.6,10352.9,5616.22,15969.12,Flexport Customs,REF3384719,494,CASES,PKG15077,3938874.96,Nigeria importer (import)
2620990000,CD202412000000871401,2024-12-19,2024-12-28,import,42,Temporary,262099,"Slag, ash and residues; (not from the manufacture of iron or steel), containing mainly metals or their compounds, n.e.c. in heading no. 2620",Nigeria,Nigeria,China,Vigeo Holdings Limited,[in full dataset],[in full dataset],Lagos,Nigeria,[in full dataset],Shanghai Bailian Group Incorporated Company,[in full dataset],[in full dataset],Shanghai,China,[in full dataset],ROAD,Shanghai,Tianjin,2024,12,2024-12,9323.3,KG,9323.3,10043.1,315.63,315.63,305.76,8.2,1.67,0.03,INR,3.7468,CIF,5.6,17.68,23.33,41.01,AN Deringer,REF2412431,275,BAGS,PKG71681,70218400,Nigeria exporter (export)
1513210000,CD201607000000361454,2016-07-02,2016-07-10,import,42,Consumption,151321,"Vegetable oils; palm kernel or babassu oil and their fractions, crude, not chemically modified",Nigeria,Nigeria,Germany,GLORIA MARGARINE COMPANY,[in full dataset],[in full dataset],Aba,Nigeria,,Autohaus Rape GmbH,[in full dataset],[in full dataset],Vechta,Germany,[in full dataset],SEA,Bremerhaven,Hamburg,2016,7,2016-07,18041.2,KG,18041.2,18924.7,11217.6,11217.6,10945.96,239.62,32.02,0.61,GBP,50.0439,FCA,3.7,415.05,814.29,1229.34,Descartes,REF6495086,188,PALLETS,PKG68072,2543876.47,Nigeria exporter (export)
2603000000,CD202502000000036003,2025-02-07,2025-02-19,import,70,Warehouse,260300,Copper ores and concentrates,Nigeria,Nigeria,Malaysia,PANALPINA WORLD TRANSPORT (NIGERIA) LTD,[in full dataset],[in full dataset],Lagos,Nigeria,[in full dataset],MUHIBBAH ENGINEERING (M) BHD.,[in full dataset],[in full dataset],Klang,Malaysia,[in full dataset],SEA,Penang,Tanjung Pelepas,2025,2,2025-02,24311.7,KG,24311.7,26326.5,3291.37,3291.37,3025.45,257.86,8.06,0.12,JPY,107.5852,CIF,5.1,167.86,345.92,513.78,Kuehne+Nagel Brokerage,REF3495384,266,DRUMS,PKG7494,1764612.02,Nigeria exporter (export)
8438600000,CD202101000000018999,2021-01-19,2021-01-28,export,42,Warehouse,843860,"Machinery; industrial, for the preparation of fruits, nuts or vegetables",South Korea,South Korea,Nigeria,KIA CORPORATION,[in full dataset],[in full dataset],Seoul,South Korea,[in full dataset],PR 24 NIGERIA LIMITED,[in full dataset],[in full dataset],Lagos,Nigeria,[in full dataset],SEA,Main Container Port,Main Container Port,2021,1,2021-01,10471.9,KG,10471.9,11141.7,159476.59,159476.59,151013.53,7561.73,901.33,14.42,JPY,70.978,CPT,2.6,4146.39,0,4146.39,CEVA Customs,REF7498378,136,BAGS,PKG51265,1392971,Nigeria importer (import)
9027890000,CD202007000000167718,2020-07-23,2020-07-07,export,51,Warehouse,902789,"Instruments and apparatus; for physical or chemical analysis, for measuring or checking viscosity, porosity, expansion, surface tension or quantities of heat, sound or light, exposure meters",China,China,Nigeria,"Anhui Intco Medical Products Co.,ltd.",[in full dataset],[in full dataset],Huaibei,China,,Habideen Commercial Agency Ltd,[in full dataset],[in full dataset],Lagos,Nigeria,,SEA,Main Container Port,Main Container Port,2020,7,2020-07,6976.8,KG,6976.8,7876.2,15712.33,15712.33,15156.95,526.16,29.22,2.17,CNY,19.1838,DDP,1.5,235.68,1913.76,2149.44,Descartes,REF7993360,272,BALES,PKG7822,26092899,Nigeria importer (import)
8460290000,CD201606000000549735,2016-06-20,2016-06-07,export,42,Re-export,846029,"Machine-tools; grinding machines (excluding flat-surface), other than numerically controlled",United States,United States,Nigeria,Ingram Micro Holding Corporation,[in full dataset],[in full dataset],Irvine,United States,[in full dataset],ACOUNS NIGERIA LIMITED,[in full dataset],[in full dataset],Lagos,Nigeria,[in full dataset],SEA,Main Container Port,Main Container Port,2016,6,2016-06,8874.3,KG,8874.3,9732.4,94121.61,94121.61,87156.28,6505.42,459.91,9.82,GBP,39.5519,FOB,2.7,2541.28,17399.32,19940.6,Expeditors Customs,REF3047545,338,DRUMS,PKG83763,38931544,Nigeria importer (import)
1518000000,CD201607000000361411,2016-07-07,2016-07-22,import,61,Temporary,151800,"Animal, vegetable or microbial fats, oils and their fractions; boiled, oxidised, dehydrated or otherwise chemically modified, excluding those of heading no. 1516, inedible mixtures or preparations of fats, oils or their fractions, n.e.c. in chapter 15",Nigeria,Nigeria,Germany,GLORIA MARGARINE COMPANY,[in full dataset],[in full dataset],Aba,Nigeria,,The Beef Tallow Company GmbH,[in full dataset],[in full dataset],Alzenau,Germany,,SEA,Hamburg,Hamburg,2016,7,2016-07,16884.3,KG,16884.3,18080.5,6378.53,6378.53,6076.78,260.39,41.36,0.36,GBP,40.8233,FCA,5.4,344.44,672.3,1016.74,Descartes,REF7527029,411,BAGS,PKG37632,2543876.47,Nigeria exporter (export)
9007200000,CD202007000000167710,2020-07-06,2020-07-16,export,10,Temporary,900720,"Projectors, cinematographic; whether or not incorporating sound recording or reproducing apparatus",China,China,Nigeria,"De'longhikenwood Appliances (dongguan) Co., Ltd.",[in full dataset],[in full dataset],Dongguan,China,[in full dataset],CHAPCHAP DIGITAL COMMERCE LIMITED,[in full dataset],[in full dataset],Kano,Nigeria,[in full dataset],RAIL,Main Container Port,Main Container Port,2020,7,2020-07,20900.8,KG,20900.8,23893,6104.27,6104.27,5894.75,174.77,34.75,0.28,GBP,11.7755,FCA,2.5,152.61,437.98,590.59,Kuehne+Nagel Brokerage,REF9366972,202,BULK,PKG72237,26092899,Nigeria importer (import)
8443150000,CD202101000001384351,2021-01-07,2021-01-17,export,61,Transit,844315,"Printing machinery; letterpress, other than reel-fed, excluding flexographic printing",China,China,Nigeria,"XCMG Construction Machinery Co.,Ltd.",[in full dataset],[in full dataset],Xuzhou,China,[in full dataset],CHIEME MOTORS NIGERIA LIMITED,[in full dataset],[in full dataset],Abia,Nigeria,,SEA,Main Container Port,Main Container Port,2021,1,2021-01,21686.9,KG,21686.9,24409.6,5273,5273,4789.92,474.74,8.34,0.22,USD,1,CPT,2.1,110.73,0,110.73,DHL Customs Svc,REF8505304,419,PALLETS,PKG26124,152289143,Nigeria importer (import)
4002190000,CD202011000000221674,2020-11-24,2020-11-06,import,70,Warehouse,400219,"Rubber; synthetic, styrene-butadiene rubber (SBR) and carboxylated styrene-butadiene rubber (XSBR), (other than latex), in primary forms or in plates, sheets or strip",Nigeria,Nigeria,Germany,INDORAMA ELEME PETROCHEMICALS LIMITED,[in full dataset],[in full dataset],Port Harcourt,Nigeria,[in full dataset],BASF SE,[in full dataset],[in full dataset],Ludwigshafen am Rhein,Germany,[in full dataset],SEA,Hamburg,Wilhelmshaven,2020,11,2020-11,20336.4,KG,20336.4,21114.8,14614.3,14614.3,13473.15,1042.2,98.95,0.66,JPY,15.176,DAP,9.7,1417.59,801.59,2219.18,Flexport Customs,REF2292711,461,CARTONS,PKG4834,707546.55,Nigeria exporter (export)
2710910000,CD201712000001061974,2017-12-22,2017-12-07,import,51,Transit,271091,"Waste Oils; of petroleum or obtained from bituminous minerals, not crude; and preparations n.e.c., weight 70% or preparations of the same, containing polychlorinated biphenyls (PCBs), polychorinated terphenyls (PCTs) or polybrominated biphenyls (PBBs)",Nigeria,Nigeria,China,SEPLAT ENERGY PLC,[in full dataset],[in full dataset],Lagos,Nigeria,[in full dataset],"LONGI GREEN ENERGY TECHNOLOGY CO., LTD.",[in full dataset],[in full dataset],Xi'an,China,[in full dataset],SEA,Yingkou,Shanghai,2017,12,2017-12,15232.8,KG,15232.8,16764.4,22537.4,22537.4,20798.39,1584.01,155,1.37,USD,1,CIF,7,1577.62,4823,6400.62,AN Deringer,REF2902818,248,CASES,PKG42342,113051320,Nigeria exporter (export)
9021100000,CD202007000000167822,2020-07-13,2020-07-24,export,40,Transit,902110,Orthopaedic or fracture appliances,China,China,Nigeria,"Hisense Home Appliances Group Co.,Ltd.",[in full dataset],[in full dataset],Foshan,China,[in full dataset],CHAPCHAP DIGITAL COMMERCE LIMITED,[in full dataset],[in full dataset],Kano,Nigeria,[in full dataset],SEA,Main Container Port,Main Container Port,2020,7,2020-07,3502.2,KG,3502.2,3623.1,174482,174482,169513.14,4092.48,876.38,48.4,INR,89.0184,CFR,1.5,2617.23,0,2617.23,Livingston Intl,REF3528217,295,CARTONS,PKG3492,26092899,Nigeria importer (import)
8436990000,CD202101000001385828,2021-01-16,2021-01-19,export,61,Transit,843699,"Machinery; parts of that machinery for agricultural, horticultural or forestry use n.e.c. in heading no. 8436",China,China,Nigeria,Shenzhen BYD Auto Industrial Co.Ltd,[in full dataset],[in full dataset],Shenzhen,China,,ACOUNS NIGERIA LIMITED,[in full dataset],[in full dataset],Lagos,Nigeria,[in full dataset],SEA,Main Container Port,Main Container Port,2021,1,2021-01,20406.9,KG,20406.9,20821.7,21179.79,21179.79,19581.82,1565.44,32.53,0.96,INR,22.0769,DDP,4,847.19,2643.24,3490.43,AN Deringer,REF5494436,329,CARTONS,PKG87674,152289143,Nigeria importer (import)
2620990000,CD202412000000870551,2024-12-04,2024-12-16,import,61,Transit,262099,"Slag, ash and residues; (not from the manufacture of iron or steel), containing mainly metals or their compounds, n.e.c. in heading no. 2620",Nigeria,Nigeria,China,PRIME ATLANTIC CEGELEC NIGERIA LIMITED,[in full dataset],[in full dataset],Victoria Island,Nigeria,[in full dataset],"Yi Rui Trading (Shanghai) Co., Ltd.",[in full dataset],[in full dataset],Shanghai,China,[in full dataset],ROAD,Tianjin,Tianjin,2024,12,2024-12,12738.4,KG,12738.4,13575.9,3465.07,3465.07,3367.76,82.76,14.55,0.26,USD,1,CPT,6.1,211.37,367.64,579.01,AN Deringer,REF8233744,376,BALES,PKG60815,70218400,Nigeria exporter (export)
2607000000,CD201912000000182782,2019-12-21,2019-12-08,import,51,Transit,260700,Lead ores and concentrates,Nigeria,Nigeria,China,Vigeo Holdings Limited,[in full dataset],[in full dataset],Lagos,Nigeria,[in full dataset],"Harbin Gongbai Xingda Trading Co., Ltd.",[in full dataset],[in full dataset],Harbin,China,,ROAD,Tianjin,Shenzhen,2019,12,2019-12,21188.9,KG,21188.9,22919,1195.61,1195.61,1156.31,36.03,3.27,0.05,USD,1,DAP,6.1,72.93,88.8,161.73,Descartes,REF6094645,147,BULK,PKG68836,9075130,Nigeria exporter (export)
2620110000,CD201912000000182650,2019-12-01,2019-12-15,import,42,Temporary,262011,"Slag, ash and residues; (not from the manufacture of iron or steel), containing mainly zinc, hard zinc spelter",Nigeria,Nigeria,China,PILGRIMS AFRICA LIMITED,[in full dataset],[in full dataset],Victoria Island,Nigeria,[in full dataset],Shanghai Bailian Group Incorporated Company,[in full dataset],[in full dataset],Shanghai,China,[in full dataset],AIR,Dalian,Shenzhen,2019,12,2019-12,12742,KG,12742,13646.6,1321.11,1321.11,1273.11,41.33,6.67,0.1,JPY,12.9951,DAP,5.5,72.66,97.56,170.22,DB Schenker Customs,REF7831780,126,BAGS,PKG89425,9075130,Nigeria exporter (export)
8479200000,CD202101000001386295,2021-01-25,2021-01-01,export,51,Consumption,847920,Machinery; for the extraction or preparation of animal or fixed vegetable or microbial fats or oils,China,China,Nigeria,"Yonyou Network Technology Co., Ltd.",[in full dataset],[in full dataset],Beijing,China,[in full dataset],DE COON SERVICES LIMITED,[in full dataset],[in full dataset],Port Harcourt,Nigeria,[in full dataset],SEA,Main Container Port,Main Container Port,2021,1,2021-01,6117.4,KG,6117.4,6434.8,18096.12,18096.12,17533.24,433.91,128.97,2.87,INR,10.3634,CFR,2.7,488.6,3716.94,4205.54,Kuehne+Nagel Brokerage,REF4174745,8,CRATES,PKG78969,152289143,Nigeria importer (import)
9005100000,CD202007000000167884,2020-07-13,2020-07-18,export,42,Consumption,900510,Binoculars,China,China,Nigeria,"Mitsuba Electric (Dalian) Co., Ltd.",[in full dataset],[in full dataset],Dalian,China,[in full dataset],SUPPLYASHOP TECHNOLOGIES LTD,[in full dataset],[in full dataset],Lagos,Nigeria,[in full dataset],SEA,Main Container Port,Main Container Port,2020,7,2020-07,4064.7,KG,4064.7,4183.8,7961.03,7961.03,7655.11,281.85,24.07,1.88,JPY,70.0504,CFR,1.6,127.38,404.42,531.8,AN Deringer,REF4572432,422,BALES,PKG36051,26092899,Nigeria importer (import)
3825300000,CD202409000000121589,2024-09-04,2024-09-12,export,51,Temporary,382530,"Residual products of the chemical or allied industries, not elsewhere specified or included; clinical waste",United States,United States,Nigeria,The Dow Chemical Company,[in full dataset],[in full dataset],Midland,United States,[in full dataset],INDORAMA ELEME FERTILIZER & CHEMICALS LIMITED,[in full dataset],[in full dataset],Port Harcourt,Nigeria,[in full dataset],AIR,Main Container Port,Main Container Port,2024,9,2024-09,7499.1,KG,7499.1,8589.5,12240.06,12240.06,11753.82,414.71,71.53,1.57,JPY,39.5957,CIF,5,612,1285.21,1897.21,Flexport Customs,REF8175205,59,DRUMS,PKG76074,7192690,Nigeria importer (import)
2620110000,CD202502000000030095,2025-02-17,2025-02-20,import,61,Temporary,262011,"Slag, ash and residues; (not from the manufacture of iron or steel), containing mainly zinc, hard zinc spelter",Nigeria,Nigeria,Hong Kong,PANALPINA WORLD TRANSPORT (NIGERIA) LTD,[in full dataset],[in full dataset],Lagos,Nigeria,[in full dataset],WISON ENGINEERING SERVICES CO. LTD.,[in full dataset],[in full dataset],Wan Chai,Hong Kong,[in full dataset],ROAD,Hong Kong (Kwai Tsing),Hong Kong (Kwai Tsing),2025,2,2025-02,14335.7,KG,14335.7,16081.3,8443.38,8443.38,7834.11,552.2,57.07,0.55,USD,1,DDP,4.6,388.4,883.18,1271.58,Livingston Intl,REF5026306,243,BAGS,PKG4812,1441546.72,Nigeria exporter (export)
2708200000,CD201712000003010156,2017-12-08,2017-12-19,import,61,Consumption,270820,Pitch coke; obtained from coal tar or from other mineral tars,Nigeria,Nigeria,United States,NIGERIAN NATIONAL PETROLEUM COMPANY LIMITED,[in full dataset],[in full dataset],Abuja,Nigeria,[in full dataset],Exxon Mobil Corporation,[in full dataset],[in full dataset],Spring,United States,[in full dataset],ROAD,"Houston, TX","Houston, TX",2017,12,2017-12,18353.7,KG,18353.7,19126.2,26786.82,26786.82,25964.78,790.19,31.85,1.41,INR,21.9454,DDP,3.4,910.75,3323.71,4234.46,Flexport Customs,REF5937490,227,ROLLS,PKG8899,551900749,Nigeria exporter (export)
2620110000,CD202502000000029958,2025-02-18,2025-02-23,import,70,Re-export,262011,"Slag, ash and residues; (not from the manufacture of iron or steel), containing mainly zinc, hard zinc spelter",Nigeria,Nigeria,Hong Kong,RINA CTSI NIGERIA LIMITED,[in full dataset],[in full dataset],Lagos,Nigeria,[in full dataset],"Qingdao Port International Co., Ltd.",[in full dataset],[in full dataset],Causeway Bay,Hong Kong,[in full dataset],RAIL,Hong Kong (Kwai Tsing),Hong Kong (Kwai Tsing),2025,2,2025-02,21770.2,KG,21770.2,24917.7,6756.77,6756.77,6432.08,283.47,41.22,0.3,INR,128.018,CIF,4,270.27,843.24,1113.51,DB Schenker Customs,REF9994607,225,ROLLS,PKG31876,1441546.72,Nigeria exporter (export)
2604000000,CD202210000000271755,2022-10-08,2022-10-10,import,10,Consumption,260400,Nickel ores and concentrates,Nigeria,Nigeria,China,PANALPINA WORLD TRANSPORT (NIGERIA) LTD,[in full dataset],[in full dataset],Lagos,Nigeria,[in full dataset],"FESCO Group Co., Ltd",[in full dataset],[in full dataset],Beijing,China,[in full dataset],ROAD,Shanghai,Dalian,2022,10,2022-10,15249.3,KG,15249.3,16433.7,11671.96,11671.96,11124.71,507.61,39.64,0.73,USD,1,DDP,3.5,408.52,1812.07,2220.59,Flexport Customs,REF1702224,330,BALES,PKG37080,14307299,Nigeria exporter (export)
8806940000,CD201905000000010659,2019-05-09,2019-05-21,export,70,Temporary,880694,Unmanned aircraft; for other than remote-controlled flight and other than for carriage of passengers with a maximum take-off weight more than 25kg but not more than 150kg,Singapore,Singapore,Nigeria,SIA ENGINEERING COMPANY LIMITED,[in full dataset],[in full dataset],Singapore,Singapore,[in full dataset],SG HOLDINGS LIMITED,[in full dataset],[in full dataset],Lekki,Nigeria,[in full dataset],ROAD,Main Container Port,Main Container Port,2019,5,2019-05,14375.5,KG,14375.5,15777.1,82811.6,82811.6,76948.53,5698.92,164.15,5.35,USD,1,EXW,0,0,12421.74,12421.74,Descartes,REF6592948,78,CRATES,PKG14626,10905835.8,Nigeria importer (import)
1511901000,CD201607000000361419,2016-07-16,2016-07-20,import,70,Consumption,151190,"Vegetable oils; palm oil and its fractions, other than crude, whether or not refined, but not chemically modified",Nigeria,Nigeria,Germany,GLORIA MARGARINE COMPANY,[in full dataset],[in full dataset],Aba,Nigeria,,Autohaus Rape GmbH,[in full dataset],[in full dataset],Vechta,Germany,[in full dataset],AIR,Wilhelmshaven,Wilhelmshaven,2016,7,2016-07,2907.7,KG,2907.7,3341.1,32101.56,32101.56,29257.61,2729.33,114.62,10.06,CNY,17.706,FCA,3.1,995.15,5957.41,6952.56,DB Schenker Customs,REF8459577,284,PALLETS,PKG41132,2543876.47,Nigeria exporter (export)
2621100000,CD202109000000331958,2021-09-07,2021-09-17,import,40,Consumption,262110,Slag and ash; ash and residues from the incineration of municipal waste,Nigeria,Nigeria,China,RINA CTSI NIGERIA LIMITED,[in full dataset],[in full dataset],Lagos,Nigeria,[in full dataset],"E'meishan Womei Commerce And Trade Co., Ltd.",[in full dataset],[in full dataset],Emeishan,China,,SEA,Ningbo-Zhoushan,Guangzhou,2021,9,2021-09,6142.6,KG,6142.6,6701.2,11796.47,11796.47,11419.07,317.76,59.64,1.86,GBP,51.3057,CFR,6.5,766.77,879.43,1646.2,AN Deringer,REF1407491,413,CRATES,PKG20677,20610188,Nigeria exporter (export)
8544420000,CD201705000000045547,2017-05-27,2017-05-02,export,61,Re-export,854442,"Insulated electric conductors; for a voltage not exceeding 1000 volts, fitted with connectors",Turkiye,Turkiye,Nigeria,FEMAS METAL SANAYI VE TICARET ANONIM SIRKETI,[in full dataset],[in full dataset],Kayseri,Turkiye,[in full dataset],TD AFRICA DISTRIBUTIONS LIMITED,[in full dataset],[in full dataset],Victoria Island,Nigeria,[in full dataset],ROAD,Main Container Port,Main Container Port,2017,5,2017-05,8991,KG,8991,9661,8391.36,8391.36,7821.12,513.58,56.66,0.87,EUR,27.154,FCA,2.5,209.78,602.08,811.86,DSV Customs,REF9422895,300,CARTONS,PKG6050,2921595,Nigeria importer (import)
9027890000,CD202007000000167923,2020-07-24,2020-07-03,export,10,Transit,902789,"Instruments and apparatus; for physical or chemical analysis, for measuring or checking viscosity, porosity, expansion, surface tension or quantities of heat, sound or light, exposure meters",China,China,Nigeria,"Gree Electric Appliances, Inc. Of Zhuhai",[in full dataset],[in full dataset],Zhuhai,China,[in full dataset],CHAPCHAP DIGITAL COMMERCE LIMITED,[in full dataset],[in full dataset],Kano,Nigeria,[in full dataset],SEA,Main Container Port,Main Container Port,2020,7,2020-07,16763.3,KG,16763.3,18978.6,127556.14,127556.14,115860.89,11075.41,619.84,6.91,CNY,40.1905,DAP,2.2,2806.24,23465.23,26271.47,Kuehne+Nagel Brokerage,REF8367265,399,PALLETS,PKG87148,26092899,Nigeria importer (import)
1302320000,CD201509000000029993,2015-09-02,2015-09-17,export,42,Re-export,130232,"Mucilages and thickeners; whether or not modified, derived from locust beans, locust bean seeds or guar seeds",United Kingdom,United Kingdom,Nigeria,CHAUMET (LONDON) LIMITED,[in full dataset],[in full dataset],LONDON,United Kingdom,[in full dataset],MARKAZ ABDULLATEEF FOR QURANIC MEMORIZATION & ARABIC STUDIES LIMITED,[in full dataset],[in full dataset],Ogba,Nigeria,,SEA,Main Container Port,Main Container Port,2015,9,2015-09,5299.8,KG,5299.8,5483.7,4369.36,4369.36,4093.52,244.74,31.1,0.77,GBP,76.2068,DDP,6.4,279.64,0,279.64,Expeditors Customs,REF4147794,163,CRATES,PKG90383,1048994.52,Nigeria importer (import)
2915120000,CD202201000000178204,2022-01-05,2022-01-19,export,40,Warehouse,291512,Acids; saturated acyclic monocarboxylic acids; salts of formic acids,China,China,Nigeria,"Qilu Antibiotics Pharmaceutical Co., Ltd.",[in full dataset],[in full dataset],Jinan,China,[in full dataset],ESTER'S BETHEL ENTERPRISE,[in full dataset],[in full dataset],Olomore,Nigeria,,SEA,Main Container Port,Main Container Port,2022,1,2022-01,12655.6,KG,12655.6,13647.4,188408.57,188408.57,183268.72,4822.04,317.81,14.48,JPY,60.5486,FCA,6.5,12246.56,20065.51,32312.07,Kuehne+Nagel Brokerage,REF1073515,201,BALES,PKG47855,19120015,Nigeria importer (import)
8418690000,CD202101000001386146,2021-01-12,2021-01-18,export,40,Warehouse,841869,Refrigerating or freezing equipment; n.e.c. in heading no. 8418,China,China,Nigeria,"Ingersoll-Rand (China) Industrial Equipment Manufacturing Co., Ltd.",[in full dataset],[in full dataset],Suzhou,China,,EDO STATE CO-OPERATIVE FARMERS AGENCY LIMITED,[in full dataset],[in full dataset],Benin City,Nigeria,,AIR,Main Container Port,Main Container Port,2021,1,2021-01,514.1,KG,514.1,587.7,6195.83,6195.83,5901.72,255.97,38.14,11.48,GBP,26.2958,CFR,2.5,154.9,0,154.9,Flexport Customs,REF5712807,465,BULK,PKG20023,152289143,Nigeria importer (import)
2605000000,CD202604000000000321,2026-04-07,2026-04-17,import,61,Re-export,260500,Cobalt ores and concentrates,Nigeria,Nigeria,Brazil,TRANSPORT SERVICES LIMITED,[in full dataset],[in full dataset],Ikoyi,Nigeria,[in full dataset],LOJAS RENNER S.A.,[in full dataset],[in full dataset],PORTO ALEGRE,Brazil,[in full dataset],RAIL,Santos,Paranagua,2026,4,2026-04,15289.5,KG,15289.5,16069.5,3245.3,3245.3,3044.08,194.46,6.76,0.2,GBP,1.3055,FCA,6.8,220.68,242.62,463.3,CEVA Customs,REF8632946,102,CRATES,PKG55627,486714,Nigeria exporter (export)
8802300000,CD201905000000010627,2019-05-07,2019-05-09,export,10,Consumption,880230,"Aeroplanes and other aircraft, except unmanned; of an unladen weight exceeding 2000kg but not exceeding 15,000kg",Singapore,Singapore,Nigeria,SIA ENGINEERING COMPANY LIMITED,[in full dataset],[in full dataset],Singapore,Singapore,[in full dataset],SG HOLDINGS LIMITED,[in full dataset],[in full dataset],Lekki,Nigeria,[in full dataset],SEA,Main Container Port,Main Container Port,2019,5,2019-05,19592,KG,19592,21992.9,190486.28,190486.28,186095,3866.85,524.43,9.5,USD,1,CIF,0,0,19048.63,19048.63,Kuehne+Nagel Brokerage,REF3839233,395,BAGS,PKG72546,10905835.8,Nigeria importer (import)
2616909000,CD202412000000868564,2024-12-15,2024-12-28,import,61,Transit,261690,Precious metal ores and concentrates; (excluding silver),Nigeria,Nigeria,China,NAGOS PROJECTS LIMITED,[in full dataset],[in full dataset],Port Harcourt,Nigeria,[in full dataset],"Yujinhua Trading Co., Ltd., Lianchi District, Baoding City",[in full dataset],[in full dataset],Baoding,China,,ROAD,Shenzhen,Tianjin,2024,12,2024-12,3925.8,KG,3925.8,4397,44747.44,44747.44,43303.57,1156.69,287.18,11.03,GBP,15.228,CPT,5.2,2326.87,2353.72,4680.59,Expeditors Customs,REF9393572,443,BALES,PKG63927,70218400,Nigeria exporter (export)
2924240000,CD202304000000161611,2023-04-10,2023-04-17,export,70,Temporary,292424,Cyclic amides (including cyclic carbamates) and their derivatives; ethinamate and its salts,China,China,Nigeria,"Hainan Penang Phenol Gum Fruit Technology Co., Ltd",[in full dataset],[in full dataset],Haikou,China,,ESTERS CATERING AND EVENT MANAGEMENT,[in full dataset],[in full dataset],Lagos,Nigeria,,SEA,Main Container Port,Main Container Port,2023,4,2023-04,23249.4,KG,23249.4,24031.2,17016.26,17016.26,15444.87,1483.74,87.65,0.66,USD,1,DDP,6,1020.98,1262.61,2283.59,Flexport Customs,REF5089177,140,BAGS,PKG64351,18274065,Nigeria importer (import)
2605000000,CD202412000000019450,2024-12-03,2024-12-13,import,51,Temporary,260500,Cobalt ores and concentrates,Nigeria,Nigeria,Hong Kong,TRANSPORT SERVICES LIMITED,[in full dataset],[in full dataset],Ikoyi,Nigeria,[in full dataset],"Qingdao Port International Co., Ltd.",[in full dataset],[in full dataset],Causeway Bay,Hong Kong,[in full dataset],SEA,Hong Kong (Kwai Tsing),Hong Kong (Kwai Tsing),2024,12,2024-12,2741.2,KG,2741.2,2917.1,6278.38,6278.38,5707.87,545.75,24.76,2.08,GBP,101.537,FCA,6.4,401.82,0,401.82,Expeditors Customs,REF8065239,111,CASES,PKG34051,823536.96,Nigeria exporter (export)
2620300000,CD202502000000035807,2025-02-09,2025-02-12,import,42,Warehouse,262030,"Slag, ash and residues; (not from the manufacture of iron or steel), containing mainly copper",Nigeria,Nigeria,Malaysia,PANALPINA WORLD TRANSPORT (NIGERIA) LTD,[in full dataset],[in full dataset],Lagos,Nigeria,[in full dataset],SLAG CEMENT SDN. BHD.,[in full dataset],[in full dataset],Pelabuhan Klang,Malaysia,,SEA,Tanjung Pelepas,Tanjung Pelepas,2025,2,2025-02,17803.1,KG,17803.1,18789.2,3288.31,3288.31,3054.87,218.7,14.74,0.17,USD,1,CIF,3.1,101.94,0,101.94,Livingston Intl,REF6407049,83,BULK,PKG73562,1764612.02,Nigeria exporter (export)
2712900000,CD202306000002085080,2023-06-05,2023-06-10,import,42,Consumption,271290,"Paraffin wax; containing by weight 0.75% or more of oil, obtained by synthesis or by other processes, whether or not coloured",Nigeria,Nigeria,Poland,NIGERIAN NATIONAL PETROLEUM COMPANY LIMITED,[in full dataset],[in full dataset],Abuja,Nigeria,[in full dataset],ORLEN PALIWA SP Z O O,[in full dataset],[in full dataset],Widełka,Poland,[in full dataset],SEA,Gdansk,Gdynia,2023,6,2023-06,8206.7,KG,8206.7,9009.3,108282.67,108282.67,105628.04,2270.19,384.44,12.87,JPY,54.5428,CFR,6.5,7038.37,8072.47,15110.84,AN Deringer,REF4865361,80,BULK,PKG56135,306441474,Nigeria exporter (export)
4011700000,CD202012000000159654,2020-12-04,2020-12-07,import,10,Transit,401170,"Rubber; new pneumatic tyres, of a kind used on agricultural or forestry vehicles and machines",Nigeria,Nigeria,Italy,INDORAMA ELEME PETROCHEMICALS LIMITED,[in full dataset],[in full dataset],Port Harcourt,Nigeria,[in full dataset],PIRELLI TYRE SPA,[in full dataset],[in full dataset],MILANO,Italy,[in full dataset],SEA,Trieste,Genoa,2020,12,2020-12,4358.5,KG,4358.5,4547.2,52326.63,52326.63,47502.29,4615.6,208.74,10.9,GBP,32.8991,CPT,7.8,4081.48,3948.57,8030.05,Kuehne+Nagel Brokerage,REF2095282,209,BALES,PKG85258,510287.73,Nigeria exporter (export)
8528520000,CD201705000000053528,2017-05-08,2017-05-18,export,10,Temporary,852852,Monitors; other than cathode-ray tube; capable of directly connecting to and designed for use with an automatic data processing machine of heading 84.71,Netherlands,Netherlands,Nigeria,Philips Electronics Middle East & Africa B.V.,[in full dataset],[in full dataset],Eindhoven,Netherlands,,MTN NIGERIA COMMUNICATIONS PLC,[in full dataset],[in full dataset],Ikoyi,Nigeria,[in full dataset],ROAD,Main Container Port,Main Container Port,2017,5,2017-05,8262.3,KG,8262.3,9142.2,22609.69,22609.69,21324.18,1249.94,35.57,2.58,USD,1,DAP,2,452.19,1614.33,2066.52,Livingston Intl,REF1704515,307,CARTONS,PKG56679,3434465.03,Nigeria importer (import)
0406200000,CD202601000000061367,2026-01-03,2026-01-16,export,61,Transit,040620,"Dairy produce; cheese of all kinds, grated or powdered",Ireland,Ireland,Nigeria,AN BORD BAINNE MANAGEMENT LIMITED,[in full dataset],[in full dataset],DUBLIN,Ireland,,FAN MILK LTD,[in full dataset],[in full dataset],Lagos,Nigeria,[in full dataset],SEA,Main Container Port,Main Container Port,2026,1,2026-01,6595.8,KG,6595.8,7375.2,3167.52,3167.52,2946.36,200.49,20.67,0.45,EUR,17.0153,DAP,23.6,747.53,274.05,1021.58,AN Deringer,REF9312200,297,PALLETS,PKG26460,1687567.74,Nigeria importer (import)
1508100000,CD201607000000361425,2016-07-17,2016-07-22,import,10,Temporary,150810,"Vegetable oils; ground-nut oil and its fractions, crude, not chemically modified",Nigeria,Nigeria,Germany,UDY & SON SOYA BEAN FLOUR ENTERPRISE,[in full dataset],[in full dataset],Ini,Nigeria,,Kunibert Rape,[in full dataset],[in full dataset],Diepholz,Germany,,SEA,Wilhelmshaven,Wilhelmshaven,2016,7,2016-07,18200.4,KG,18200.4,19203,2087.2,2087.2,2025.8,48.55,12.85,0.11,CNY,129.3345,CIF,4.2,87.66,391.47,479.13,DB Schenker Customs,REF5670070,156,ROLLS,PKG14017,2543876.47,Nigeria exporter (export)
2908990000,CD202201000000178331,2022-01-05,2022-01-10,export,42,Consumption,290899,"Phenol or phenol-alcohol derivatives, sulphonated, nitrated or nitrosated derivatives thereof; other than dinoseb (ISO), and 4,6-dinitro-o-cresol (DNOC (ISO)), and their salts",China,China,Nigeria,"Qilu Antibiotics Pharmaceutical Co., Ltd.",[in full dataset],[in full dataset],Jinan,China,[in full dataset],ESTER'S BETHEL ENTERPRISE,[in full dataset],[in full dataset],Olomore,Nigeria,,SEA,Main Container Port,Main Container Port,2022,1,2022-01,17901.2,KG,17901.2,18677.5,32301.88,32301.88,31013.7,1188.66,99.52,1.73,USD,1,EXW,6.9,2228.83,0,2228.83,DHL Customs Svc,REF7555960,474,BULK,PKG20045,19120015,Nigeria importer (import)
7307920000,CD202505000000089947,2025-05-09,2025-05-18,export,10,Consumption,730792,"Iron or steel; tube or pipe fittings, threaded elbows, bends and sleeves, other than stainless steel",Germany,Germany,Nigeria,Wegmann Unternehmens-Holding GmbH & Co. KG,[in full dataset],[in full dataset],Fürstenfeldbruck,Germany,[in full dataset],QUALCHEM GLOBAL CONCEPT LTD,[in full dataset],[in full dataset],Lagos,Nigeria,[in full dataset],SEA,Main Container Port,Main Container Port,2025,5,2025-05,23583.8,KG,23583.8,26481.7,3848.23,3848.23,3619.57,204.4,24.26,0.15,GBP,7.4886,CIF,7.2,277.07,0,277.07,DSV Customs,REF9262975,219,DRUMS,PKG79417,3763041.26,Nigeria importer (import)
8451900000,CD202101000001385132,2021-01-02,2021-01-05,export,51,Transit,845190,"Machinery; parts, of the machinery of heading no. 8451",China,China,Nigeria,Olympus (Shenzhen) Industrial Ltd.,[in full dataset],[in full dataset],Shenzhen,China,,MODANDOLA GROUP,[in full dataset],[in full dataset],Lagos,Nigeria,[in full dataset],AIR,Main Container Port,Main Container Port,2021,1,2021-01,10462.8,KG,10462.8,10917.3,19831.83,19831.83,17978.96,1770.2,82.67,1.72,USD,1,EXW,2.2,436.3,1013.41,1449.71,Livingston Intl,REF4608666,79,ROLLS,PKG46959,152289143,Nigeria importer (import)
2616100000,CD202109000000041786,2021-09-01,2021-09-04,import,70,Re-export,261610,Silver ores and concentrates,Nigeria,Nigeria,Hong Kong,PANALPINA WORLD TRANSPORT (NIGERIA) LTD,[in full dataset],[in full dataset],Lagos,Nigeria,[in full dataset],"Qingdao Port International Co., Ltd.",[in full dataset],[in full dataset],Causeway Bay,Hong Kong,[in full dataset],SEA,Hong Kong (Kwai Tsing),Hong Kong (Kwai Tsing),2021,9,2021-09,10976.5,KG,10976.5,11215.7,1717.4,1717.4,1603.41,112.27,1.72,0.15,GBP,96.8099,FCA,6.5,111.63,0,111.63,Descartes,REF3286378,371,CASES,PKG30723,1831384.35,Nigeria exporter (export)
8514110000,CD201705000001277967,2017-05-11,2017-05-20,export,51,Transit,851411,"Furnaces and ovens; electric, for industrial or laboratory use, resistance heated; hot isostatic presses",China,China,Nigeria,Ningbo Joyson Electronic Corp.,[in full dataset],[in full dataset],Ningbo,China,[in full dataset],SEAMFIX LIMITED,[in full dataset],[in full dataset],Lagos,Nigeria,[in full dataset],SEA,Main Container Port,Main Container Port,2017,5,2017-05,13327.5,KG,13327.5,15060.9,8220.65,8220.65,7621.37,545.67,53.61,0.57,CNY,105.2995,CPT,2.6,213.74,843.44,1057.18,Flexport Customs,REF5133851,410,CRATES,PKG55067,130976781,Nigeria importer (import)
2621900000,CD202502000000035979,2025-02-19,2025-02-28,import,51,Transit,262190,Slag and ash n.e.c. in chapter 26; including seaweed ash (kelp) but excluding ash and residues from the incineration of municipal waste,Nigeria,Nigeria,Malaysia,RINA CTSI NIGERIA LIMITED,[in full dataset],[in full dataset],Lagos,Nigeria,[in full dataset],DIALOG GROUP BERHAD,[in full dataset],[in full dataset],Petaling Jaya,Malaysia,[in full dataset],SEA,Tanjung Pelepas,Penang,2025,2,2025-02,18780.3,KG,18780.3,19276.8,7168.62,7168.62,6591.05,566.93,10.64,0.35,USD,1,FOB,4,286.74,1341.96,1628.7,DB Schenker Customs,REF1736694,469,DRUMS,PKG62229,1764612.02,Nigeria exporter (export)
8802120000,CD201905000000006288,2019-05-13,2019-05-15,export,70,Consumption,880212,"Helicopters, except unmanned; of an unladen weight exceeding 2000kg",United States,United States,Nigeria,"V2X, Inc.",[in full dataset],[in full dataset],Reston,United States,[in full dataset],SG HOLDINGS LIMITED,[in full dataset],[in full dataset],Lekki,Nigeria,[in full dataset],SEA,Main Container Port,Main Container Port,2019,5,2019-05,1249.3,KG,1249.3,1374.1,351883.31,351883.31,322068.44,28693.72,1121.15,257.8,USD,1,DAP,0,0,17594.17,17594.17,CEVA Customs,REF2164531,246,CRATES,PKG75271,5189510,Nigeria importer (import)
6814900000,CD201801000000560176,2018-01-07,2018-01-19,export,51,Re-export,681490,"Mica; worked mica and articles of mica (excluding plates, sheets and strips) whether or not on a support of paper, paperboard or other materials",China,China,Nigeria,"Zhaoshan Group Co., Ltd.",[in full dataset],[in full dataset],Zhuji,China,,GLOBAL MANPOWER NIGERIA LTD,[in full dataset],[in full dataset],Lagos,Nigeria,[in full dataset],SEA,Main Container Port,Main Container Port,2018,1,2018-01,5554.6,KG,5554.6,6048.3,276.61,276.61,267.11,7.97,1.53,0.05,USD,1,DDP,3.8,10.51,20.1,30.61,Livingston Intl,REF1452022,56,CRATES,PKG74943,2446414,Nigeria importer (import)
1513110000,CD201607000000361442,2016-07-19,2016-07-02,import,51,Consumption,151311,"Vegetable oils; coconut (copra) oil and its fractions, crude, not chemically modified",Nigeria,Nigeria,Germany,UDY & SON SOYA BEAN FLOUR ENTERPRISE,[in full dataset],[in full dataset],Ini,Nigeria,,Tallow GmbH,[in full dataset],[in full dataset],Gerlingen,Germany,,RAIL,Wilhelmshaven,Wilhelmshaven,2016,7,2016-07,2673.7,KG,2673.7,2728.5,16187.09,16187.09,15055.55,1107.3,24.24,5.63,USD,1,FOB,5.2,841.73,2043.46,2885.19,DB Schenker Customs,REF7151016,457,BULK,PKG44562,2543876.47,Nigeria exporter (export)
0409000000,CD202601000000122442,2026-01-18,2026-01-28,export,10,Warehouse,040900,Honey; natural,Germany,Germany,Nigeria,DMK Deutsches Milchkontor GmbH,[in full dataset],[in full dataset],Zeven,Germany,[in full dataset],FRIESLANDCAMPINA WAMCO NIGERIA PLC,[in full dataset],[in full dataset],Ikeja,Nigeria,[in full dataset],AIR,Main Container Port,Main Container Port,2026,1,2026-01,16020.2,KG,16020.2,16577.8,28259.47,28259.47,26713.9,1514.4,31.17,1.67,GBP,63.1998,DDP,13.9,3928.07,0,3928.07,Flexport Customs,REF3289597,26,CASES,PKG14752,3938874.96,Nigeria importer (import)
8805210000,CD201905000000010648,2019-05-09,2019-05-15,export,61,Warehouse,880521,Ground flying trainers and parts thereof; air combat simulators and parts thereof,Singapore,Singapore,Nigeria,SIA ENGINEERING COMPANY LIMITED,[in full dataset],[in full dataset],Singapore,Singapore,[in full dataset],SG HOLDINGS LIMITED,[in full dataset],[in full dataset],Lekki,Nigeria,[in full dataset],SEA,Main Container Port,Main Container Port,2019,5,2019-05,13181.5,KG,13181.5,14295.2,21151.98,21151.98,20648.09,440.46,63.43,1.57,JPY,67.8829,CIF,0,0,0,0,DHL Customs Svc,REF6682547,326,CARTONS,PKG37650,10905835.8,Nigeria importer (import)
3808599000,CD202409000000121418,2024-09-22,2024-09-08,export,40,Re-export,380859,"Insecticides, rodenticides, fungicides, disinfectants, herbicides and the like; containing goods specified in Subheading Note 1 to this Chapter; not DDT (ISO) (clofenotane (INN)), put up in forms or packings for retail sale or as preparations or articles",United States,United States,Nigeria,Green Plains Inc.,[in full dataset],[in full dataset],Omaha,United States,[in full dataset],ENU INTERNATIONAL COMPANY LTD,[in full dataset],[in full dataset],Abia State,Nigeria,,SEA,Main Container Port,Main Container Port,2024,9,2024-09,9061.4,KG,9061.4,10040.5,30305.68,30305.68,29078.75,1084.47,142.46,3.21,USD,1,CPT,5.9,1788.04,3209.37,4997.41,Expeditors Customs,REF7558022,226,BALES,PKG42300,7192690,Nigeria importer (import)
2609000000,CD202109000000227428,2021-09-12,2021-09-19,import,40,Warehouse,260900,Tin ores and concentrates,Nigeria,Nigeria,Malaysia,PANALPINA WORLD TRANSPORT (NIGERIA) LTD,[in full dataset],[in full dataset],Lagos,Nigeria,[in full dataset],TSH RESOURCES BERHAD,[in full dataset],[in full dataset],Kuala Lumpur,Malaysia,[in full dataset],SEA,Tanjung Pelepas,Port Klang,2021,9,2021-09,3579.3,KG,3579.3,3686.5,38563.89,38563.89,36892.39,1461.98,209.52,10.31,GBP,55.4152,EXW,4.8,1851.07,0,1851.07,AN Deringer,REF2002569,244,CASES,PKG20582,12900926.17,Nigeria exporter (export)
4010320000,CD201802000000160573,2018-02-02,2018-02-15,import,70,Warehouse,401032,"Rubber; vulcanised, endless transmission belts of trapezoidal cross-section (V-belts), other than V-ribbed, of an outside circumference exceeding 60cm but not exceeding 180 cm",Nigeria,Nigeria,Italy,THE OKOMU OIL PALM COMPANY PLC,[in full dataset],[in full dataset],Edo,Nigeria,[in full dataset],VOLKSWAGEN GROUP ITALIA SPA,[in full dataset],[in full dataset],VERONA,Italy,[in full dataset],SEA,Gioia Tauro,Trieste,2018,2,2018-02,22810.1,KG,22810.1,25470.4,4846.47,4846.47,4500.91,321.88,23.68,0.2,INR,120.2988,CIF,9.1,441.03,264.38,705.41,Livingston Intl,REF9694631,342,CASES,PKG36126,455451.07,Nigeria exporter (export)
3808610000,CD202409000000208095,2024-09-11,2024-09-21,export,61,Temporary,380861,Insecticides and the like; containing goods specified in Subheading Note 2 to this Chapter; in packings of a net weight content not exceeding 300g; for retail sale or as preparations or articles,China,China,Nigeria,"LB Group Co., Ltd.",[in full dataset],[in full dataset],Jiaozuo,China,[in full dataset],RMM GLOBAL COMPANY LIMITED,[in full dataset],[in full dataset],Kano,Nigeria,[in full dataset],SEA,Main Container Port,Main Container Port,2024,9,2024-09,12199.9,KG,12199.9,14024.7,14327.52,14327.52,13772.04,483.8,71.68,1.13,INR,62.5483,CFR,5.6,802.34,1059.09,1861.43,Livingston Intl,REF3192540,309,BALES,PKG89496,14471660,Nigeria importer (import)
2925190000,CD202201000000015554,2022-01-13,2022-01-15,export,40,Re-export,292519,Imides and their derivatives; other than saccharin and glutethimide (INN),Indonesia,Indonesia,Nigeria,PT INDONESIAN ACIDS INDUSTRY,[in full dataset],[in full dataset],Kota Administrasi Jakarta Timur,Indonesia,[in full dataset],ESTERS CATERING AND EVENT MANAGEMENT,[in full dataset],[in full dataset],Lagos,Nigeria,,SEA,Main Container Port,Main Container Port,2022,1,2022-01,18801.9,KG,18801.9,20680.8,27690.57,27690.57,26815.3,743.26,132.01,1.43,JPY,88.1882,FCA,4.1,1135.31,5765.18,6900.49,Expeditors Customs,REF7009788,144,BULK,PKG81516,1619811.75,Nigeria importer (import)
1302310000,CD201507000000017678,2015-07-08,2015-07-15,export,10,Temporary,130231,"Mucilages and thickeners; agar-agar, whether or not modified, derived from vegetable products",Germany,Germany,Nigeria,Natural Gums Dr. W. Agster GmbH,[in full dataset],[in full dataset],Reutlingen,Germany,[in full dataset],DAARUL-HADEETH SCHOOL OF ARABIC/ISLAMIYYA STUDIES LTD,[in full dataset],[in full dataset],Gbagi,Nigeria,,SEA,Main Container Port,Main Container Port,2015,7,2015-07,20456.7,KG,20456.7,22657.9,6655.2,6655.2,6161.06,460.35,33.79,0.3,USD,1,CIF,4.5,299.48,0,299.48,DB Schenker Customs,REF3310733,336,DRUMS,PKG44837,508762.93,Nigeria importer (import)
0404100000,CD202601000000122451,2026-01-15,2026-01-20,export,51,Warehouse,040410,"Dairy produce; whey, whether or not concentrated or containing added sugar or other sweetening matter",Germany,Germany,Nigeria,Meierei Barmstedt eG,[in full dataset],[in full dataset],Barmstedt,Germany,,FRIESLANDCAMPINA WAMCO NIGERIA PLC,[in full dataset],[in full dataset],Ikeja,Nigeria,[in full dataset],AIR,Main Container Port,Main Container Port,2026,1,2026-01,14225.6,KG,14225.6,14991.3,7533.19,7533.19,7031.18,479.53,22.48,0.49,CNY,92.7521,CPT,25.3,1905.9,1887.82,3793.72,DHL Customs Svc,REF4995350,58,ROLLS,PKG34267,3938874.96,Nigeria importer (import)
2615900000,CD202210000000014253,2022-10-21,2022-10-25,import,42,Consumption,261590,"Niobium, tantalum, vanadium ores and concentrates",Nigeria,Nigeria,Thailand,RINA CTSI NIGERIA LIMITED,[in full dataset],[in full dataset],Lagos,Nigeria,[in full dataset],KING POWER CORPORATION COMPANY LIMITED,[in full dataset],[in full dataset],RATCHATHEWI,Thailand,[in full dataset],AIR,Laem Chabang,Bangkok,2022,10,2022-10,3960.5,KG,3960.5,4118.9,16769.78,16769.78,15390.89,1314.74,64.15,3.89,EUR,4.6571,FOB,4.2,704.33,873.71,1578.04,CEVA Customs,REF9018247,253,BALES,PKG8111,572943.21,Nigeria exporter (export)
2712100000,CD202306000001700284,2023-06-17,2023-06-02,import,42,Re-export,271210,Petroleum jelly,Nigeria,Nigeria,Germany,NIGERIA LNG LIMITED,[in full dataset],[in full dataset],Port Harcourt,Nigeria,[in full dataset],Uniper Energy Sales GmbH,[in full dataset],[in full dataset],Düsseldorf,Germany,[in full dataset],ROAD,Wilhelmshaven,Bremerhaven,2023,6,2023-06,6691.7,KG,6691.7,7150.4,242975.66,242975.66,237365.08,5170.95,439.63,35.47,USD,1,CIF,5.2,12634.73,51122.08,63756.81,CEVA Customs,REF8593738,466,DRUMS,PKG17687,236270292.4,Nigeria exporter (export)
1302110000,CD201507000000010288,2015-07-25,2015-07-01,import,10,Temporary,130211,Vegetable saps and extracts; opium,Nigeria,Nigeria,Germany,MAHAD ALLAHU ASBY SCHOOL ARABIC AND ISLAMIC STUDIES LTD,[in full dataset],[in full dataset],Gaa,Nigeria,,Natural Gums Dr. W. Agster GmbH,[in full dataset],[in full dataset],Reutlingen,Germany,[in full dataset],RAIL,Hamburg,Bremerhaven,2015,7,2015-07,20462,KG,20462,21793.7,4098.18,4098.18,3978.72,107.98,11.48,0.19,JPY,125.3184,EXW,3.1,127.04,633.78,760.82,Livingston Intl,REF6833393,419,CASES,PKG61394,274420.57,Nigeria exporter (export)
1518000000,CD201602000000001654,2016-02-10,2016-02-22,import,70,Warehouse,151800,"Animal, vegetable or microbial fats, oils and their fractions; boiled, oxidised, dehydrated or otherwise chemically modified, excluding those of heading no. 1516, inedible mixtures or preparations of fats, oils or their fractions, n.e.c. in chapter 15",Nigeria,Nigeria,Singapore,UDY & SON SOYA BEAN FLOUR ENTERPRISE,[in full dataset],[in full dataset],Ini,Nigeria,,AAA OILS & FATS PTE. LTD.,[in full dataset],[in full dataset],Singapore,Singapore,[in full dataset],AIR,Singapore (PSA),Singapore (PSA),2016,2,2016-02,23715.5,KG,23715.5,26478.4,6151.03,6151.03,5730.64,391.84,28.55,0.24,JPY,82.7001,DDP,6,369.06,782.41,1151.47,CEVA Customs,REF7227230,11,BALES,PKG35334,5730.64,Nigeria exporter (export)
2708200000,CD202306000002470614,2023-06-06,2023-06-18,import,40,Temporary,270820,Pitch coke; obtained from coal tar or from other mineral tars,Nigeria,Nigeria,United States,NNPC E AND P LIMITED,[in full dataset],[in full dataset],Benin City,Nigeria,[in full dataset],Exxon Mobil Corporation,[in full dataset],[in full dataset],Spring,United States,[in full dataset],SEA,"New York/Newark, NJ","Long Beach, CA",2023,6,2023-06,21763.1,KG,21763.1,24366.9,28800.05,28800.05,28017.72,632.47,149.86,1.29,USD,1,CPT,6.5,1872,2147.04,4019.04,Livingston Intl,REF8216834,12,PALLETS,PKG54055,402347215,Nigeria exporter (export)
1302390000,CD201511000000007931,2015-11-14,2015-11-20,import,51,Warehouse,130239,"Mucilages and thickeners; whether or not modified, derived from vegetable products, n.e.c. in item no. 1302.3",Nigeria,Nigeria,Germany,AL-MOSDARU AN-NURIY COLLEGE OF ARABIC AND ISLAMIC STUDIES LTD,[in full dataset],[in full dataset],Olodo,Nigeria,,Natural Gums Dr. W. Agster GmbH,[in full dataset],[in full dataset],Reutlingen,Germany,[in full dataset],ROAD,Wilhelmshaven,Hamburg,2015,11,2015-11,18545,KG,18545,20593.5,9602.54,9602.54,8790.48,780.47,31.59,0.47,GBP,96.705,DDP,6.5,624.17,0,624.17,DHL Customs Svc,REF3802175,340,CARTONS,PKG10367,207267.07,Nigeria exporter (export)
3825690000,CD202409000000121576,2024-09-24,2024-09-27,export,70,Temporary,382569,"Residual products of the chemical or allied industries, not elsewhere specified or included; (other than sewage sludge, municipal waste or waste covered by 27.10); other wastes n.e.c. in 3825; except those mainly containing organic constituents",United States,United States,Nigeria,Coty Inc.,[in full dataset],[in full dataset],New York,United States,[in full dataset],REXTON INDUSTRIES LIMITED,[in full dataset],[in full dataset],Anambra State,Nigeria,[in full dataset],AIR,Main Container Port,Main Container Port,2024,9,2024-09,930.6,KG,930.6,989.9,9213.07,9213.07,8368.34,825.35,19.38,8.99,USD,1,EXW,6.1,562,1466.26,2028.26,DB Schenker Customs,REF8927367,267,BALES,PKG51379,7192690,Nigeria importer (import)
2613100000,CD202604000000000363,2026-04-07,2026-04-17,import,51,Warehouse,261310,Molybdenum ores and concentrates; roasted,Nigeria,Nigeria,Brazil,TRANSPORT SERVICES LIMITED,[in full dataset],[in full dataset],Ikoyi,Nigeria,[in full dataset],DIA BRASIL SOCIEDADE LIMITADA EM RECUPERACAO JUDICIAL,[in full dataset],[in full dataset],SAO PAULO,Brazil,,AIR,Suape,Paranagua,2026,4,2026-04,19253.3,KG,19253.3,22106.5,915.71,915.71,871.88,40.71,3.12,0.05,INR,109.756,CFR,3.6,32.97,66.41,99.38,Expeditors Customs,REF3360922,188,DRUMS,PKG55339,486714,Nigeria exporter (export)
9014200000,CD202007000000167748,2020-07-09,2020-07-15,export,40,Consumption,901420,Navigational instruments and appliances; for aeronautical or space navigation (excluding compasses),China,China,Nigeria,"EF Electrical (Shenzhen) Co., Ltd.",[in full dataset],[in full dataset],Shenzhen,China,[in full dataset],CHAPCHAP DIGITAL COMMERCE LIMITED,[in full dataset],[in full dataset],Kano,Nigeria,[in full dataset],ROAD,Main Container Port,Main Container Port,2020,7,2020-07,19635.5,KG,19635.5,21583.7,3076.38,3076.38,2999.96,71.22,5.2,0.15,USD,1,CPT,1.3,39.99,623.27,663.26,CEVA Customs,REF8946275,43,ROLLS,PKG38396,26092899,Nigeria importer (import)
2621900000,CD201912000000182781,2019-12-23,2019-12-02,import,51,Transit,262190,Slag and ash n.e.c. in chapter 26; including seaweed ash (kelp) but excluding ash and residues from the incineration of municipal waste,Nigeria,Nigeria,China,PANALPINA WORLD TRANSPORT (NIGERIA) LTD,[in full dataset],[in full dataset],Lagos,Nigeria,[in full dataset],"Hunan Cuilong Trading Co., Ltd.",[in full dataset],[in full dataset],Changsha,China,,SEA,Ningbo-Zhoushan,Yingkou,2019,12,2019-12,5293.7,KG,5293.7,5988.5,16078.54,16078.54,15387.63,661.1,29.81,2.91,USD,1,FCA,4.5,723.53,2520.31,3243.84,CEVA Customs,REF6247290,381,PALLETS,PKG14813,9075130,Nigeria exporter (export)
8479830000,CD201606000001239426,2016-06-18,2016-06-22,export,40,Consumption,847983,Machines and mechanical appliances; cold isostatic presses,China,China,Nigeria,"Shenzhen Desay Battery Technology Co., Ltd.",[in full dataset],[in full dataset],Shenzhen,China,[in full dataset],MODANDOLA GROUP,[in full dataset],[in full dataset],Lagos,Nigeria,[in full dataset],SEA,Main Container Port,Main Container Port,2016,6,2016-06,1655.5,KG,1655.5,1847,18284.79,18284.79,17469.63,787.59,27.57,10.55,CNY,105.2438,FOB,3.2,585.11,2264.39,2849.5,DHL Customs Svc,REF4827981,359,BALES,PKG11796,105718643,Nigeria importer (import)
8424890000,CD202101000000085301,2021-01-25,2021-01-28,export,70,Consumption,842489,"Mechanical appliances; for projecting, dispersing or spraying liquids or powders, for other than agricultural or horticultural use, whether or not hand-operated",Canada,Canada,Nigeria,O'Regan Motors Limited,[in full dataset],[in full dataset],Dartmouth,Canada,[in full dataset],DE COON SERVICES LIMITED,[in full dataset],[in full dataset],Port Harcourt,Nigeria,[in full dataset],ROAD,Main Container Port,Main Container Port,2021,1,2021-01,1958.4,KG,1958.4,2172.2,1858.81,1858.81,1710,140.92,7.89,0.87,GBP,82.2007,EXW,2.5,46.47,133.37,179.84,DHL Customs Svc,REF5720271,118,CRATES,PKG41284,6108289.39,Nigeria importer (import)
2707300000,CD201712000002829327,2017-12-27,2017-12-09,import,40,Warehouse,270730,Oils and products of the distillation of high temperature coal tar; xylol (xylenes),Nigeria,Nigeria,Spain,OANDO OIL LIMITED,[in full dataset],[in full dataset],Victoria Island,Nigeria,[in full dataset],REPSOL SOLUCIONES ENERGETICAS SA.,[in full dataset],[in full dataset],MADRID,Spain,[in full dataset],AIR,Valencia,Valencia,2017,12,2017-12,19489.2,KG,19489.2,21591.3,2911.02,2911.02,2746.96,153.51,10.55,0.14,USD,1,CPT,5.5,160.11,307.11,467.22,Descartes,REF3922899,331,BALES,PKG46066,484927112.98,Nigeria exporter (export)
7306900000,CD202505000000089965,2025-05-01,2025-05-15,export,61,Re-export,730690,"Iron or steel (excluding cast iron); tubes, pipes and hollow profiles (not seamless), n.e.c. in chapter 73",Germany,Germany,Nigeria,Werhahn Industrieholding SE,[in full dataset],[in full dataset],Neuss,Germany,[in full dataset],APROFIM ENGINEERING AND CONSTRUCTION (NIGERIA) LTD,[in full dataset],,,Nigeria,,SEA,Main Container Port,Main Container Port,2025,5,2025-05,11579.4,KG,11579.4,12288.1,3599.61,3599.61,3417.59,166.51,15.51,0.3,USD,1,CFR,6.8,244.77,0,244.77,Descartes,REF5699402,96,DRUMS,PKG48258,3763041.26,Nigeria importer (import)
8532290000,CD201705000000592521,2017-05-13,2017-05-15,export,70,Warehouse,853229,"Electrical capacitors; fixed, n.e.c. in heading no. 8532",Hong Kong,Hong Kong,Nigeria,CK Hutchison Holdings Limited,[in full dataset],[in full dataset],Central District,Hong Kong,[in full dataset],ZETA-WEB BUSINESS SOLUTIONS LIMITED,[in full dataset],[in full dataset],Lekki,Nigeria,[in full dataset],SEA,Main Container Port,Main Container Port,2017,5,2017-05,2881.4,KG,2881.4,3212.8,11990.64,11990.64,10919.83,1042.85,27.96,3.79,EUR,103.8419,CPT,1.5,179.86,1217.05,1396.91,Livingston Intl,REF3814935,238,BAGS,PKG46377,46360806.37,Nigeria importer (import)
6804100000,CD201808000000131444,2018-08-21,2018-08-27,export,51,Transit,680410,"Millstones and grindstones; for milling, grinding or pulping",Turkiye,Turkiye,Nigeria,ISTON ISTANBUL BETON ELEMANLARI VE HAZIR BETON FABRIKALARI SANAYI VE TICARET AS,[in full dataset],[in full dataset],Istanbul (Europe),Turkiye,[in full dataset],PICCOLO - BRUNELLI ENGINEERING LTD,[in full dataset],[in full dataset],Abuja,Nigeria,[in full dataset],SEA,Main Container Port,Main Container Port,2018,8,2018-08,22798.1,KG,22798.1,25984.2,143204.81,143204.81,137364.59,5679.94,160.28,6.03,GBP,82.2416,DAP,5.2,7446.65,15065.15,22511.8,CEVA Customs,REF9476287,186,PALLETS,PKG98194,446561,Nigeria importer (import)
6811820000,CD201807000000616404,2018-07-11,2018-07-21,export,40,Temporary,681182,"Cellulose fibre-cement; articles or the like, sheets, panels, tiles and similar articles (other than corrugated sheets), not containing asbestos",China,China,Nigeria,"Huaxin Building Materials Group Co.,Ltd.",[in full dataset],[in full dataset],Wuhan,China,[in full dataset],GLOBAL MANPOWER NIGERIA LTD,[in full dataset],[in full dataset],Lagos,Nigeria,[in full dataset],SEA,Main Container Port,Main Container Port,2018,7,2018-07,21166.6,KG,21166.6,24036.3,27533.07,27533.07,25026.89,2398.24,107.94,1.18,USD,1,FOB,3.4,936.12,5693.84,6629.96,Descartes,REF8618420,482,CASES,PKG76032,2758608,Nigeria importer (import)
2607000000,CD202412000000867354,2024-12-15,2024-12-27,import,51,Transit,260700,Lead ores and concentrates,Nigeria,Nigeria,China,TRANSPORT SERVICES LIMITED,[in full dataset],[in full dataset],Ikoyi,Nigeria,[in full dataset],"Nanning Kailesi Trading Co., Ltd.",[in full dataset],[in full dataset],Nanning,China,,RAIL,Shanghai,Shanghai,2024,12,2024-12,23005.2,KG,23005.2,25134.3,4654.19,4654.19,4482.76,163.42,8.01,0.19,JPY,6.2083,DAP,3.9,181.51,870.43,1051.94,AN Deringer,REF5137372,320,CARTONS,PKG98026,70218400,Nigeria exporter (export)
4009410000,CD202011000000221653,2020-11-19,2020-11-01,import,70,Re-export,400941,"Rubber; vulcanised (other than hard rubber), tubing, piping and hoses, reinforced or otherwise combined with materials other than metal or textiles, without fittings",Nigeria,Nigeria,Germany,THE OKOMU OIL PALM COMPANY PLC,[in full dataset],[in full dataset],Benin City,Nigeria,[in full dataset],BASF SE,[in full dataset],[in full dataset],Ludwigshafen am Rhein,Germany,[in full dataset],ROAD,Bremerhaven,Wilhelmshaven,2020,11,2020-11,24214.1,KG,24214.1,26269.5,977.78,977.78,887.6,87.24,2.94,0.04,USD,1,DAP,13.2,129.07,55.34,184.41,AN Deringer,REF7877687,341,CARTONS,PKG52036,707546.55,Nigeria exporter (export)
8804000000,CD201905000000000094,2019-05-14,2019-05-25,export,42,Warehouse,880400,Parachutes (including dirigible parachutes and paragliders) and rotochutes; parts thereof and accessories thereto,Belgium,Belgium,Nigeria,Bridgestone Aircraft Tire (Europe),[in full dataset],[in full dataset],Frameries,Belgium,[in full dataset],SG HOLDINGS LIMITED,[in full dataset],[in full dataset],Lekki,Nigeria,[in full dataset],AIR,Main Container Port,Main Container Port,2019,5,2019-05,15968.2,KG,15968.2,17706.3,2452.44,2452.44,2236.92,198.2,17.32,0.14,GBP,86.5317,FCA,0,0,367.87,367.87,DB Schenker Customs,REF9092515,239,CARTONS,PKG62405,2236.92,Nigeria importer (import)
8807200000,CD201905000000006289,2019-05-02,2019-05-14,export,51,Transit,880720,Aircraft and spacecraft; under-carriages and parts thereof,United States,United States,Nigeria,"Kodiak Aircraft Company, Inc.",[in full dataset],[in full dataset],Sandpoint,United States,[in full dataset],SG HOLDINGS LIMITED,[in full dataset],[in full dataset],Lekki,Nigeria,[in full dataset],RAIL,Main Container Port,Main Container Port,2019,5,2019-05,13075.1,KG,13075.1,13770.3,41804.32,41804.32,37981.92,3709.35,113.05,2.9,CNY,98.0323,DAP,0,0,7524.78,7524.78,Livingston Intl,REF3516339,12,CRATES,PKG60376,5189510,Nigeria importer (import)
2714900000,CD202306000002082400,2023-06-22,2023-06-04,import,40,Consumption,271490,"Bitumen and asphalt, natural; asphaltites and asphaltic rock",Nigeria,Nigeria,Poland,NIGERIAN NATIONAL PETROLEUM COMPANY LIMITED,[in full dataset],[in full dataset],Abuja,Nigeria,[in full dataset],ORLEN PALIWA SP Z O O,[in full dataset],[in full dataset],Widełka,Poland,[in full dataset],ROAD,Gdansk,Gdynia,2023,6,2023-06,16855.5,KG,16855.5,19269.7,107942.75,107942.75,100432.17,7364.3,146.28,5.96,USD,1,DAP,4.9,5289.19,13587.83,18877.02,Descartes,REF1871988,44,BULK,PKG14438,306441474,Nigeria exporter (export)
2613100000,CD202502000000035832,2025-02-13,2025-02-16,import,42,Warehouse,261310,Molybdenum ores and concentrates; roasted,Nigeria,Nigeria,Malaysia,PRIME ATLANTIC CEGELEC NIGERIA LIMITED,[in full dataset],[in full dataset],Victoria Island,Nigeria,[in full dataset],DIALOG GROUP BERHAD,[in full dataset],[in full dataset],Petaling Jaya,Malaysia,[in full dataset],SEA,Tanjung Pelepas,Port Klang,2025,2,2025-02,16859.1,KG,16859.1,18999,2532.1,2532.1,2348.71,171.07,12.32,0.14,USD,1,CPT,5.4,136.73,400.32,537.05,DHL Customs Svc,REF4903438,12,BALES,PKG45134,1764612.02,Nigeria exporter (export)
2621100000,CD202604000000000335,2026-04-18,2026-04-01,import,40,Warehouse,262110,Slag and ash; ash and residues from the incineration of municipal waste,Nigeria,Nigeria,Brazil,Vigeo Holdings Limited,[in full dataset],[in full dataset],Lagos,Nigeria,[in full dataset],LOJAS RENNER S.A.,[in full dataset],[in full dataset],PORTO ALEGRE,Brazil,[in full dataset],ROAD,Paranagua,Rio Grande,2026,4,2026-04,12424.3,KG,12424.3,13107,3502.34,3502.34,3424.63,69.3,8.41,0.28,INR,51.7768,CIF,5.9,206.64,185.45,392.09,DHL Customs Svc,REF5029968,141,BALES,PKG66015,486714,Nigeria exporter (export)
2901230000,CD202201000000030969,2022-01-20,2022-01-01,export,61,Warehouse,290123,"Acyclic hydrocarbons; unsaturated, butene (butylene) and isomers thereof",South Korea,South Korea,Nigeria,Ether's Dream Act Institute,[in full dataset],[in full dataset],Gyeongsan,South Korea,,BILE ACIDS NIGERIA LTD,[in full dataset],[in full dataset],Suleja,Nigeria,,AIR,Main Container Port,Main Container Port,2022,1,2022-01,20208.9,KG,20208.9,22558.5,62242.31,62242.31,56704.82,5372.7,164.79,2.81,CNY,89.7458,CPT,4,2489.69,4531.24,7020.93,Livingston Intl,REF7598890,144,BALES,PKG80175,3173770,Nigeria importer (import)
9027100000,CD202007000000167808,2020-07-22,2020-07-03,export,61,Consumption,902710,"Instruments and apparatus; gas or smoke analysis apparatus, for physical or chemical analysis",China,China,Nigeria,"Kuaifu Electrical Appliances (huizhou) Co., Ltd.",[in full dataset],[in full dataset],Shenzhen,China,,CHAPCHAP DIGITAL COMMERCE LIMITED,[in full dataset],[in full dataset],Kano,Nigeria,[in full dataset],AIR,Main Container Port,Main Container Port,2020,7,2020-07,23486.1,KG,23486.1,26214.5,5142.8,5142.8,4926.72,185.37,30.71,0.21,EUR,121.0262,DAP,1.4,72,0,72,Flexport Customs,REF5886512,151,PALLETS,PKG90021,26092899,Nigeria importer (import)
9031410000,CD202007000000167867,2020-07-19,2020-07-22,export,40,Transit,903141,"Optical instruments and appliances; for inspecting semiconductor wafers or devices or for inspecting photomasks or reticles used in manufacturing semiconductor devices, n.e.c. in chapter 90",China,China,Nigeria,Beijing Anzhen Hospital. Capital Medical University,[in full dataset],[in full dataset],Beijing,China,[in full dataset],AYEMERE GALLERY,[in full dataset],[in full dataset],Lagos,Nigeria,[in full dataset],ROAD,Main Container Port,Main Container Port,2020,7,2020-07,5557.5,KG,5557.5,5911.7,3341.23,3341.23,3053.41,280.15,7.67,0.55,USD,1,FOB,1.7,56.8,679.61,736.41,Flexport Customs,REF9230871,27,BULK,PKG73941,26092899,Nigeria importer (import)
1511901000,CD201607000000361472,2016-07-21,2016-07-28,import,61,Warehouse,151190,"Vegetable oils; palm oil and its fractions, other than crude, whether or not refined, but not chemically modified",Nigeria,Nigeria,Germany,UDY & SON SOYA BEAN FLOUR ENTERPRISE,[in full dataset],[in full dataset],Ini,Nigeria,,Tallow GmbH,[in full dataset],[in full dataset],Gerlingen,Germany,,ROAD,Wilhelmshaven,Hamburg,2016,7,2016-07,8781.1,KG,8781.1,9767.9,23757.21,23757.21,21981.34,1697.33,78.54,2.5,USD,1,CIF,5.6,1330.4,4515.77,5846.17,CEVA Customs,REF8295968,222,CRATES,PKG18890,2543876.47,Nigeria exporter (export)
9021310000,CD202007000000167706,2020-07-15,2020-07-20,export,42,Re-export,902131,Artificial parts of the body,China,China,Nigeria,"Shandong Healthcare Medical Care Group Co., Ltd.",[in full dataset],[in full dataset],Jinan,China,,CHAPCHAP DIGITAL COMMERCE LIMITED,[in full dataset],[in full dataset],Kano,Nigeria,[in full dataset],SEA,Main Container Port,Main Container Port,2020,7,2020-07,16211.5,KG,16211.5,16779.1,118780.46,118780.46,109409.92,9157.85,212.69,6.75,EUR,75.366,DAP,2.7,3207.07,14638.5,17845.57,Livingston Intl,REF6761878,118,DRUMS,PKG80460,26092899,Nigeria importer (import)
2617900000,CD202109000000331103,2021-09-22,2021-09-03,import,51,Consumption,261790,Ores and concentrates n.e.c. in chapter 26; other than antimony,Nigeria,Nigeria,China,NAGOS PROJECTS LIMITED,[in full dataset],[in full dataset],Port Harcourt,Nigeria,[in full dataset],"Hubei Huangshang Group Co.,Ltd",[in full dataset],[in full dataset],Huanggang,China,[in full dataset],RAIL,Shanghai,Ningbo-Zhoushan,2021,9,2021-09,20603.2,KG,20603.2,21802.5,5050.76,5050.76,4689.87,349.52,11.37,0.23,USD,1,CFR,5,252.54,371.23,623.77,Expeditors Customs,REF6799884,65,BULK,PKG29067,20610188,Nigeria exporter (export)
2618000000,CD202109000000226310,2021-09-01,2021-09-08,import,70,Transit,261800,"Slag, granulated (slag sand); from the manufacture or iron or steel",Nigeria,Nigeria,Malaysia,PANALPINA WORLD TRANSPORT (NIGERIA) LTD,[in full dataset],[in full dataset],Lagos,Nigeria,[in full dataset],MUHIBBAH ENGINEERING (M) BHD.,[in full dataset],[in full dataset],Klang,Malaysia,[in full dataset],SEA,Port Klang,Tanjung Pelepas,2021,9,2021-09,23407,KG,23407,25294.4,1887.34,1887.34,1827.22,47.54,12.58,0.08,INR,17.9646,FOB,3.5,66.06,293.01,359.07,AN Deringer,REF7105131,45,BALES,PKG31092,12900926.17,Nigeria exporter (export)
4015190000,CD202009000000232214,2020-09-19,2020-09-28,import,61,Transit,401519,"Rubber; vulcanised (other than hard rubber), gloves, mittens and mitts other than surgical gloves",Nigeria,Nigeria,China,INDORAMA ELEME PETROCHEMICALS LIMITED,[in full dataset],[in full dataset],Port Harcourt,Nigeria,[in full dataset],"Shandong Wanda Boto Tyre Co., Ltd.",[in full dataset],[in full dataset],Dongying,China,[in full dataset],ROAD,Ningbo-Zhoushan,Shenzhen,2020,9,2020-09,1645.6,KG,1645.6,1865.4,906.7,906.7,857.24,44.49,4.97,0.52,CNY,126.0328,FCA,11.6,105.18,151.78,256.96,Expeditors Customs,REF9259026,267,BULK,PKG42833,744408,Nigeria exporter (export)
2605000000,CD202109000000041929,2021-09-21,2021-09-04,import,42,Warehouse,260500,Cobalt ores and concentrates,Nigeria,Nigeria,Hong Kong,RINA CTSI NIGERIA LIMITED,[in full dataset],[in full dataset],Lagos,Nigeria,[in full dataset],"Qingdao Port International Co., Ltd.",[in full dataset],[in full dataset],Causeway Bay,Hong Kong,[in full dataset],AIR,Hong Kong (Kwai Tsing),Hong Kong (Kwai Tsing),2021,9,2021-09,12279,KG,12279,13815.9,827.78,827.78,785.04,39.25,3.49,0.06,USD,1,CIF,4.7,38.91,86.67,125.58,Expeditors Customs,REF3776952,386,DRUMS,PKG54947,1831384.35,Nigeria exporter (export)
8426190000,CD201606000000024401,2016-06-17,2016-06-25,export,40,Temporary,842619,"Cranes; transporter, gantry and bridge cranes",Spain,Spain,Nigeria,SEAT SAU,[in full dataset],[in full dataset],MARTORELL,Spain,[in full dataset],JOCAM NIGERIA LIMITED,[in full dataset],[in full dataset],Port Harcourt,Nigeria,[in full dataset],SEA,Main Container Port,Main Container Port,2016,6,2016-06,13830.3,KG,13830.3,14925.4,382554.44,382554.44,368605.58,11222.91,2725.95,26.65,USD,1,FOB,1.9,7268.53,77964.59,85233.12,CEVA Customs,REF6340234,147,PALLETS,PKG26919,1638649.04,Nigeria importer (import)
2620600000,CD202210000000020362,2022-10-27,2022-10-12,import,40,Re-export,262060,"Slag, ash and residues; (not from the manufacture of iron or steel), containing arsenic, mercury, thallium or their mixtures, of a kind used for the extraction of arsenic or those metals or for the manufacture of their chemical compounds",Nigeria,Nigeria,Hong Kong,MARCONI.NG EPC LIMITED,[in full dataset],[in full dataset],Port Harcourt,Nigeria,[in full dataset],WISON ENGINEERING SERVICES CO. LTD.,[in full dataset],[in full dataset],Wan Chai,Hong Kong,[in full dataset],SEA,Hong Kong (Kwai Tsing),Hong Kong (Kwai Tsing),2022,10,2022-10,9318,KG,9318,9744.9,4260.3,4260.3,3947.98,302.31,10.01,0.42,JPY,96.308,CIF,4.8,204.49,535.77,740.26,DB Schenker Customs,REF3499031,50,PALLETS,PKG46532,810087.83,Nigeria exporter (export)
2712900000,CD201712000002999784,2017-12-26,2017-12-02,import,10,Warehouse,271290,"Paraffin wax; containing by weight 0.75% or more of oil, obtained by synthesis or by other processes, whether or not coloured",Nigeria,Nigeria,United States,NIGERIA LNG LIMITED,[in full dataset],[in full dataset],Port Harcourt,Nigeria,[in full dataset],ConocoPhillips,[in full dataset],[in full dataset],Houston,United States,[in full dataset],AIR,"Miami, FL","Seattle, WA",2017,12,2017-12,8627.3,KG,8627.3,9299.7,2095.84,2095.84,1997.25,89.6,8.99,0.23,CNY,117.0223,FOB,4.5,94.31,109.51,203.82,Kuehne+Nagel Brokerage,REF9066605,174,CRATES,PKG94872,551900749,Nigeria exporter (export)
6802210000,CD201802000000705863,2018-02-16,2018-02-18,export,70,Warehouse,680221,"Marble, travertine and alabaster; simply cut or sawn, with a flat or even surface",China,China,Nigeria,"Yingcheng Changxing Plaster Mining Co., Ltd.",[in full dataset],[in full dataset],Yingcheng,China,,GLOBAL MANPOWER NIGERIA LTD,[in full dataset],[in full dataset],Lagos,Nigeria,[in full dataset],AIR,Main Container Port,Main Container Port,2018,2,2018-02,15251.8,KG,15251.8,17341.3,7604.73,7604.73,7205.16,390.43,9.14,0.47,INR,19.971,DDP,4.6,349.82,556.82,906.64,Livingston Intl,REF9491742,92,DRUMS,PKG33281,3247526,Nigeria importer (import)
4016910000,CD201801000000087120,2018-01-11,2018-01-26,import,70,Consumption,401691,"Rubber; vulcanised (other than hard rubber), floor coverings and mats, of non-cellular rubber",Nigeria,Nigeria,Poland,INDORAMA ELEME PETROCHEMICALS LIMITED,[in full dataset],[in full dataset],Port Harcourt,Nigeria,[in full dataset],SUPERIOR INDUSTRIES PRODUCTION POLAND SP Z O O,[in full dataset],[in full dataset],Stalowa Wola,Poland,[in full dataset],SEA,Gdynia,Gdynia,2018,1,2018-01,21535.5,KG,21535.5,22911.1,49781.99,49781.99,47463.05,2185.06,133.88,2.2,USD,1,CPT,9.7,4828.85,2730.54,7559.39,DHL Customs Svc,REF6900586,186,BULK,PKG66758,255777,Nigeria exporter (export)
4002190000,CD202009000000167402,2020-09-12,2020-09-18,import,70,Consumption,400219,"Rubber; synthetic, styrene-butadiene rubber (SBR) and carboxylated styrene-butadiene rubber (XSBR), (other than latex), in primary forms or in plates, sheets or strip",Nigeria,Nigeria,Spain,INDORAMA ELEME PETROCHEMICALS LIMITED,[in full dataset],[in full dataset],Port Harcourt,Nigeria,[in full dataset],EUROMASTER AUTOMOCION Y SERVICIOS SA,[in full dataset],[in full dataset],MADRID,Spain,[in full dataset],ROAD,Barcelona,Barcelona,2020,9,2020-09,8503.4,KG,8503.4,8901.8,19195.24,19195.24,17993.69,1146.1,55.45,2.12,USD,1,CFR,12.5,2399.41,0,2399.41,DHL Customs Svc,REF6046260,63,BULK,PKG49846,533124.35,Nigeria exporter (export)
0405200000,CD202602000000107992,2026-02-10,2026-02-14,export,10,Temporary,040520,Dairy produce; dairy spreads,Ireland,Ireland,Nigeria,LAKELAND DAIRIES CO-OPERATIVE SOCIETY LIMITED,[in full dataset],[in full dataset],CAVAN,Ireland,[in full dataset],FRIESLANDCAMPINA WAMCO NIGERIA PLC,[in full dataset],[in full dataset],Ikeja,Nigeria,[in full dataset],RAIL,Main Container Port,Main Container Port,2026,2,2026-02,2213.7,KG,2213.7,2527.8,40501.12,40501.12,36800.78,3642.01,58.33,16.62,USD,1,EXW,23.3,9436.76,0,9436.76,DB Schenker Customs,REF2416637,301,CASES,PKG19648,3387733.12,Nigeria importer (import)
2620910000,CD202604000000000374,2026-04-10,2026-04-15,import,61,Temporary,262091,"Slag, ash and residues; (not from the manufacture of iron or steel), containing antimony, beryllium, cadmium, chromium or their mixtures",Nigeria,Nigeria,Brazil,RINA CTSI NIGERIA LIMITED,[in full dataset],[in full dataset],Lagos,Nigeria,[in full dataset],PROSEGUR BRASIL SA TRANSPORTADORA DE VALORES E SEGURANCA,[in full dataset],[in full dataset],BELO HORIZONTE,Brazil,[in full dataset],SEA,Suape,Itajai,2026,4,2026-04,12841,KG,12841,13247.3,6684.26,6684.26,6137.27,508.92,38.07,0.48,EUR,5.0134,CFR,6.7,447.85,1283.78,1731.63,Kuehne+Nagel Brokerage,REF4988361,97,PALLETS,PKG13326,486714,Nigeria exporter (export)
1302140000,CD201508000000019482,2015-08-25,2015-08-02,export,70,Transit,130214,Vegetable saps and extracts; of ephedra,Germany,Germany,Nigeria,Natural Gums Dr. W. Agster GmbH,[in full dataset],[in full dataset],Reutlingen,Germany,[in full dataset],DAARUL-HADEETH SCHOOL OF ARABIC/ISLAMIYYA STUDIES LTD,[in full dataset],[in full dataset],Gbagi,Nigeria,,ROAD,Main Container Port,Main Container Port,2015,8,2015-08,7828.5,KG,7828.5,8704.4,49976.05,49976.05,45656.1,4036.66,283.29,5.83,USD,1,DAP,5.4,2698.71,3687.23,6385.94,Descartes,REF5846022,399,BULK,PKG20155,566873.73,Nigeria importer (import)
2909200000,CD202304000000161528,2023-04-14,2023-04-23,export,51,Transit,290920,"Ethers; cyclanic, cyclenic or cycloterpenic and their halogenated, sulphonated, nitrated or nitrosated derivatives",China,China,Nigeria,"Jiangsu Brother Vitamins Co.,Ltd.",[in full dataset],[in full dataset],Yancheng,China,[in full dataset],ESTERS CATERING AND EVENT MANAGEMENT,[in full dataset],[in full dataset],Lagos,Nigeria,,SEA,Main Container Port,Main Container Port,2023,4,2023-04,7880.5,KG,7880.5,8888.4,92466.37,92466.37,90019.91,2334.32,112.14,11.42,EUR,39.4918,EXW,6.9,6380.18,19769.31,26149.49,AN Deringer,REF8400617,475,PALLETS,PKG87703,18274065,Nigeria importer (import)
0406100000,CD202601000000076146,2026-01-27,2026-01-09,export,40,Temporary,040610,"Dairy produce; fresh cheese (including whey cheese), not fermented, and curd",United Kingdom,United Kingdom,Nigeria,M I INVESTMENT HOLDING LIMITED,[in full dataset],[in full dataset],LONDON,United Kingdom,,FAN MILK LTD,[in full dataset],[in full dataset],Lagos,Nigeria,[in full dataset],SEA,Main Container Port,Main Container Port,2026,1,2026-01,11598.5,KG,11598.5,12609.8,7383.23,7383.23,7066.08,287.54,29.61,0.61,GBP,28.313,DDP,24.5,1808.89,1378.82,3187.71,DSV Customs,REF4986602,140,CRATES,PKG2735,2135223.03,Nigeria importer (import)
8806920000,CD201905000000006292,2019-05-27,2019-05-03,export,10,Warehouse,880692,Unmanned aircraft; for other than remote-controlled flight and other than for carriage of passengers with a maximum take-off weight more than 250g but not more than 7kg,United States,United States,Nigeria,"Airbus Helicopters, Inc.",[in full dataset],[in full dataset],Grand Prairie,United States,[in full dataset],SG HOLDINGS LIMITED,[in full dataset],[in full dataset],Lekki,Nigeria,[in full dataset],SEA,Main Container Port,Main Container Port,2019,5,2019-05,24640.1,KG,24640.1,26047.9,42833.33,42833.33,39896.82,2842.75,93.76,1.62,CNY,42.0817,FOB,0,0,6425,6425,CEVA Customs,REF4206890,147,DRUMS,PKG61076,5189510,Nigeria importer (import)
2903940000,CD202304000000045835,2023-04-27,2023-04-06,export,51,Consumption,290394,Halogenated derivatives of aromatic hydrocarbons; hexabromobiphenyls,South Korea,South Korea,Nigeria,Ether's Dream Act Institute,[in full dataset],[in full dataset],Gyeongsan,South Korea,,ESTER'S BETHEL ENTERPRISE,[in full dataset],[in full dataset],Olomore,Nigeria,,ROAD,Main Container Port,Main Container Port,2023,4,2023-04,21394.2,KG,21394.2,24373.5,37278.95,37278.95,35062.26,1951.9,264.79,1.64,GBP,46.2244,CIF,4,1491.16,0,1491.16,Descartes,REF5021159,388,PALLETS,PKG20589,5048193,Nigeria importer (import)
1301900000,CD201506000000005377,2015-06-17,2015-06-20,import,61,Warehouse,130190,"Natural gums, resins, gum-resins and oleoresins, n.e.c. in heading no. 1301",Nigeria,Nigeria,Germany,AL-EEMAN SCHOOL OF SCIENCE AND ARABIC STUDIES LTD,[in full dataset],[in full dataset],Gbagi,Nigeria,,Natural Gums Dr. W. Agster GmbH,[in full dataset],[in full dataset],Reutlingen,Germany,[in full dataset],RAIL,Wilhelmshaven,Wilhelmshaven,2015,6,2015-06,21358.4,KG,21358.4,21825.2,5195.38,5195.38,4754.72,428.25,12.41,0.22,USD,1,CIF,3.6,187.03,645.89,832.92,CEVA Customs,REF9279349,418,ROLLS,PKG36887,133198.11,Nigeria exporter (export)
0404900000,CD202601000000122601,2026-01-07,2026-01-19,export,61,Consumption,040490,"Dairy produce; natural milk constituents (excluding whey), whether or not containing added sugar or other sweetening matter, n.e.c. in chapter 04",Germany,Germany,Nigeria,HOCHLAND Holding GmbH & Co. KG,[in full dataset],[in full dataset],Heimenkirch,Germany,[in full dataset],FAN MILK LTD,[in full dataset],[in full dataset],Lagos,Nigeria,[in full dataset],AIR,Main Container Port,Main Container Port,2026,1,2026-01,24752.6,KG,24752.6,26139.6,12114.08,12114.08,11021.09,1063.31,29.68,0.45,USD,1,CFR,12.4,1502.15,0,1502.15,DHL Customs Svc,REF4482362,428,BULK,PKG87533,3938874.96,Nigeria importer (import)
8802110000,CD201905000000010678,2019-05-15,2019-05-01,export,51,Consumption,880211,"Helicopters, except unmanned; of an unladen weight not exceeding 2000kg",Singapore,Singapore,Nigeria,ROCKWELL COLLINS SOUTHEAST ASIA PTE. LTD.,[in full dataset],[in full dataset],Singapore,Singapore,[in full dataset],SG HOLDINGS LIMITED,[in full dataset],[in full dataset],Lekki,Nigeria,[in full dataset],SEA,Main Container Port,Main Container Port,2019,5,2019-05,2215.1,KG,2215.1,2359.2,199870.6,199870.6,190685.37,8579.79,605.44,86.08,INR,74.3107,DDP,0,0,13990.94,13990.94,AN Deringer,REF4056964,321,BAGS,PKG68159,10905835.8,Nigeria importer (import)
0404100000,CD202602000000102268,2026-02-12,2026-02-16,export,70,Warehouse,040410,"Dairy produce; whey, whether or not concentrated or containing added sugar or other sweetening matter",Germany,Germany,Nigeria,HOCHLAND SE,[in full dataset],[in full dataset],Heimenkirch,Germany,[in full dataset],FRIESLANDCAMPINA WAMCO NIGERIA PLC,[in full dataset],[in full dataset],Ikeja,Nigeria,[in full dataset],SEA,Main Container Port,Main Container Port,2026,2,2026-02,9464.7,KG,9464.7,9756.3,5756.62,5756.62,5563.62,156.55,36.45,0.59,JPY,33.6371,EXW,20.2,1162.84,691.95,1854.79,Flexport Customs,REF7573819,476,BAGS,PKG98163,3170764.82,Nigeria importer (import)
8401200000,CD202101000001385625,2021-01-01,2021-01-03,export,61,Temporary,840120,"Machinery and apparatus; for isotopic separation, and parts thereof",China,China,Nigeria,"SPIC Hydropower Co., Ltd.",[in full dataset],[in full dataset],Chongqing,China,[in full dataset],DE COON SERVICES LIMITED,[in full dataset],[in full dataset],Port Harcourt,Nigeria,[in full dataset],ROAD,Main Container Port,Main Container Port,2021,1,2021-01,9580.2,KG,9580.2,11011.7,28443.62,28443.62,27651.61,735.26,56.75,2.89,INR,49.7768,FOB,1.8,511.99,1447.78,1959.77,DB Schenker Customs,REF8242138,302,PALLETS,PKG63658,152289143,Nigeria importer (import)
1506000000,CD201607000000361373,2016-07-26,2016-07-05,import,42,Temporary,150600,"Animal fats and oils and their fractions; whether or not refined, but not chemically modified, n.e.c. in chapter 15",Nigeria,Nigeria,Germany,UDY & SON SOYA BEAN FLOUR ENTERPRISE,[in full dataset],[in full dataset],Ini,Nigeria,,The Beef Tallow Company GmbH,[in full dataset],[in full dataset],Alzenau,Germany,,ROAD,Wilhelmshaven,Hamburg,2016,7,2016-07,10553.6,KG,10553.6,11613.5,26847.29,26847.29,25818.38,854.66,174.25,2.45,USD,1,DAP,6,1610.84,3414.98,5025.82,Expeditors Customs,REF1934259,207,PALLETS,PKG12917,2543876.47,Nigeria exporter (export)
8806210000,CD201905000000000008,2019-05-23,2019-05-07,export,61,Transit,880621,"Unmanned aircraft; for remote-controlled flight only, for other than for carriage of passengers, with the maximum take-off weight of not more than 250g",Czech Republic,Czech Republic,Nigeria,JOB AIR Technic a.s.,[in full dataset],[in full dataset],Mošnov,Czech Republic,[in full dataset],SG HOLDINGS LIMITED,[in full dataset],[in full dataset],Lekki,Nigeria,[in full dataset],ROAD,Main Container Port,Main Container Port,2019,5,2019-05,16191.1,KG,16191.1,17900.6,1264.64,1264.64,1182,78.35,4.29,0.07,EUR,128.5202,CIF,0,0,88.52,88.52,Expeditors Customs,REF1774063,375,DRUMS,PKG26025,1182,Nigeria importer (import)
1302320000,CD201507000000010289,2015-07-08,2015-07-10,import,10,Temporary,130232,"Mucilages and thickeners; whether or not modified, derived from locust beans, locust bean seeds or guar seeds",Nigeria,Nigeria,Germany,ARABIC TEACHERS' COLLEGE KEFFI LTD,[in full dataset],[in full dataset],Keffi,Nigeria,,Natural Gums Dr. W. Agster GmbH,[in full dataset],[in full dataset],Reutlingen,Germany,[in full dataset],AIR,Hamburg,Hamburg,2015,7,2015-07,17544.7,KG,17544.7,19505.2,21982.24,21982.24,20934.95,919.41,127.88,1.19,JPY,7.3371,DAP,5.2,1143.08,4625.06,5768.14,DSV Customs,REF2808506,90,CRATES,PKG56983,274420.57,Nigeria exporter (export)
2605000000,CD202502000000001058,2025-02-11,2025-02-18,import,40,Temporary,260500,Cobalt ores and concentrates,Nigeria,Nigeria,Belgium,NAGOS PROJECTS LIMITED,[in full dataset],[in full dataset],Port Harcourt,Nigeria,[in full dataset],M & CB,[in full dataset],[in full dataset],Neufchâteau,Belgium,,ROAD,Antwerp,Antwerp,2025,2,2025-02,3467.2,KG,3467.2,3750.4,9426.2,9426.2,8920.01,488.14,18.05,2.57,USD,1,CFR,3.1,292.21,680.29,972.5,Flexport Customs,REF1319180,27,BAGS,PKG56461,57673.65,Nigeria exporter (export)
2710910000,CD201712000003003232,2017-12-22,2017-12-03,import,51,Re-export,271091,"Waste Oils; of petroleum or obtained from bituminous minerals, not crude; and preparations n.e.c., weight 70% or preparations of the same, containing polychlorinated biphenyls (PCBs), polychorinated terphenyls (PCTs) or polybrominated biphenyls (PBBs)",Nigeria,Nigeria,United States,NIGERIA LNG LIMITED,[in full dataset],[in full dataset],Port Harcourt,Nigeria,[in full dataset],Energy Transfer LP,[in full dataset],[in full dataset],Dallas,United States,[in full dataset],RAIL,"Charleston, SC","Los Angeles, CA",2017,12,2017-12,8172.1,KG,8172.1,8457,19760.85,19760.85,18089.5,1582.3,89.05,2.21,INR,60.2171,EXW,4.6,909,1033.49,1942.49,AN Deringer,REF4868830,8,PALLETS,PKG18670,551900749,Nigeria exporter (export)
1302200000,CD201507000000017684,2015-07-09,2015-07-21,export,51,Temporary,130220,Pectic substances; pectinates and pectates,Germany,Germany,Nigeria,Natural Gums Dr. W. Agster GmbH,[in full dataset],[in full dataset],Reutlingen,Germany,[in full dataset],NURUDDEEN COLLEGE FOR ARABIC & ISLAMIC STUDIES YAYAYI KWAMI LTD,[in full dataset],[in full dataset],Kwami,Nigeria,,SEA,Main Container Port,Main Container Port,2015,7,2015-07,7387.1,KG,7387.1,7808.9,17720.92,17720.92,17150.84,455.08,115,2.32,CNY,23.947,CFR,6.2,1098.7,0,1098.7,AN Deringer,REF3309197,349,CARTONS,PKG83552,508762.93,Nigeria importer (import)
1514110000,CD201607000000361355,2016-07-13,2016-07-25,import,70,Consumption,151411,"Vegetable oils; low erucic acid rape or colza oil and its fractions, crude",Nigeria,Nigeria,Germany,GLORIA MARGARINE COMPANY,[in full dataset],[in full dataset],Aba,Nigeria,,TAG Halle-Immobilien GmbH,[in full dataset],[in full dataset],Hamburg,Germany,[in full dataset],AIR,Hamburg,Bremerhaven,2016,7,2016-07,13383.1,KG,13383.1,14578.6,15051.08,15051.08,13824.41,1121.54,105.13,1.03,USD,1,EXW,4.8,722.45,3154.71,3877.16,Livingston Intl,REF8024753,53,BULK,PKG45687,2543876.47,Nigeria exporter (export)
7319400000,CD202505000000344350,2025-05-16,2025-05-03,export,40,Transit,731940,Safety pins and other pins; of iron or steel,Italy,Italy,Nigeria,COMISA SPA,[in full dataset],[in full dataset],PISOGNE,Italy,[in full dataset],QUALCHEM GLOBAL CONCEPT LTD,[in full dataset],[in full dataset],Lagos,Nigeria,[in full dataset],SEA,Main Container Port,Main Container Port,2025,5,2025-05,11500.7,KG,11500.7,13128.2,5808.93,5808.93,5595.06,177.16,36.71,0.49,GBP,51.4257,DDP,10.1,586.7,0,586.7,DHL Customs Svc,REF1384404,102,BULK,PKG24239,18356287.87,Nigeria importer (import)
2609000000,CD202502000000035822,2025-02-01,2025-02-11,import,51,Warehouse,260900,Tin ores and concentrates,Nigeria,Nigeria,Malaysia,RINA CTSI NIGERIA LIMITED,[in full dataset],[in full dataset],Lagos,Nigeria,[in full dataset],DIALOG GROUP BERHAD,[in full dataset],[in full dataset],Petaling Jaya,Malaysia,[in full dataset],AIR,Penang,Tanjung Pelepas,2025,2,2025-02,18231.8,KG,18231.8,20371.2,5593.26,5593.26,5339.18,212.48,41.6,0.29,USD,1,CPT,6.3,352.38,297.28,649.66,DSV Customs,REF4135664,178,CASES,PKG47707,1764612.02,Nigeria exporter (export)
2933370000,CD202304000000161724,2023-04-04,2023-04-11,export,70,Transit,293337,"Heterocyclic compounds; containing an unfused pyridine ring (whether or not hydrogenated) in the structure, N-phenethyl-4-piperdone (NPP)",China,China,Nigeria,"Kunming Phenol Control Trading Co., Ltd",[in full dataset],[in full dataset],Kunming,China,,ESTER'S BETHEL ENTERPRISE,[in full dataset],[in full dataset],Olomore,Nigeria,,AIR,Main Container Port,Main Container Port,2023,4,2023-04,9575.8,KG,9575.8,10540.8,2524.21,2524.21,2307.17,200.25,16.79,0.24,JPY,54.4019,CFR,6.5,164.07,268.83,432.9,Descartes,REF4206883,276,CARTONS,PKG30087,18274065,Nigeria importer (import)
7315199000,CD202505000000121471,2025-05-04,2025-05-14,export,40,Temporary,731519,"Chain; articulated link parts, of iron or steel",United States,United States,Nigeria,"DPR Construction, Inc.",[in full dataset],[in full dataset],Santa Clara,United States,[in full dataset],NIGERIA ENAMELWARE PLC,[in full dataset],[in full dataset],Lagos,Nigeria,,ROAD,Main Container Port,Main Container Port,2025,5,2025-05,19567.4,KG,19567.4,20111.4,21139.63,21139.63,20535.73,577.03,26.87,1.05,USD,1,CFR,9.8,2071.68,1160.57,3232.25,Livingston Intl,REF2546718,247,CARTONS,PKG91511,5306681,Nigeria importer (import)
8505190000,CD201705000001278818,2017-05-05,2017-05-10,export,40,Re-export,850519,"Magnets; permanent magnets and articles intended to become permanent magnets after magnetisation, other than of metal",China,China,Nigeria,"SHENZHEN KINWONG ELECTRONIC CO.,LTD.",[in full dataset],[in full dataset],Shenzhen,China,[in full dataset],AIRTEL NETWORKS LIMITED,[in full dataset],[in full dataset],Victoria Island,Nigeria,[in full dataset],SEA,Main Container Port,Main Container Port,2017,5,2017-05,10763.1,KG,10763.1,11465.1,1025.86,1025.86,963.57,57.63,4.66,0.09,INR,36.9075,EXW,1.9,19.49,209.07,228.56,DHL Customs Svc,REF1157651,319,DRUMS,PKG31319,130976781,Nigeria importer (import)
2619000000,CD202412000000865442,2024-12-09,2024-12-14,import,42,Transit,261900,"Slag, dross; (other than granulated slag), scalings and other waste from the manufacture of iron or steel",Nigeria,Nigeria,China,PANALPINA WORLD TRANSPORT (NIGERIA) LTD,[in full dataset],[in full dataset],Lagos,Nigeria,[in full dataset],Shanghai Bailian Group Incorporated Company,[in full dataset],[in full dataset],Shanghai,China,[in full dataset],RAIL,Ningbo-Zhoushan,Xiamen,2024,12,2024-12,7849.8,KG,7849.8,8771.6,5070.34,5070.34,4769.53,281.36,19.45,0.61,EUR,95.2301,EXW,5.1,258.59,0,258.59,DSV Customs,REF8629296,396,CASES,PKG51338,70218400,Nigeria exporter (export)
2601200000,CD202412000000866420,2024-12-22,2024-12-28,import,70,Warehouse,260120,Iron pyrites; roasted,Nigeria,Nigeria,China,PANALPINA WORLD TRANSPORT (NIGERIA) LTD,[in full dataset],[in full dataset],Lagos,Nigeria,[in full dataset],"Hubei Huangshang Group Co.,Ltd",[in full dataset],[in full dataset],Huanggang,China,[in full dataset],SEA,Guangzhou,Yingkou,2024,12,2024-12,8889.4,KG,8889.4,9475.1,28420.77,28420.77,26652.72,1656.44,111.61,3,CNY,16.0735,FCA,3.8,1079.99,0,1079.99,DSV Customs,REF6228624,50,BULK,PKG21086,70218400,Nigeria exporter (export)
3806900000,CD202409000000016051,2024-09-16,2024-09-18,export,10,Warehouse,380690,"Rosin; spirit and oils, n.e.c. in heading no. 3806",Saudi Arabia,Saudi Arabia,Nigeria,SAUDI ARABIAN OIL COMPANY (SAUDI ARAMCO) A SAUDI JOINT-STOCK COMPANY,[in full dataset],[in full dataset],Dhahran,Saudi Arabia,[in full dataset],INDORAMA ELEME FERTILIZER & CHEMICALS LIMITED,[in full dataset],[in full dataset],Port Harcourt,Nigeria,[in full dataset],ROAD,Main Container Port,Main Container Port,2024,9,2024-09,23833,KG,23833,27082.5,45913.1,45913.1,42306.84,3416.38,189.88,1.78,USD,1,CIF,5.4,2479.31,2419.62,4898.93,Flexport Customs,REF4113129,433,BULK,PKG3356,797607.18,Nigeria importer (import)
8515110000,CD201705000001280120,2017-05-22,2017-05-26,export,10,Warehouse,851511,"Brazing or soldering machines and apparatus; soldering irons and guns, whether or not capable of cutting",China,China,Nigeria,BYD Company Limited,[in full dataset],[in full dataset],Shenzhen,China,[in full dataset],AIRTEL NETWORKS LIMITED,[in full dataset],[in full dataset],Lagos,Nigeria,[in full dataset],ROAD,Main Container Port,Main Container Port,2017,5,2017-05,6511.2,KG,6511.2,6692.8,1627053.15,1627053.15,1500000,125144.42,1908.73,230.37,CNY,38.8375,FCA,2.5,40676.33,0,40676.33,Kuehne+Nagel Brokerage,REF6020248,289,CARTONS,PKG83532,130976781,Nigeria importer (import)
8543100000,CD201705000001279164,2017-05-12,2017-05-18,export,61,Temporary,854310,Electrical machines and apparatus; particle accelerators,China,China,Nigeria,"TONGWEI CO., LTD.",[in full dataset],[in full dataset],Chengdu,China,[in full dataset],ZETA-WEB BUSINESS SOLUTIONS LIMITED,[in full dataset],[in full dataset],Lekki,Nigeria,[in full dataset],AIR,Main Container Port,Main Container Port,2017,5,2017-05,10423.5,KG,10423.5,11185.4,10502.31,10502.31,10002.79,482.4,17.12,0.96,GBP,112.8414,EXW,2.1,220.55,1286.74,1507.29,Livingston Intl,REF7981926,96,BULK,PKG83512,130976781,Nigeria importer (import)
3827110000,CD202409000000207675,2024-09-27,2024-09-12,export,40,Transit,382711,"Mixtures containing halogenated derivatives of methane, ethane or propane, not elsewhere specified or included; containing chlorofluorocarbons (CFCs), whether or not containing hydrochlorofluorocarbons (HCFCs), perfluorocarbons (PFCs) or hydrofluorocarbon",China,China,Nigeria,"Shenzhen Noposion Crop Science Co.,Ltd",[in full dataset],[in full dataset],Shenzhen,China,[in full dataset],GUINNESS NIGERIA PLC,[in full dataset],[in full dataset],Ikeja,Nigeria,[in full dataset],SEA,Main Container Port,Main Container Port,2024,9,2024-09,24417.8,KG,24417.8,26996.5,16953.34,16953.34,16099.59,825.74,28.01,0.66,USD,1,CIF,6.8,1152.83,3621.23,4774.06,Livingston Intl,REF3922167,158,CRATES,PKG56989,14471660,Nigeria importer (import)
1302130000,CD201509000000029965,2015-09-16,2015-09-01,export,61,Transit,130213,Vegetable saps and extracts; of hops,United Kingdom,United Kingdom,Nigeria,CHAUMET (LONDON) LIMITED,[in full dataset],[in full dataset],LONDON,United Kingdom,[in full dataset],AL-EEMAN SCHOOL OF SCIENCE AND ARABIC STUDIES LTD,[in full dataset],[in full dataset],Gbagi,Nigeria,,ROAD,Main Container Port,Main Container Port,2015,9,2015-09,8706.5,KG,8706.5,9319.2,19821.61,19821.61,18213.42,1550.62,57.57,2.09,CNY,65.565,EXW,5.3,1050.55,1043.61,2094.16,Expeditors Customs,REF8950127,157,CASES,PKG14305,1048994.52,Nigeria importer (import)
2621900000,CD202210000000271775,2022-10-25,2022-10-12,import,40,Transit,262190,Slag and ash n.e.c. in chapter 26; including seaweed ash (kelp) but excluding ash and residues from the incineration of municipal waste,Nigeria,Nigeria,China,Vigeo Holdings Limited,[in full dataset],[in full dataset],Lagos,Nigeria,[in full dataset],"Guangzhou Zhiyuan New Energy Technology Co., Ltd.",[in full dataset],[in full dataset],Guangzhou,China,,RAIL,Yingkou,Dalian,2022,10,2022-10,22256.1,KG,22256.1,25079.6,845.76,845.76,812.61,29.31,3.84,0.04,USD,1,CFR,5.5,46.52,44.61,91.13,Flexport Customs,REF7188390,499,DRUMS,PKG90064,14307299,Nigeria exporter (export)
2620290000,CD202210000000271818,2022-10-17,2022-10-27,import,10,Consumption,262029,"Slag, ash and residues; (not from the manufacture of iron or steel), containing mainly lead; excluding leaded gasoline sludges and leaded anti-knock compound sludges",Nigeria,Nigeria,China,FENOG NIGERIA LIMITED,[in full dataset],[in full dataset],Warri,Nigeria,[in full dataset],Easyhome New Retail Group Corporation Limited,[in full dataset],[in full dataset],Beijing,China,[in full dataset],ROAD,Tianjin,Xiamen,2022,10,2022-10,14800.3,KG,14800.3,15422.9,1990.21,1990.21,1823.73,155.22,11.26,0.12,JPY,82.6257,CPT,6.4,127.37,254.11,381.48,CEVA Customs,REF5241012,217,BAGS,PKG17316,14307299,Nigeria exporter (export)
4002490000,CD201803000000048491,2018-03-15,2018-03-01,import,51,Re-export,400249,"Rubber; synthetic, chloroprene (chlorobutadiene) rubber (CR), (other than latex), in primary forms or in plates, sheets or strip",Nigeria,Nigeria,United Kingdom,INDORAMA ELEME PETROCHEMICALS LIMITED,[in full dataset],[in full dataset],Port Harcourt,Nigeria,[in full dataset],LKQ GROUP (UK) LIMITED,[in full dataset],[in full dataset],TAMWORTH,United Kingdom,[in full dataset],SEA,Liverpool,Liverpool,2018,3,2018-03,3972.8,KG,3972.8,4148.3,39521.81,39521.81,38361.71,1103.54,56.56,9.66,USD,1,FOB,12,4742.62,6639.66,11382.28,DHL Customs Svc,REF3688327,483,PALLETS,PKG58172,146148.54,Nigeria exporter (export)
2620400000,CD202412000000862484,2024-12-07,2024-12-21,import,40,Temporary,262040,"Slag, ash and residues; (not from the manufacture of iron or steel), containing mainly aluminium",Nigeria,Nigeria,China,PANALPINA WORLD TRANSPORT (NIGERIA) LTD,[in full dataset],[in full dataset],Lagos,Nigeria,[in full dataset],"FESCO Group Co., Ltd",[in full dataset],[in full dataset],Beijing,China,[in full dataset],SEA,Tianjin,Qingdao,2024,12,2024-12,9332.2,KG,9332.2,10550.7,30766.48,30766.48,28172.15,2527.36,66.97,3.02,EUR,4.1555,FOB,6.3,1938.29,2289.33,4227.62,CEVA Customs,REF4203498,208,BULK,PKG26910,70218400,Nigeria exporter (export)
0410900000,CD202603000000093255,2026-03-21,2026-03-05,export,10,Warehouse,041090,"Animal products; edible products of animal origin, not elsewhere specified or included, other than insects",Germany,Germany,Nigeria,HOCHLAND Holding GmbH & Co. KG,[in full dataset],[in full dataset],Heimenkirch,Germany,[in full dataset],CADBURY NIGERIA PLC,[in full dataset],[in full dataset],Ikeja,Nigeria,[in full dataset],AIR,Main Container Port,Main Container Port,2026,3,2026-03,13257.1,KG,13257.1,14541,17386.14,17386.14,16197.36,1153.95,34.83,1.22,INR,37.6154,DDP,26.8,4659.49,3968.21,8627.7,Flexport Customs,REF5257800,279,DRUMS,PKG4658,2766736.59,Nigeria importer (import)
7324210000,CD202505000000344655,2025-05-14,2025-05-19,export,10,Warehouse,732421,"Cast iron, baths, whether or not enamelled",Italy,Italy,Nigeria,PRYSMIAN SPA,[in full dataset],[in full dataset],MILANO,Italy,[in full dataset],Modern Foundry Products Ltd,[in full dataset],[in full dataset],Lagos,Nigeria,[in full dataset],SEA,Main Container Port,Main Container Port,2025,5,2025-05,23009.7,KG,23009.7,25092.6,17018.23,17018.23,15568.55,1330.59,119.09,0.68,JPY,29.2908,FOB,10.7,1820.95,1883.92,3704.87,AN Deringer,REF2575836,286,CASES,PKG28766,18356287.87,Nigeria importer (import)
6805300000,CD201806000000623427,2018-06-21,2018-06-08,export,10,Re-export,680530,"Abrasive powder or grain; natural or artificial, on a base of materials n.e.c. in heading no. 6805, whether or not cut to shape or sewn or otherwise made up",China,China,Nigeria,"Shenzhen Shishang Industry Co.,ltd.",[in full dataset],[in full dataset],Shenzhen,China,[in full dataset],PICCOLO - BRUNELLI ENGINEERING LTD,[in full dataset],[in full dataset],Abuja,Nigeria,[in full dataset],AIR,Main Container Port,Main Container Port,2018,6,2018-06,11012,KG,11012,12534,4970.24,4970.24,4825.47,123.03,21.74,0.44,CNY,10.1388,FOB,6.7,333.01,636.39,969.4,Flexport Customs,REF3178493,23,CRATES,PKG70303,2796902,Nigeria importer (import)
9010100000,CD202007000000167920,2020-07-20,2020-07-22,export,42,Re-export,901010,Photographic laboratory apparatus and equipment; for automatically developing photographic (including cinematographic) film or paper in rolls or for automatically exposing developed film to rolls of paper,China,China,Nigeria,"Gree Electric Appliances, Inc. Of Zhuhai",[in full dataset],[in full dataset],Zhuhai,China,[in full dataset],ES - EL40 Limited,[in full dataset],[in full dataset],Lagos,Nigeria,[in full dataset],SEA,Main Container Port,Main Container Port,2020,7,2020-07,13292.4,KG,13292.4,13583,124181.02,124181.02,120194.72,3189.17,797.13,9.04,CNY,37.9486,DAP,1.9,2359.44,6327.02,8686.46,Descartes,REF5763397,95,DRUMS,PKG82966,26092899,Nigeria importer (import)
8419190000,CD202101000001386493,2021-01-25,2021-01-12,export,51,Re-export,841919,"Heaters; instantaneous or storage water heaters, non-electric, (other than instantaneous gas or solar water heaters)",China,China,Nigeria,"Shanwei BYD Industrial Co.,Ltd.",[in full dataset],[in full dataset],Shanwei,China,[in full dataset],DE COON SERVICES LIMITED,[in full dataset],[in full dataset],Port Harcourt,Nigeria,[in full dataset],SEA,Main Container Port,Main Container Port,2021,1,2021-01,15603,KG,15603,16688.2,19549.73,19549.73,17787.17,1703.1,59.46,1.14,JPY,18.308,CIF,3.4,664.69,3638.6,4303.29,DSV Customs,REF3531353,85,ROLLS,PKG78307,152289143,Nigeria importer (import)
2620910000,CD202109000000227461,2021-09-27,2021-09-14,import,40,Transit,262091,"Slag, ash and residues; (not from the manufacture of iron or steel), containing antimony, beryllium, cadmium, chromium or their mixtures",Nigeria,Nigeria,Malaysia,ELPER OILFIELD ENGINEERING (NIGERIA) LIMITED,[in full dataset],[in full dataset],Lagos,Nigeria,[in full dataset],MUHIBBAH ENGINEERING (M) BHD.,[in full dataset],[in full dataset],Klang,Malaysia,[in full dataset],SEA,Tanjung Pelepas,Tanjung Pelepas,2021,9,2021-09,11809.2,KG,11809.2,12158.9,5842.47,5842.47,5658.27,178.48,5.72,0.48,USD,1,DAP,6.4,373.92,1243.28,1617.2,Expeditors Customs,REF2363058,192,BULK,PKG7840,12900926.17,Nigeria exporter (export)
1302110000,CD201508000000019477,2015-08-24,2015-08-10,export,61,Consumption,130211,Vegetable saps and extracts; opium,Germany,Germany,Nigeria,Natural Gums Dr. W. Agster GmbH,[in full dataset],[in full dataset],Reutlingen,Germany,[in full dataset],GUM ARABIC COMPANY NIGERIA (GACON) LIMITED,[in full dataset],[in full dataset],Lagos,Nigeria,[in full dataset],SEA,Main Container Port,Main Container Port,2015,8,2015-08,10439,KG,10439,10691.1,12060.26,12060.26,11091.65,925.9,42.71,1.06,USD,1,DAP,4,482.41,1254.27,1736.68,AN Deringer,REF5621969,331,DRUMS,PKG82073,566873.73,Nigeria importer (import)
2606000000,CD202109000000227152,2021-09-14,2021-09-25,import,10,Transit,260600,Aluminium ores and concentrates,Nigeria,Nigeria,Malaysia,ELPER OILFIELD ENGINEERING (NIGERIA) LIMITED,[in full dataset],[in full dataset],Lagos,Nigeria,[in full dataset],MUHIBBAH ENGINEERING (M) BHD.,[in full dataset],[in full dataset],Klang,Malaysia,[in full dataset],ROAD,Tanjung Pelepas,Tanjung Pelepas,2021,9,2021-09,8551.7,KG,8551.7,9530,2523.92,2523.92,2386.11,123.44,14.37,0.28,USD,1,FOB,4.9,123.67,397.14,520.81,DB Schenker Customs,REF5927231,50,ROLLS,PKG67783,12900926.17,Nigeria exporter (export)
4008290000,CD202010000000216429,2020-10-27,2020-10-10,import,61,Warehouse,400829,"Rubber; vulcanised (other than hard rubber), non-cellular rubber, in forms other than plates, sheets or strip",Nigeria,Nigeria,Italy,INDORAMA ELEME PETROCHEMICALS LIMITED,[in full dataset],[in full dataset],Port Harcourt,Nigeria,[in full dataset],VOLKSWAGEN GROUP ITALIA SPA,[in full dataset],[in full dataset],VERONA,Italy,[in full dataset],ROAD,Genoa,Trieste,2020,10,2020-10,6321.2,KG,6321.2,6810.2,16811,16811,15839.35,942.8,28.85,2.51,CNY,13.0869,EXW,13.2,2219.05,1332.1,3551.15,Livingston Intl,REF1869749,211,BALES,PKG96934,691277.25,Nigeria exporter (export)
8528721000,CD201705000000046318,2017-05-21,2017-05-23,export,42,Warehouse,852872,"Reception apparatus for television, whether or not incorporating radio-broadcast receivers or sound or video recording or reproducing apparatus; incorporating a colour video display or screen",Italy,Italy,Nigeria,OMNICOM MEDIA GROUP SRL,[in full dataset],[in full dataset],MILANO,Italy,[in full dataset],MTN NIGERIA COMMUNICATIONS PLC,[in full dataset],[in full dataset],Ikoyi,Nigeria,[in full dataset],ROAD,Main Container Port,Main Container Port,2017,5,2017-05,14889,KG,14889,15554.3,47342.44,47342.44,44952.78,2336.88,52.78,3.02,USD,1,CFR,2.6,1230.9,8743.2,9974.1,Livingston Intl,REF2203781,23,CARTONS,PKG75033,2980615.25,Nigeria importer (import)
7305399000,CD202505000000121639,2025-05-20,2025-05-23,export,42,Transit,730539,"Iron or steel (excluding cast iron); tubes and pipes (other than line pipe or casing of a kind used for oil or gas pipelines), welded (not longitudinally welded), having circular cross-sections, external diameter exceeds 406.4mm, (not seamless)",United States,United States,Nigeria,ACE Hardware Corporation,[in full dataset],[in full dataset],Oak Brook,United States,[in full dataset],APROFIM ENGINEERING AND CONSTRUCTION (NIGERIA) LTD,[in full dataset],,,Nigeria,,ROAD,Main Container Port,Main Container Port,2025,5,2025-05,24448.9,KG,24448.9,25661.3,108597.07,108597.07,98868.91,9591.79,136.37,4.04,EUR,112.5722,DAP,7,7601.79,13943.86,21545.65,DB Schenker Customs,REF9628744,44,DRUMS,PKG5683,5306681,Nigeria importer (import)
2908920000,CD202201000000178315,2022-01-20,2022-01-24,export,10,Warehouse,290892,"Phenol or phenol-alcohol derivatives, sulphonated, nitrated or nitrosated derivatives thereof; 4,6-dinitro-o-cresol (DNOC (ISO)) and its salts",China,China,Nigeria,"Qilu Antibiotics Pharmaceutical Co., Ltd.",[in full dataset],[in full dataset],Jinan,China,[in full dataset],BILE ACIDS NIGERIA LTD,[in full dataset],[in full dataset],Suleja,Nigeria,,SEA,Main Container Port,Main Container Port,2022,1,2022-01,9948.5,KG,9948.5,11013.4,70992.5,70992.5,65459.99,5449.03,83.48,6.58,JPY,30.7092,FCA,6.5,4614.51,11341.05,15955.56,Kuehne+Nagel Brokerage,REF8540509,413,BAGS,PKG86834,19120015,Nigeria importer (import)
2617100000,CD201912000000183532,2019-12-05,2019-12-07,import,40,Consumption,261710,Antimony ores and concentrates,Nigeria,Nigeria,China,PANALPINA WORLD TRANSPORT (NIGERIA) LTD,[in full dataset],[in full dataset],Lagos,Nigeria,[in full dataset],"Taiyuan Zhige Trading Co., Ltd",[in full dataset],[in full dataset],Taiyuan,China,,RAIL,Qingdao,Ningbo-Zhoushan,2019,12,2019-12,408.3,KG,408.3,452.6,22391.17,22391.17,21416.28,817.3,157.59,52.45,CNY,41.481,CFR,6.3,1410.64,3570.27,4980.91,Flexport Customs,REF4348990,465,PALLETS,PKG94588,9075130,Nigeria exporter (export)
2702100000,CD201712000001063318,2017-12-07,2017-12-14,import,61,Transit,270210,"Lignite; whether or not pulverised, but not agglomerated, excluding jet",Nigeria,Nigeria,China,NIGERIAN NATIONAL PETROLEUM COMPANY LIMITED,[in full dataset],[in full dataset],Abuja,Nigeria,[in full dataset],"Yangquan Coal Industry Group Taiyuan Chemical New Material Co., Ltd.",[in full dataset],[in full dataset],Taiyuan,China,,SEA,Tianjin,Dalian,2017,12,2017-12,2800.6,KG,2800.6,3209.7,10556.72,10556.72,9586.3,937.45,32.97,3.42,GBP,33.6417,DAP,3,316.7,1304.81,1621.51,AN Deringer,REF8223242,443,CARTONS,PKG21246,113051320,Nigeria exporter (export)
1509909000,CD201607000000361420,2016-07-17,2016-07-27,import,42,Consumption,150990,"Vegetable oils; olive oil and its fractions, other than virgin, whether or not refined, but not chemically modified",Nigeria,Nigeria,Germany,GLORIA MARGARINE COMPANY,[in full dataset],[in full dataset],Aba,Nigeria,,TAG Halle-Immobilien GmbH,[in full dataset],[in full dataset],Hamburg,Germany,[in full dataset],SEA,Bremerhaven,Wilhelmshaven,2016,7,2016-07,1805,KG,1805,2064,15850.14,15850.14,14996.91,761.12,92.11,8.31,CNY,65.0173,EXW,4.8,760.81,830.55,1591.36,CEVA Customs,REF3088574,206,ROLLS,PKG2559,2543876.47,Nigeria exporter (export)
1301200000,CD201505000000012062,2015-05-05,2015-05-11,import,51,Consumption,130120,Gum Arabic,Nigeria,Nigeria,Germany,QURANIC RECITATION & ARABIC LANGUAGE ACADEMY LTD,[in full dataset],[in full dataset],Kano,Nigeria,,Natural Gums Dr. W. Agster GmbH,[in full dataset],[in full dataset],Reutlingen,Germany,[in full dataset],SEA,Bremerhaven,Hamburg,2015,5,2015-05,7064.9,KG,7064.9,7810.4,4523.49,4523.49,4285.87,210.09,27.53,0.61,EUR,69.8682,FOB,5.6,253.32,238.84,492.16,Kuehne+Nagel Brokerage,REF7783648,489,CASES,PKG80643,326233.39,Nigeria exporter (export)
2939410000,CD202304000000045915,2023-04-24,2023-04-10,export,51,Consumption,293941,Alkaloids; of ephedrine and their derivatives; salts thereof,South Korea,South Korea,Nigeria,Ether's Dream Act Institute,[in full dataset],[in full dataset],Gyeongsan,South Korea,,BILE ACIDS NIGERIA LTD,[in full dataset],[in full dataset],Suleja,Nigeria,,RAIL,Main Container Port,Main Container Port,2023,4,2023-04,18041.9,KG,18041.9,19081.5,4790.19,4790.19,4454.69,301.17,34.33,0.25,INR,128.4119,CFR,4.7,225.14,1003.07,1228.21,Expeditors Customs,REF8262424,392,BALES,PKG52403,5048193,Nigeria importer (import)
1302320000,CD201504000000002677,2015-04-01,2015-04-13,import,51,Transit,130232,"Mucilages and thickeners; whether or not modified, derived from locust beans, locust bean seeds or guar seeds",Nigeria,Nigeria,Germany,AL-MOSDARU AN-NURIY COLLEGE OF ARABIC AND ISLAMIC STUDIES LTD,[in full dataset],[in full dataset],Olodo,Nigeria,,Natural Gums Dr. W. Agster GmbH,[in full dataset],[in full dataset],Reutlingen,Germany,[in full dataset],SEA,Hamburg,Wilhelmshaven,2015,4,2015-04,20981.9,KG,20981.9,22923.5,15595.59,15595.59,15186.51,307.64,101.44,0.72,EUR,120.1762,DAP,4.9,764.18,2453.97,3218.15,CEVA Customs,REF9310246,100,BALES,PKG2626,67877.52,Nigeria exporter (export)
4002410000,CD201804000000492201,2018-04-06,2018-04-14,import,70,Warehouse,400241,"Rubber; synthetic, chloroprene (chlorobutadiene) rubber (CR), latex, in primary forms or in plates, sheets or strip",Nigeria,Nigeria,Spain,INDORAMA ELEME PETROCHEMICALS LIMITED,[in full dataset],[in full dataset],Port Harcourt,Nigeria,[in full dataset],PLYMOUTH RUBBER EUROPA SAU,[in full dataset],[in full dataset],O PORRIÑO,Spain,[in full dataset],AIR,Algeciras,Valencia,2018,4,2018-04,15389.2,KG,15389.2,17425.6,15334.99,15334.99,14311.45,926.72,96.82,0.93,GBP,122.0848,EXW,6.6,1012.11,2452.06,3464.17,Flexport Customs,REF2003763,275,PALLETS,PKG26344,1404807.43,Nigeria exporter (export)
2603000000,CD202109000000226010,2021-09-17,2021-09-03,import,70,Warehouse,260300,Copper ores and concentrates,Nigeria,Nigeria,Malaysia,KAP KOPYTEC AND ALLIED PRODUCTS LTD,[in full dataset],[in full dataset],,Nigeria,,M.A.H.F. PRECIOUS METAL REFINERY SDN BHD,[in full dataset],[in full dataset],Pulau Pinang,Malaysia,,AIR,Port Klang,Penang,2021,9,2021-09,24698.4,KG,24698.4,26411.6,474.92,474.92,462.22,9.36,3.34,0.02,USD,1,CIF,3.1,14.72,88.14,102.86,Flexport Customs,REF5443216,435,ROLLS,PKG71916,12900926.17,Nigeria exporter (export)
9021390000,CD202007000000167910,2020-07-07,2020-07-10,export,51,Transit,902139,Artificial parts of the body; excluding artificial joints,China,China,Nigeria,The Second Xiangya Hospital Of Central South University,[in full dataset],[in full dataset],Changsha,China,[in full dataset],AYEMERE GALLERY,[in full dataset],[in full dataset],Lagos,Nigeria,[in full dataset],AIR,Main Container Port,Main Container Port,2020,7,2020-07,16209.9,KG,16209.9,18033.8,8975.34,8975.34,8300.59,627.05,47.7,0.51,EUR,100.4094,CFR,1.2,107.7,1816.61,1924.31,Descartes,REF6622513,151,CRATES,PKG42524,26092899,Nigeria importer (import)
8515310000,CD201705000000592490,2017-05-26,2017-05-03,export,61,Consumption,851531,"Welding machines and apparatus; for arc (including plasma arc) welding of metals, fully or partly automatic, whether or not capable of cutting",Hong Kong,Hong Kong,Nigeria,LENOVO GROUP LIMITED,[in full dataset],[in full dataset],Quarry Bay,Hong Kong,[in full dataset],INLAKS POWER SOLUTIONS LIMITED,[in full dataset],[in full dataset],Ikeja,Nigeria,[in full dataset],AIR,Main Container Port,Main Container Port,2017,5,2017-05,12311,KG,12311,14069.8,156070.79,156070.79,145581.41,9354.32,1135.06,11.83,INR,116.285,CIF,2.2,3433.56,7975.22,11408.78,CEVA Customs,REF1291094,371,BALES,PKG1373,46360806.37,Nigeria importer (import)
2714100000,CD202306000001699006,2023-06-05,2023-06-16,import,70,Transit,271410,Bituminous or oil shale and tar sands,Nigeria,Nigeria,Germany,NIGERIAN NATIONAL PETROLEUM COMPANY LIMITED,[in full dataset],[in full dataset],Abuja,Nigeria,[in full dataset],Uniper Energy Storage GmbH,[in full dataset],[in full dataset],Düsseldorf,Germany,[in full dataset],SEA,Bremerhaven,Wilhelmshaven,2023,6,2023-06,24220.2,KG,24220.2,27193.5,41576.57,41576.57,40269.18,1000.12,307.27,1.66,GBP,18.1253,EXW,4.8,1995.68,3050.06,5045.74,Livingston Intl,REF7671958,384,BULK,PKG23661,236270292.4,Nigeria exporter (export)
2921490000,CD202201000000178225,2022-01-05,2022-01-19,export,42,Re-export,292149,Amine-function compounds; aromatic monoamines and their derivatives; salts thereof; n.e.c. in item no. 2921.4,China,China,Nigeria,DSM Vitamins (Shanghai) Limited,[in full dataset],[in full dataset],Shanghai,China,[in full dataset],ESTER'S BETHEL ENTERPRISE,[in full dataset],[in full dataset],Olomore,Nigeria,,AIR,Main Container Port,Main Container Port,2022,1,2022-01,9863.2,KG,9863.2,10390.4,58024.66,58024.66,55752.99,2070.75,200.92,5.65,INR,78.3492,CFR,3.4,1972.84,2999.88,4972.72,Livingston Intl,REF9426989,163,CARTONS,PKG2011,19120015,Nigeria importer (import)
2714100000,CD201712000003002308,2017-12-13,2017-12-15,import,10,Temporary,271410,Bituminous or oil shale and tar sands,Nigeria,Nigeria,United States,NNPC ENERGY SERVICES LIMITED,[in full dataset],[in full dataset],Abuja,Nigeria,[in full dataset],Constellation Energy Corporation,[in full dataset],[in full dataset],Baltimore,United States,[in full dataset],AIR,"Norfolk, VA","Oakland, CA",2017,12,2017-12,13351.1,KG,13351.1,14504.4,785.6,785.6,729.97,54.36,1.27,0.05,INR,27.8872,DDP,3.4,26.71,56.86,83.57,DHL Customs Svc,REF1049212,449,CASES,PKG40207,551900749,Nigeria exporter (export)
4016910000,CD202002000000313509,2020-02-13,2020-02-18,import,40,Re-export,401691,"Rubber; vulcanised (other than hard rubber), floor coverings and mats, of non-cellular rubber",Nigeria,Nigeria,Spain,INDORAMA ELEME PETROCHEMICALS LIMITED,[in full dataset],[in full dataset],Port Harcourt,Nigeria,[in full dataset],EUROMASTER AUTOMOCION Y SERVICIOS SA,[in full dataset],[in full dataset],MADRID,Spain,[in full dataset],ROAD,Valencia,Barcelona,2020,2,2020-02,14721.4,KG,14721.4,16466.3,2252.24,2252.24,2108.52,135.28,8.44,0.14,USD,1,CPT,9.8,220.72,296.76,517.48,CEVA Customs,REF7254822,422,CASES,PKG74944,1016567.76,Nigeria exporter (export)
2610000000,CD202502000000030124,2025-02-04,2025-02-13,import,10,Consumption,261000,Chromium ores and concentrates,Nigeria,Nigeria,Hong Kong,ACTROUS COMPANY LIMITED,[in full dataset],[in full dataset],Bayelsa State,Nigeria,,New World Department Store China Limited,[in full dataset],[in full dataset],Causeway Bay,Hong Kong,[in full dataset],RAIL,Hong Kong (Kwai Tsing),Hong Kong (Kwai Tsing),2025,2,2025-02,11829.9,KG,11829.9,13359.2,2326.29,2326.29,2218.3,98.97,9.02,0.19,USD,1,CPT,4.9,113.99,0,113.99,DSV Customs,REF6655058,310,DRUMS,PKG90251,1441546.72,Nigeria exporter (export)
2601120000,CD201912000000183171,2019-12-11,2019-12-25,import,51,Re-export,260112,Iron ores and concentrates; agglomerated (excluding roasted iron pyrites),Nigeria,Nigeria,China,NAGOS PROJECTS LIMITED,[in full dataset],[in full dataset],Port Harcourt,Nigeria,[in full dataset],"5i5j Holding Group Co., Ltd",[in full dataset],[in full dataset],Beijing,China,[in full dataset],SEA,Yingkou,Shenzhen,2019,12,2019-12,10960.7,KG,10960.7,11992,1615.09,1615.09,1523.26,89.56,2.27,0.14,GBP,104.5451,FCA,5.7,92.06,119.5,211.56,Kuehne+Nagel Brokerage,REF2357264,244,BAGS,PKG73145,9075130,Nigeria exporter (export)
6812910000,CD201803000000344578,2018-03-06,2018-03-12,export,61,Transit,681291,"Asbestos or mixtures with a basis of asbestos (other than crocidolite); clothing, clothing accessories, footwear and headgear, whether or not reinforced, not goods of heading 6811 or 6813",China,China,Nigeria,"Huaxin Building Materials Group Co.,Ltd.",[in full dataset],[in full dataset],Wuhan,China,[in full dataset],GLOBAL MANPOWER NIGERIA LTD,[in full dataset],[in full dataset],Lagos,Nigeria,[in full dataset],ROAD,Main Container Port,Main Container Port,2018,3,2018-03,12472,KG,12472,13091.2,86863.51,86863.51,81588.57,4940.62,334.32,6.54,USD,1,CPT,6.8,5906.72,9277.02,15183.74,Expeditors Customs,REF8621591,141,CARTONS,PKG41510,1328905,Nigeria importer (import)
3827650000,CD202409000000029133,2024-09-22,2024-09-05,export,51,Re-export,382765,"Mixtures containing halogenated derivatives of methane, ethane or propane; containing other hydrofluorocarbons (HFCs) but not containing chlorofluorocarbons (CFCs) or hydrochlorofluorocarbons (HCFCs); other mixtures, not included in the subheadings above,",Belgium,Belgium,Nigeria,Umicore,[in full dataset],[in full dataset],Brussels,Belgium,[in full dataset],INDORAMA ELEME FERTILIZER & CHEMICALS LIMITED,[in full dataset],[in full dataset],Port Harcourt,Nigeria,[in full dataset],RAIL,Main Container Port,Main Container Port,2024,9,2024-09,9140.9,KG,9140.9,9358.3,9908.24,9908.24,9512.03,335.71,60.5,1.04,JPY,77.2046,CIF,3.2,317.06,1533.8,1850.86,Expeditors Customs,REF5836229,256,CASES,PKG55513,1451555,Nigeria importer (import)
1302390000,CD201511000000007936,2015-11-09,2015-11-22,import,51,Temporary,130239,"Mucilages and thickeners; whether or not modified, derived from vegetable products, n.e.c. in item no. 1302.3",Nigeria,Nigeria,Germany,MARKAZ ABDULLATEEF FOR QURANIC MEMORIZATION & ARABIC STUDIES LIMITED,[in full dataset],[in full dataset],Ogba,Nigeria,,Natural Gums Dr. W. Agster GmbH,[in full dataset],[in full dataset],Reutlingen,Germany,[in full dataset],SEA,Hamburg,Wilhelmshaven,2015,11,2015-11,8177.4,KG,8177.4,8377.1,15209.61,15209.61,14060.87,1130.94,17.8,1.72,EUR,53.6108,CPT,4.6,699.64,1113.65,1813.29,Livingston Intl,REF9477569,309,PALLETS,PKG36997,207267.07,Nigeria exporter (export)
2927000000,CD202304000000023367,2023-04-27,2023-04-11,export,61,Re-export,292700,"Diazo-, azo- or azoxy compounds",Brazil,Brazil,Nigeria,YEP VITAMINS AND SERVICES LTDA,[in full dataset],[in full dataset],RIBEIRAO PRETO,Brazil,,ESTERS CATERING AND EVENT MANAGEMENT,[in full dataset],[in full dataset],Lagos,Nigeria,,SEA,Main Container Port,Main Container Port,2023,4,2023-04,4074.8,KG,4074.8,4234.9,50559.14,50559.14,48967.78,1375.48,215.88,12.02,CNY,116.787,DDP,6.1,3084.11,5364.32,8448.43,Flexport Customs,REF8309325,71,PALLETS,PKG99771,2423529,Nigeria importer (import)
1516300000,CD201607000000021086,2016-07-04,2016-07-08,import,70,Consumption,151630,"Microbial fats and oils and their fractions; partly or wholly hydrogenated, inter-esterified, re-esterified or elaidinised, whether or not refined, but not further prepared",Nigeria,Nigeria,United States,GLORIA MARGARINE COMPANY,[in full dataset],[in full dataset],Aba,Nigeria,,"Rape, Abuse And Incest National Network (Rainn)",[in full dataset],[in full dataset],Washington,United States,[in full dataset],SEA,"Los Angeles, CA","Long Beach, CA",2016,7,2016-07,15517.1,KG,15517.1,17539.8,4880.97,4880.97,4556.69,313.53,10.75,0.29,USD,1,CFR,5.1,248.93,1025.98,1274.91,CEVA Customs,REF9698671,114,CARTONS,PKG82596,130627,Nigeria exporter (export)
2620110000,CD202502000000035884,2025-02-06,2025-02-10,import,10,Re-export,262011,"Slag, ash and residues; (not from the manufacture of iron or steel), containing mainly zinc, hard zinc spelter",Nigeria,Nigeria,Malaysia,FENOG NIGERIA LIMITED,[in full dataset],[in full dataset],Warri,Nigeria,[in full dataset],TSH RESOURCES BERHAD,[in full dataset],[in full dataset],Kuala Lumpur,Malaysia,[in full dataset],RAIL,Port Klang,Penang,2025,2,2025-02,6230.5,KG,6230.5,6934,4082.71,4082.71,3823.59,248.56,10.56,0.61,JPY,33.5747,FOB,3.9,159.23,212.1,371.33,CEVA Customs,REF1844212,198,DRUMS,PKG97789,1764612.02,Nigeria exporter (export)
2617100000,CD202109000000331231,2021-09-03,2021-09-10,import,61,Consumption,261710,Antimony ores and concentrates,Nigeria,Nigeria,China,TRANSPORT SERVICES LIMITED,[in full dataset],[in full dataset],Ikoyi,Nigeria,[in full dataset],"Binzhou Jufuyi Comprehensive Trading Co., Ltd",[in full dataset],[in full dataset],Binzhou,China,,SEA,Shenzhen,Qingdao,2021,9,2021-09,5301.3,KG,5301.3,5638,6764.67,6764.67,6207.23,540.34,17.1,1.17,USD,1,CFR,4.6,311.17,0,311.17,DSV Customs,REF3386078,227,PALLETS,PKG17490,20610188,Nigeria exporter (export)
2620990000,CD201912000000082969,2019-12-25,2019-12-05,import,51,Warehouse,262099,"Slag, ash and residues; (not from the manufacture of iron or steel), containing mainly metals or their compounds, n.e.c. in heading no. 2620",Nigeria,Nigeria,Malaysia,MARCONI.NG EPC LIMITED,[in full dataset],[in full dataset],Port Harcourt,Nigeria,[in full dataset],M.A.H.F. PRECIOUS METAL REFINERY SDN BHD,[in full dataset],[in full dataset],Pulau Pinang,Malaysia,,SEA,Port Klang,Tanjung Pelepas,2019,12,2019-12,18010.9,KG,18010.9,20424,14143.63,14143.63,13298.58,807.44,37.61,0.74,EUR,72.4042,DDP,3.7,523.31,2933.39,3456.7,DB Schenker Customs,REF6998439,262,CRATES,PKG7940,4040293.33,Nigeria exporter (export)
6815200000,CD201802000000705752,2018-02-04,2018-02-12,export,42,Re-export,681520,Peat; articles of peat n.e.c. or included,China,China,Nigeria,"Handan Taoyuan Trading Co., Ltd.",[in full dataset],[in full dataset],Handan,China,,GLOBAL MANPOWER NIGERIA LTD,[in full dataset],[in full dataset],Lagos,Nigeria,[in full dataset],AIR,Main Container Port,Main Container Port,2018,2,2018-02,21285.5,KG,21285.5,23851.5,4301.4,4301.4,4111.9,162.14,27.36,0.19,GBP,6.0473,DDP,6.9,296.8,551.78,848.58,AN Deringer,REF4762819,18,DRUMS,PKG45005,3247526,Nigeria importer (import)
2616901000,CD202412000000872197,2024-12-07,2024-12-10,import,61,Warehouse,261690,Precious metal ores and concentrates; (excluding silver),Nigeria,Nigeria,China,PANALPINA WORLD TRANSPORT (NIGERIA) LTD,[in full dataset],[in full dataset],Lagos,Nigeria,[in full dataset],"Chongqing Laishanrui Trading Co., Ltd.",[in full dataset],[in full dataset],Chongqing,China,,RAIL,Shanghai,Shenzhen,2024,12,2024-12,11577.2,KG,11577.2,12252.4,10026.8,10026.8,9308.53,671.65,46.62,0.8,USD,1,EXW,5.6,561.5,2117.66,2679.16,Expeditors Customs,REF1331426,63,BALES,PKG59775,70218400,Nigeria exporter (export)
7302100000,CD202505000000344484,2025-05-24,2025-05-26,export,42,Warehouse,730210,"Iron or steel, railway or tramway track construction material; rails",Italy,Italy,Nigeria,PRYSMIAN SPA,[in full dataset],[in full dataset],MILANO,Italy,[in full dataset],IRON PRODUCTS INDUSTRIES LIMITED,[in full dataset],[in full dataset],Ikoyi,Nigeria,[in full dataset],SEA,Main Container Port,Main Container Port,2025,5,2025-05,247.5,KG,247.5,255.5,28345.27,28345.27,27034.97,1281.91,28.39,109.23,CNY,54.1963,CFR,11,3117.98,5663.38,8781.36,DHL Customs Svc,REF1659169,449,BULK,PKG52904,18356287.87,Nigeria importer (import)
6802991000,CD201806000000623435,2018-06-05,2018-06-20,export,70,Warehouse,680299,"Stone; natural (excluding marble, travertine, alabaster, other calcareous stone or granite), monumental or building stone, (other than simply cut or sawn, with a flat or even surface)",China,China,Nigeria,"Huidong County State Owned Assets Investment Group Co.,Ltd.",[in full dataset],[in full dataset],Huidong County,China,,GLOBAL MANPOWER NIGERIA LTD,[in full dataset],[in full dataset],Lagos,Nigeria,[in full dataset],SEA,Main Container Port,Main Container Port,2018,6,2018-06,4912.9,KG,4912.9,5384.1,3646.23,3646.23,3332.82,300.99,12.42,0.68,JPY,128.7923,CIF,3.6,131.26,264.42,395.68,Kuehne+Nagel Brokerage,REF3364465,34,DRUMS,PKG81192,2796902,Nigeria importer (import)
6804210000,CD201802000000705850,2018-02-08,2018-02-15,export,10,Warehouse,680421,"Millstones, grindstones, grinding wheels and the like; of agglomerated synthetic or natural diamond",China,China,Nigeria,"Zhejiang Weixing New Building Materials Co.,Ltd.",[in full dataset],[in full dataset],Taizhou,China,[in full dataset],GLOBAL MANPOWER NIGERIA LTD,[in full dataset],[in full dataset],Lagos,Nigeria,[in full dataset],SEA,Main Container Port,Main Container Port,2018,2,2018-02,20186.7,KG,20186.7,22619.5,7503.26,7503.26,7220.3,229.4,53.56,0.36,USD,1,EXW,6,450.2,0,450.2,Flexport Customs,REF1347898,169,BULK,PKG38184,3247526,Nigeria importer (import)
8411110000,CD201606000001237194,2016-06-13,2016-06-21,export,51,Transit,841111,Turbo-jets; of a thrust not exceeding 25kN,China,China,Nigeria,China CSSC Holdings Limited,[in full dataset],[in full dataset],Shanghai,China,[in full dataset],OLODE SECURITY AND TECHNOLOGY NIGERIA LIMITED,[in full dataset],[in full dataset],Kwara,Nigeria,[in full dataset],ROAD,Main Container Port,Main Container Port,2016,6,2016-06,19625.7,KG,19625.7,21846.1,37730.48,37730.48,34312.2,3311.43,106.85,1.75,USD,1,FOB,2.9,1094.18,0,1094.18,Flexport Customs,REF3326209,499,CRATES,PKG84310,105718643,Nigeria importer (import)
8528490000,CD201705000001279084,2017-05-20,2017-05-07,export,51,Warehouse,852849,"Monitors; cathode-ray tube, n.e.c. in subheading 8528.42, whether or not colour",China,China,Nigeria,"Shenzhen Huaqiang Industry Co.,Ltd.",[in full dataset],[in full dataset],Shenzhen,China,[in full dataset],SEAMFIX LIMITED,[in full dataset],[in full dataset],Lagos,Nigeria,[in full dataset],SEA,Main Container Port,Main Container Port,2017,5,2017-05,14352.9,KG,14352.9,16081.9,1888.03,1888.03,1740.27,137.82,9.94,0.12,EUR,60.0349,DDP,1.6,30.21,287.74,317.95,DSV Customs,REF5069860,421,CASES,PKG5789,130976781,Nigeria importer (import)
8429110000,CD202101000001384416,2021-01-18,2021-01-24,export,40,Warehouse,842911,"Bulldozers and angledozers; self-propelled, track laying",China,China,Nigeria,"Citic Heavy Industries Co., Ltd.",[in full dataset],[in full dataset],Luoyang,China,[in full dataset],DE COON SERVICES LIMITED,[in full dataset],[in full dataset],Port Harcourt,Nigeria,[in full dataset],SEA,Main Container Port,Main Container Port,2021,1,2021-01,16306.2,KG,16306.2,16993,15779.57,15779.57,14907,841.42,31.15,0.91,USD,1,CFR,3.5,552.28,1959.82,2512.1,Livingston Intl,REF4662758,312,BAGS,PKG95891,152289143,Nigeria importer (import)
1302110000,CD201501000000010756,2015-01-18,2015-01-02,export,51,Temporary,130211,Vegetable saps and extracts; opium,Germany,Germany,Nigeria,Natural Gums Dr. W. Agster GmbH,[in full dataset],[in full dataset],Reutlingen,Germany,[in full dataset],NURUDDEEN COLLEGE FOR ARABIC & ISLAMIC STUDIES YAYAYI KWAMI LTD,[in full dataset],[in full dataset],Kwami,Nigeria,,RAIL,Main Container Port,Main Container Port,2015,1,2015-01,1843.8,KG,1843.8,2076.8,37597.63,37597.63,36230.54,1215.59,151.5,19.65,INR,42.6087,CPT,5.3,1992.67,4750.84,6743.51,AN Deringer,REF2979707,206,BALES,PKG80683,285125.88,Nigeria importer (import)
2608000000,CD202604000000000378,2026-04-27,2026-04-10,import,40,Re-export,260800,Zinc ores and concentrates,Nigeria,Nigeria,Brazil,RINA CTSI NIGERIA LIMITED,[in full dataset],[in full dataset],Lagos,Nigeria,[in full dataset],AMERICANAS SA - EM RECUPERACAO JUDICIAL,[in full dataset],[in full dataset],OSASCO,Brazil,,ROAD,Itajai,Paranagua,2026,4,2026-04,4549.9,KG,4549.9,5077.3,3795.44,3795.44,3473.15,303.11,19.18,0.76,CNY,111.7589,FCA,6.8,258.09,283.75,541.84,DHL Customs Svc,REF6423433,43,ROLLS,PKG83570,486714,Nigeria exporter (export)
8462330000,CD201606000001238190,2016-06-11,2016-06-18,export,70,Temporary,846233,"Machine-tools; shearing machines (excluding presses) for flat products, numerically controlled, other than combined punching and shearing machines, for working metal",China,China,Nigeria,"Hangzhou Dingsheng Import And Export Co., Ltd.",[in full dataset],[in full dataset],Hangzhou,China,[in full dataset],PR 24 NIGERIA LIMITED,[in full dataset],[in full dataset],Lagos,Nigeria,[in full dataset],AIR,Main Container Port,Main Container Port,2016,6,2016-06,7840.9,KG,7840.9,8718.8,1184.29,1184.29,1121.04,61.75,1.5,0.14,JPY,94.378,CFR,3.9,46.19,147.66,193.85,Flexport Customs,REF7784205,360,CARTONS,PKG92175,105718643,Nigeria importer (import)
1302130000,CD201505000000012054,2015-05-05,2015-05-10,import,10,Warehouse,130213,Vegetable saps and extracts; of hops,Nigeria,Nigeria,Germany,DAARUL-HADEETH SCHOOL OF ARABIC/ISLAMIYYA STUDIES LTD,[in full dataset],[in full dataset],Gbagi,Nigeria,,Natural Gums Dr. W. Agster GmbH,[in full dataset],[in full dataset],Reutlingen,Germany,[in full dataset],SEA,Bremerhaven,Hamburg,2015,5,2015-05,6870.9,KG,6870.9,7401.8,2376.36,2376.36,2234.65,134.02,7.69,0.33,GBP,80.4358,FCA,4.9,116.44,174.5,290.94,Flexport Customs,REF1689346,424,PALLETS,PKG3781,326233.39,Nigeria exporter (export)
2614000000,CD201912000000182599,2019-12-12,2019-12-26,import,70,Warehouse,261400,Titanium ores and concentrates,Nigeria,Nigeria,China,RINA CTSI NIGERIA LIMITED,[in full dataset],[in full dataset],Lagos,Nigeria,[in full dataset],"Camila Trading Co., Ltd., Zunyi City, Guizhou Province",[in full dataset],[in full dataset],Zunyi,China,,SEA,Qingdao,Tianjin,2019,12,2019-12,2493.2,KG,2493.2,2722.9,19970.4,19970.4,19248.05,638.56,83.79,7.72,USD,1,CIF,5.4,1078.4,1052.44,2130.84,Expeditors Customs,REF3624605,271,BAGS,PKG63956,9075130,Nigeria exporter (export)
2621100000,CD202412000000870685,2024-12-25,2024-12-09,import,40,Re-export,262110,Slag and ash; ash and residues from the incineration of municipal waste,Nigeria,Nigeria,China,KAP KOPYTEC AND ALLIED PRODUCTS LTD,[in full dataset],[in full dataset],,Nigeria,,Shanghai Bailian Group Incorporated Company,[in full dataset],[in full dataset],Shanghai,China,[in full dataset],AIR,Guangzhou,Yingkou,2024,12,2024-12,22098.9,KG,22098.9,23309,1048.67,1048.67,1017.36,24.44,6.87,0.05,CNY,31.2067,FOB,3.2,33.56,194.8,228.36,Kuehne+Nagel Brokerage,REF5161276,474,BAGS,PKG12971,70218400,Nigeria exporter (export)
5210410000,CD202601000000000160,2026-01-24,2026-01-03,import,42,Temporary,521041,"Fabrics, woven; containing less than 85% by weight of cotton, mixed mainly or solely with man-made fibres, weighing 200g/m2 or less, of yarns of different colours, plain weave",Nigeria,Nigeria,United States,WACOT LIMITED,[in full dataset],[in full dataset],Ikeja,Nigeria,[in full dataset],COFCO Americas Resources Corp.,[in full dataset],[in full dataset],Stamford,United States,[in full dataset],ROAD,"Miami, FL","Norfolk, VA",2026,1,2026-01,20037.3,KG,20037.3,22724.4,2298.34,2298.34,2154,132.92,11.42,0.11,CNY,122.1549,FOB,11.5,264.31,179.39,443.7,Flexport Customs,REF5638635,62,CARTONS,PKG52479,2154,Nigeria exporter (export)
3822120000,CD202409000000207886,2024-09-06,2024-09-21,export,10,Warehouse,382212,"Reagents; diagnostic or laboratory reagents on a backing, prepared diagnostic or laboratory reagents whether or not on a backing, whether or not put up in the form of kits; for zika and other diseases transmitted by mosquitoes of the genus Aedes",China,China,Nigeria,"Xinfengming Group Co.,Ltd.",[in full dataset],[in full dataset],Jiaxing,China,[in full dataset],GUINNESS NIGERIA PLC,[in full dataset],[in full dataset],Ikeja,Nigeria,[in full dataset],RAIL,Main Container Port,Main Container Port,2024,9,2024-09,8130.5,KG,8130.5,8392.2,28039.63,28039.63,26501.71,1395.02,142.9,3.26,USD,1,DDP,5.1,1430.02,1473.48,2903.5,Livingston Intl,REF5961959,360,BAGS,PKG31092,14471660,Nigeria importer (import)
2612200000,CD202604000000000328,2026-04-04,2026-04-19,import,61,Consumption,261220,Thorium ores and concentrates,Nigeria,Nigeria,Brazil,MARCONI.NG EPC LIMITED,[in full dataset],[in full dataset],Port Harcourt,Nigeria,[in full dataset],CNOVA COMERCIO ELETRONICO SA,[in full dataset],[in full dataset],SAO CAETANO DO SUL,Brazil,[in full dataset],AIR,Itajai,Rio Grande,2026,4,2026-04,8636.9,KG,8636.9,9481.9,3316.33,3316.33,3213.81,85.56,16.96,0.37,USD,1,CIF,4.5,149.23,623.8,773.03,DB Schenker Customs,REF8642207,382,CRATES,PKG24211,486714,Nigeria exporter (export)
1302320000,CD201505000000012059,2015-05-02,2015-05-06,import,10,Consumption,130232,"Mucilages and thickeners; whether or not modified, derived from locust beans, locust bean seeds or guar seeds",Nigeria,Nigeria,Germany,SHAIBATULHAMDI COLLEGE FOR ARABIC AND ISLAMIC STUDIES LTD,[in full dataset],[in full dataset],Azare,Nigeria,,Natural Gums Dr. W. Agster GmbH,[in full dataset],[in full dataset],Reutlingen,Germany,[in full dataset],ROAD,Bremerhaven,Bremerhaven,2015,5,2015-05,11468.9,KG,11468.9,12630.6,15157.43,15157.43,13876.07,1211.66,69.7,1.21,USD,1,FOB,5.6,848.82,1120.44,1969.26,AN Deringer,REF2543310,203,DRUMS,PKG31412,326233.39,Nigeria exporter (export)
4012130000,CD201805000000264151,2018-05-13,2018-05-26,import,10,Transit,401213,Retreaded tyres; of a kind used on aircraft,Nigeria,Nigeria,Spain,INDORAMA ELEME PETROCHEMICALS LIMITED,[in full dataset],[in full dataset],Port Harcourt,Nigeria,[in full dataset],TOP RECAMBIOS SL,[in full dataset],[in full dataset],ALGINET,Spain,[in full dataset],AIR,Bilbao,Barcelona,2018,5,2018-05,8199.5,KG,8199.5,8802,5957.83,5957.83,5494.64,452.64,10.55,0.67,USD,1,FCA,13.5,804.31,1014.32,1818.63,DHL Customs Svc,REF3265835,272,ROLLS,PKG89676,740765.53,Nigeria exporter (export)
7301200000,CD202505000000344120,2025-05-15,2025-05-23,export,10,Warehouse,730120,"Iron or steel; angles, shapes and sections, welded",Italy,Italy,Nigeria,PRYSMIAN SPA,[in full dataset],[in full dataset],MILANO,Italy,[in full dataset],SOURCE ENGINEERING AND CONSTRUCTION COMPANY LIMITED,[in full dataset],[in full dataset],Lagos,Nigeria,[in full dataset],SEA,Main Container Port,Main Container Port,2025,5,2025-05,14157.3,KG,14157.3,15349.8,10155.85,10155.85,9835.56,276.7,43.59,0.69,USD,1,FOB,11.5,1167.92,2264.75,3432.67,Kuehne+Nagel Brokerage,REF2916476,19,DRUMS,PKG11975,18356287.87,Nigeria importer (import)
1302130000,CD201507000000010298,2015-07-26,2015-07-11,import,70,Re-export,130213,Vegetable saps and extracts; of hops,Nigeria,Nigeria,Germany,GUM ARABIC COMPANY NIGERIA (GACON) LIMITED,[in full dataset],[in full dataset],Lagos,Nigeria,[in full dataset],Natural Gums Dr. W. Agster GmbH,[in full dataset],[in full dataset],Reutlingen,Germany,[in full dataset],AIR,Bremerhaven,Bremerhaven,2015,7,2015-07,9503.8,KG,9503.8,10324.3,15480.98,15480.98,14147.62,1299.1,34.26,1.49,USD,1,FOB,4.8,743.09,3244.81,3987.9,Flexport Customs,REF4054102,315,DRUMS,PKG5532,274420.57,Nigeria exporter (export)
2612100000,CD202412000000054544,2024-12-17,2024-12-03,import,10,Consumption,261210,Uranium ores and concentrates,Nigeria,Nigeria,South Korea,ELPER OILFIELD ENGINEERING (NIGERIA) LIMITED,[in full dataset],[in full dataset],Lagos,Nigeria,[in full dataset],E-MART Inc.,[in full dataset],[in full dataset],Seoul,South Korea,[in full dataset],SEA,Busan,Busan,2024,12,2024-12,20206.9,KG,20206.9,21893.2,17415.96,17415.96,16938.69,365.9,111.37,0.84,GBP,60.405,CFR,4.8,835.97,3650.39,4486.36,Kuehne+Nagel Brokerage,REF8125167,133,ROLLS,PKG69130,2650519,Nigeria exporter (export)
8454200000,CD202101000001387282,2021-01-16,2021-01-26,export,10,Warehouse,845420,Ingot moulds and ladles; of a kind used in metallurgy or in metal foundries,China,China,Nigeria,Bosch Automotive Products (Suzhou) Co. Ltd.,[in full dataset],[in full dataset],Suzhou,China,,EDO STATE CO-OPERATIVE FARMERS AGENCY LIMITED,[in full dataset],[in full dataset],Benin City,Nigeria,,AIR,Main Container Port,Main Container Port,2021,1,2021-01,2819.5,KG,2819.5,2960.2,5605.4,5605.4,5098.36,470.14,36.9,1.81,CNY,36.3079,EXW,2.2,123.32,1031.17,1154.49,DB Schenker Customs,REF6455316,413,PALLETS,PKG94317,152289143,Nigeria importer (import)
8422110000,CD201606000000463999,2016-06-02,2016-06-06,export,42,Temporary,842211,Dish washing machines; of the household type,Germany,Germany,Nigeria,VOLKSWAGEN AKTIENGESELLSCHAFT,[in full dataset],[in full dataset],Wolfsburg,Germany,[in full dataset],MIDIS ENERGY SERVICES LIMITED,[in full dataset],[in full dataset],Port Harcourt,Nigeria,[in full dataset],AIR,Main Container Port,Main Container Port,2016,6,2016-06,7981.6,KG,7981.6,8593.7,56335.3,56335.3,54541.09,1656.65,137.56,6.83,USD,1,FOB,2.2,1239.38,6908.96,8148.34,Descartes,REF6101221,329,ROLLS,PKG32793,30722218.36,Nigeria importer (import)
4010360000,CD202009000000190376,2020-09-16,2020-09-19,import,10,Transit,401036,"Rubber; vulcanised, endless synchronous belts, of an outside circumference exceeding 150 cm but not exceeding 198 cm",Nigeria,Nigeria,Malaysia,INDORAMA ELEME PETROCHEMICALS LIMITED,[in full dataset],[in full dataset],Port Harcourt,Nigeria,[in full dataset],IOI CORPORATION BERHAD,[in full dataset],[in full dataset],Putrajaya,Malaysia,[in full dataset],ROAD,Tanjung Pelepas,Tanjung Pelepas,2020,9,2020-09,3723.2,KG,3723.2,3835.2,11112.59,11112.59,10686.58,357.05,68.96,2.87,USD,1,FOB,6.4,711.21,2128.28,2839.49,Kuehne+Nagel Brokerage,REF1879649,29,CARTONS,PKG24995,607001.97,Nigeria exporter (export)
2712900000,CD201712000003002137,2017-12-15,2017-12-27,import,70,Re-export,271290,"Paraffin wax; containing by weight 0.75% or more of oil, obtained by synthesis or by other processes, whether or not coloured",Nigeria,Nigeria,United States,EMADEB ENERGY SERVICES LIMITED,[in full dataset],[in full dataset],Victoria Island,Nigeria,[in full dataset],Exxon Mobil Corporation,[in full dataset],[in full dataset],Spring,United States,[in full dataset],ROAD,"Long Beach, CA","Oakland, CA",2017,12,2017-12,19764.6,KG,19764.6,20375.4,6908.98,6908.98,6628.27,257.35,23.36,0.34,USD,1,EXW,6.1,421.45,513.13,934.58,DSV Customs,REF3895556,156,DRUMS,PKG96240,551900749,Nigeria exporter (export)
2917350000,CD202201000000015551,2022-01-09,2022-01-14,export,70,Transit,291735,Acids; aromatic polycarboxylic acids; phthalic anhydride,Indonesia,Indonesia,Nigeria,PT INDONESIAN ACIDS INDUSTRY,[in full dataset],[in full dataset],Kota Administrasi Jakarta Timur,Indonesia,[in full dataset],ESTERS CATERING AND EVENT MANAGEMENT,[in full dataset],[in full dataset],Lagos,Nigeria,,RAIL,Main Container Port,Main Container Port,2022,1,2022-01,10475.5,KG,10475.5,11790.5,65827.88,65827.88,61109.28,4582.77,135.83,5.83,INR,27.1355,CFR,5,3291.39,8294.31,11585.7,Descartes,REF3990557,239,CRATES,PKG56146,1619811.75,Nigeria importer (import)
2605000000,CD202604000000000329,2026-04-19,2026-04-05,import,70,Temporary,260500,Cobalt ores and concentrates,Nigeria,Nigeria,Brazil,PANALPINA WORLD TRANSPORT (NIGERIA) LTD,[in full dataset],[in full dataset],Lagos,Nigeria,[in full dataset],MAGAZINE LUIZA S/A,[in full dataset],[in full dataset],FRANCA,Brazil,[in full dataset],ROAD,Suape,Rio Grande,2026,4,2026-04,7303.6,KG,7303.6,7898.6,7012.27,7012.27,6682.37,321.75,8.15,0.91,GBP,114.4334,CIF,3.6,252.44,0,252.44,AN Deringer,REF5415443,103,BALES,PKG33153,486714,Nigeria exporter (export)
2707300000,CD201712000002824586,2017-12-22,2017-12-08,import,10,Temporary,270730,Oils and products of the distillation of high temperature coal tar; xylol (xylenes),Nigeria,Nigeria,Spain,OANDO OIL LIMITED,[in full dataset],[in full dataset],Victoria Island,Nigeria,[in full dataset],REPSOL SOLUCIONES ENERGETICAS SA.,[in full dataset],[in full dataset],MADRID,Spain,[in full dataset],SEA,Algeciras,Algeciras,2017,12,2017-12,15271.9,KG,15271.9,17176.5,16114.39,16114.39,15723.76,369.15,21.48,1.03,USD,1,DDP,5.3,854.06,0,854.06,Expeditors Customs,REF1557293,422,CRATES,PKG95028,484927112.98,Nigeria exporter (export)
2606000000,CD202412000000862492,2024-12-07,2024-12-21,import,70,Re-export,260600,Aluminium ores and concentrates,Nigeria,Nigeria,China,TRANSPORT SERVICES LIMITED,[in full dataset],[in full dataset],Ikoyi,Nigeria,[in full dataset],"Ningbo Ocean Shipping Co., Ltd.",[in full dataset],[in full dataset],Ningbo,China,[in full dataset],SEA,Shanghai,Dalian,2024,12,2024-12,22738.3,KG,22738.3,25584.4,3357.51,3357.51,3081.38,264.62,11.51,0.14,CNY,42.2112,DAP,4.8,161.16,351.87,513.03,AN Deringer,REF2818943,332,BULK,PKG92116,70218400,Nigeria exporter (export)
2712200000,CD201712000001095364,2017-12-06,2017-12-17,import,42,Warehouse,271220,"Paraffin wax; containing by weight less than 0.75% of oil, obtained by synthesis or by other processes, whether or not coloured",Nigeria,Nigeria,Netherlands,NIGERIAN NATIONAL PETROLEUM COMPANY LIMITED,[in full dataset],[in full dataset],Abuja,Nigeria,[in full dataset],Eni Energy North Ganal B.V.,[in full dataset],[in full dataset],'s-Gravenhage,Netherlands,[in full dataset],SEA,Rotterdam,Amsterdam,2017,12,2017-12,3933.8,KG,3933.8,4426.7,140232.02,140232.02,131609.08,7721.12,901.82,33.46,JPY,50.7451,FCA,4.6,6450.67,29336.54,35787.21,DHL Customs Svc,REF6013497,190,BAGS,PKG13380,117950921.61,Nigeria exporter (export)
8477200000,CD202101000000412612,2021-01-14,2021-01-16,export,10,Re-export,847720,"Machinery; extruders, for working rubber or plastics or for the manufacture of products from these materials",United States,United States,Nigeria,Lockheed Martin Corporation,[in full dataset],[in full dataset],Bethesda,United States,[in full dataset],DORMAN LONG ENGINEERING LIMITED,[in full dataset],[in full dataset],Lagos,Nigeria,[in full dataset],SEA,Main Container Port,Main Container Port,2021,1,2021-01,14278.7,KG,14278.7,16178.3,102104.2,102104.2,96592.15,5286.06,225.99,6.76,CNY,22.1684,FCA,3,3063.13,15775.1,18838.23,Expeditors Customs,REF3904450,88,BULK,PKG35363,34172615,Nigeria importer (import)
9012900000,CD202007000000167909,2020-07-08,2020-07-13,export,10,Transit,901290,Microscopes (excluding optical microscopes); diffraction apparatus; parts and accessories,China,China,Nigeria,"Gree Electric Appliances, Inc. Of Zhuhai",[in full dataset],[in full dataset],Zhuhai,China,[in full dataset],AYEMERE GALLERY,[in full dataset],[in full dataset],Lagos,Nigeria,[in full dataset],SEA,Main Container Port,Main Container Port,2020,7,2020-07,1675.4,KG,1675.4,1772,17040.18,17040.18,15705.3,1258.94,75.94,9.37,USD,1,EXW,2.2,374.88,1741.51,2116.39,Expeditors Customs,REF5583040,149,CASES,PKG89654,26092899,Nigeria importer (import)
8516400000,CD201705000001279289,2017-05-20,2017-05-07,export,61,Temporary,851640,Smoothing irons; electric,China,China,Nigeria,"GCL System Integration Technology Co., Ltd.",[in full dataset],[in full dataset],Suzhou,China,[in full dataset],CHOICE 2 MOBILE TECHNOLOGY LIMITED,[in full dataset],[in full dataset],Ketu,Nigeria,,RAIL,Main Container Port,Main Container Port,2017,5,2017-05,10546.1,KG,10546.1,11325.1,967.96,967.96,914.4,51.91,1.65,0.09,USD,1,DDP,1.2,11.62,0,11.62,CEVA Customs,REF7246129,318,ROLLS,PKG69846,130976781,Nigeria importer (import)
4017000000,CD201804000000492247,2018-04-22,2018-04-05,import,61,Consumption,401700,"Rubber; ebonite and other hard rubbers in all forms, including waste and scrap, and articles of hard rubber",Nigeria,Nigeria,Spain,INDORAMA ELEME PETROCHEMICALS LIMITED,[in full dataset],[in full dataset],Port Harcourt,Nigeria,[in full dataset],AMMEGA BELTING SPAIN S.A.U,[in full dataset],[in full dataset],VILANOVA I LA GELTRU,Spain,[in full dataset],ROAD,Barcelona,Bilbao,2018,4,2018-04,8857.4,KG,8857.4,9460.6,7171.22,7171.22,6596.93,530.18,44.11,0.74,INR,69.2213,FOB,12.5,896.4,1452.17,2348.57,Expeditors Customs,REF2151547,144,CASES,PKG64093,1404807.43,Nigeria exporter (export)
2707300000,CD202306000000725716,2023-06-21,2023-06-08,import,10,Transit,270730,Oils and products of the distillation of high temperature coal tar; xylol (xylenes),Nigeria,Nigeria,Canada,NIGERIA LNG LIMITED,[in full dataset],[in full dataset],Port Harcourt,Nigeria,[in full dataset],Enbridge Inc,[in full dataset],[in full dataset],Calgary,Canada,[in full dataset],AIR,"Montreal, QC","Prince Rupert, BC",2023,6,2023-06,3183.5,KG,3183.5,3465.9,30096.32,30096.32,27494.27,2443.45,158.6,8.64,GBP,12.7104,DDP,4.5,1354.33,0,1354.33,Expeditors Customs,REF5537016,492,BALES,PKG57805,89165482.25,Nigeria exporter (export)
1512190000,CD201607000000361468,2016-07-20,2016-07-05,import,40,Warehouse,151219,"Vegetable oils; sunflower seed or safflower oil and their fractions, other than crude, whether or not refined, but not chemically modified",Nigeria,Nigeria,Germany,INTERNATIONAL FRACTIONATION AND MARGARINE PRODUCTS LTD,[in full dataset],[in full dataset],Lagos,Nigeria,,Autohaus Rape GmbH,[in full dataset],[in full dataset],Vechta,Germany,[in full dataset],RAIL,Bremerhaven,Bremerhaven,2016,7,2016-07,10530.6,KG,10530.6,11973.4,51431.32,51431.32,50088.56,1039.06,303.7,4.76,USD,1,FCA,4,2057.25,5348.86,7406.11,DHL Customs Svc,REF7009772,341,BULK,PKG41859,2543876.47,Nigeria exporter (export)
1301200000,CD201510000000003941,2015-10-05,2015-10-08,export,61,Warehouse,130120,Gum Arabic,United Kingdom,United Kingdom,Nigeria,CHAUMET (LONDON) LIMITED,[in full dataset],[in full dataset],LONDON,United Kingdom,[in full dataset],QURANIC RECITATION & ARABIC LANGUAGE ACADEMY LTD,[in full dataset],[in full dataset],Kano,Nigeria,,SEA,Main Container Port,Main Container Port,2015,10,2015-10,11904,KG,11904,13290.4,53817.4,53817.4,48749.64,4746.5,321.26,4.1,INR,41.6963,EXW,6.8,3659.58,11495.4,15154.98,DSV Customs,REF8905595,312,DRUMS,PKG25581,99263.86,Nigeria importer (import)
1302190000,CD201511000000003107,2015-11-22,2015-11-07,export,10,Consumption,130219,Vegetable saps and extracts; n.e.c. in item no. 1302.1,United Kingdom,United Kingdom,Nigeria,CHAUMET (LONDON) LIMITED,[in full dataset],[in full dataset],LONDON,United Kingdom,[in full dataset],MARKAZ ABDULLATEEF FOR QURANIC MEMORIZATION & ARABIC STUDIES LIMITED,[in full dataset],[in full dataset],Ogba,Nigeria,,ROAD,Main Container Port,Main Container Port,2015,11,2015-11,17914.4,KG,17914.4,19239.5,52715.69,52715.69,50111.58,2254.38,349.73,2.8,USD,1,EXW,6.9,3637.38,10143.55,13780.93,CEVA Customs,REF5522522,443,BULK,PKG76592,77171.49,Nigeria importer (import)
2619000000,CD202502000000035919,2025-02-08,2025-02-14,import,70,Transit,261900,"Slag, dross; (other than granulated slag), scalings and other waste from the manufacture of iron or steel",Nigeria,Nigeria,Malaysia,TRANSNATIONAL CORPORATION PLC,[in full dataset],[in full dataset],Lagos,Nigeria,[in full dataset],7-ELEVEN MALAYSIA HOLDINGS BERHAD,[in full dataset],[in full dataset],Kuala Lumpur,Malaysia,[in full dataset],SEA,Tanjung Pelepas,Tanjung Pelepas,2025,2,2025-02,19050,KG,19050,21438.4,568.25,568.25,542.87,22.67,2.71,0.03,JPY,119.4357,CPT,5.1,28.98,71.67,100.65,Kuehne+Nagel Brokerage,REF4474345,150,BALES,PKG23835,1764612.02,Nigeria exporter (export)
1301200000,CD201511000000007937,2015-11-18,2015-11-20,import,51,Transit,130120,Gum Arabic,Nigeria,Nigeria,Germany,MARKAZ ABDULLATEEF FOR QURANIC MEMORIZATION & ARABIC STUDIES LIMITED,[in full dataset],[in full dataset],Ogba,Nigeria,,Natural Gums Dr. W. Agster GmbH,[in full dataset],[in full dataset],Reutlingen,Germany,[in full dataset],AIR,Wilhelmshaven,Hamburg,2015,11,2015-11,24101.1,KG,24101.1,27293.9,11420.78,11420.78,10820.31,543.83,56.64,0.45,GBP,57.6654,EXW,6.5,742.35,2432.63,3174.98,Flexport Customs,REF5487766,381,BALES,PKG2792,207267.07,Nigeria exporter (export)
2613100000,CD202604000000000340,2026-04-21,2026-04-27,import,40,Warehouse,261310,Molybdenum ores and concentrates; roasted,Nigeria,Nigeria,Brazil,RINA CTSI NIGERIA LIMITED,[in full dataset],[in full dataset],Lagos,Nigeria,[in full dataset],LOJAS RENNER S.A.,[in full dataset],[in full dataset],PORTO ALEGRE,Brazil,[in full dataset],RAIL,Rio Grande,Suape,2026,4,2026-04,286.8,KG,286.8,309.5,956.94,956.94,889.02,66.5,1.42,3.1,INR,110.3834,FCA,6,57.42,71.01,128.43,DB Schenker Customs,REF7494379,453,ROLLS,PKG23199,486714,Nigeria exporter (export)
9025900000,CD202007000000048353,2020-07-19,2020-07-04,export,70,Warehouse,902590,"Hydrometers and similar floating instruments, barometers, hygrometers, psychrometers, thermometers, pyrometers; recording or not, any combination of these instruments, parts and accessories",United States,United States,Nigeria,"Chippenham & Johnston-Willis Hospitals, Inc.",[in full dataset],[in full dataset],Richmond,United States,[in full dataset],Habideen Commercial Agency Ltd,[in full dataset],[in full dataset],Lagos,Nigeria,,AIR,Main Container Port,Main Container Port,2020,7,2020-07,1492.6,KG,1492.6,1525.7,20559.89,20559.89,18836.65,1627.17,96.07,12.62,CNY,67.9925,FOB,2.5,514,1053.69,1567.69,DB Schenker Customs,REF9286095,447,ROLLS,PKG22439,5495741,Nigeria importer (import)
2620990000,CD202412000000864339,2024-12-10,2024-12-18,import,42,Transit,262099,"Slag, ash and residues; (not from the manufacture of iron or steel), containing mainly metals or their compounds, n.e.c. in heading no. 2620",Nigeria,Nigeria,China,FENOG NIGERIA LIMITED,[in full dataset],[in full dataset],Warri,Nigeria,[in full dataset],"Guangxi Nanning Yingfei Cosmetics Co., Ltd.",[in full dataset],[in full dataset],Nanning,China,,SEA,Dalian,Dalian,2024,12,2024-12,23527.6,KG,23527.6,27046,14434.54,14434.54,13726.19,621.47,86.88,0.58,JPY,81.2591,DAP,4.5,649.55,1810.09,2459.64,Flexport Customs,REF9550360,484,ROLLS,PKG27895,70218400,Nigeria exporter (export)
8504320000,CD201705000000060195,2017-05-05,2017-05-07,export,61,Re-export,850432,"Transformers; n.e.c. in item no. 8504.2, having a power handling capacity exceeding 1kVA but not exceeding 16kVA",South Korea,South Korea,Nigeria,"Samsung Electronics Co., Ltd.",[in full dataset],[in full dataset],Suwon,South Korea,[in full dataset],SEAMFIX LIMITED,[in full dataset],[in full dataset],Lagos,Nigeria,[in full dataset],SEA,Main Container Port,Main Container Port,2017,5,2017-05,5566.7,KG,5566.7,6287.2,207.94,207.94,200,7.28,0.66,0.04,GBP,119.4771,FOB,1.4,2.91,0,2.91,DB Schenker Customs,REF1704795,49,DRUMS,PKG71649,3821560,Nigeria importer (import)
8462230000,CD202101000001384751,2021-01-05,2021-01-07,export,10,Re-export,846223,"Machine-tools; bending, folding, straightening or flattening machines (including presses), for working metal, numerically controlled press brakes",China,China,Nigeria,"Qingdao Jinrui Commercial Machinery Co., Ltd.",[in full dataset],[in full dataset],Qingdao,China,,EDO STATE CO-OPERATIVE FARMERS AGENCY LIMITED,[in full dataset],[in full dataset],Benin City,Nigeria,,SEA,Main Container Port,Main Container Port,2021,1,2021-01,12060.2,KG,12060.2,12436.3,52052.39,52052.39,49042.09,2683.46,326.84,4.07,USD,1,EXW,3.3,1717.73,5377.01,7094.74,Flexport Customs,REF3091250,209,BALES,PKG40454,152289143,Nigeria importer (import)
2710200000,CD202306000001053072,2023-06-14,2023-06-27,import,51,Transit,271020,"Petroleum oils and oils from bituminous minerals, containing biodiesel, not crude, not waste oils; preparations n.e.c, containing by weight 70% or more of petroleum oils or oils from bituminous minerals",Nigeria,Nigeria,United Kingdom,ATLANTIC FLUIDS & INTEGRATED SERVICES LIMITED,[in full dataset],[in full dataset],Port Harcourt,Nigeria,[in full dataset],BP P.L.C.,[in full dataset],[in full dataset],LONDON,United Kingdom,[in full dataset],SEA,Felixstowe,Liverpool,2023,6,2023-06,1509.3,KG,1509.3,1677.5,4597.43,4597.43,4240.12,325.75,31.56,2.81,INR,16.0533,CIF,5,229.87,579.28,809.15,Descartes,REF1037921,187,BALES,PKG52178,133198530.19,Nigeria exporter (export)
3825100000,CD202409000000028251,2024-09-14,2024-09-20,export,61,Temporary,382510,"Residual products of the chemical or allied industries, not elsewhere specified or included; municipal waste",United Kingdom,United Kingdom,Nigeria,"JPMORGAN CHASE BANK, NATIONAL ASSOCIATION",[in full dataset],[in full dataset],LONDON,United Kingdom,[in full dataset],CONOIL PLC,[in full dataset],[in full dataset],Lagos,Nigeria,[in full dataset],RAIL,Main Container Port,Main Container Port,2024,9,2024-09,19017.4,KG,19017.4,19994.1,27572.29,27572.29,24899.23,2486.45,186.61,1.31,EUR,104.1731,CPT,3.1,854.74,0,854.74,DHL Customs Svc,REF9936932,224,CASES,PKG27811,1411263.45,Nigeria importer (import)
0406100000,CD202601000000064125,2026-01-17,2026-01-23,export,42,Re-export,040610,"Dairy produce; fresh cheese (including whey cheese), not fermented, and curd",Netherlands,Netherlands,Nigeria,Promelca B.V.,[in full dataset],[in full dataset],Gorinchem,Netherlands,[in full dataset],CADBURY NIGERIA PLC,[in full dataset],[in full dataset],Ikeja,Nigeria,[in full dataset],RAIL,Main Container Port,Main Container Port,2026,1,2026-01,8931,KG,8931,9623.7,7436.8,7436.8,6981.58,440.09,15.13,0.78,EUR,7.4483,FOB,14.6,1085.77,0,1085.77,DB Schenker Customs,REF3760249,423,BAGS,PKG75718,1758866.97,Nigeria importer (import)
2711290000,CD202306000000250824,2023-06-26,2023-06-11,import,70,Temporary,271129,"Petroleum gases and other gaseous hydrocarbons; in gaseous state, other than natural gas",Nigeria,Nigeria,South Korea,NIGERIA LNG LIMITED,[in full dataset],[in full dataset],Port Harcourt,Nigeria,[in full dataset],"LG ENERGY SOLUTION, LTD.",[in full dataset],[in full dataset],Seoul,South Korea,[in full dataset],AIR,Busan,Busan,2023,6,2023-06,15388.2,KG,15388.2,17414.3,17016.85,17016.85,16168.97,750.16,97.72,1.05,INR,122.201,FCA,5.8,986.98,1800.38,2787.36,AN Deringer,REF6414176,80,CRATES,PKG67599,32476702,Nigeria exporter (export)
2619000000,CD202210000000107851,2022-10-20,2022-10-27,import,51,Warehouse,261900,"Slag, dross; (other than granulated slag), scalings and other waste from the manufacture of iron or steel",Nigeria,Nigeria,Malaysia,ELPER OILFIELD ENGINEERING (NIGERIA) LIMITED,[in full dataset],[in full dataset],Lagos,Nigeria,[in full dataset],7-ELEVEN MALAYSIA HOLDINGS BERHAD,[in full dataset],[in full dataset],Kuala Lumpur,Malaysia,[in full dataset],ROAD,Penang,Tanjung Pelepas,2022,10,2022-10,10122.9,KG,10122.9,10778.2,2617.58,2617.58,2548.53,59.53,9.52,0.25,INR,71.2735,EXW,3.2,83.76,540.27,624.03,Expeditors Customs,REF3380253,79,BULK,PKG21018,5303689.64,Nigeria exporter (export)
2607000000,CD201912000000083125,2019-12-07,2019-12-16,import,70,Temporary,260700,Lead ores and concentrates,Nigeria,Nigeria,Malaysia,PRIME ATLANTIC CEGELEC NIGERIA LIMITED,[in full dataset],[in full dataset],Victoria Island,Nigeria,[in full dataset],TSH RESOURCES BERHAD,[in full dataset],[in full dataset],Kuala Lumpur,Malaysia,[in full dataset],AIR,Tanjung Pelepas,Tanjung Pelepas,2019,12,2019-12,19617,KG,19617,21778.6,1031.31,1031.31,944.83,80.99,5.49,0.05,USD,1,FCA,6.8,70.13,198.26,268.39,Livingston Intl,REF1995845,381,BALES,PKG71881,4040293.33,Nigeria exporter (export)
2603000000,CD202109000000226937,2021-09-05,2021-09-13,import,42,Warehouse,260300,Copper ores and concentrates,Nigeria,Nigeria,Malaysia,RINA CTSI NIGERIA LIMITED,[in full dataset],[in full dataset],Lagos,Nigeria,[in full dataset],7-ELEVEN MALAYSIA HOLDINGS BERHAD,[in full dataset],[in full dataset],Kuala Lumpur,Malaysia,[in full dataset],ROAD,Port Klang,Port Klang,2021,9,2021-09,3304.3,KG,3304.3,3576.5,4633.22,4633.22,4295.19,321.69,16.34,1.3,INR,36.0544,CFR,4.8,222.39,242.78,465.17,DHL Customs Svc,REF7431175,387,PALLETS,PKG57419,12900926.17,Nigeria exporter (export)
2616909000,CD202210000000271535,2022-10-01,2022-10-04,import,42,Warehouse,261690,Precious metal ores and concentrates; (excluding silver),Nigeria,Nigeria,China,MAKOCH ENERGY SOLUTIONS LTD,[in full dataset],[in full dataset],Port Harcourt,Nigeria,[in full dataset],"5i5j Holding Group Co., Ltd",[in full dataset],[in full dataset],Beijing,China,[in full dataset],AIR,Yingkou,Shanghai,2022,10,2022-10,20032.3,KG,20032.3,22136,2005.15,2005.15,1930.56,60.7,13.89,0.1,INR,116.2194,DAP,6.1,122.31,148.92,271.23,Flexport Customs,REF2276463,40,BALES,PKG95716,14307299,Nigeria exporter (export)
2930200000,CD202304000000023404,2023-04-06,2023-04-17,export,10,Transit,293020,Organo-sulphur compounds; thiocarbamates and dithiocarbamates,Brazil,Brazil,Nigeria,DANIEL IGOR MENDOZA QUINONES,[in full dataset],[in full dataset],SANTO ANDRE,Brazil,,ESTERS CATERING AND EVENT MANAGEMENT,[in full dataset],[in full dataset],Lagos,Nigeria,,SEA,Main Container Port,Main Container Port,2023,4,2023-04,17307.1,KG,17307.1,18913.4,4487.25,4487.25,4092.13,376.53,18.59,0.24,JPY,19.232,FCA,3.6,161.54,464.88,626.42,Livingston Intl,REF2949849,34,CASES,PKG88350,2423529,Nigeria importer (import)
8525830000,CD201705000001279998,2017-05-11,2017-05-18,export,42,Consumption,852583,"Television cameras, digital cameras and video camera recorders; night vision goods as specified in subheading note 3 to this chapter",China,China,Nigeria,"China Post Group Co.,Ltd.",[in full dataset],[in full dataset],Beijing,China,[in full dataset],AIRTEL NETWORKS LIMITED,[in full dataset],[in full dataset],Lagos,Nigeria,[in full dataset],SEA,Main Container Port,Main Container Port,2017,5,2017-05,10992,KG,10992,12381.6,4392.2,4392.2,4139.77,239.24,13.19,0.38,USD,1,FCA,2.6,114.2,315.45,429.65,DHL Customs Svc,REF3730625,269,CRATES,PKG10905,130976781,Nigeria importer (import)
2619000000,CD202502000000036024,2025-02-12,2025-02-16,import,61,Re-export,261900,"Slag, dross; (other than granulated slag), scalings and other waste from the manufacture of iron or steel",Nigeria,Nigeria,Malaysia,TRANSNATIONAL CORPORATION PLC,[in full dataset],[in full dataset],Lagos,Nigeria,[in full dataset],M.A.H.F. PRECIOUS METAL REFINERY SDN BHD,[in full dataset],[in full dataset],Pulau Pinang,Malaysia,,RAIL,Port Klang,Penang,2025,2,2025-02,6221.8,KG,6221.8,7070.9,6450.94,6450.94,5979.68,423.92,47.34,0.96,USD,1,FCA,4.2,270.94,470.53,741.47,DHL Customs Svc,REF4544671,181,CRATES,PKG47064,1764612.02,Nigeria exporter (export)
4009310000,CD201811000000063022,2018-11-12,2018-11-22,import,51,Warehouse,400931,"Rubber; vulcanised (other than hard rubber), tubing, piping and hoses, reinforced or otherwise combined only with textile materials, without fittings",Nigeria,Nigeria,United Kingdom,INDORAMA ELEME PETROCHEMICALS LIMITED,[in full dataset],[in full dataset],Port Harcourt,Nigeria,[in full dataset],INEOS INDUSTRIES LIMITED,[in full dataset],[in full dataset],LYNDHURST,United Kingdom,[in full dataset],SEA,Tilbury,Liverpool,2018,11,2018-11,22763.8,KG,22763.8,25432.8,20857.77,20857.77,19995.27,718.67,143.83,0.88,USD,1,FCA,7.7,1606.05,3369.57,4975.62,Kuehne+Nagel Brokerage,REF4220349,201,BAGS,PKG88366,188885.65,Nigeria exporter (export)
2615900000,CD202502000000035953,2025-02-07,2025-02-15,import,40,Consumption,261590,"Niobium, tantalum, vanadium ores and concentrates",Nigeria,Nigeria,Malaysia,PANALPINA WORLD TRANSPORT (NIGERIA) LTD,[in full dataset],[in full dataset],Lagos,Nigeria,[in full dataset],7-ELEVEN MALAYSIA HOLDINGS BERHAD,[in full dataset],[in full dataset],Kuala Lumpur,Malaysia,[in full dataset],AIR,Port Klang,Port Klang,2025,2,2025-02,990,KG,990,1026.6,28452.03,28452.03,27499.54,847.55,104.94,27.78,JPY,68.4356,DAP,6.7,1906.29,3643,5549.29,Descartes,REF5129266,9,BULK,PKG48118,1764612.02,Nigeria exporter (export)
4015120000,CD202004000000020195,2020-04-25,2020-04-27,import,10,Consumption,401512,"Rubber; vulcanised (other than hard rubber), gloves, of a kind used for medical, surgical, dental or veterinary purposes",Nigeria,Nigeria,Singapore,INDORAMA ELEME PETROCHEMICALS LIMITED,[in full dataset],[in full dataset],Port Harcourt,Nigeria,[in full dataset],AISIN ASIA PTE. LTD.,[in full dataset],[in full dataset],Singapore,Singapore,[in full dataset],ROAD,Singapore (PSA),Singapore (PSA),2020,4,2020-04,9227.6,KG,9227.6,10528.6,44977.99,44977.99,41829.36,3086.52,62.11,4.53,USD,1,FCA,12.5,5622.25,9108.04,14730.29,AN Deringer,REF2260849,475,ROLLS,PKG14333,65606.88,Nigeria exporter (export)
4008211000,CD201803000000398503,2018-03-18,2018-03-21,import,70,Warehouse,400821,"Rubber; vulcanised (other than hard rubber), in plates, sheets and strip, of non-cellular rubber",Nigeria,Nigeria,Spain,ONWARD CITY ENTERPRISES NIGERIA LIMITED,[in full dataset],[in full dataset],Ogun State,Nigeria,,PERFORMANCE SPECIALTY PRODUCTS ASTURIAS SLU,[in full dataset],[in full dataset],CARREÑO,Spain,[in full dataset],SEA,Valencia,Bilbao,2018,3,2018-03,14045.9,KG,14045.9,14611.5,2191.53,2191.53,2014.9,170.78,5.85,0.14,USD,1,CIF,11.9,260.79,122.62,383.41,Kuehne+Nagel Brokerage,REF1124417,339,CASES,PKG33599,1131426.05,Nigeria exporter (export)
2707990000,CD201712000001060251,2017-12-11,2017-12-22,import,40,Consumption,270799,Oils and other products of the distillation of high temperature coal tar; n.e.c. in heading no. 2707,Nigeria,Nigeria,China,BONO ENERGY LIMITED,[in full dataset],[in full dataset],Victoria Island,Nigeria,[in full dataset],"EVE Energy Co., Ltd.",[in full dataset],[in full dataset],Huizhou,China,[in full dataset],RAIL,Ningbo-Zhoushan,Shanghai,2017,12,2017-12,20763.9,KG,20763.9,22464.4,5066.08,5066.08,4615.38,445.72,4.98,0.22,USD,1,CPT,3.7,187.44,1050.7,1238.14,AN Deringer,REF9681598,83,DRUMS,PKG84403,113051320,Nigeria exporter (export)
8457100000,CD202101000000014180,2021-01-23,2021-01-07,export,61,Re-export,845710,Machining centres; for working metal,Czech Republic,Czech Republic,Nigeria,"Victoria VR, a.s.",[in full dataset],[in full dataset],Praha,Czech Republic,[in full dataset],FIRST COMMERCE LTD,[in full dataset],[in full dataset],Lagos,Nigeria,,SEA,Main Container Port,Main Container Port,2021,1,2021-01,13722.9,KG,13722.9,14264.7,924.36,924.36,853.35,68.03,2.98,0.06,INR,60.9963,CIF,2.6,24.03,66.39,90.42,AN Deringer,REF4242358,148,BAGS,PKG10983,1029323,Nigeria importer (import)
0401100000,CD202601000000064135,2026-01-21,2026-01-25,export,70,Temporary,040110,"Dairy produce; milk and cream, not concentrated, not containing added sugar or other sweetening matter, of a fat content, by weight, not exceeding 1%",Netherlands,Netherlands,Nigeria,kaas.nl B.V.,[in full dataset],[in full dataset],Bodegraven,Netherlands,[in full dataset],FRIESLANDCAMPINA WAMCO NIGERIA PLC,[in full dataset],[in full dataset],Ikeja,Nigeria,[in full dataset],SEA,Main Container Port,Main Container Port,2026,1,2026-01,3179.6,KG,3179.6,3598.1,19500.11,19500.11,17760.31,1623.96,115.84,5.59,USD,1,FCA,17.1,3334.52,2740.16,6074.68,AN Deringer,REF4128936,423,CARTONS,PKG51977,1758866.97,Nigeria importer (import)
2616100000,CD201912000000183374,2019-12-08,2019-12-23,import,61,Temporary,261610,Silver ores and concentrates,Nigeria,Nigeria,China,RINA CTSI NIGERIA LIMITED,[in full dataset],[in full dataset],Lagos,Nigeria,[in full dataset],"Binzhou Jufuyi Comprehensive Trading Co., Ltd",[in full dataset],[in full dataset],Binzhou,China,,AIR,Shanghai,Qingdao,2019,12,2019-12,12012.6,KG,12012.6,13506.8,9174.75,9174.75,8800.85,317.09,56.81,0.73,USD,1,FOB,6.6,605.53,1173.63,1779.16,DSV Customs,REF9818117,280,PALLETS,PKG62395,9075130,Nigeria exporter (export)
8523520000,CD201705000000592491,2017-05-08,2017-05-10,export,10,Transit,852352,"Semiconductor media; smart cards, whether or not recorded, excluding products of Chapter 37",Hong Kong,Hong Kong,Nigeria,China Railway Signal & Communication Corporation Limited,[in full dataset],[in full dataset],Wan Chai,Hong Kong,[in full dataset],MTN NIGERIA COMMUNICATIONS PLC,[in full dataset],[in full dataset],Ikoyi,Nigeria,[in full dataset],SEA,Main Container Port,Main Container Port,2017,5,2017-05,20888.8,KG,20888.8,23907.3,44704.12,44704.12,43373.01,1153.63,177.48,2.08,CNY,34.8869,FCA,1.5,670.56,0,670.56,DSV Customs,REF8298925,167,BULK,PKG7073,46360806.37,Nigeria importer (import)
8516710000,CD201705000000045567,2017-05-11,2017-05-19,export,51,Consumption,851671,"Electro-thermic appliances; coffee or tea makers, of a kind used for domestic purposes",Turkiye,Turkiye,Nigeria,MOBILTEL ILETISIM HIZMETLERI SANAYI VE TICARET ANONIM SIRKETI,[in full dataset],[in full dataset],Istanbul (Europe),Turkiye,[in full dataset],SEAMFIX LIMITED,[in full dataset],[in full dataset],Lagos,Nigeria,[in full dataset],AIR,Main Container Port,Main Container Port,2017,5,2017-05,17713.8,KG,17713.8,20146.1,14966.38,14966.38,14521.19,352.74,92.45,0.82,INR,126.3071,CFR,2.7,404.09,2766.68,3170.77,AN Deringer,REF5519978,463,PALLETS,PKG65199,2921595,Nigeria importer (import)
4010310000,CD202007000000234252,2020-07-26,2020-07-06,import,40,Consumption,401031,"Rubber; vulcanised, endless transmission belts of trapezoidal cross-section (V-belts), V-ribbed, of an outside circumference exceeding 60cm but not exceeding 180 cm",Nigeria,Nigeria,Italy,INDORAMA ELEME PETROCHEMICALS LIMITED,[in full dataset],[in full dataset],Port Harcourt,Nigeria,[in full dataset],FG TYRE SRL,[in full dataset],[in full dataset],SALZANO,Italy,,AIR,Gioia Tauro,Gioia Tauro,2020,7,2020-07,13930.9,KG,13930.9,14731.9,76983.08,76983.08,70893.23,5831.4,258.45,5.09,CNY,106.0511,EXW,8.1,6235.63,14979.37,21215,Kuehne+Nagel Brokerage,REF4219154,380,CARTONS,PKG86113,750970.12,Nigeria exporter (export)
6810910000,CD201803000000529034,2018-03-14,2018-03-18,export,42,Warehouse,681091,"Cement, concrete or artificial stone; prefabricated structural components for building or civil engineering, whether or not reinforced",Malaysia,Malaysia,Nigeria,HANSON BUILDING MATERIALS MALAYSIA SDN BHD,[in full dataset],[in full dataset],Subang Jaya,Malaysia,,GLOBAL MANPOWER NIGERIA LTD,[in full dataset],[in full dataset],Lagos,Nigeria,[in full dataset],SEA,Main Container Port,Main Container Port,2018,3,2018-03,982.3,KG,982.3,1022.3,18675.59,18675.59,17468.48,1186.89,20.22,17.78,EUR,99.3895,CPT,5.8,1083.18,1383.11,2466.29,DHL Customs Svc,REF9689540,122,CARTONS,PKG22525,2267108.85,Nigeria importer (import)
8451900000,CD201606000000191422,2016-06-02,2016-06-09,export,70,Temporary,845190,"Machinery; parts, of the machinery of heading no. 8451",Malaysia,Malaysia,Nigeria,TOP GLOVE CORPORATION BHD.,[in full dataset],[in full dataset],Shah Alam,Malaysia,[in full dataset],DE COON SERVICES LIMITED,[in full dataset],[in full dataset],Port Harcourt,Nigeria,[in full dataset],RAIL,Main Container Port,Main Container Port,2016,6,2016-06,13434.4,KG,13434.4,14894.6,5339.22,5339.22,4981.42,346.68,11.12,0.37,USD,1,DAP,2.4,128.14,0,128.14,Flexport Customs,REF9791659,242,BALES,PKG79898,12000928.41,Nigeria importer (import)
4010390000,CD201803000000382619,2018-03-23,2018-03-09,import,10,Re-export,401039,"Rubber; vulcanised, conveyor or transmission belts or belting, n.e.c. in heading no. 4010",Nigeria,Nigeria,Italy,THE OKOMU OIL PALM COMPANY PLC,[in full dataset],[in full dataset],Edo,Nigeria,[in full dataset],PIRELLI TYRE SPA,[in full dataset],[in full dataset],MILANO,Italy,[in full dataset],SEA,Genoa,La Spezia,2018,3,2018-03,19889,KG,19889,21168.8,72809.54,72809.54,66553.42,6136.72,119.4,3.35,CNY,126.039,EXW,10.6,7717.81,8052.73,15770.54,AN Deringer,REF3645751,468,DRUMS,PKG5775,1082806.61,Nigeria exporter (export)
7303001000,CD202505000000066088,2025-05-08,2025-05-13,export,51,Transit,730300,"Cast iron; tubes, pipes and hollow profiles",United Kingdom,United Kingdom,Nigeria,CHINA CONSTRUCTION BANK CORPORATION LONDON BRANCH,[in full dataset],[in full dataset],LONDON,United Kingdom,[in full dataset],QUALCHEM GLOBAL CONCEPT LTD,[in full dataset],[in full dataset],Lagos,Nigeria,[in full dataset],SEA,Main Container Port,Main Container Port,2025,5,2025-05,2548.3,KG,2548.3,2615.1,2845.18,2845.18,2760.91,71.3,12.97,1.08,USD,1,DDP,12.4,352.8,0,352.8,Descartes,REF6739358,127,DRUMS,PKG71655,2722468.02,Nigeria importer (import)
6811899000,CD201805000000627424,2018-05-02,2018-05-11,export,40,Warehouse,681189,"Cellulose fibre-cement; articles or the like, other than corrugated sheets and other sheets, panels, tiles and similar articles, not containing asbestos",China,China,Nigeria,"Shenzhen Shishang Industry Co.,ltd.",[in full dataset],[in full dataset],Shenzhen,China,[in full dataset],PICCOLO - BRUNELLI ENGINEERING LTD,[in full dataset],[in full dataset],Abuja,Nigeria,[in full dataset],AIR,Main Container Port,Main Container Port,2018,5,2018-05,14429,KG,14429,16241.2,34521.52,34521.52,33506.66,756.13,258.73,2.32,USD,1,EXW,3.7,1277.3,2505.92,3783.22,DHL Customs Svc,REF1439179,31,CRATES,PKG52810,2820557,Nigeria importer (import)
2620290000,CD201912000000182391,2019-12-17,2019-12-01,import,40,Re-export,262029,"Slag, ash and residues; (not from the manufacture of iron or steel), containing mainly lead; excluding leaded gasoline sludges and leaded anti-knock compound sludges",Nigeria,Nigeria,China,PANALPINA WORLD TRANSPORT (NIGERIA) LTD,[in full dataset],[in full dataset],Lagos,Nigeria,[in full dataset],"Yinchuan Xinhua Commercial (Group) Co.,Ltd.",[in full dataset],[in full dataset],Yinchuan,China,[in full dataset],ROAD,Xiamen,Qingdao,2019,12,2019-12,20710,KG,20710,21961.8,22542.05,22542.05,21734.61,722.37,85.07,1.05,GBP,116.4147,FCA,6.3,1420.15,1677.35,3097.5,Flexport Customs,REF2265804,205,CRATES,PKG45781,9075130,Nigeria exporter (export)
7304290000,CD202505000000090058,2025-05-08,2025-05-17,export,10,Temporary,730429,"Iron or steel (excluding cast iron or stainless steel); seamless, casing and tubing, of a kind used in drilling for oil or gas",Germany,Germany,Nigeria,Steuler Fliesengruppe AG,[in full dataset],[in full dataset],Leisnig,Germany,[in full dataset],QUALCHEM GLOBAL CONCEPT LTD,[in full dataset],[in full dataset],Lagos,Nigeria,[in full dataset],AIR,Main Container Port,Main Container Port,2025,5,2025-05,5736.5,KG,5736.5,6406.2,560.88,560.88,526.8,30.9,3.18,0.09,USD,1,FOB,9.2,51.6,91.87,143.47,Expeditors Customs,REF6875436,163,BAGS,PKG82770,3763041.26,Nigeria importer (import)
2614000000,CD201912000000183185,2019-12-05,2019-12-19,import,61,Consumption,261400,Titanium ores and concentrates,Nigeria,Nigeria,China,RINA CTSI NIGERIA LIMITED,[in full dataset],[in full dataset],Lagos,Nigeria,[in full dataset],"Guangxi Nanning Yingfei Cosmetics Co., Ltd.",[in full dataset],[in full dataset],Nanning,China,,AIR,Xiamen,Xiamen,2019,12,2019-12,10480.1,KG,10480.1,11404.8,3528.78,3528.78,3332.33,178,18.45,0.32,USD,1,CIF,6.3,222.31,675.2,897.51,DHL Customs Svc,REF3864587,414,CRATES,PKG49522,9075130,Nigeria exporter (export)
2607000000,CD202210000000271602,2022-10-24,2022-10-05,import,70,Transit,260700,Lead ores and concentrates,Nigeria,Nigeria,China,RINA CTSI NIGERIA LIMITED,[in full dataset],[in full dataset],Lagos,Nigeria,[in full dataset],"Hunan Cuilong Trading Co., Ltd.",[in full dataset],[in full dataset],Changsha,China,,SEA,Qingdao,Qingdao,2022,10,2022-10,5032.8,KG,5032.8,5303.7,8950.22,8950.22,8242.14,661.75,46.33,1.64,USD,1,EXW,3.2,286.41,461.83,748.24,Kuehne+Nagel Brokerage,REF6096073,446,CASES,PKG6751,14307299,Nigeria exporter (export)
2708200000,CD201712000002996115,2017-12-23,2017-12-03,import,70,Transit,270820,Pitch coke; obtained from coal tar or from other mineral tars,Nigeria,Nigeria,United States,NIGERIA LNG LIMITED,[in full dataset],[in full dataset],Port Harcourt,Nigeria,[in full dataset],Exxon Mobil Corporation,[in full dataset],[in full dataset],Spring,United States,[in full dataset],SEA,"New York/Newark, NJ","Seattle, WA",2017,12,2017-12,23886.9,KG,23886.9,24452.2,18394.98,18394.98,17466.43,792.94,135.61,0.73,JPY,46.7059,CFR,3.1,570.24,2844.78,3415.02,Descartes,REF3872372,403,DRUMS,PKG67784,551900749,Nigeria exporter (export)
1301900000,CD201509000000029955,2015-09-05,2015-09-16,export,42,Transit,130190,"Natural gums, resins, gum-resins and oleoresins, n.e.c. in heading no. 1301",United Kingdom,United Kingdom,Nigeria,ARABIC GRILL LIMITED,[in full dataset],[in full dataset],NEW MALDEN,United Kingdom,,NURUDDEEN COLLEGE FOR ARABIC & ISLAMIC STUDIES YAYAYI KWAMI LTD,[in full dataset],[in full dataset],Kwami,Nigeria,,AIR,Main Container Port,Main Container Port,2015,9,2015-09,3744.4,KG,3744.4,4283.7,7444.77,7444.77,6894.53,537.3,12.94,1.84,INR,42.9661,DAP,5.3,394.57,0,394.57,DHL Customs Svc,REF6105076,50,DRUMS,PKG22510,1048994.52,Nigeria importer (import)
2921440000,CD202201000000178196,2022-01-01,2022-01-03,export,51,Transit,292144,"Amine-function compounds; aromatic monoamines and their derivatives, diphenylamine and its derivatives; salts thereof",China,China,Nigeria,Dsm Vitamins (hunan) Ltd.,[in full dataset],[in full dataset],Hengyang,China,[in full dataset],ESTERS CATERING AND EVENT MANAGEMENT,[in full dataset],[in full dataset],Lagos,Nigeria,,AIR,Main Container Port,Main Container Port,2022,1,2022-01,18112.9,KG,18112.9,19628.1,28440.26,28440.26,27298.91,1014.82,126.53,1.51,INR,124.6085,FOB,6,1706.42,0,1706.42,AN Deringer,REF9039518,22,BAGS,PKG52218,19120015,Nigeria importer (import)
4011500000,CD202006000000104237,2020-06-25,2020-06-10,import,61,Re-export,401150,"Rubber; new pneumatic tyres, of a kind used on bicycles",Nigeria,Nigeria,Malaysia,THE OKOMU OIL PALM COMPANY PLC,[in full dataset],[in full dataset],Edo,Nigeria,[in full dataset],IOI CORPORATION BERHAD,[in full dataset],[in full dataset],Putrajaya,Malaysia,[in full dataset],AIR,Tanjung Pelepas,Port Klang,2020,6,2020-06,20341.8,KG,20341.8,21334.7,3924.47,3924.47,3797.32,107.21,19.94,0.19,GBP,76.3571,CFR,13.5,529.8,311.8,841.6,DB Schenker Customs,REF7468455,248,BAGS,PKG11540,338077.01,Nigeria exporter (export)
8806220000,CD201905000000001797,2019-05-07,2019-05-21,export,70,Re-export,880622,"Unmanned aircraft; for remote-controlled flight only, for other than for carriage of passengers, with the maximum take-off weight of more than 250g but not more than 7kg",United Kingdom,United Kingdom,Nigeria,ROLLS-ROYCE HOLDINGS PLC,[in full dataset],[in full dataset],LONDON,United Kingdom,[in full dataset],SG HOLDINGS LIMITED,[in full dataset],[in full dataset],Lekki,Nigeria,[in full dataset],SEA,Main Container Port,Main Container Port,2019,5,2019-05,19396.5,KG,19396.5,21955.1,139003.24,139003.24,127911.24,10301.92,790.08,6.59,JPY,120.7812,CFR,0,0,13900.32,13900.32,DHL Customs Svc,REF4827924,78,ROLLS,PKG79938,828546.38,Nigeria importer (import)
4013200000,CD202008000000120254,2020-08-03,2020-08-15,import,42,Temporary,401320,"Rubber; inner tubes, of a kind used on bicycles",Nigeria,Nigeria,Malaysia,INDORAMA ELEME PETROCHEMICALS LIMITED,[in full dataset],[in full dataset],Port Harcourt,Nigeria,[in full dataset],IOI CORPORATION BERHAD,[in full dataset],[in full dataset],Putrajaya,Malaysia,[in full dataset],SEA,Port Klang,Tanjung Pelepas,2020,8,2020-08,19228.3,KG,19228.3,20447.3,27575.46,27575.46,26500.24,979.19,96.03,1.38,JPY,32.6687,CIF,9.6,2647.24,3626.72,6273.96,Livingston Intl,REF6239308,385,CARTONS,PKG44614,386795.33,Nigeria exporter (export)
2613900000,CD202604000000000355,2026-04-09,2026-04-13,import,10,Re-export,261390,Molybdenum ores and concentrates; other than roasted,Nigeria,Nigeria,Brazil,DE WAYLE'S INTERNATIONAL LIMITED,[in full dataset],[in full dataset],Warri,Nigeria,[in full dataset],BANCO DE DESENVOLVIMENTO DE MINAS GERAIS SA - BDMG,[in full dataset],[in full dataset],BELO HORIZONTE,Brazil,[in full dataset],SEA,Paranagua,Santos,2026,4,2026-04,5928.4,KG,5928.4,6762.4,6551.97,6551.97,5996.77,547.54,7.66,1.01,USD,1,DDP,6.2,406.22,347.91,754.13,Livingston Intl,REF2426713,209,CARTONS,PKG33214,486714,Nigeria exporter (export)
1502100000,CD201607000000361383,2016-07-17,2016-07-27,import,42,Transit,150210,Tallow; other than those of heading 1503,Nigeria,Nigeria,Germany,INTERNATIONAL FRACTIONATION AND MARGARINE PRODUCTS LTD,[in full dataset],[in full dataset],Lagos,Nigeria,,Autohaus Rape GmbH,[in full dataset],[in full dataset],Vechta,Germany,[in full dataset],SEA,Hamburg,Hamburg,2016,7,2016-07,12617.5,KG,12617.5,14146.6,1271.46,1271.46,1176.08,91.54,3.84,0.09,USD,1,CFR,4.2,53.4,132.49,185.89,DB Schenker Customs,REF9980723,329,CRATES,PKG90857,2543876.47,Nigeria exporter (export)
3827650000,CD202409000000025077,2024-09-22,2024-09-07,export,10,Consumption,382765,"Mixtures containing halogenated derivatives of methane, ethane or propane; containing other hydrofluorocarbons (HFCs) but not containing chlorofluorocarbons (CFCs) or hydrochlorofluorocarbons (HCFCs); other mixtures, not included in the subheadings above,",Germany,Germany,Nigeria,E.ON SE,[in full dataset],[in full dataset],Essen,Germany,[in full dataset],INDORAMA ELEME FERTILIZER & CHEMICALS LIMITED,[in full dataset],[in full dataset],Port Harcourt,Nigeria,[in full dataset],RAIL,Main Container Port,Main Container Port,2024,9,2024-09,24779.3,KG,24779.3,26707.7,34883.51,34883.51,32526.47,2237.86,119.18,1.31,USD,1,FOB,4.3,1499.99,7276.7,8776.69,Flexport Customs,REF3294963,348,CARTONS,PKG36173,1254000.67,Nigeria importer (import)
2608000000,CD202412000000865848,2024-12-14,2024-12-20,import,70,Temporary,260800,Zinc ores and concentrates,Nigeria,Nigeria,China,PANALPINA WORLD TRANSPORT (NIGERIA) LTD,[in full dataset],[in full dataset],Lagos,Nigeria,[in full dataset],Shanghai Bailian Group Incorporated Company,[in full dataset],[in full dataset],Shanghai,China,[in full dataset],SEA,Guangzhou,Guangzhou,2024,12,2024-12,299.8,KG,299.8,322.5,6988.14,6988.14,6798.98,141.92,47.24,22.68,EUR,59.2696,CFR,5.1,356.4,0,356.4,Livingston Intl,REF5903270,90,PALLETS,PKG13959,70218400,Nigeria exporter (export)
1515210000,CD201607000000361473,2016-07-23,2016-07-05,import,10,Re-export,151521,"Vegetable oils; maize (corn) oil and its fractions, crude, not chemically modified",Nigeria,Nigeria,Germany,GLORIA MARGARINE COMPANY,[in full dataset],[in full dataset],Aba,Nigeria,,Autohaus Rape GmbH,[in full dataset],[in full dataset],Vechta,Germany,[in full dataset],SEA,Hamburg,Bremerhaven,2016,7,2016-07,23425.4,KG,23425.4,24792.5,30197.26,30197.26,28343.02,1824.02,30.22,1.21,JPY,122.4517,EXW,3.9,1177.69,1568.75,2746.44,CEVA Customs,REF5825931,4,DRUMS,PKG4704,2543876.47,Nigeria exporter (export)
1507100000,CD201607000000361388,2016-07-17,2016-07-26,import,10,Warehouse,150710,"Vegetable oils; soya-bean oil and its fractions, crude, whether or not degummed, not chemically modified",Nigeria,Nigeria,Germany,UDY & SON SOYA BEAN FLOUR ENTERPRISE,[in full dataset],[in full dataset],Ini,Nigeria,,Kunibert Rape GmbH,[in full dataset],[in full dataset],Diepholz,Germany,[in full dataset],AIR,Hamburg,Bremerhaven,2016,7,2016-07,22287.2,KG,22287.2,24118.7,3040.93,3040.93,2912,113.78,15.15,0.13,INR,2.7082,EXW,5.9,179.41,322.03,501.44,Descartes,REF6274699,392,ROLLS,PKG59711,2543876.47,Nigeria exporter (export)
0406300000,CD202601000000122428,2026-01-01,2026-01-15,export,70,Consumption,040630,"Dairy produce; cheese, processed (not grated or powdered)",Germany,Germany,Nigeria,HOCHLAND SE,[in full dataset],[in full dataset],Heimenkirch,Germany,[in full dataset],FRIESLANDCAMPINA WAMCO NIGERIA PLC,[in full dataset],[in full dataset],Ikeja,Nigeria,[in full dataset],RAIL,Main Container Port,Main Container Port,2026,1,2026-01,16860.8,KG,16860.8,18336.7,24427.13,24427.13,22360.3,2013.19,53.64,1.33,USD,1,CFR,27.8,6790.74,4682.68,11473.42,DB Schenker Customs,REF8085977,357,ROLLS,PKG86622,3938874.96,Nigeria importer (import)
7315119000,CD202505000000066108,2025-05-16,2025-05-01,export,40,Re-export,731511,"Chain; articulated link, roller, of iron or steel",United Kingdom,United Kingdom,Nigeria,CHINA CONSTRUCTION BANK CORPORATION LONDON BRANCH,[in full dataset],[in full dataset],LONDON,United Kingdom,[in full dataset],Strabag Construction Nigeria Ltd,[in full dataset],[in full dataset],Abuja,Nigeria,[in full dataset],RAIL,Main Container Port,Main Container Port,2025,5,2025-05,13274.3,KG,13274.3,15183.3,7203.05,7203.05,6886.3,262.05,54.7,0.52,USD,1,DAP,8.6,619.46,391.13,1010.59,DSV Customs,REF1030330,469,ROLLS,PKG75725,2722468.02,Nigeria importer (import)
0407110000,CD202603000000097005,2026-03-26,2026-03-02,export,61,Consumption,040711,"Birds' eggs, in shell; fresh, fertilised eggs for incubation, of fowls of the species Gallus domesticus (domestic hens)",Ireland,Ireland,Nigeria,DAIRYGOLD CO-OPERATIVE SOCIETY LTD,[in full dataset],[in full dataset],MITCHELSTOWN,Ireland,,FRIESLANDCAMPINA WAMCO NIGERIA PLC,[in full dataset],[in full dataset],Ikeja,Nigeria,[in full dataset],ROAD,Main Container Port,Main Container Port,2026,3,2026-03,5878.5,KG,5878.5,6629.8,11053.13,11053.13,10557.08,463.56,32.49,1.8,EUR,113.8519,CIF,13.1,1447.96,1875.16,3323.12,Livingston Intl,REF7445458,99,BULK,PKG33122,2867477.02,Nigeria importer (import)
8479830000,CD201606000001238567,2016-06-16,2016-06-25,export,10,Warehouse,847983,Machines and mechanical appliances; cold isostatic presses,China,China,Nigeria,Agricultural Bank Of China Limited,[in full dataset],[in full dataset],Beijing,China,[in full dataset],DE COON SERVICES LIMITED,[in full dataset],[in full dataset],Port Harcourt,Nigeria,[in full dataset],SEA,Main Container Port,Main Container Port,2016,6,2016-06,16868.8,KG,16868.8,17792.3,35708.18,35708.18,33200.78,2244.38,263.02,1.97,INR,86.7311,CFR,3.4,1214.08,3692.23,4906.31,Kuehne+Nagel Brokerage,REF4753833,134,PALLETS,PKG4318,105718643,Nigeria importer (import)
4008111000,CD202005000000327560,2020-05-21,2020-05-05,import,42,Warehouse,400811,"Rubber; vulcanised (other than hard rubber), in plates, sheets and strip of cellular rubber",Nigeria,Nigeria,Spain,THE OKOMU OIL PALM COMPANY PLC,[in full dataset],[in full dataset],Edo,Nigeria,[in full dataset],NEX TYRES SL,[in full dataset],[in full dataset],MADRID,Spain,[in full dataset],AIR,Barcelona,Valencia,2020,5,2020-05,9624.4,KG,9624.4,10227.5,11165.97,11165.97,10603.6,477.92,84.45,1.1,INR,26.4587,FCA,10.5,1172.43,1850.76,3023.19,Flexport Customs,REF3958868,479,CASES,PKG79112,1065768.64,Nigeria exporter (export)
6814100000,CD201810000000132947,2018-10-10,2018-10-17,export,61,Transit,681410,"Mica; plates, sheets and strips of agglomerated or reconstituted mica, whether or not on a support of paper, paperboard or other materials",Italy,Italy,Nigeria,BUZZI UNICEM SRL,[in full dataset],[in full dataset],CASALE MONFERRATO,Italy,[in full dataset],GLOBAL MANPOWER NIGERIA LTD,[in full dataset],[in full dataset],Lagos,Nigeria,[in full dataset],SEA,Main Container Port,Main Container Port,2018,10,2018-10,15794.2,KG,15794.2,16902.5,55797.58,55797.58,53415.93,2144.06,237.59,3.38,GBP,66.107,FOB,3.3,1841.32,2881.94,4723.26,Livingston Intl,REF7147674,348,BAGS,PKG21762,452226.99,Nigeria importer (import)
4012900000,CD202011000000362537,2020-11-20,2020-11-24,import,51,Warehouse,401290,Rubber; tyres n.e.c. in heading no. 4012,Nigeria,Nigeria,Malaysia,INDORAMA ELEME PETROCHEMICALS LIMITED,[in full dataset],[in full dataset],Port Harcourt,Nigeria,[in full dataset],ALLIANCE RUBBER PRODUCTS SDN. BHD.,[in full dataset],[in full dataset],Nibong Tebal,Malaysia,[in full dataset],ROAD,Penang,Penang,2020,11,2020-11,19933.2,KG,19933.2,21772.1,3399.73,3399.73,3103.12,275.77,20.84,0.16,USD,1,FOB,8.6,292.38,184.61,476.99,AN Deringer,REF9516542,35,PALLETS,PKG74091,1184283.84,Nigeria exporter (export)
2710910000,CD202306000001697205,2023-06-24,2023-06-10,import,40,Warehouse,271091,"Waste Oils; of petroleum or obtained from bituminous minerals, not crude; and preparations n.e.c., weight 70% or preparations of the same, containing polychlorinated biphenyls (PCBs), polychorinated terphenyls (PCTs) or polybrominated biphenyls (PBBs)",Nigeria,Nigeria,Germany,SIESTECH ENERGY LIMITED,[in full dataset],[in full dataset],Lagos State,Nigeria,[in full dataset],SEFE Energy GmbH,[in full dataset],[in full dataset],Kassel,Germany,[in full dataset],SEA,Wilhelmshaven,Hamburg,2023,6,2023-06,3903.7,KG,3903.7,4376.9,215.66,215.66,200,14.46,1.2,0.05,USD,1,FOB,6.6,14.23,11.49,25.72,DB Schenker Customs,REF8962663,324,PALLETS,PKG43603,236270292.4,Nigeria exporter (export)
2616100000,CD202210000000270428,2022-10-27,2022-10-06,import,61,Re-export,261610,Silver ores and concentrates,Nigeria,Nigeria,China,TRANSNATIONAL CORPORATION PLC,[in full dataset],[in full dataset],Lagos,Nigeria,[in full dataset],"Chongqing Department Store Co.,Ltd.",[in full dataset],[in full dataset],Chongqing,China,[in full dataset],AIR,Dalian,Dalian,2022,10,2022-10,15671.5,KG,15671.5,16557.2,4759.81,4759.81,4381.65,351.77,26.39,0.28,INR,65.357,DDP,3.8,180.87,741.1,921.97,Descartes,REF6003666,169,CRATES,PKG93507,14307299,Nigeria exporter (export)
1501100000,CD201607000000361476,2016-07-22,2016-07-24,import,40,Transit,150110,"Pig fat; lard, other than that of heading 0209 and 1503",Nigeria,Nigeria,Germany,UDY & SON SOYA BEAN FLOUR ENTERPRISE,[in full dataset],[in full dataset],Ini,Nigeria,,The Beef Tallow Company GmbH,[in full dataset],[in full dataset],Alzenau,Germany,,ROAD,Hamburg,Wilhelmshaven,2016,7,2016-07,20615.2,KG,20615.2,21065.5,17968.23,17968.23,17005.56,839.69,122.98,0.82,EUR,56.1182,EXW,6.9,1239.81,1344.56,2584.37,DB Schenker Customs,REF5675063,173,DRUMS,PKG91691,2543876.47,Nigeria exporter (export)
2604000000,CD202604000000000332,2026-04-11,2026-04-13,import,70,Consumption,260400,Nickel ores and concentrates,Nigeria,Nigeria,Brazil,NAGOS PROJECTS LIMITED,[in full dataset],[in full dataset],Port Harcourt,Nigeria,[in full dataset],BRINK'S SEGURANCA E TRANSPORTE DE VALORES LTDA,[in full dataset],[in full dataset],SAO PAULO,Brazil,,AIR,Santos,Itajai,2026,4,2026-04,8157,KG,8157,8461.4,11379.01,11379.01,11089.4,268.34,21.27,1.36,USD,1,CPT,5.5,625.85,2400.97,3026.82,CEVA Customs,REF4833052,150,CARTONS,PKG3702,486714,Nigeria exporter (export)
2607000000,CD202210000000270513,2022-10-06,2022-10-13,import,40,Temporary,260700,Lead ores and concentrates,Nigeria,Nigeria,China,CONTINENTAL REINSURANCE PLC,[in full dataset],[in full dataset],LAGOS,Nigeria,[in full dataset],"Harbin Gongbai Xingda Trading Co., Ltd.",[in full dataset],[in full dataset],Harbin,China,,SEA,Xiamen,Xiamen,2022,10,2022-10,5012.8,KG,5012.8,5665.4,590.6,590.6,535.31,51.75,3.54,0.11,EUR,98.2822,EXW,5.9,34.85,125.09,159.94,DSV Customs,REF6191175,135,DRUMS,PKG15050,14307299,Nigeria exporter (export)
4012110000,CD201804000000132204,2018-04-12,2018-04-23,import,61,Consumption,401211,Retreaded tyres; of a kind used on motor cars (including station wagons and racing cars),Nigeria,Nigeria,Malaysia,INDORAMA ELEME PETROCHEMICALS LIMITED,[in full dataset],[in full dataset],Port Harcourt,Nigeria,[in full dataset],CONTINENTAL TYRE PJ MALAYSIA SDN. BHD.,[in full dataset],[in full dataset],Petaling Jaya,Malaysia,[in full dataset],ROAD,Port Klang,Port Klang,2018,4,2018-04,23882.7,KG,23882.7,25612.9,16222.54,16222.54,15409.09,723.77,89.68,0.65,USD,1,FOB,7.8,1265.36,2098.55,3363.91,Livingston Intl,REF4425929,426,DRUMS,PKG49062,377213.07,Nigeria exporter (export)
7323920000,CD202505000000066162,2025-05-15,2025-05-20,export,42,Transit,732392,"Cast iron; table, kitchen and other household articles and parts thereof, of cast iron, enamelled",United Kingdom,United Kingdom,Nigeria,CHINA CONSTRUCTION BANK CORPORATION LONDON BRANCH,[in full dataset],[in full dataset],LONDON,United Kingdom,[in full dataset],ENAMELWARE FACTORY LIMITED,[in full dataset],,,Nigeria,,ROAD,Main Container Port,Main Container Port,2025,5,2025-05,20378.7,KG,20378.7,23265.9,2738.19,2738.19,2493.36,239.51,5.32,0.12,GBP,38.5494,FOB,10.5,287.51,151.28,438.79,CEVA Customs,REF4933635,262,DRUMS,PKG62063,2722468.02,Nigeria importer (import)
2620110000,CD202109000000332244,2021-09-18,2021-09-21,import,51,Warehouse,262011,"Slag, ash and residues; (not from the manufacture of iron or steel), containing mainly zinc, hard zinc spelter",Nigeria,Nigeria,China,RINA CTSI NIGERIA LIMITED,[in full dataset],[in full dataset],Lagos,Nigeria,[in full dataset],"Changchun Faway Adient Automotive Systems Co.,LTD. (New seat Plant)",[in full dataset],[in full dataset],Changchun,China,,ROAD,Ningbo-Zhoushan,Shanghai,2021,9,2021-09,16997.9,KG,16997.9,17376.7,13214.75,13214.75,12029.62,1145.95,39.18,0.71,EUR,10.5184,DDP,5.6,740.03,976.83,1716.86,Kuehne+Nagel Brokerage,REF5963553,490,BALES,PKG57221,20610188,Nigeria exporter (export)
8407900000,CD202101000000412329,2021-01-04,2021-01-11,export,40,Temporary,840790,"Engines; rotary internal combustion piston engines, for other than aircraft or marine propulsion",United States,United States,Nigeria,"Super Micro Computer, Inc.",[in full dataset],[in full dataset],San Jose,United States,[in full dataset],DE COON SERVICES LIMITED,[in full dataset],[in full dataset],Port Harcourt,Nigeria,[in full dataset],ROAD,Main Container Port,Main Container Port,2021,1,2021-01,16294.8,KG,16294.8,18278.8,14013.28,14013.28,13363.27,584.25,65.76,0.82,USD,1,DDP,3.8,532.5,1018.2,1550.7,Livingston Intl,REF1437985,414,PALLETS,PKG68802,34172615,Nigeria importer (import)
2703000000,CD202306000002504598,2023-06-02,2023-06-10,import,40,Re-export,270300,"Peat; (including peat litter), whether or not agglomerated",Nigeria,Nigeria,Netherlands,METRO GAS LTD,[in full dataset],[in full dataset],Sapele,Nigeria,,Eni Energy Jakarta B.V.,[in full dataset],[in full dataset],'s-Gravenhage,Netherlands,[in full dataset],SEA,Rotterdam,Rotterdam,2023,6,2023-06,1585.2,KG,1585.2,1743.8,4219.09,4219.09,4069.61,141.78,7.7,2.57,EUR,50.8171,FOB,5.4,227.83,800.45,1028.28,Flexport Customs,REF1125868,456,CRATES,PKG26405,406759751.65,Nigeria exporter (export)
2610000000,CD202109000000332288,2021-09-18,2021-09-25,import,70,Consumption,261000,Chromium ores and concentrates,Nigeria,Nigeria,China,ELPER OILFIELD ENGINEERING (NIGERIA) LIMITED,[in full dataset],[in full dataset],Lagos,Nigeria,[in full dataset],"Hubei Huangshang Group Co.,Ltd",[in full dataset],[in full dataset],Huanggang,China,[in full dataset],ROAD,Shenzhen,Dalian,2021,9,2021-09,9288.7,KG,9288.7,9988.2,1283.66,1283.66,1177.12,100.47,6.07,0.13,GBP,88.7996,FOB,3.4,43.64,159.28,202.92,Expeditors Customs,REF1449949,194,CASES,PKG15500,20610188,Nigeria exporter (export)
0406300000,CD202603000000097038,2026-03-10,2026-03-12,export,61,Consumption,040630,"Dairy produce; cheese, processed (not grated or powdered)",Ireland,Ireland,Nigeria,Ornua Co-Operative Limited,[in full dataset],[in full dataset],DUBLIN,Ireland,[in full dataset],FRIESLANDCAMPINA WAMCO NIGERIA PLC,[in full dataset],[in full dataset],Ikeja,Nigeria,[in full dataset],AIR,Main Container Port,Main Container Port,2026,3,2026-03,18319.4,KG,18319.4,19491.9,43380.85,43380.85,39352.36,3928.58,99.91,2.15,EUR,30.6015,DAP,24.7,10715.07,2704.8,13419.87,Expeditors Customs,REF7444128,492,PALLETS,PKG32803,2867477.02,Nigeria importer (import)
2601200000,CD202109000000332370,2021-09-09,2021-09-16,import,61,Warehouse,260120,Iron pyrites; roasted,Nigeria,Nigeria,China,ELPER OILFIELD ENGINEERING (NIGERIA) LIMITED,[in full dataset],[in full dataset],Lagos,Nigeria,[in full dataset],"Suzhou Sibade Trading Co., Ltd.",[in full dataset],[in full dataset],Suzhou,China,,ROAD,Qingdao,Yingkou,2021,9,2021-09,21682.6,KG,21682.6,24442.7,7871.85,7871.85,7181.39,677.95,12.51,0.33,GBP,53.081,CFR,3.3,259.77,1463.69,1723.46,Descartes,REF4809565,109,ROLLS,PKG49062,20610188,Nigeria exporter (export)
2614000000,CD201912000000083032,2019-12-19,2019-12-01,import,40,Consumption,261400,Titanium ores and concentrates,Nigeria,Nigeria,Malaysia,FENOG NIGERIA LIMITED,[in full dataset],[in full dataset],Warri,Nigeria,[in full dataset],DIALOG GROUP BERHAD,[in full dataset],[in full dataset],Petaling Jaya,Malaysia,[in full dataset],AIR,Port Klang,Tanjung Pelepas,2019,12,2019-12,15019.7,KG,15019.7,17108.8,6877.76,6877.76,6310.8,538.09,28.87,0.42,USD,1,CPT,3.6,247.6,1068.8,1316.4,Flexport Customs,REF8573722,181,CRATES,PKG15522,4040293.33,Nigeria exporter (export)
8448490000,CD201606000000273937,2016-06-02,2016-06-11,export,42,Transit,844849,"Weaving machines (looms); parts including their auxiliary machinery, and accessories thereof n.e.c. in item no. 8448.4",United Kingdom,United Kingdom,Nigeria,AGRICULTURAL BANK OF CHINA LIMITED LONDON BRANCH,[in full dataset],[in full dataset],LONDON,United Kingdom,[in full dataset],PR 24 NIGERIA LIMITED,[in full dataset],[in full dataset],Lagos,Nigeria,[in full dataset],AIR,Main Container Port,Main Container Port,2016,6,2016-06,2841.6,KG,2841.6,3180,46503.91,46503.91,43679.07,2531.86,292.98,15.37,USD,1,CPT,3.3,1534.63,3362.7,4897.33,DB Schenker Customs,REF9543877,450,BAGS,PKG5879,17476418.52,Nigeria importer (import)
2701200000,CD201712000000864481,2017-12-16,2017-12-03,import,10,Transit,270120,"Briquettes, ovoids and similar solid fuels; manufactured from coal",Nigeria,Nigeria,Japan,NNPC E AND P LIMITED,[in full dataset],[in full dataset],Benin City,Nigeria,[in full dataset],"COSMO ENERGY HOLDINGS COMPANY,LIMITED",[in full dataset],[in full dataset],CHUO-KU,Japan,[in full dataset],SEA,Osaka,Yokohama,2017,12,2017-12,23107.3,KG,23107.3,24750.2,9029.11,9029.11,8690.56,278.98,59.57,0.38,JPY,123.7577,FOB,6.3,568.83,479.9,1048.73,Descartes,REF4430929,473,CRATES,PKG87601,93589126.18,Nigeria exporter (export)
1509901000,CD201603000000004649,2016-03-02,2016-03-15,import,10,Re-export,150990,"Vegetable oils; olive oil and its fractions, other than virgin, whether or not refined, but not chemically modified",Nigeria,Nigeria,United States,INTERNATIONAL FRACTIONATION AND MARGARINE PRODUCTS LTD,[in full dataset],[in full dataset],Lagos,Nigeria,,"INTERNATIONAL WAXES, INC.",[in full dataset],[in full dataset],Titusville,United States,[in full dataset],AIR,"Seattle, WA","Miami, FL",2016,3,2016-03,21349.9,KG,21349.9,24083.9,25705.73,25705.73,23780.95,1827.22,97.56,1.11,USD,1,CFR,5.8,1490.93,4895.4,6386.33,DHL Customs Svc,REF9176332,104,PALLETS,PKG97811,31323,Nigeria exporter (export)
2601120000,CD202210000000108038,2022-10-22,2022-10-24,import,61,Temporary,260112,Iron ores and concentrates; agglomerated (excluding roasted iron pyrites),Nigeria,Nigeria,Malaysia,Vigeo Holdings Limited,[in full dataset],[in full dataset],Lagos,Nigeria,[in full dataset],7-ELEVEN MALAYSIA HOLDINGS BERHAD,[in full dataset],[in full dataset],Kuala Lumpur,Malaysia,[in full dataset],SEA,Tanjung Pelepas,Tanjung Pelepas,2022,10,2022-10,18266,KG,18266,20900.5,2234.88,2234.88,2091.78,131.81,11.29,0.11,USD,1,DDP,5.3,118.45,470.67,589.12,AN Deringer,REF5022418,473,CASES,PKG61102,5303689.64,Nigeria exporter (export)
2702100000,CD201712000000629000,2017-12-16,2017-12-27,import,40,Transit,270210,"Lignite; whether or not pulverised, but not agglomerated, excluding jet",Nigeria,Nigeria,Thailand,SEPLAT ENERGY PLC,[in full dataset],[in full dataset],Lagos,Nigeria,[in full dataset],PTT PUBLIC COMPANY LIMITED,[in full dataset],[in full dataset],CHATUCHAK,Thailand,[in full dataset],ROAD,Bangkok,Bangkok,2017,12,2017-12,15011.8,KG,15011.8,15698.9,15579.94,15579.94,14956.2,508.42,115.32,1,EUR,91.6227,CFR,3.9,607.62,1618.76,2226.38,Kuehne+Nagel Brokerage,REF8327028,218,CASES,PKG89480,66380648.53,Nigeria exporter (export)
2909430000,CD202201000000178200,2022-01-23,2022-01-06,export,42,Re-export,290943,"Ether-alcohols and their halogenated, sulphonated, nitrated or nitrosated derivatives; monobutyl ethers of ethylene glycol or of diethylene glycol",China,China,Nigeria,"Qilu Antibiotics Pharmaceutical Co., Ltd.",[in full dataset],[in full dataset],Jinan,China,[in full dataset],ESTER'S BETHEL ENTERPRISE,[in full dataset],[in full dataset],Olomore,Nigeria,,SEA,Main Container Port,Main Container Port,2022,1,2022-01,21896.2,KG,21896.2,24154,32431.28,32431.28,31568.34,710.79,152.15,1.44,INR,106.4527,FOB,5,1621.56,3405.28,5026.84,Livingston Intl,REF6777524,234,DRUMS,PKG22551,19120015,Nigeria importer (import)
8806910000,CD201905000000006297,2019-05-05,2019-05-18,export,40,Consumption,880691,Unmanned aircraft; for other than remote-controlled flight and other than for carriage of passengers with a maximum take-off weight not more than 250g,United States,United States,Nigeria,"V2X, Inc.",[in full dataset],[in full dataset],Reston,United States,[in full dataset],SG HOLDINGS LIMITED,[in full dataset],[in full dataset],Lekki,Nigeria,[in full dataset],SEA,Main Container Port,Main Container Port,2019,5,2019-05,14521.9,KG,14521.9,15922.7,1021723.22,1021723.22,930493.16,86287.88,4942.18,64.08,GBP,52.0362,FOB,0,0,51086.16,51086.16,Livingston Intl,REF3318211,56,BAGS,PKG70611,5189510,Nigeria importer (import)
5206150000,CD202603000000000231,2026-03-13,2026-03-16,import,40,Warehouse,520615,"Cotton yarn; (not sewing thread), single, of uncombed fibres, less than 85% by weight of cotton, measuring less than 125 decitex (exceeding 80 metric number), not for retail sale",Nigeria,Nigeria,Brazil,WACOT LIMITED,[in full dataset],[in full dataset],Ikeja,Nigeria,[in full dataset],COTTON STAR INDUSTRIAL LTDA,[in full dataset],[in full dataset],BLUMENAU,Brazil,,SEA,Santos,Rio Grande,2026,3,2026-03,7618.8,KG,7618.8,8044.3,3428.8,3428.8,3178,230.17,20.63,0.42,JPY,48.8429,CPT,11.8,404.6,766.68,1171.28,CEVA Customs,REF8982588,425,CASES,PKG13235,3178,Nigeria exporter (export)
8542320000,CD201705000000101629,2017-05-22,2017-05-28,export,51,Temporary,854232,Electronic integrated circuits; memories,United States,United States,Nigeria,Ford Motor Company,[in full dataset],[in full dataset],Dearborn,United States,[in full dataset],MTN NIGERIA COMMUNICATIONS PLC,[in full dataset],[in full dataset],Ikoyi,Nigeria,[in full dataset],SEA,Main Container Port,Main Container Port,2017,5,2017-05,15841.6,KG,15841.6,17480.1,72085.53,72085.53,68602.06,2947.31,536.16,4.33,EUR,17.0367,CPT,2,1441.71,3676.36,5118.07,DB Schenker Customs,REF2606356,372,PALLETS,PKG26562,6165245,Nigeria importer (import)
0409000000,CD202601000000122527,2026-01-19,2026-01-25,export,51,Transit,040900,Honey; natural,Germany,Germany,Nigeria,HOCHLAND Holding GmbH & Co. KG,[in full dataset],[in full dataset],Heimenkirch,Germany,[in full dataset],FRIESLANDCAMPINA WAMCO NIGERIA PLC,[in full dataset],[in full dataset],Ikeja,Nigeria,[in full dataset],AIR,Main Container Port,Main Container Port,2026,1,2026-01,7673.2,KG,7673.2,8811.9,32587.49,32587.49,30635.75,1718,233.74,3.99,USD,1,EXW,16.7,5442.11,0,5442.11,CEVA Customs,REF1232456,231,BULK,PKG86598,3938874.96,Nigeria importer (import)
8441800000,CD202101000001387384,2021-01-12,2021-01-23,export,51,Warehouse,844180,"Machinery; n.e.c. in heading no. 8441, for making up paper pulp, paper or paperboard",China,China,Nigeria,Agricultural Bank Of China Limited,[in full dataset],[in full dataset],Beijing,China,[in full dataset],HERITON TRADE LIMITED,[in full dataset],[in full dataset],Warri,Nigeria,[in full dataset],ROAD,Main Container Port,Main Container Port,2021,1,2021-01,10767,KG,10767,11624.9,99564.91,99564.91,92552.43,6739.41,273.07,8.6,CNY,112.2446,DAP,3,2986.95,18459.33,21446.28,AN Deringer,REF7101957,326,BALES,PKG47276,152289143,Nigeria importer (import)
4015120000,CD202001000000145353,2020-01-12,2020-01-20,import,10,Transit,401512,"Rubber; vulcanised (other than hard rubber), gloves, of a kind used for medical, surgical, dental or veterinary purposes",Nigeria,Nigeria,Italy,INDORAMA ELEME PETROCHEMICALS LIMITED,[in full dataset],[in full dataset],Port Harcourt,Nigeria,[in full dataset],CONTINENTAL ITALIA SPA PNEUMATICI PRODOTTI DI GOMMA E PLASTICI,[in full dataset],[in full dataset],MILANO,Italy,[in full dataset],AIR,Genoa,La Spezia,2020,1,2020-01,23617.2,KG,23617.2,24973.6,55438.63,55438.63,53019.54,2246.94,172.15,2.24,JPY,35.7629,FCA,11.4,6320,11116.55,17436.55,Flexport Customs,REF6822294,293,CARTONS,PKG98937,463492.2,Nigeria exporter (export)
2618000000,CD202604000000000330,2026-04-05,2026-04-14,import,70,Consumption,261800,"Slag, granulated (slag sand); from the manufacture or iron or steel",Nigeria,Nigeria,Brazil,PILGRIMS AFRICA LIMITED,[in full dataset],[in full dataset],Victoria Island,Nigeria,[in full dataset],MAGAZINE LUIZA S/A,[in full dataset],[in full dataset],FRANCA,Brazil,[in full dataset],SEA,Rio Grande,Paranagua,2026,4,2026-04,11570.2,KG,11570.2,13258.9,2034.98,2034.98,1945.83,82.29,6.86,0.17,EUR,9.48,EXW,5.8,118.03,150.71,268.74,AN Deringer,REF9749397,63,CRATES,PKG41705,486714,Nigeria exporter (export)
0406200000,CD202601000000061438,2026-01-13,2026-01-25,export,42,Temporary,040620,"Dairy produce; cheese of all kinds, grated or powdered",Ireland,Ireland,Nigeria,NUTRICIA IRELAND LIMITED,[in full dataset],[in full dataset],DUBLIN,Ireland,[in full dataset],CADBURY NIGERIA PLC,[in full dataset],[in full dataset],Ikeja,Nigeria,[in full dataset],AIR,Main Container Port,Main Container Port,2026,1,2026-01,10160.6,KG,10160.6,10546,35628.64,35628.64,33137.68,2407.32,83.64,3.26,INR,67.4633,FCA,24.5,8729.02,5322.92,14051.94,CEVA Customs,REF9502984,477,BAGS,PKG13959,1687567.74,Nigeria importer (import)
9027100000,CD202007000000046086,2020-07-18,2020-07-02,export,42,Transit,902710,"Instruments and apparatus; gas or smoke analysis apparatus, for physical or chemical analysis",Netherlands,Netherlands,Nigeria,Philips Medical Systems International B.V.,[in full dataset],[in full dataset],Best,Netherlands,[in full dataset],SUPPLYASHOP TECHNOLOGIES LTD,[in full dataset],[in full dataset],Lagos,Nigeria,[in full dataset],SEA,Main Container Port,Main Container Port,2020,7,2020-07,5043.3,KG,5043.3,5473.4,71175.71,71175.71,65554.97,5197.56,423.18,13,EUR,106.1071,DAP,2.7,1921.74,5116.82,7038.56,DB Schenker Customs,REF8155946,95,CARTONS,PKG82260,5257478.63,Nigeria importer (import)
7317009000,CD202505000000344425,2025-05-26,2025-05-28,export,51,Re-export,731700,"Iron or steel; nails, tacks, drawing pins, corrugated nails, staples (not those of heading no. 8305) and the like, with heads of other material or not, but excluding articles with heads of copper",Italy,Italy,Nigeria,PRYSMIAN SPA,[in full dataset],[in full dataset],MILANO,Italy,[in full dataset],Strabag Construction Nigeria Ltd,[in full dataset],[in full dataset],Abuja,Nigeria,[in full dataset],ROAD,Main Container Port,Main Container Port,2025,5,2025-05,14917.6,KG,14917.6,17069.2,47608.32,47608.32,44890.43,2661.6,56.29,3.01,JPY,62.1996,FOB,8.1,3856.27,10292.92,14149.19,Flexport Customs,REF6046527,146,BAGS,PKG22925,18356287.87,Nigeria importer (import)
7318110000,CD202505000000066169,2025-05-27,2025-05-08,export,61,Consumption,731811,Iron or steel; threaded coach screws,United Kingdom,United Kingdom,Nigeria,BAM CONSTRUCT & VENTURES UK LIMITED,[in full dataset],[in full dataset],HEMEL HEMPSTEAD,United Kingdom,[in full dataset],QUALCHEM GLOBAL CONCEPT LTD,[in full dataset],[in full dataset],Lagos,Nigeria,[in full dataset],RAIL,Main Container Port,Main Container Port,2025,5,2025-05,18632.9,KG,18632.9,19901.6,932.83,932.83,884.48,47.31,1.04,0.05,EUR,84.3821,FOB,11.4,106.34,103.92,210.26,DHL Customs Svc,REF3809581,162,BULK,PKG68925,2722468.02,Nigeria importer (import)
2936240000,CD202304000000000675,2023-04-20,2023-04-07,export,70,Consumption,293624,"Vitamins; D- or DL-pantothenic acid (vitamin B5) and its derivatives, unmixed",United Kingdom,United Kingdom,Nigeria,INEOS INVESTMENT HOLDINGS (GERMANY) LIMITED,[in full dataset],[in full dataset],LYNDHURST,United Kingdom,,ESTER'S BETHEL ENTERPRISE,[in full dataset],[in full dataset],Olomore,Nigeria,,SEA,Main Container Port,Main Container Port,2023,4,2023-04,7954.2,KG,7954.2,8162.7,13941.23,13941.23,12766.35,1123.26,51.62,1.6,EUR,72.4647,DDP,6.6,920.12,2229.2,3149.32,CEVA Customs,REF6359882,59,DRUMS,PKG37387,88857.32,Nigeria importer (import)
8535210000,CD201705000000031364,2017-05-08,2017-05-21,export,42,Transit,853521,"Electrical apparatus; automatic circuit breakers, for a voltage exceeding 1000 volts but less than 72.5kV",Singapore,Singapore,Nigeria,SINGAPORE TELECOMMUNICATIONS LIMITED,[in full dataset],[in full dataset],Singapore,Singapore,[in full dataset],INLAKS POWER SOLUTIONS LIMITED,[in full dataset],[in full dataset],Ikeja,Nigeria,[in full dataset],AIR,Main Container Port,Main Container Port,2017,5,2017-05,14531.8,KG,14531.8,16257,8682.74,8682.74,8314.95,331.42,36.37,0.57,EUR,47.914,FOB,2.2,191.02,1597.28,1788.3,Kuehne+Nagel Brokerage,REF4130745,292,BULK,PKG77303,2060397.29,Nigeria importer (import)
3811190000,CD202409000000121577,2024-09-06,2024-09-08,export,40,Temporary,381119,Anti-knock preparations; other than those based on lead compounds,United States,United States,Nigeria,"PPG Industries Ohio, Inc.",[in full dataset],[in full dataset],Cleveland,United States,[in full dataset],INDORAMA ELEME FERTILIZER & CHEMICALS LIMITED,[in full dataset],[in full dataset],Port Harcourt,Nigeria,[in full dataset],SEA,Main Container Port,Main Container Port,2024,9,2024-09,4971.2,KG,4971.2,5372.1,35543.08,35543.08,32160.47,3213.16,169.45,6.47,USD,1,CFR,5.4,1919.33,5619.36,7538.69,AN Deringer,REF4605099,181,PALLETS,PKG95559,7192690,Nigeria importer (import)
4008119000,CD201810000000163027,2018-10-08,2018-10-18,import,51,Consumption,400811,"Rubber; vulcanised (other than hard rubber), in plates, sheets and strip of cellular rubber",Nigeria,Nigeria,Germany,THE OKOMU OIL PALM COMPANY PLC,[in full dataset],[in full dataset],Edo,Nigeria,[in full dataset],BASF SE,[in full dataset],[in full dataset],Ludwigshafen am Rhein,Germany,[in full dataset],AIR,Hamburg,Wilhelmshaven,2018,10,2018-10,24960.9,KG,24960.9,28402.1,1123.81,1123.81,1054.55,65.72,3.54,0.04,GBP,33.1006,EXW,8.5,95.52,146.32,241.84,DSV Customs,REF9980140,397,PALLETS,PKG47356,461351.96,Nigeria exporter (export)
0408990000,CD202602000000009573,2026-02-14,2026-02-24,export,51,Warehouse,040899,"Eggs; birds' eggs (not in shell, excluding yolks only), fresh, cooked by steaming or boiling in water, moulded, frozen, otherwise preserved, whether or not containing added sugar or other sweetening matter",Poland,Poland,Nigeria,DANONE SP Z O O,[in full dataset],[in full dataset],Warszawa,Poland,[in full dataset],CADBURY NIGERIA PLC,[in full dataset],[in full dataset],Ikeja,Nigeria,[in full dataset],AIR,Main Container Port,Main Container Port,2026,2,2026-02,2329.3,KG,2329.3,2554.8,9126.14,9126.14,8369.92,692.6,63.62,3.59,USD,1,FOB,13.2,1204.65,516.54,1721.19,CEVA Customs,REF3991778,43,BULK,PKG7325,308194,Nigeria importer (import)
2903740000,CD202201000000178732,2022-01-23,2022-01-10,export,42,Warehouse,290374,"Halogenated derivatives of acyclic hydrocarbons containing two or more different halogens; chlorodifluoroethanes HCFC-142, 142b)",China,China,Nigeria,"Ningbo When Jay Hyde Amino Acids (ningbo) Industrial Co., Ltd.",[in full dataset],[in full dataset],Ningbo,China,[in full dataset],BILE ACIDS NIGERIA LTD,[in full dataset],[in full dataset],Suleja,Nigeria,,SEA,Main Container Port,Main Container Port,2022,1,2022-01,14049.5,KG,14049.5,15428.8,24361.53,24361.53,23459.82,742.89,158.82,1.67,JPY,36.4443,CPT,5.7,1388.61,0,1388.61,Descartes,REF7318156,40,DRUMS,PKG36772,19120015,Nigeria importer (import)
8807200000,CD201905000000001777,2019-05-25,2019-05-08,export,42,Transit,880720,Aircraft and spacecraft; under-carriages and parts thereof,Italy,Italy,Nigeria,AIRBUS HELICOPTERS ITALIA SRL,[in full dataset],[in full dataset],VILLAFRANCA DI VERONA,Italy,[in full dataset],SG HOLDINGS LIMITED,[in full dataset],[in full dataset],Lekki,Nigeria,[in full dataset],AIR,Main Container Port,Main Container Port,2019,5,2019-05,14526.7,KG,14526.7,15350.7,495368.37,495368.37,472018.55,22443.49,906.33,32.49,INR,9.2735,DAP,0,0,34675.79,34675.79,DSV Customs,REF2006072,369,CASES,PKG77432,796453.54,Nigeria importer (import)
2930600000,CD202304000000161861,2023-04-17,2023-04-03,export,40,Transit,293060,"Organo-sulphur compounds; 2-(N,N-Diethylamino)ethanethiol",China,China,Nigeria,"Qilu Antibiotics Pharmaceutical Co., Ltd.",[in full dataset],[in full dataset],Jinan,China,[in full dataset],ESTERS CATERING AND EVENT MANAGEMENT,[in full dataset],[in full dataset],Lagos,Nigeria,,SEA,Main Container Port,Main Container Port,2023,4,2023-04,12339,KG,12339,13290.6,51607.74,51607.74,50073.57,1146.42,387.75,4.06,JPY,112.6006,FCA,4.6,2373.96,8097.26,10471.22,DB Schenker Customs,REF4318008,423,BAGS,PKG95146,18274065,Nigeria importer (import)
2606000000,CD202109000000332334,2021-09-01,2021-09-10,import,40,Re-export,260600,Aluminium ores and concentrates,Nigeria,Nigeria,China,ELPER OILFIELD ENGINEERING (NIGERIA) LIMITED,[in full dataset],[in full dataset],Lagos,Nigeria,[in full dataset],"Wuhan Yuangenteng Trading Co., Ltd",[in full dataset],[in full dataset],Wuhan,China,,ROAD,Tianjin,Xiamen,2021,9,2021-09,2901.3,KG,2901.3,3102.6,21623.32,21623.32,20466.14,1007.63,149.55,7.05,INR,57.6035,FOB,3.6,778.44,1120.09,1898.53,AN Deringer,REF3130649,104,BALES,PKG27968,20610188,Nigeria exporter (export)
2609000000,CD202210000000108385,2022-10-22,2022-10-05,import,70,Consumption,260900,Tin ores and concentrates,Nigeria,Nigeria,Malaysia,TRANSPORT SERVICES LIMITED,[in full dataset],[in full dataset],Ikoyi,Nigeria,[in full dataset],TSH RESOURCES BERHAD,[in full dataset],[in full dataset],Kuala Lumpur,Malaysia,[in full dataset],ROAD,Tanjung Pelepas,Port Klang,2022,10,2022-10,11097.8,KG,11097.8,12373.4,1750.68,1750.68,1622.92,117.69,10.07,0.15,USD,1,CFR,3.4,59.52,217.22,276.74,Kuehne+Nagel Brokerage,REF2355173,276,ROLLS,PKG55488,5303689.64,Nigeria exporter (export)
2620190000,CD202412000000867751,2024-12-18,2024-12-26,import,51,Consumption,262019,"Slag, ash and residues; (not from the manufacture of iron or steel), containing mainly zinc, other than hard zinc spelter",Nigeria,Nigeria,China,EN NINO NIGERIA LIMITED,[in full dataset],[in full dataset],Port Harcourt,Nigeria,[in full dataset],Shanghai Bailian Group Incorporated Company,[in full dataset],[in full dataset],Shanghai,China,[in full dataset],ROAD,Xiamen,Ningbo-Zhoushan,2024,12,2024-12,12628,KG,12628,13730.1,1323.72,1323.72,1217.66,103.52,2.54,0.1,CNY,7.3294,CIF,3.7,48.98,96.09,145.07,DSV Customs,REF3754773,193,CASES,PKG84891,70218400,Nigeria exporter (export)
2620110000,CD202604000000000379,2026-04-24,2026-04-28,import,10,Temporary,262011,"Slag, ash and residues; (not from the manufacture of iron or steel), containing mainly zinc, hard zinc spelter",Nigeria,Nigeria,Brazil,MARCONI.NG EPC LIMITED,[in full dataset],[in full dataset],Port Harcourt,Nigeria,[in full dataset],CLAUDINO S A LOJAS DE DEPARTAMENTOS,[in full dataset],[in full dataset],TERESINA,Brazil,[in full dataset],SEA,Paranagua,Santos,2026,4,2026-04,8051.6,KG,8051.6,8374.8,4671.25,4671.25,4293.88,367.94,9.43,0.53,USD,1,FCA,4.2,196.19,0,196.19,CEVA Customs,REF7641281,29,CASES,PKG89571,486714,Nigeria exporter (export)
2914500000,CD202304000000045914,2023-04-01,2023-04-10,export,70,Consumption,291450,Ketone-phenols and ketones with other oxygen function,South Korea,South Korea,Nigeria,Ether's Dream Act Institute,[in full dataset],[in full dataset],Gyeongsan,South Korea,,BILE ACIDS NIGERIA LTD,[in full dataset],[in full dataset],Suleja,Nigeria,,AIR,Main Container Port,Main Container Port,2023,4,2023-04,18866,KG,18866,20684.7,94676.8,94676.8,91182.19,2811.22,683.39,4.83,USD,1,CPT,5.4,5112.55,14968.4,20080.95,Expeditors Customs,REF3959623,244,ROLLS,PKG66404,5048193,Nigeria importer (import)
9019101000,CD202007000000048408,2020-07-22,2020-07-07,export,61,Consumption,901910,Mechano-therapy appliances; massage apparatus and psychological aptitude-testing apparatus,United States,United States,Nigeria,"Pediatrix Medical Group, Inc.",[in full dataset],[in full dataset],Sunrise,United States,[in full dataset],CHAPCHAP DIGITAL COMMERCE LIMITED,[in full dataset],[in full dataset],Kano,Nigeria,[in full dataset],ROAD,Main Container Port,Main Container Port,2020,7,2020-07,20092.9,KG,20092.9,21903.7,33996.14,33996.14,31585.14,2280.13,130.87,1.57,INR,21.6189,FOB,1.2,407.95,5160.61,5568.56,Livingston Intl,REF3739136,232,DRUMS,PKG52340,5495741,Nigeria importer (import)
2620910000,CD202210000000270750,2022-10-12,2022-10-19,import,61,Warehouse,262091,"Slag, ash and residues; (not from the manufacture of iron or steel), containing antimony, beryllium, cadmium, chromium or their mixtures",Nigeria,Nigeria,China,NAGOS PROJECTS LIMITED,[in full dataset],[in full dataset],Port Harcourt,Nigeria,[in full dataset],"Inzone Group Co.,Ltd.",[in full dataset],[in full dataset],Jinan,China,[in full dataset],SEA,Yingkou,Xiamen,2022,10,2022-10,19635.6,KG,19635.6,20424.7,12233.58,12233.58,11578.42,611.88,43.28,0.59,USD,1,CPT,6.5,795.18,1302.88,2098.06,DSV Customs,REF4466689,164,ROLLS,PKG64419,14307299,Nigeria exporter (export)
2701200000,CD201712000003004007,2017-12-12,2017-12-25,import,42,Transit,270120,"Briquettes, ovoids and similar solid fuels; manufactured from coal",Nigeria,Nigeria,United States,11 PLC,[in full dataset],[in full dataset],Lagos,Nigeria,[in full dataset],"ONEOK, Inc.",[in full dataset],[in full dataset],Tulsa,United States,[in full dataset],SEA,"Savannah, GA","Los Angeles, CA",2017,12,2017-12,11698.5,KG,11698.5,13346.3,2832.09,2832.09,2619.28,203.79,9.02,0.22,USD,1,CFR,4,113.28,294.54,407.82,Descartes,REF3145673,206,CRATES,PKG74561,551900749,Nigeria exporter (export)
2620600000,CD202604000000000368,2026-04-04,2026-04-09,import,40,Temporary,262060,"Slag, ash and residues; (not from the manufacture of iron or steel), containing arsenic, mercury, thallium or their mixtures, of a kind used for the extraction of arsenic or those metals or for the manufacture of their chemical compounds",Nigeria,Nigeria,Brazil,ELPER OILFIELD ENGINEERING (NIGERIA) LIMITED,[in full dataset],[in full dataset],Lagos,Nigeria,[in full dataset],MAGAZINE LUIZA S/A,[in full dataset],[in full dataset],FRANCA,Brazil,[in full dataset],SEA,Santos,Itajai,2026,4,2026-04,5963.6,KG,5963.6,6272.4,14368.03,14368.03,13481.2,813.8,73.03,2.26,USD,1,EXW,4.9,704.03,0,704.03,Kuehne+Nagel Brokerage,REF3873228,430,CRATES,PKG16266,486714,Nigeria exporter (export)
8463900000,CD201606000000191553,2016-06-17,2016-06-22,export,42,Warehouse,846390,"Machine-tools; for working metal, sintered metal carbides or cermets, without removing material, n.e.c. in heading no. 8463",Malaysia,Malaysia,Nigeria,PARAGON CONVERTERS (M) SDN. BHD.,[in full dataset],[in full dataset],Petaling Jaya,Malaysia,[in full dataset],DE COON SERVICES LIMITED,[in full dataset],[in full dataset],Port Harcourt,Nigeria,[in full dataset],SEA,Main Container Port,Main Container Port,2016,6,2016-06,11334.1,KG,11334.1,11616.3,31738.58,31738.58,29659.26,2017.42,61.9,2.62,JPY,121.2403,FOB,2.5,793.46,6506.41,7299.87,DB Schenker Customs,REF3134893,336,CARTONS,PKG35130,12000928.41,Nigeria importer (import)
7325991000,CD202505000000009333,2025-05-21,2025-05-28,export,70,Warehouse,732599,"Iron or steel; cast articles, excluding grinding balls and similar articles for mills, other than of non-malleable cast iron",South Korea,South Korea,Nigeria,"POSCO FUTURE M CO., Ltd",[in full dataset],[in full dataset],Pohang,South Korea,[in full dataset],QUALCHEM GLOBAL CONCEPT LTD,[in full dataset],[in full dataset],Lagos,Nigeria,[in full dataset],SEA,Main Container Port,Main Container Port,2025,5,2025-05,1484.6,KG,1484.6,1590.2,28431.31,28431.31,26349.65,1879.73,201.93,17.75,JPY,34.1732,CPT,11.8,3354.89,2225.03,5579.92,Livingston Intl,REF6882939,238,CARTONS,PKG23148,353863,Nigeria importer (import)
1510909000,CD201612000000000352,2016-12-17,2016-12-03,import,40,Warehouse,151090,"Vegetable oils; oils and their fractions n.e.c. in heading 1510, obtained solely from olives, whether or not refined, but not chemically modified, including blends of these oils or fractions with oils or fractions of heading no. 1509",Nigeria,Nigeria,United Kingdom,INTERNATIONAL FRACTIONATION AND MARGARINE PRODUCTS LTD,[in full dataset],[in full dataset],Lagos,Nigeria,,EUROPA CROWN LIMITED,[in full dataset],[in full dataset],HESSLE,United Kingdom,[in full dataset],RAIL,Tilbury,Tilbury,2016,12,2016-12,11567.6,KG,11567.6,11987.7,1733.82,1733.82,1637.57,89.47,6.78,0.14,USD,1,EXW,3.9,67.62,324.26,391.88,DB Schenker Customs,REF5535888,107,BAGS,PKG17393,1637.57,Nigeria exporter (export)
1515110000,CD201608000000004194,2016-08-10,2016-08-14,import,40,Transit,151511,"Vegetable oils; linseed oil and its fractions, crude, not chemically modified",Nigeria,Nigeria,United States,INTERNATIONAL FRACTIONATION AND MARGARINE PRODUCTS LTD,[in full dataset],[in full dataset],Lagos,Nigeria,,BUCK & DOE TALLOW LLC,[in full dataset],[in full dataset],Laingsburg,United States,,SEA,"Oakland, CA","Houston, TX",2016,8,2016-08,10508.3,KG,10508.3,11002.7,27981.73,27981.73,26889,1064.64,28.09,2.56,CNY,61.8976,CPT,7,1958.72,0,1958.72,Expeditors Customs,REF4304911,66,BALES,PKG98130,26889,Nigeria exporter (export)
2611000000,CD201912000000182417,2019-12-13,2019-12-20,import,42,Consumption,261100,Tungsten ores and concentrates,Nigeria,Nigeria,China,NAGOS PROJECTS LIMITED,[in full dataset],[in full dataset],Port Harcourt,Nigeria,[in full dataset],"Zhangzhou Jinkelong Trading Co., Ltd.",[in full dataset],[in full dataset],Zhangpu County,China,,SEA,Ningbo-Zhoushan,Dalian,2019,12,2019-12,13182.4,KG,13182.4,15027.4,539.85,539.85,499.47,36.59,3.79,0.04,USD,1,FOB,6.7,36.17,57.6,93.77,DSV Customs,REF2773689,282,DRUMS,PKG88646,9075130,Nigeria exporter (export)
8411820000,CD202101000000129270,2021-01-02,2021-01-05,export,61,Consumption,841182,"Turbines; gas-turbines (excluding turbo-jets and turbo-propellers), of a power exceeding 5000kW",Netherlands,Netherlands,Nigeria,Inalfa Roof Systems B.V.,[in full dataset],[in full dataset],Oostrum LB,Netherlands,[in full dataset],NADABO ENERGY LIMITED,[in full dataset],[in full dataset],LAGOS,Nigeria,[in full dataset],AIR,Main Container Port,Main Container Port,2021,1,2021-01,10579.5,KG,10579.5,11353.8,8462.47,8462.47,7961.78,476.08,24.61,0.75,EUR,67.9215,FCA,2.4,203.1,1559.8,1762.9,DHL Customs Svc,REF2209549,112,BALES,PKG25811,9039315.85,Nigeria importer (import)
8462320000,CD201606000001238010,2016-06-04,2016-06-07,export,61,Temporary,846232,"Machine-tools; slitting lines and cut-to-length lines, for working metal",China,China,Nigeria,"Chongqing Machinery & Electric Co.,Ltd.",[in full dataset],[in full dataset],Chongqing,China,[in full dataset],EDO STATE CO-OPERATIVE FARMERS AGENCY LIMITED,[in full dataset],[in full dataset],Benin City,Nigeria,,SEA,Main Container Port,Main Container Port,2016,6,2016-06,6202,KG,6202,7040.7,988.58,988.58,912.18,69.7,6.7,0.15,USD,1,FCA,2.9,28.67,183.1,211.77,DHL Customs Svc,REF8591935,107,CARTONS,PKG54438,105718643,Nigeria importer (import)
2603000000,CD202412000000871907,2024-12-23,2024-12-10,import,70,Re-export,260300,Copper ores and concentrates,Nigeria,Nigeria,China,PANALPINA WORLD TRANSPORT (NIGERIA) LTD,[in full dataset],[in full dataset],Lagos,Nigeria,[in full dataset],Nanchang Non-staple Food Factory Kangle Branch,[in full dataset],[in full dataset],Nanchang,China,,ROAD,Guangzhou,Xiamen,2024,12,2024-12,21739.6,KG,21739.6,24780.2,2287.26,2287.26,2068.12,203.4,15.74,0.1,CNY,28.2768,FOB,3,68.62,424.06,492.68,DB Schenker Customs,REF9362257,430,ROLLS,PKG1232,70218400,Nigeria exporter (export)
1302320000,CD201507000000017681,2015-07-18,2015-07-02,export,10,Consumption,130232,"Mucilages and thickeners; whether or not modified, derived from locust beans, locust bean seeds or guar seeds",Germany,Germany,Nigeria,Natural Gums Dr. W. Agster GmbH,[in full dataset],[in full dataset],Reutlingen,Germany,[in full dataset],DARUL-MUQINEEN ARABIC AND ISLAMIC CENTRE,[in full dataset],[in full dataset],Isheri,Nigeria,,AIR,Main Container Port,Main Container Port,2015,7,2015-07,6247.2,KG,6247.2,6608.7,12812.3,12812.3,12453.98,271.24,87.08,1.99,INR,77.8914,CFR,4.3,550.93,1336.32,1887.25,Descartes,REF9290546,52,ROLLS,PKG89343,508762.93,Nigeria importer (import)
4001210000,CD202007000000025825,2020-07-02,2020-07-08,import,51,Re-export,400121,"Rubber; natural (excluding latex), in smoked sheets",Nigeria,Nigeria,Singapore,INDORAMA ELEME PETROCHEMICALS LIMITED,[in full dataset],[in full dataset],Port Harcourt,Nigeria,[in full dataset],WIELAND METALS SINGAPORE (PTE) LTD,[in full dataset],[in full dataset],Singapore,Singapore,[in full dataset],SEA,Singapore (PSA),Singapore (PSA),2020,7,2020-07,5035.4,KG,5035.4,5210.5,14281.02,14281.02,13265.43,930.74,84.85,2.63,USD,1,EXW,12.6,1799.41,804.02,2603.43,DB Schenker Customs,REF7710740,152,PALLETS,PKG25216,84973.83,Nigeria exporter (export)
3813004000,CD202409000000028262,2024-09-11,2024-09-17,export,70,Temporary,381300,Fire-extinguishers; preparations and charges and charged fire-extinguishing grenades,United Kingdom,United Kingdom,Nigeria,"JPMORGAN CHASE BANK, NATIONAL ASSOCIATION",[in full dataset],[in full dataset],LONDON,United Kingdom,[in full dataset],NOTORE CHEMICAL INDUSTRIES LTD,[in full dataset],[in full dataset],Port Harcourt,Nigeria,[in full dataset],SEA,Main Container Port,Main Container Port,2024,9,2024-09,248.5,KG,248.5,285.2,43179.61,43179.61,41008.82,1971.77,199.02,165.03,JPY,108.554,FCA,4.4,1899.9,0,1899.9,Kuehne+Nagel Brokerage,REF8480899,223,BALES,PKG14039,1411263.45,Nigeria importer (import)
2707100000,CD202306000001545066,2023-06-26,2023-06-04,import,40,Transit,270710,Oils and products of the distillation of high temperature coal tar; benzol (benzene),Nigeria,Nigeria,Indonesia,NIGERIA LNG LIMITED,[in full dataset],[in full dataset],Port Harcourt,Nigeria,[in full dataset],PT PERUSAHAAN GAS NEGARA (PERSERO) TBK,[in full dataset],[in full dataset],Kota Administrasi Jakarta Barat,Indonesia,[in full dataset],ROAD,Belawan,Belawan,2023,6,2023-06,14056.4,KG,14056.4,16066.9,7702.84,7702.84,7241.28,404.06,57.5,0.52,USD,1,CPT,5.9,454.47,1468.32,1922.79,Descartes,REF5634031,384,BALES,PKG53049,211038650,Nigeria exporter (export)
2620290000,CD202210000000271935,2022-10-04,2022-10-06,import,40,Warehouse,262029,"Slag, ash and residues; (not from the manufacture of iron or steel), containing mainly lead; excluding leaded gasoline sludges and leaded anti-knock compound sludges",Nigeria,Nigeria,China,RINA CTSI NIGERIA LIMITED,[in full dataset],[in full dataset],Lagos,Nigeria,[in full dataset],"Suzhou Hechengying Trading Co., Ltd.",[in full dataset],[in full dataset],Suzhou,China,,ROAD,Qingdao,Tianjin,2022,10,2022-10,1352.1,KG,1352.1,1539.4,8282.68,8282.68,7606.83,625.14,50.71,5.63,USD,1,EXW,4.9,405.85,1563.94,1969.79,DHL Customs Svc,REF2366009,11,CARTONS,PKG38589,14307299,Nigeria exporter (export)
4011800000,CD201801000000390486,2018-01-19,2018-01-06,import,10,Transit,401180,"Rubber; new pneumatic tyres, of a kind used on construction, mining or industrial handling vehicles and machines",Nigeria,Nigeria,Spain,INDORAMA ELEME PETROCHEMICALS LIMITED,[in full dataset],[in full dataset],Port Harcourt,Nigeria,[in full dataset],EUROMASTER AUTOMOCION Y SERVICIOS SA,[in full dataset],[in full dataset],MADRID,Spain,[in full dataset],SEA,Bilbao,Bilbao,2018,1,2018-01,4052.9,KG,4052.9,4272.8,2328.94,2328.94,2241.28,77.13,10.53,0.55,USD,1,DAP,13.3,309.75,184.71,494.46,Descartes,REF5218451,191,BAGS,PKG46093,1107072.22,Nigeria exporter (export)
8806920000,CD201905000000006276,2019-05-14,2019-05-18,export,70,Re-export,880692,Unmanned aircraft; for other than remote-controlled flight and other than for carriage of passengers with a maximum take-off weight more than 250g but not more than 7kg,United States,United States,Nigeria,"V2X, Inc.",[in full dataset],[in full dataset],Reston,United States,[in full dataset],SG HOLDINGS LIMITED,[in full dataset],[in full dataset],Lekki,Nigeria,[in full dataset],AIR,Main Container Port,Main Container Port,2019,5,2019-05,4381.1,KG,4381.1,5005.1,1023198.74,1023198.74,981990.01,39441,1767.73,224.14,JPY,22.4965,CIF,0,0,184175.77,184175.77,DB Schenker Customs,REF9769319,483,CARTONS,PKG92144,5189510,Nigeria importer (import)
2613100000,CD202502000000035829,2025-02-03,2025-02-06,import,70,Transit,261310,Molybdenum ores and concentrates; roasted,Nigeria,Nigeria,Malaysia,Vigeo Holdings Limited,[in full dataset],[in full dataset],Lagos,Nigeria,[in full dataset],MUHIBBAH ENGINEERING (M) BHD.,[in full dataset],[in full dataset],Klang,Malaysia,[in full dataset],SEA,Port Klang,Port Klang,2025,2,2025-02,10332,KG,10332,11509,217.95,217.95,200,16.98,0.97,0.02,USD,1,DDP,3.8,8.28,27.15,35.43,AN Deringer,REF8529192,167,CRATES,PKG56805,1764612.02,Nigeria exporter (export)
2914710000,CD202304000000001436,2023-04-11,2023-04-23,export,42,Transit,291471,"Ketones and quinones; halogenated, sulphonated, nitrated or nitrosated derivatives; chlordecone (ISO)",Ireland,Ireland,Nigeria,FUEL YOUR BODY SUPPLEMENTS LIMITED,[in full dataset],[in full dataset],GALWAY,Ireland,,ESTER'S BETHEL ENTERPRISE,[in full dataset],[in full dataset],Olomore,Nigeria,,AIR,Main Container Port,Main Container Port,2023,4,2023-04,5973.8,KG,5973.8,6502.6,39620.53,39620.53,38611.92,852.9,155.71,6.46,CNY,24.0979,DAP,5.5,2179.13,4179.97,6359.1,Descartes,REF5626069,316,DRUMS,PKG5043,181080.38,Nigeria importer (import)
8462330000,CD201606000001238031,2016-06-12,2016-06-15,export,10,Re-export,846233,"Machine-tools; shearing machines (excluding presses) for flat products, numerically controlled, other than combined punching and shearing machines, for working metal",China,China,Nigeria,Taiyuan Heavy Machinery Group Machinery Enterprise Company,[in full dataset],[in full dataset],Taiyuan,China,[in full dataset],EDO STATE CO-OPERATIVE FARMERS AGENCY LIMITED,[in full dataset],[in full dataset],Benin City,Nigeria,,ROAD,Main Container Port,Main Container Port,2016,6,2016-06,21436.4,KG,21436.4,23816.8,14711.49,14711.49,13571.72,1055.37,84.4,0.63,USD,1,CIF,3.5,514.9,1065.85,1580.75,Kuehne+Nagel Brokerage,REF4923343,411,CRATES,PKG59911,105718643,Nigeria importer (import)
0402990000,CD202601000000076106,2026-01-26,2026-01-04,export,51,Temporary,040299,"Dairy produce; milk and cream, containing added sugar or other sweetening matter, other than in powder, granules or other solid forms",United Kingdom,United Kingdom,Nigeria,CENTAUR SERVICES LIMITED,[in full dataset],[in full dataset],CASTLE CARY,United Kingdom,[in full dataset],FRIESLANDCAMPINA WAMCO NIGERIA PLC,[in full dataset],[in full dataset],Ikeja,Nigeria,[in full dataset],RAIL,Main Container Port,Main Container Port,2026,1,2026-01,16465.2,KG,16465.2,18823.6,19079.43,19079.43,18057.57,887.52,134.34,1.1,INR,91.5201,EXW,26.6,5075.13,3623.18,8698.31,Kuehne+Nagel Brokerage,REF5734784,482,CRATES,PKG37695,2135223.03,Nigeria importer (import)
1302200000,CD201507000000023738,2015-07-21,2015-07-28,export,70,Temporary,130220,Pectic substances; pectinates and pectates,United Kingdom,United Kingdom,Nigeria,CHAUMET (LONDON) LIMITED,[in full dataset],[in full dataset],LONDON,United Kingdom,[in full dataset],ARABIC TEACHERS' COLLEGE KEFFI LTD,[in full dataset],[in full dataset],Keffi,Nigeria,,SEA,Main Container Port,Main Container Port,2015,7,2015-07,2581.2,KG,2581.2,2783.6,14747.75,14747.75,13429.47,1257.3,60.98,5.2,INR,70.0666,CPT,3.2,471.93,760.98,1232.91,CEVA Customs,REF1740802,473,CARTONS,PKG47054,742006.77,Nigeria importer (import)
0406100000,CD202601000000064157,2026-01-07,2026-01-18,export,70,Consumption,040610,"Dairy produce; fresh cheese (including whey cheese), not fermented, and curd",Netherlands,Netherlands,Nigeria,De Heus Animal Nutrition B.V.,[in full dataset],[in full dataset],Ede GLD,Netherlands,[in full dataset],FRIESLANDCAMPINA WAMCO NIGERIA PLC,[in full dataset],[in full dataset],Ikeja,Nigeria,[in full dataset],SEA,Main Container Port,Main Container Port,2026,1,2026-01,11921.1,KG,11921.1,12753.1,3987.68,3987.68,3765.09,215.3,7.29,0.32,GBP,80.4134,FOB,18.7,745.7,0,745.7,DSV Customs,REF9746787,118,BALES,PKG16445,1758866.97,Nigeria importer (import)
2620210000,CD202210000000270505,2022-10-25,2022-10-05,import,70,Warehouse,262021,"Slag, ash and residues; (not from the manufacture of iron or steel), containing mainly lead; leaded gasoline sludges and leaded anti-knock compound sludges",Nigeria,Nigeria,China,PANALPINA WORLD TRANSPORT (NIGERIA) LTD,[in full dataset],[in full dataset],Lagos,Nigeria,[in full dataset],"Yinchuan Xinhua Commercial (Group) Co.,Ltd.",[in full dataset],[in full dataset],Yinchuan,China,[in full dataset],AIR,Shenzhen,Yingkou,2022,10,2022-10,9937.7,KG,9937.7,10219.7,3908.38,3908.38,3669.21,233.64,5.53,0.37,JPY,72.2286,DDP,4.2,164.15,407.25,571.4,Livingston Intl,REF4159535,275,CARTONS,PKG91725,14307299,Nigeria exporter (export)
2710990000,CD202306000002089500,2023-06-15,2023-06-02,import,70,Transit,271099,"Waste Oils; of petroleum or obtained from bituminous minerals, not crude and preparations n.e.c., weight 70% or preparations of the same, not containing polychlorinated biphenyls (PCBs), polychorinated terphenyls (PCTs) or polybrominated biphenyls (PBBs)",Nigeria,Nigeria,Poland,ANINO INTERNATIONAL PLC,[in full dataset],[in full dataset],Lagos,Nigeria,[in full dataset],ROMGAZ SP Z O O,[in full dataset],[in full dataset],Konarzynki,Poland,[in full dataset],AIR,Gdynia,Gdynia,2023,6,2023-06,10483.9,KG,10483.9,11722.8,14116.11,14116.11,13078.38,1005.27,32.46,1.25,EUR,60.781,CIF,3.9,550.53,733.33,1283.86,Livingston Intl,REF8356235,180,BULK,PKG87190,306441474,Nigeria exporter (export)
6802210000,CD201806000000623430,2018-06-01,2018-06-04,export,10,Transit,680221,"Marble, travertine and alabaster; simply cut or sawn, with a flat or even surface",China,China,Nigeria,"Shenzhen Shishang Industry Co.,ltd.",[in full dataset],[in full dataset],Shenzhen,China,[in full dataset],GLOBAL MANPOWER NIGERIA LTD,[in full dataset],[in full dataset],Lagos,Nigeria,[in full dataset],AIR,Main Container Port,Main Container Port,2018,6,2018-06,19865.1,KG,19865.1,20519,48844.24,48844.24,47566.95,967.39,309.9,2.39,GBP,58.8198,FCA,4.3,2100.3,5094.45,7194.75,Kuehne+Nagel Brokerage,REF9111186,203,BAGS,PKG28039,2796902,Nigeria importer (import)
2711190000,CD202306000000725525,2023-06-10,2023-06-24,import,70,Warehouse,271119,"Petroleum gases and other gaseous hydrocarbons; liquefied, n.e.c. in heading no. 2711",Nigeria,Nigeria,Canada,FYMAK MARINE & OIL SERVICES NIGERIA LIMITED,[in full dataset],[in full dataset],Lagos,Nigeria,[in full dataset],Pembina Pipeline Corporation,[in full dataset],[in full dataset],Calgary,Canada,[in full dataset],RAIL,"Vancouver, BC","Montreal, QC",2023,6,2023-06,2788.1,KG,2788.1,3026.3,687.54,687.54,637.54,45.27,4.73,0.23,GBP,129.2274,FCA,7,48.13,110.35,158.48,Flexport Customs,REF1543588,322,BALES,PKG46522,89165482.25,Nigeria exporter (export)
6802290000,CD201804000000609864,2018-04-24,2018-04-28,export,42,Transit,680229,"Stone; monumental or building stone, n.e.c. in item no. 6802.2, articles thereof, simply cut or sawn, with a flat or even surface",China,China,Nigeria,"Luzhou Naxi Mingying Building Materials Co., Ltd.",[in full dataset],[in full dataset],Luzhou,China,,GLOBAL MANPOWER NIGERIA LTD,[in full dataset],[in full dataset],Lagos,Nigeria,[in full dataset],SEA,Main Container Port,Main Container Port,2018,4,2018-04,12909.2,KG,12909.2,14750.1,21806.91,21806.91,20835.63,879.97,91.31,1.61,JPY,23.5825,CPT,3.2,697.82,3375.71,4073.53,DB Schenker Customs,REF5284611,108,BAGS,PKG65631,2720747,Nigeria importer (import)
