vehicle_type,hs_code,sa_sacu_hs8,exporter_hs8,hs_code_sure_level,product_description,marks_and_numbers,origin_country,destination_country,del_country,country_sure_level,year,month,period,sailing_date,estimate_arrival_date,actual_arrival_date,flow,mode_of_transportation,lane_value_usd,cif_value_usd,quantity_unit,weight_unit,supplier_name,,supplier_address,supplier_city,supplier_phone,supplier_website,supplier_contact,indicator_true_supplier,importer_name,importer_address,importer_city,importer_phone,importer_website,importer_contact,indicator_true_buyer,notify_party_name,notify_party_address,also_notify_name,per_shipment_quantity,per_shipment_weight_kg,origin_port,destination_port,port_of_final_delivery,teu,feu,cbm,vessel_name,vessel_code,vessel_country_code,voyage,manifest_no,carrier_sasc_code,bill_type_code,bill_of_lading_no,master_bill_of_lading,container_id,container_size,container_type,container_desc_code,container_load_status,container_type_of_service,freight_forwarder_name,estimated_value_usd
Passenger car,870370,87037085,8703700050,5,"Vehicles; with both compression-ignition internal combustion piston engine (diesel or semi-diesel) and electric motor for propulsion, capable of being charged by plugging to external source of electric power",MARKS5207,United States,South Africa,South Africa,6,2024,5,2024-05,2024-05-12,20240502,20240502,export,1,96688503,11313.33,kg,KG,The Progressive Corporation,,[in full dataset],Mayfield Village,,www.progressive.com,[in full dataset],Y,HENRED FRUEHAUF (PTY) LTD,[in full dataset],BLOEMFONTEIN,,www.yep.co.za,[in full dataset],Y,The Progressive Corporation,[in full dataset],,21869.6,21869.6,"New York/Newark, NJ",Durban,BLOEMFONTEIN,1,1,27.34,MSC OSCAR,IMO6249191,SG,V789,971,HLCU,HBL,HLCU197956748,MSCU266388606,MSCU5776652,20GP,FLAT RACK,HC,LCL,CY/CFS,Sinotrans,10112.04
Motorcycle,871160,,8711609090,6,"Motorcycles (including mopeds) and cycles; fitted with auxiliary motor, with electric motor for propulsion, with or without side-cars; side-cars",MARKS1241,United Kingdom,South Africa,South Africa,6,2024,1,2024-01,2024-01-08,20240120,20240120,import,1,33875686.41,143058.85,kg,KG,EVANS HALSHAW LIMITED,,[in full dataset],NOTTINGHAM,,www.evanshalshaw.com,[in full dataset],Y,KMSA DISTRIBUTORS (PTY) LTD,[in full dataset],BRAMLEY,,www.kawasakisa.co.za,[in full dataset],Y,EVANS HALSHAW LIMITED,[in full dataset],,18653.1,18653.1,Southampton,Durban,BRAMLEY,1,1,23.32,EVER ACME,IMO1221474,LR,V348,936,MAEU,HBL,MSCU462237754,HLCU165499036,FCIU4705328,45HC,REEFER,HC,LCL,CY/CFS,DHL Global Forwarding,131375.73
Motorcycle,871110,,87111000,6,"Motorcycles (including mopeds) and cycles; fitted with an auxiliary motor, with internal combustion piston engine of a cylinder capacity not exceeding 50cc, with or without side-cars; side-cars",MARKS1226,Germany,South Africa,South Africa,8,2024,9,2024-09,2024-09-04,20240915,20240915,import,1,87426572.08,19273.76,kg,KG,Webasto SE,,[in full dataset],Stockdorf,,www.webasto.com,[in full dataset],Y,PRINCES BENONI VW (PTY) LTD,[in full dataset],BENONI,,www.princesbenoni.co.za,[in full dataset],Y,Webasto SE,[in full dataset],,9532.9,9532.9,Wilhelmshaven,Port Elizabeth,BENONI,1,1,11.92,BARZAN,IMO5942670,MH,V641,443,ONEY,HBL,HLCU595853835,ONEY850933152,TGHU2889647,20GP,REEFER,GP,FCL,CY/CY,DHL Global Forwarding,16883.45
Bus / coach,870240,87024085,87024000,5,"Vehicles; public transport type (carries 10 or more persons, including driver), with only electric motor for propulsion, new or used",MARKS6452,Spain,South Africa,South Africa,5,2025,7,2025-07,2025-07-11,20250711,20250711,import,1,35395099.22,11109.32,kg,KG,CAETANO CUZCO SL.,,[in full dataset],ALCOBENDAS,,www.caetanocuzco.es,[in full dataset],Y,CKT TRAILERS AND 24X7 BREAKDOWN REPAIRS CC,[in full dataset],JOHANNESBURG,,www.ckttrailers.co.za,[in full dataset],Y,CAETANO CUZCO SL.,[in full dataset],,1735.1,1735.1,Barcelona,Ngqura,JOHANNESBURG,1,1,2.17,CSCL GLOBE,IMO3888924,PA,V871,29,OOLU,HBL,CMDU152967025,EGLV428772133,BMOU5092588,20GP,REEFER,HC,FCL,CY/CY,DB Schenker,9824.05
Goods vehicle (truck),870422,87042220,870422000,9,"Vehicles; with only compression-ignition internal combustion piston engine (diesel or semi-diesel), for transport of goods, (of a g.v.w. exceeding 5 tonnes but not exceeding 20 tonnes), n.e.c. in item no 8704.1",MARKS6289,Japan,South Africa,South Africa,5,2025,12,2025-12,2025-12-23,20251217,20251217,import,1,47474120.19,17884.31,kg,KG,SUBARU CORPORATION,,[in full dataset],SHIBUYA-KU,,www.subaru.co.jp/,[in full dataset],Y,BAM GARAGE (PTY) LTD,[in full dataset],PORT ELIZABETH,,,,Y,SUBARU CORPORATION,[in full dataset],,4962,4962,Yokohama,Cape Town,PORT ELIZABETH,1,1,6.2,MAERSK MOLLER,IMO8730473,LR,V979,699,YMLU,MBL,CMDU173531874,CMDU942358455,BMOU4586510,20GP,DRY,HC,LCL,CY/CFS,Nippon Express,15947.69
Goods vehicle (truck),870442,87044290,8704420080,5,"Vehicles; with both compression-ignition internal combustion piston engine (diesel/semi-diesel) and electric motors for propulsion, of a g.v.w. exceeding 5,000kg but not exceeding 20,000kg",MARKS4028,United States,South Africa,South Africa,5,2024,1,2024-01,2024-01-18,20240115,20240115,export,1,80393662,41353.45,kg,KG,Ares Management Corporation,,[in full dataset],Los Angeles,,www.aresmgmt.com,[in full dataset],N,VENTER LEISURE AND COMMERCIAL TRAILERS LTD,[in full dataset],FLORIDA,,,,N,Ares Management Corporation,[in full dataset],,7726.1,7726.1,"Norfolk, VA",Port Elizabeth,FLORIDA,1,1,9.66,APL MEXICO CITY,IMO5931127,MH,V669,255,MAEU,HBL,COSU311704080,CMDU943209189,MSCU7439643,40HC,DRY,GP,LCL,CY/CY,CEVA Logistics,36463.11
Passenger car,870340,87034025,87034090,7,"Vehicles; with both spark-ignition internal combustion piston engine and electric motor for propulsion, incapable of being charged by plugging to external source of electric power",MARKS8980,Slovakia,South Africa,South Africa,7,2025,12,2025-12,2025-12-25,20251223,20251223,import,1,21787428.29,21020.33,kg,KG,O Automobil Import s.r.o.,,[in full dataset],Bratislava,,,,Y,VENTER LEISURE AND COMMERCIAL TRAILERS LTD,[in full dataset],FLORIDA,,,,Y,O Automobil Import s.r.o.,[in full dataset],,5398.7,5398.7,Main Container Port,Cape Town,FLORIDA,1,1,6.75,YM WARRANTY,IMO1475431,LR,V677,964,YMLU,MBL,ONEY873551467,CMDU280116503,CAIU1625150,40HC,DRY,HC,FCL,CY/CFS,DHL Global Forwarding,19730.79
Bus / coach,870290,87029081,870290000,6,"Vehicles; public transport type (carries 10 or more persons, including driver), n.e.c. in heading 8702, new or used",MARKS6881,Japan,South Africa,South Africa,8,2024,3,2024-03,2024-03-09,20240328,20240328,export,1,119701068.14,10767.23,kg,KG,SUBARU CORPORATION,,[in full dataset],SHIBUYA-KU,,www.subaru.co.jp/,[in full dataset],Y,A3 TRAILERS CC,[in full dataset],KROONSTAD,,,,Y,SUBARU CORPORATION,[in full dataset],,18335.2,18335.2,Osaka,Ngqura,KROONSTAD,1,1,22.92,YM WARRANTY,IMO7685563,SG,V152,689,APLU,SWB,MSCU685827957,MAEU186617212,TCLU7006955,40GP,OPEN TOP,HC,LCL,CFS/CFS,Bollore Logistics,9641.94
Bus / coach,870210,87021090,8702109210,5,"Vehicles; public transport type (carries 10 or more persons, including driver), with only compression-ignition internal combustion piston engine (diesel or semi-diesel), new or used",MARKS5239,China,South Africa,South Africa,8,2024,1,2024-01,2024-01-23,20240119,20240119,import,1,77667920,362552,kg,KG,"HuaYu Automotive Systems Co.,Ltd",,[in full dataset],Shanghai,,www.hasco-group.com,[in full dataset],N,EAZYRIDER IMPORTS (PTY) LTD,[in full dataset],PRETORIA NORTH,,www.eazy-rider.com,[in full dataset],Y,"HuaYu Automotive Systems Co.,Ltd",[in full dataset],,20058.4,20058.4,Qingdao,Durban,PRETORIA NORTH,1,1,25.07,HYUNDAI LOYALTY,IMO7797035,SG,V865,380,OOLU,SWB,MSCU518706440,MSCU894449704,TCLU6471580,45HC,FLAT RACK,RF,LCL,CY/CY,Kuehne + Nagel,344941.42
Motorcycle,871120,87112010,87112092,9,"Motorcycles (including mopeds) and cycles; fitted with an auxiliary motor, internal combustion piston engine, of cylinder capacity exceeding 50cc but not exceeding 250cc, with or without side-cars; side-cars",MARKS7625,Spain,South Africa,South Africa,9,2025,9,2025-09,2025-09-18,20250907,20250907,export,1,43080185.74,12334.38,kg,KG,KIA IBERIA SLU,,[in full dataset],ALCOBENDAS,,www.kia.com,[in full dataset],Y,BBS TRACTORS CC,[in full dataset],LICHTENBURG,,,,Y,KIA IBERIA SLU,[in full dataset],,15760.5,15760.5,Algeciras,Ngqura,LICHTENBURG,1,1,19.7,MAERSK MOLLER,IMO6459861,MH,V785,640,ONEY,MBL,HLCU831148074,MAEU741037813,MSCU7160394,45HC,DRY,RF,FCL,CY/CY,DB Schenker,11072.69
Passenger car,870310,,87031090,8,"Vehicles; specially designed for travelling on snow, golf cars and similar vehicles",MARKS7294,India,South Africa,South Africa,6,2024,9,2024-09,2024-09-02,20240902,20240902,import,1,165843363.37,20116.85,kg,KG,TATA MOTORS PASSENGER VEHICLES LIMITED,,[in full dataset],Mumbai,,www.tatamotors.com,[in full dataset],Y,BARKLY OOS MOTORS CC,[in full dataset],BLOEMFONTEIN,,,,Y,TATA MOTORS PASSENGER VEHICLES LIMITED,[in full dataset],,8940.6,8940.6,"Nhava Sheva (JNPT), Mumbai",Ngqura,BLOEMFONTEIN,1,1,11.18,MSC OSCAR,IMO6365724,SG,V628,497,MSCU,SWB,MSCU298972386,EGLV263519102,TCLU2635229,20GP,FLAT RACK,GP,FCL,CY/CY,Expeditors,17988.39
Bus / coach,870220,87022085,,6,"Vehicles; public transport type (carries 10 or more persons, including driver), with both compression-ignition internal combustion piston engine (diesel or semi-diesel) and electric motor for propulsion, new or used",MARKS7402,India,South Africa,South Africa,9,2025,1,2025-01,2025-01-27,20250115,20250115,import,1,138535668.74,6651.97,kg,KG,VARROC ENGINEERING LIMITED,,[in full dataset],Aurangabad,,www.varroc.com,[in full dataset],Y,REMO TRAILERS (PTY) LTD,[in full dataset],DURBANVILLE,,,,Y,VARROC ENGINEERING LIMITED,[in full dataset],,23720.1,23720.1,Visakhapatnam,Ngqura,DURBANVILLE,1,1,29.65,CMA CGM JULES VERNE,IMO8311086,SG,V524,360,APLU,HBL,MAEU600206460,CMDU798459454,FCIU1533669,45HC,TANK,RF,FCL,CY/CY,DSV,6239.34
Bus / coach,870220,87022090,87022090,7,"Vehicles; public transport type (carries 10 or more persons, including driver), with both compression-ignition internal combustion piston engine (diesel or semi-diesel) and electric motor for propulsion, new or used",MARKS2397,Netherlands,South Africa,South Africa,9,2024,8,2024-08,2024-08-08,20240806,20240806,export,1,4407827.29,10979.72,kg,KG,German Brick Trading B.V.,,[in full dataset],Deest,,,,Y,VEREENIGING TRAILERS BUILDERS AND RENTALS (PTY) LTD,[in full dataset],VEREENIGING,,,,N,German Brick Trading B.V.,[in full dataset],,24036.3,24036.3,Rotterdam,Cape Town,VEREENIGING,1,1,30.05,APL MEXICO CITY,IMO8657003,SG,V554,834,HLCU,HBL,YMLU862654749,MSCU277249910,MSCU1097109,20GP,REEFER,RF,FCL,CY/CFS,Bollore Logistics,10123.45
Passenger car,870321,87032123,87032110,7,"Vehicles; with only spark-ignition internal combustion piston engine, cylinder capacity not over 1000cc",MARKS7030,Czech Republic,South Africa,South Africa,8,2024,6,2024-06,2024-06-25,20240613,20240613,import,1,4852769.77,32931.57,kg,KG,MAGNA Automotive Stity s.r.o.,,[in full dataset],Štíty,,www.magnastity.cz,[in full dataset],Y,R AND N TRUCK TRAILER BODIES (PTY) LTD,[in full dataset],CHATSWORTH,,,,Y,MAGNA Automotive Stity s.r.o.,[in full dataset],,9811.5,9811.5,Main Container Port,Ngqura,CHATSWORTH,1,1,12.26,BARZAN,IMO2618904,SG,V670,494,ONEY,MBL,YMLU534888458,MAEU214658555,GESU5581172,40HC,REEFER,GP,LCL,CFS/CFS,Nippon Express,29405.17
Bus / coach,870240,87024085,87024000,6,"Vehicles; public transport type (carries 10 or more persons, including driver), with only electric motor for propulsion, new or used",MARKS1993,Germany,South Africa,South Africa,5,2024,10,2024-10,2024-10-15,20241022,20241022,export,1,167615340.39,33655.2,kg,KG,TRATON SE,,[in full dataset],München,,www.traton.com,[in full dataset],N,LS GROUP MOTOR DIVISION (PTY) LTD,[in full dataset],WELKOM,,www.kiamotors.co.za,[in full dataset],Y,TRATON SE,[in full dataset],,17982,17982,Hamburg,Port Elizabeth,WELKOM,1,1,22.48,OOCL HONG KONG,IMO7446957,SG,V521,926,ZIMU,HBL,MAEU874865938,EGLV865401342,BMOU8750318,40HC,DRY,GP,FCL,CY/CFS,Nippon Express,31586.25
Bus / coach,870290,87029081,87029019,7,"Vehicles; public transport type (carries 10 or more persons, including driver), n.e.c. in heading 8702, new or used",MARKS3407,Germany,South Africa,South Africa,6,2025,6,2025-06,2025-06-16,20250623,20250623,export,1,204041644.64,166931.14,kg,KG,TRATON SE,,[in full dataset],München,,www.traton.com,[in full dataset],Y,AMAZING TRAILERS CC,[in full dataset],AMANZIMTOTI,,,,Y,TRATON SE,[in full dataset],,8152.6,8152.6,Wilhelmshaven,Durban,AMANZIMTOTI,1,1,10.19,EVER GIVEN,IMO5206745,MH,V926,434,HMMU,SWB,EGLV598245153,MSCU934308583,FCIU8635646,40GP,DRY,GP,LCL,CFS/CFS,DHL Global Forwarding,152641.82
Passenger car,870332,87033225,87033290,9,"Vehicles; with only compression-ignition internal combustion piston engine (diesel or semi-diesel), cylinder capacity over 1500 but not over 2500cc",MARKS9654,Spain,South Africa,South Africa,8,2025,6,2025-06,2025-06-16,20250605,20250605,export,1,51643156.97,24655.49,kg,KG,AUTOS MARCOS SA,,[in full dataset],ORIHUELA,,www.marcosautomocion.es,[in full dataset],N,TOTAL TRANSPORTATION SOLUTIONS (PTY) LTD,[in full dataset],KLERKSDORP,,personal.nedbank.co.za,[in full dataset],N,AUTOS MARCOS SA,[in full dataset],,4438.2,4438.2,Bilbao,Cape Town,KLERKSDORP,1,1,5.55,MSC OSCAR,IMO9059801,MH,V334,808,OOLU,MBL,MSCU916522706,YMLU621961754,FCIU6916535,20GP,OPEN TOP,GP,LCL,CY/CY,Yusen Logistics,22821.12
Bus / coach,870240,87024090,870240000,5,"Vehicles; public transport type (carries 10 or more persons, including driver), with only electric motor for propulsion, new or used",MARKS7026,Japan,South Africa,South Africa,5,2024,11,2024-11,2024-11-14,20241117,20241117,export,1,96054210.25,6262.49,kg,KG,SUBARU CORPORATION,,[in full dataset],SHIBUYA-KU,,www.subaru.co.jp/,[in full dataset],Y,CONDOR CYCLES CC,[in full dataset],EAST LONDON,,,,Y,SUBARU CORPORATION,[in full dataset],,5784,5784,Yokohama,Port Elizabeth,EAST LONDON,1,1,7.23,OOCL HONG KONG,IMO7309092,PA,V433,813,ZIMU,SWB,YMLU769728369,EGLV102568614,TCLU4733682,40GP,OPEN TOP,HC,FCL,CFS/CFS,DHL Global Forwarding,5619.04
Passenger car,870323,87032327,8703235990,7,"Vehicles; with only spark-ignition internal combustion reciprocating piston engine, cylinder capacity over 1500 but not over 3000cc",MARKS1559,China,South Africa,South Africa,7,2024,4,2024-04,2024-04-16,20240407,20240407,import,1,111392670.52,35304.84,kg,KG,"China M & E Group Co., Ltd.",,[in full dataset],Beijing,,,,Y,LEADER TRAILER BODIES (PTY) LTD,[in full dataset],BRAKPAN,,,,Y,"China M & E Group Co., Ltd.",[in full dataset],,14668.4,14668.4,Shenzhen,Durban,BRAKPAN,1,1,18.34,OOCL HONG KONG,IMO6108929,PA,V666,485,MAEU,SWB,COSU107687756,COSU355860732,TCLU7974480,40GP,REEFER,GP,LCL,CY/CFS,Bollore Logistics,32210.41
Passenger car,870340,87034025,8703401010,8,"Vehicles; with both spark-ignition internal combustion piston engine and electric motor for propulsion, incapable of being charged by plugging to external source of electric power",MARKS4449,United Kingdom,South Africa,South Africa,7,2025,10,2025-10,2025-10-10,20251001,20251001,export,1,13492083.84,34750.84,kg,KG,NVENT ELECTRIC PUBLIC LIMITED COMPANY,,[in full dataset],BRENTFORD,,,,Y,MOT BODIES CC,[in full dataset],PRETORIA,,,,Y,NVENT ELECTRIC PUBLIC LIMITED COMPANY,[in full dataset],,3183.4,3183.4,Felixstowe,Port Elizabeth,PRETORIA,1,1,3.98,EVER ACME,IMO9785137,MH,V936,989,MSCU,MBL,CMDU704026042,COSU430823476,GESU2476581,45HC,REEFER,RF,FCL,CFS/CFS,Nippon Express,30992.42
Goods vehicle (truck),870490,87049081,8704900100,7,"Vehicles; for transport of goods, n.e.c. in heading no. 8704",MARKS7536,United States,South Africa,South Africa,5,2025,12,2025-12,2025-12-06,20251218,20251218,import,1,24708196.86,31182.81,kg,KG,"The Travelers Companies, Inc.",,[in full dataset],New York,,www.travelers.com,[in full dataset],Y,PHOENIX MARINE MANUFACTURING (PTY) LTD,[in full dataset],DASSENBERG,,www.phoenixcatamarans.com,[in full dataset],N,"The Travelers Companies, Inc.",[in full dataset],,14117,14117,"Charleston, SC",Ngqura,DASSENBERG,1,1,17.65,CMA CGM JULES VERNE,IMO6333268,SG,V680,855,ZIMU,MBL,MSCU978280707,COSU467415978,MSCU5165985,40GP,REEFER,GP,FCL,CFS/CFS,DSV,29458.02
Motorcycle,871130,,87113019,7,"Motorcycles (including mopeds) and cycles; fitted with an auxiliary motor, internal combustion piston engine, of cylinder capacity exceeding 250cc but not exceeding 500cc, with or without side-cars; side-cars",MARKS3283,Thailand,South Africa,South Africa,5,2025,7,2025-07,2025-07-27,20250716,20250716,import,1,39635623.71,172660.24,kg,KG,BANGCHAK CORPORATION PUBLIC COMPANY LIMITED,,[in full dataset],PHRA KHANONG,,www.bangchak.co.th,[in full dataset],Y,VA VROOM VEHICLE REPLACEMENTS (PTY) LTD,[in full dataset],CENTURION,,,,Y,BANGCHAK CORPORATION PUBLIC COMPANY LIMITED,[in full dataset],,4920,4920,Laem Chabang,Port Elizabeth,CENTURION,1,1,6.15,CMA CGM JULES VERNE,IMO6388532,SG,V121,396,MSCU,SWB,HLCU264097615,MSCU999119928,TGHU7652988,40GP,FLAT RACK,GP,FCL,CY/CFS,CEVA Logistics,163030.26
Goods vehicle (truck),870443,87044310,,8,"Vehicles; with both compression-ignition internal combustion piston engine (diesel/semi-diesel) and electric motors for propulsion, of a g.v.w. exceeding 20,000kg",MARKS1609,India,South Africa,South Africa,7,2025,7,2025-07,2025-07-08,20250703,20250703,import,1,174434082.38,13812.92,kg,KG,MAHINDRA AND MAHINDRA FINANCIAL SERVICES LIMITED,,[in full dataset],Mumbai,,www.mahindrafinance.com,[in full dataset],Y,HENRED FRUEHAUF (PTY) LTD,[in full dataset],BLOEMFONTEIN,,www.yep.co.za,[in full dataset],Y,MAHINDRA AND MAHINDRA FINANCIAL SERVICES LIMITED,[in full dataset],,18631.9,18631.9,"Nhava Sheva (JNPT), Mumbai",Ngqura,BLOEMFONTEIN,1,1,23.29,HMM ALGECIRAS,IMO8225344,MH,V988,343,OOLU,SWB,HLCU105492702,MAEU835636833,CAIU1436848,40HC,DRY,RF,LCL,CFS/CFS,Nippon Express,12507.79
Passenger car,870324,87032490,870324000,9,"Vehicles; with only spark-ignition internal combustion reciprocating piston engine, cylinder capacity over 3000cc",MARKS3091,Japan,South Africa,South Africa,5,2025,1,2025-01,2025-01-05,20250126,20250126,import,1,36000059.15,29927.6,kg,KG,IDOM INC.,,[in full dataset],CHIYODA-KU,,idom-inc.com/,[in full dataset],Y,MOUNT CURRIE TRACTORS CC,[in full dataset],KOKSTAD,,www.stihl.co.za,[in full dataset],Y,IDOM INC.,[in full dataset],,10068.4,10068.4,Kobe,Cape Town,KOKSTAD,1,1,12.59,OOCL HONG KONG,IMO9191544,MH,V871,78,EGLV,MBL,YMLU340331926,YMLU301822189,CAIU5295746,45HC,REEFER,HC,FCL,CFS/CFS,Sinotrans,27926.33
Passenger car,870331,87033180,87033191,6,"Vehicles; with only compression-ignition internal combustion piston engine (diesel or semi-diesel), cylinder capacity not over 1500cc",MARKS5604,India,South Africa,South Africa,6,2025,10,2025-10,2025-10-27,20251012,20251012,import,1,234536848.74,12535.14,kg,KG,GABRIEL INDIA LIMITED,,[in full dataset],Pune,,www.anandgroupindia.com,[in full dataset],Y,SCOTTS TRAILERS CC,[in full dataset],ESTCOURT,,,,Y,GABRIEL INDIA LIMITED,[in full dataset],,24601.9,24601.9,Chennai,Ngqura,ESTCOURT,1,1,30.75,EVER GIVEN,IMO5445546,SG,V705,781,ZIMU,MBL,MAEU335476294,YMLU291316873,BMOU7618148,20GP,TANK,HC,LCL,CY/CFS,DHL Global Forwarding,11932.67
Passenger car,870333,87033325,870333000,6,"Vehicles; with only compression-ignition internal combustion piston engine (diesel or semi-diesel), cylinder capacity over 2500cc",MARKS9108,Japan,South Africa,South Africa,5,2024,8,2024-08,2024-08-19,20240811,20240811,export,1,77483681.08,24604.1,kg,KG,"NEXTAGE CO., LTD.",,[in full dataset],NAGOYA,,www.nextage.jp/,[in full dataset],Y,MPM TRAILERS (PTY) LTD,[in full dataset],MOGALE CITY,,,,Y,"NEXTAGE CO., LTD.",[in full dataset],,6764.6,6764.6,Kobe,Ngqura,MOGALE CITY,1,1,8.46,MADRID MAERSK,IMO5494629,MH,V222,210,COSU,HBL,HLCU692616305,MSCU458194205,GESU7838263,40HC,REEFER,GP,FCL,CFS/CFS,CEVA Logistics,22884.57
Passenger car,870333,87033390,8703332990,5,"Vehicles; with only compression-ignition internal combustion piston engine (diesel or semi-diesel), cylinder capacity over 2500cc",MARKS9399,China,South Africa,South Africa,5,2025,6,2025-06,2025-06-04,20250618,20250618,import,1,167729224.14,189809.91,kg,KG,"HuaYu Automotive Systems Co.,Ltd",,[in full dataset],Shanghai,,www.hasco-group.com,[in full dataset],Y,2010 TRAILERS CC,[in full dataset],LENASIA,,,,N,"HuaYu Automotive Systems Co.,Ltd",[in full dataset],,14518,14518,Ningbo-Zhoushan,Cape Town,LENASIA,1,1,18.15,OOCL HONG KONG,IMO5633166,SG,V612,151,ONEY,HBL,MAEU621201520,YMLU737545131,MSCU2245784,40GP,DRY,RF,FCL,CFS/CFS,Nippon Express,174611.63
Passenger car,870333,87033325,87033319,9,"Vehicles; with only compression-ignition internal combustion piston engine (diesel or semi-diesel), cylinder capacity over 2500cc",MARKS4631,Germany,South Africa,South Africa,8,2024,4,2024-04,2024-04-23,20240408,20240408,export,1,233343120.36,101692.18,kg,KG,TRATON SE,,[in full dataset],München,,www.traton.com,[in full dataset],N,HENRED FRUEHAUF (PTY) LTD,[in full dataset],BLOEMFONTEIN,,www.yep.co.za,[in full dataset],Y,TRATON SE,[in full dataset],,14315.8,14315.8,Hamburg,Ngqura,BLOEMFONTEIN,1,1,17.89,EVER ACME,IMO3417713,MH,V960,672,APLU,HBL,YMLU705697183,YMLU946584385,FCIU3694885,40HC,TANK,RF,FCL,CFS/CFS,Bollore Logistics,92457.87
Goods vehicle (truck),870441,87044175,8704410000,7,"Vehicles; with both compression-ignition internal combustion piston engine (diesel/semi-diesel) and electric motor as motor for propulsion, unassembled as in section 14, (gvw not exceeding 5000kg), for the transport of goods, vans",MARKS8303,China,South Africa,South Africa,9,2025,12,2025-12,2025-12-16,20251203,20251203,import,1,201748515.54,158773.44,kg,KG,"HuaYu Automotive Systems Co.,Ltd",,[in full dataset],Shanghai,,www.hasco-group.com,[in full dataset],Y,ZF SERVICES SOUTH AFRICA (PTY) LTD,[in full dataset],EDENVALE,,www.zfsa.co.za,[in full dataset],Y,"HuaYu Automotive Systems Co.,Ltd",[in full dataset],,5719.2,5719.2,Dalian,Port Elizabeth,EDENVALE,1,1,7.15,MADRID MAERSK,IMO2865193,MH,V629,271,ONEY,SWB,CMDU323750930,CMDU717407199,MSCU6904194,20GP,REEFER,RF,LCL,CFS/CFS,Expeditors,140702.08
Goods vehicle (truck),870432,87043210,870432000,6,"Vehicles; with only spark-ignition internal combustion piston engine, for transport of goods, (of a g.v.w. exceeding 5 tonnes), n.e.c. in item no 8704.1",MARKS1102,Japan,South Africa,South Africa,5,2025,12,2025-12,2025-12-25,20251209,20251209,export,1,117920836.37,87044.97,kg,KG,SUBARU CORPORATION,,[in full dataset],SHIBUYA-KU,,www.subaru.co.jp/,[in full dataset],Y,POWER TRAILERS CC,[in full dataset],KUILS RIVER,,,,Y,SUBARU CORPORATION,[in full dataset],,17186.7,17186.7,Nagoya,Ngqura,KUILS RIVER,1,1,21.48,YM WARRANTY,IMO1274950,MH,V226,169,HLCU,MBL,HLCU468168464,ONEY396869528,BMOU2998319,45HC,REEFER,RF,FCL,CFS/CFS,DB Schenker,77038.25
Motorcycle,871120,87112090,8711202000,5,"Motorcycles (including mopeds) and cycles; fitted with an auxiliary motor, internal combustion piston engine, of cylinder capacity exceeding 50cc but not exceeding 250cc, with or without side-cars; side-cars",MARKS9505,China,South Africa,South Africa,6,2024,8,2024-08,2024-08-07,20240817,20240817,export,1,149147057,232277.4,kg,KG,"BAIC Foton Motor Co.,Ltd.",,[in full dataset],Beijing,,www.foton.com.cn,[in full dataset],Y,LEADER TRAILER BODIES (PTY) LTD,[in full dataset],BRAKPAN,,,,Y,"BAIC Foton Motor Co.,Ltd.",[in full dataset],,1764.4,1764.4,Shenzhen,Port Elizabeth,BRAKPAN,1,1,2.21,EVER GIVEN,IMO9394765,SG,V822,776,YMLU,SWB,CMDU757526336,ONEY712604433,TCLU8746985,40HC,TANK,RF,FCL,CFS/CFS,DHL Global Forwarding,219407.8
Motorcycle,871160,,871160000,7,"Motorcycles (including mopeds) and cycles; fitted with auxiliary motor, with electric motor for propulsion, with or without side-cars; side-cars",MARKS6302,Japan,South Africa,South Africa,8,2025,10,2025-10,2025-10-16,20251001,20251001,export,1,115169565.59,52249.61,kg,KG,GLP J-REIT,,[in full dataset],CHUO-KU,,www.glpjreit.com/,[in full dataset],Y,AMAZING TRAILERS CC,[in full dataset],AMANZIMTOTI,,,,N,GLP J-REIT,[in full dataset],,8885,8885,Yokohama,Port Elizabeth,AMANZIMTOTI,1,1,11.11,MSC GULSUN,IMO9236055,LR,V114,468,APLU,SWB,EGLV564966681,COSU673701210,TCLU1444034,40GP,TANK,RF,FCL,CY/CFS,CEVA Logistics,49147.36
Passenger car,870370,87037025,8703701000,9,"Vehicles; with both compression-ignition internal combustion piston engine (diesel or semi-diesel) and electric motor for propulsion, capable of being charged by plugging to external source of electric power",MARKS8307,South Korea,South Africa,South Africa,5,2024,12,2024-12,2024-12-09,20241218,20241218,import,1,12296824.7,14173.9,kg,KG,"K Car Co., Ltd.",,[in full dataset],Seoul,,www.kcar.com,[in full dataset],Y,PECAZO EXECUTIVE TRAILERS (PTY) LTD,[in full dataset],BUSHBUCKRIDGE,,,,Y,"K Car Co., Ltd.",[in full dataset],,20494,20494,Gwangyang,Cape Town,BUSHBUCKRIDGE,1,1,25.62,APL MEXICO CITY,IMO4934611,MH,V162,928,EGLV,HBL,HLCU567970070,CMDU948807919,MSCU6821669,40GP,OPEN TOP,HC,LCL,CY/CFS,Sinotrans,12776.04
Passenger car,870350,87035027,8703507110,9,"Vehicles; with both compression-ignition internal combustion piston engine (diesel or semi-diesel) and electric motor for propulsion, incapable of being charged by plugging to external source of electric power",MARKS7430,China,South Africa,South Africa,6,2024,8,2024-08,2024-08-21,20240821,20240821,import,1,133942362.69,2772.41,kg,KG,"Suizhou Hongxin Special Automotive Imp.& Exp. Co.,ltd.",,[in full dataset],Suizhou,,,,Y,MAVERICK TRADING 1604 CC,[in full dataset],CAPE TOWN,,www.tri-cycle.co.za,[in full dataset],N,"Suizhou Hongxin Special Automotive Imp.& Exp. Co.,ltd.",[in full dataset],,10731,10731,Guangzhou,Ngqura,CAPE TOWN,1,1,13.41,YM WARRANTY,IMO1147031,PA,V690,913,ONEY,HBL,ONEY573990514,COSU136779352,BMOU2214823,40GP,FLAT RACK,GP,FCL,CY/CFS,DHL Global Forwarding,2592.1
Bus / coach,870290,87029081,87029011,7,"Vehicles; public transport type (carries 10 or more persons, including driver), n.e.c. in heading 8702, new or used",MARKS9762,India,South Africa,South Africa,9,2025,4,2025-04,2025-04-26,20250415,20250415,import,1,160436481.5,1080.12,kg,KG,TATA MOTORS PASSENGER VEHICLES LIMITED,,[in full dataset],Mumbai,,www.tatamotors.com,[in full dataset],Y,ELDORADO TRAILERS (PTY) LTD,[in full dataset],GAUTENG,,,,Y,TATA MOTORS PASSENGER VEHICLES LIMITED,[in full dataset],,22143.8,22143.8,Kandla,Ngqura,GAUTENG,1,1,27.68,BARZAN,IMO1210774,LR,V361,292,MAEU,HBL,ONEY182401032,ONEY771671608,TCLU8473624,40HC,DRY,RF,LCL,CY/CFS,Yusen Logistics,971.65
Goods vehicle (truck),870442,87044290,87044291,9,"Vehicles; with both compression-ignition internal combustion piston engine (diesel/semi-diesel) and electric motors for propulsion, of a g.v.w. exceeding 5,000kg but not exceeding 20,000kg",MARKS7481,Germany,South Africa,South Africa,5,2024,5,2024-05,2024-05-09,20240502,20240502,export,1,210645396.46,26739.41,kg,KG,Webasto SE,,[in full dataset],Stockdorf,,www.webasto.com,[in full dataset],Y,MINE SAFETY VEHICLES (PTY) LTD,[in full dataset],ALBERTON,,www.minesafetyvehicles.co.za,[in full dataset],Y,Webasto SE,[in full dataset],,16681.1,16681.1,Hamburg,Ngqura,ALBERTON,1,1,20.85,MAERSK MOLLER,IMO1379736,PA,V661,441,CMDU,HBL,HLCU414575911,HLCU105562150,BMOU4638572,45HC,OPEN TOP,GP,FCL,CFS/CFS,Sinotrans,24582.11
Goods vehicle (truck),870441,87044170,87044139,5,"Vehicles; with both compression-ignition internal combustion piston engine (diesel/semi-diesel) and electric motor as motor for propulsion, unassembled as in section 14, (gvw not exceeding 5000kg), for the transport of goods, vans",MARKS3098,Spain,South Africa,South Africa,6,2025,5,2025-05,2025-05-22,20250519,20250519,export,1,43470993.09,44621.96,kg,KG,KIA IBERIA SLU,,[in full dataset],ALCOBENDAS,,www.kia.com,[in full dataset],N,PRO - CREATIONS COMPETITION AND LEISURE VEHICLES (PTY) LTD,[in full dataset],KWA-ZULU NATAL,,,,Y,KIA IBERIA SLU,[in full dataset],,16723.8,16723.8,Valencia,Ngqura,KWA-ZULU NATAL,1,1,20.9,EVER GIVEN,IMO8959852,MH,V618,582,ZIMU,HBL,COSU549201880,COSU186649681,GESU1020940,20GP,REEFER,GP,FCL,CFS/CFS,Yusen Logistics,42141.89
Goods vehicle (truck),870460,87046010,8704600000,5,Vehicles; with only electric motor for propulsion,MARKS6058,China,South Africa,South Africa,5,2025,5,2025-05,2025-05-25,20250508,20250508,import,1,163060951.68,3672.06,kg,KG,"ZF (China) Investment Co., Ltd.",,[in full dataset],Shanghai,,,,Y,CUISINE TRAILERS (PTY) LTD,[in full dataset],GAUTENG,,,,Y,"ZF (China) Investment Co., Ltd.",[in full dataset],,12397.2,12397.2,Xiamen,Cape Town,GAUTENG,1,1,15.5,MSC GULSUN,IMO2638279,PA,V230,482,MSCU,HBL,CMDU336548627,COSU126582691,CAIU4831984,45HC,REEFER,RF,FCL,CFS/CFS,Nippon Express,3483.08
Bus / coach,870220,87022087,870220000,7,"Vehicles; public transport type (carries 10 or more persons, including driver), with both compression-ignition internal combustion piston engine (diesel or semi-diesel) and electric motor for propulsion, new or used",MARKS2064,Japan,South Africa,South Africa,9,2024,5,2024-05,2024-05-20,20240517,20240517,export,1,83476238.05,27465.71,kg,KG,IDOM INC.,,[in full dataset],CHIYODA-KU,,idom-inc.com/,[in full dataset],Y,SIPHO ZM GARAGE AND GENERAL VENTURES (PTY) LTD,[in full dataset],MAHLABATINI,,,,N,IDOM INC.,[in full dataset],,3491.9,3491.9,Yokohama,Cape Town,MAHLABATINI,1,1,4.36,CMA CGM JULES VERNE,IMO1233552,MH,V917,451,ONEY,HBL,CMDU563364925,COSU860451094,TGHU9963327,20GP,TANK,GP,LCL,CFS/CFS,Yusen Logistics,23895.21
Passenger car,870360,87036027,87036090,9,"Vehicles; with both spark-ignition internal combustion piston engine and electric motor for propulsion, capable of being charged by plugging to external source of electric power",MARKS9438,Poland,South Africa,South Africa,7,2025,12,2025-12,2025-12-19,20251220,20251220,import,1,12419817.04,37826.52,kg,KG,PILKINGTON AUTOMOTIVE POLAND SP Z O O,,[in full dataset],Sandomierz,,www.pilkington.com,[in full dataset],Y,THE GLEN FILLING STATION (PTY) LTD,[in full dataset],POLOKWANE,,www.vw.com,[in full dataset],Y,PILKINGTON AUTOMOTIVE POLAND SP Z O O,[in full dataset],,11012.3,11012.3,Gdynia,Cape Town,POLOKWANE,1,1,13.77,OOCL HONG KONG,IMO1732089,SG,V312,818,YMLU,MBL,HLCU833277058,MAEU846464416,CAIU4791486,40HC,DRY,HC,FCL,CY/CFS,Kuehne + Nagel,34387.25
Passenger car,870323,87032390,87032320,7,"Vehicles; with only spark-ignition internal combustion reciprocating piston engine, cylinder capacity over 1500 but not over 3000cc",MARKS2751,India,South Africa,South Africa,7,2025,5,2025-05,2025-05-26,20250506,20250506,import,1,151263211,8498.31,kg,KG,MARUTI SUZUKI INDIA LIMITED,,[in full dataset],New Delhi,,www.marutisuzuki.com,[in full dataset],Y,LEADER TRAILER BODIES (PTY) LTD,[in full dataset],BRAKPAN,,,,Y,MARUTI SUZUKI INDIA LIMITED,[in full dataset],,1661.7,1661.7,Kandla,Durban,BRAKPAN,1,1,2.08,CMA CGM JULES VERNE,IMO1221281,SG,V139,225,OOLU,HBL,COSU647024428,MSCU998434900,GESU5625595,40HC,FLAT RACK,RF,FCL,CY/CY,DB Schenker,7961.33
Bus / coach,870210,87021010,87021099,9,"Vehicles; public transport type (carries 10 or more persons, including driver), with only compression-ignition internal combustion piston engine (diesel or semi-diesel), new or used",MARKS3473,Germany,South Africa,South Africa,9,2025,8,2025-08,2025-08-07,20250826,20250826,export,1,200338691.61,4282.37,kg,KG,One Mobility Autokabel GmbH,,[in full dataset],Reutlingen,,www.autokabel.com,[in full dataset],Y,J AND C TRAILERS CC,[in full dataset],Johannesburg,,,,N,One Mobility Autokabel GmbH,[in full dataset],,5811.1,5811.1,Hamburg,Cape Town,Johannesburg,1,1,7.26,ONE APUS,IMO4189701,MH,V507,733,COSU,HBL,YMLU186365815,CMDU491942871,TCLU7978524,40GP,REEFER,HC,FCL,CY/CFS,Kuehne + Nagel,3843.74
Motorcycle,871140,,87114000,9,"Motorcycles (including mopeds) and cycles; fitted with auxiliary motor, internal combustion piston engine of cylinder capacity exceeding 500cc but not exceeding 800cc, with or without sidecars; side-cars",MARKS1882,Spain,South Africa,South Africa,8,2024,7,2024-07,2024-07-20,20240709,20240709,export,1,48694068.07,36633.55,kg,KG,MUTUACTIVOS SA SOCIEDAD GESTORA DE INSTITUCIONES DE INVERSION COLECTIVA,,[in full dataset],MADRID,,www.mutuactivos.com,[in full dataset],Y,WEST RAND CYCLES CC,[in full dataset],ROODEPOORT,,www.westrandcycles.co.za,[in full dataset],Y,MUTUACTIVOS SA SOCIEDAD GESTORA DE INSTITUCIONES DE INVERSION COLECTIVA,[in full dataset],,15028.8,15028.8,Valencia,Ngqura,ROODEPOORT,1,1,18.79,CMA CGM JULES VERNE,IMO6565161,LR,V753,834,MAEU,SWB,HLCU416438824,COSU401479127,TCLU1790950,20GP,DRY,GP,FCL,CFS/CFS,Expeditors,32997.93
Motorcycle,871140,,87114000,8,"Motorcycles (including mopeds) and cycles; fitted with auxiliary motor, internal combustion piston engine of cylinder capacity exceeding 500cc but not exceeding 800cc, with or without sidecars; side-cars",MARKS8415,Germany,South Africa,South Africa,9,2024,5,2024-05,2024-05-13,20240515,20240515,export,1,210645396.46,43567.83,kg,KG,AUMOVIO SE,,[in full dataset],Frankfurt am Main,,www.aumovio.com,[in full dataset],N,BRIDGE CYCLES CC,[in full dataset],CAPE TOWN,,www.bridgecycles.co.za,[in full dataset],Y,AUMOVIO SE,[in full dataset],,1156.5,1156.5,Bremerhaven,Durban,CAPE TOWN,1,1,1.45,ONE APUS,IMO1833346,PA,V451,282,YMLU,SWB,ONEY103817778,HLCU217961807,CAIU9523253,20GP,TANK,RF,LCL,CY/CY,Nippon Express,40800.17
Goods vehicle (truck),870490,87049090,8704900100,7,"Vehicles; for transport of goods, n.e.c. in heading no. 8704",MARKS9327,United States,South Africa,South Africa,5,2025,12,2025-12,2025-12-19,20251203,20251203,export,1,94332250,6043.49,kg,KG,Tenneco LLC,,[in full dataset],Northville,,www.tenneco.com,[in full dataset],Y,KMSA DISTRIBUTORS (PTY) LTD,[in full dataset],BRAMLEY,,www.kawasakisa.co.za,[in full dataset],Y,Tenneco LLC,[in full dataset],,17443.9,17443.9,"Los Angeles, CA",Durban,BRAMLEY,1,1,21.8,OOCL HONG KONG,IMO4641589,LR,V148,956,MSCU,MBL,EGLV467191356,MAEU811425466,CAIU4712418,40GP,FLAT RACK,HC,LCL,CY/CY,Bollore Logistics,5297.95
Bus / coach,870290,87029087,8702902001,7,"Vehicles; public transport type (carries 10 or more persons, including driver), n.e.c. in heading 8702, new or used",MARKS1224,China,South Africa,South Africa,9,2024,2,2024-02,2024-02-19,20240228,20240228,export,1,129751311,8273.98,kg,KG,Beijing Benz Automobile Co,,[in full dataset],Beijing,,www.bbac.com.cn,[in full dataset],Y,KMSA DISTRIBUTORS (PTY) LTD,[in full dataset],BRAMLEY,,www.kawasakisa.co.za,[in full dataset],N,Beijing Benz Automobile Co,[in full dataset],,9554.3,9554.3,Shenzhen,Durban,BRAMLEY,1,1,11.94,APL MEXICO CITY,IMO3913240,SG,V645,49,YMLU,SWB,COSU484438686,EGLV830780604,GESU3087826,40GP,FLAT RACK,HC,LCL,CY/CFS,DHL Global Forwarding,7754.01
Motorcycle,871190,87119020,8711900019,5,"Motorcycles (including mopeds) and cycles; n.e.c. in heading no. 8711, fitted with auxiliary motor, with or without side-cars; side-cars",MARKS6027,China,South Africa,South Africa,7,2024,8,2024-08,2024-08-22,20240822,20240822,export,1,149147057,4876.75,kg,KG,"Sinotruk Jinan Truck Co., Ltd.",,[in full dataset],Jinan,,www.sinotruk.com,[in full dataset],Y,PS3 TRAILERS (PTY) LTD,[in full dataset],STELLENBOSCH,,,,Y,"Sinotruk Jinan Truck Co., Ltd.",[in full dataset],,14922.9,14922.9,Tianjin,Cape Town,STELLENBOSCH,1,1,18.65,EVER GIVEN,IMO6213893,SG,V679,399,ONEY,HBL,MAEU349450593,CMDU828123527,BMOU9683136,20GP,OPEN TOP,HC,FCL,CFS/CFS,DB Schenker,4478.3
Motorcycle,871150,,8711500000,8,"Motorcycles (including mopeds) and cycles; fitted with auxiliary motor, with internal combustion piston engine of a cylinder capacity exceeding 800cc, with or without side-cars; side-cars",MARKS4766,China,South Africa,South Africa,5,2024,11,2024-11,2024-11-17,20241123,20241123,export,1,197148390,7587.29,kg,KG,"Xiamen King Long United Automotive Industry Co., Ltd.",,[in full dataset],Xiamen,,www.king-long.com.cn,[in full dataset],Y,MOT BODIES CC,[in full dataset],PRETORIA,,,,N,"Xiamen King Long United Automotive Industry Co., Ltd.",[in full dataset],,18821.9,18821.9,Dalian,Cape Town,PRETORIA,1,1,23.53,MSC OSCAR,IMO7189907,LR,V451,140,ZIMU,MBL,MAEU112968736,YMLU504747144,CAIU9490191,40HC,FLAT RACK,RF,FCL,CY/CFS,Kuehne + Nagel,7012.03
Goods vehicle (truck),870441,87044140,87044110,6,"Vehicles; with both compression-ignition internal combustion piston engine (diesel/semi-diesel) and electric motor as motor for propulsion, unassembled as in section 14, (gvw not exceeding 5000kg), for the transport of goods, vans",MARKS6759,Germany,South Africa,South Africa,6,2024,3,2024-03,2024-03-26,20240313,20240313,export,1,230426399.43,36885.94,kg,KG,JOST Werke SE,,[in full dataset],Neu-Isenburg,,www.jost-world.com,[in full dataset],Y,BB MODIMOLLE VEHICLES (PTY) LTD,[in full dataset],WARMBATHS,,,,Y,JOST Werke SE,[in full dataset],,5566.2,5566.2,Wilhelmshaven,Ngqura,WARMBATHS,1,1,6.96,YM WARRANTY,IMO7576713,PA,V587,527,HLCU,HBL,YMLU507124477,ONEY795703542,CAIU3936941,20GP,FLAT RACK,HC,FCL,CY/CFS,DSV,33975.4
Passenger car,870310,,8703101100,9,"Vehicles; specially designed for travelling on snow, golf cars and similar vehicles",MARKS9925,China,South Africa,South Africa,5,2024,6,2024-06,2024-06-03,20240613,20240613,export,1,145295160,13347.6,kg,KG,"SAIC HONGYAN Automotive Co., Ltd",,[in full dataset],Chongqing,,www.hongyantruck.com,[in full dataset],Y,RANCHWORX IMPLEMENT AND TRACTORS (PTY) LTD,[in full dataset],PRETORIA,,,,Y,"SAIC HONGYAN Automotive Co., Ltd",[in full dataset],,12249.9,12249.9,Shanghai,Durban,PRETORIA,1,1,15.31,OOCL HONG KONG,IMO4920367,PA,V656,317,CMDU,MBL,MAEU533240063,YMLU187329987,TCLU8249185,45HC,TANK,RF,FCL,CY/CFS,DB Schenker,12608.98
Goods vehicle (truck),870421,87042175,87042110,5,"Vehicles; with only compression-ignition internal combustion piston engine (diesel or semi-diesel), for transport of goods, (of a gvw not exceeding 5 tonnes), n.e.c. in item no 8704.1",MARKS6048,Germany,South Africa,South Africa,6,2025,11,2025-11,2025-11-16,20251116,20251116,export,1,149769190.71,240683.12,kg,KG,TRATON SE,,[in full dataset],München,,www.traton.com,[in full dataset],Y,ICECOLD BODIES MARKETING CC,[in full dataset],BOKSBURG,,www.icecoldgrp.co.za,[in full dataset],Y,TRATON SE,[in full dataset],,3997.9,3997.9,Hamburg,Port Elizabeth,BOKSBURG,1,1,5,EVER ACME,IMO7544876,SG,V827,870,APLU,MBL,ONEY914374512,ONEY455084576,GESU6786895,20GP,TANK,GP,FCL,CY/CY,DHL Global Forwarding,211554.01
Bus / coach,870210,87021085,8702106100,7,"Vehicles; public transport type (carries 10 or more persons, including driver), with only compression-ignition internal combustion piston engine (diesel or semi-diesel), new or used",MARKS9929,United States,South Africa,South Africa,5,2024,5,2024-05,2024-05-02,20240528,20240528,export,1,96688503,34542.51,kg,KG,The Progressive Corporation,,[in full dataset],Mayfield Village,,www.progressive.com,[in full dataset],Y,ROYAL TRUCK BODIES S A (PTY) LTD,[in full dataset],RANDBURG,,www.royaltruck.co.za,[in full dataset],Y,The Progressive Corporation,[in full dataset],,10789.3,10789.3,"Seattle, WA",Ngqura,RANDBURG,1,1,13.49,MADRID MAERSK,IMO5122767,SG,V614,286,COSU,MBL,YMLU452702525,EGLV305307304,MSCU6171331,45HC,TANK,RF,LCL,CY/CFS,Nippon Express,32643.78
Motorcycle,871150,,8711509000,7,"Motorcycles (including mopeds) and cycles; fitted with auxiliary motor, with internal combustion piston engine of a cylinder capacity exceeding 800cc, with or without side-cars; side-cars",MARKS1319,South Korea,South Africa,South Africa,8,2025,4,2025-04,2025-04-18,20250421,20250421,export,1,20477240,4938.47,kg,KG,DEUTSCH MOTORS INC.,,[in full dataset],Seoul,,www.deutschmotors.com,[in full dataset],Y,TSIANE TRAILERS (PTY) LTD,[in full dataset],KEMPTON PARK,,,,Y,DEUTSCH MOTORS INC.,[in full dataset],,10184,10184,Gwangyang,Port Elizabeth,KEMPTON PARK,1,1,12.73,ONE APUS,IMO5068218,SG,V284,904,MSCU,HBL,COSU426737529,ONEY443793390,TGHU8259701,40HC,FLAT RACK,HC,LCL,CY/CFS,DB Schenker,4679.72
Goods vehicle (truck),870432,87043210,870432000,6,"Vehicles; with only spark-ignition internal combustion piston engine, for transport of goods, (of a g.v.w. exceeding 5 tonnes), n.e.c. in item no 8704.1",MARKS2397,Japan,South Africa,South Africa,6,2024,5,2024-05,2024-05-03,20240517,20240517,import,1,42332307.17,84253.94,kg,KG,"NINTENDO CO., LTD.",,[in full dataset],KYOTO,,www.nintendo.com/jp/,[in full dataset],Y,SOLOMONS CYCLES CC,[in full dataset],JEPPESTOWN,,www.solomonscycles.co.za,[in full dataset],Y,"NINTENDO CO., LTD.",[in full dataset],,6779.7,6779.7,Nagoya,Port Elizabeth,JEPPESTOWN,1,1,8.47,CSCL GLOBE,IMO7188525,SG,V569,261,COSU,SWB,ONEY873064665,ONEY743101096,GESU2261743,40HC,TANK,HC,LCL,CY/CY,Bollore Logistics,76283.65
Goods vehicle (truck),870421,87042140,87042191,5,"Vehicles; with only compression-ignition internal combustion piston engine (diesel or semi-diesel), for transport of goods, (of a gvw not exceeding 5 tonnes), n.e.c. in item no 8704.1",MARKS5528,Germany,South Africa,South Africa,5,2025,2,2025-02,2025-02-12,20250218,20250218,import,1,70240654.15,26797.36,kg,KG,TRATON SE,,[in full dataset],München,,www.traton.com,[in full dataset],Y,BBS TRACTORS CC,[in full dataset],LICHTENBURG,,,,Y,TRATON SE,[in full dataset],,12223.6,12223.6,Bremerhaven,Durban,LICHTENBURG,1,1,15.28,MSC OSCAR,IMO2027940,LR,V845,933,ONEY,SWB,MAEU491804332,COSU162321592,BMOU6358775,40GP,REEFER,GP,FCL,CFS/CFS,Sinotrans,23594.69
Passenger car,870324,87032490,87032490,6,"Vehicles; with only spark-ignition internal combustion reciprocating piston engine, cylinder capacity over 3000cc",MARKS5862,Germany,South Africa,South Africa,6,2024,8,2024-08,2024-08-24,20240812,20240812,export,1,172860982.87,16174.31,kg,KG,AUMOVIO SE,,[in full dataset],Frankfurt am Main,,www.aumovio.com,[in full dataset],Y,ULTIMATE MINING VEHICLES (PTY) LTD,[in full dataset],PRETORIA,,,,Y,AUMOVIO SE,[in full dataset],,1191,1191,Hamburg,Ngqura,PRETORIA,1,1,1.49,HYUNDAI LOYALTY,IMO2248240,PA,V194,623,CMDU,SWB,HLCU595316961,EGLV882534068,GESU4356127,20GP,OPEN TOP,GP,FCL,CY/CY,Bollore Logistics,15298.65
Goods vehicle (truck),870460,87046005,87046000,5,Vehicles; with only electric motor for propulsion,MARKS2295,Germany,South Africa,South Africa,5,2024,9,2024-09,2024-09-14,20240903,20240903,import,1,87426572.08,41071.47,kg,KG,TRATON SE,,[in full dataset],München,,www.traton.com,[in full dataset],N,PRINCES BENONI VW (PTY) LTD,[in full dataset],BENONI,,www.princesbenoni.co.za,[in full dataset],Y,TRATON SE,[in full dataset],,21438.3,21438.3,Bremerhaven,Port Elizabeth,BENONI,1,1,26.8,MSC OSCAR,IMO6917628,MH,V329,471,ONEY,SWB,CMDU301673431,COSU324868158,CAIU1735701,40HC,TANK,HC,FCL,CY/CFS,Bollore Logistics,38468.01
Passenger car,870370,87037027,,6,"Vehicles; with both compression-ignition internal combustion piston engine (diesel or semi-diesel) and electric motor for propulsion, capable of being charged by plugging to external source of electric power",MARKS3718,India,South Africa,South Africa,5,2024,9,2024-09,2024-09-11,20240924,20240924,import,1,165843363.37,79276.77,kg,KG,MARUTI SUZUKI INDIA LIMITED,,[in full dataset],New Delhi,,www.marutisuzuki.com,[in full dataset],Y,FISHEAGLE CAMPERS AND TRAILERS CC,,,,,,Y,MARUTI SUZUKI INDIA LIMITED,,,10601.1,10601.1,Kandla,Port Elizabeth,,1,1,13.25,CMA CGM JULES VERNE,IMO7891605,PA,V793,313,HLCU,SWB,ONEY858676724,HLCU547927842,MSCU2399914,20GP,OPEN TOP,RF,LCL,CY/CY,Sinotrans,74846.19
Bus / coach,870210,87021087,87021019,5,"Vehicles; public transport type (carries 10 or more persons, including driver), with only compression-ignition internal combustion piston engine (diesel or semi-diesel), new or used",MARKS9412,India,South Africa,South Africa,7,2024,4,2024-04,2024-04-25,20240426,20240426,import,1,97984383.12,79815.81,kg,KG,SAMVARDHANA MOTHERSON INTERNATIONAL LIMITED,,[in full dataset],Gautam Budh Nagar,,www.motherson.com,[in full dataset],Y,THUTHUKA TRUCK TRAILERS CC,[in full dataset],WITBANK,,,,Y,SAMVARDHANA MOTHERSON INTERNATIONAL LIMITED,[in full dataset],,23446.5,23446.5,"Mundra, Gujarat",Port Elizabeth,WITBANK,1,1,29.31,HMM ALGECIRAS,IMO4612589,LR,V528,672,COSU,HBL,COSU305723840,MAEU283868321,FCIU1685442,45HC,TANK,GP,FCL,CFS/CFS,Bollore Logistics,73761.78
Passenger car,870380,87038090,87038090,7,Vehicles; with only electric motor for propulsion,MARKS5057,Hungary,South Africa,South Africa,8,2025,4,2025-04,2025-04-23,20250420,20250420,export,1,6324705.38,147422.2,kg,KG,Jet Travel Kft.,,[in full dataset],Budapest,,www.jettravel.hu,[in full dataset],Y,TOP MOBILE KITCHEN TRAILERS (PTY) LTD,[in full dataset],PRETORIA,,www.topmobilekitchentrailers.co.za,[in full dataset],Y,Jet Travel Kft.,[in full dataset],,17342.3,17342.3,Koper (via SI),Cape Town,PRETORIA,1,1,21.68,MADRID MAERSK,IMO4771571,MH,V698,170,HLCU,MBL,MSCU957139693,MSCU279767941,GESU2601740,40HC,DRY,RF,LCL,CY/CY,Sinotrans,129515.29
Bus / coach,870220,87022085,87022062,9,"Vehicles; public transport type (carries 10 or more persons, including driver), with both compression-ignition internal combustion piston engine (diesel or semi-diesel) and electric motor for propulsion, new or used",MARKS6003,Thailand,South Africa,South Africa,6,2024,6,2024-06,2024-06-12,20240609,20240609,import,1,31004336.95,1471.15,kg,KG,KOW YOO HAH LIMITED PARTNERSHIP,,[in full dataset],PHON,,,,Y,BERRY BRIGHT BODIES AND TRAILER BUILDERS CC,[in full dataset],JOHANNESBURG,,,,N,KOW YOO HAH LIMITED PARTNERSHIP,[in full dataset],,6732.2,6732.2,Bangkok,Cape Town,JOHANNESBURG,1,1,8.42,MSC GULSUN,IMO3276820,PA,V479,238,HMMU,SWB,MAEU929384903,YMLU880054978,TCLU8699030,40GP,FLAT RACK,HC,LCL,CY/CY,Nippon Express,1355.39
Passenger car,870323,87032327,870323000,9,"Vehicles; with only spark-ignition internal combustion reciprocating piston engine, cylinder capacity over 1500 but not over 3000cc",MARKS8021,Japan,South Africa,South Africa,8,2025,9,2025-09,2025-09-05,20250917,20250917,export,1,122402250.32,79646.85,kg,KG,"NEXTAGE CO., LTD.",,[in full dataset],NAGOYA,,www.nextage.jp/,[in full dataset],Y,TEE TRAILERS (PTY) LTD,[in full dataset],Johannesburg,,,,Y,"NEXTAGE CO., LTD.",[in full dataset],,20953.5,20953.5,Osaka,Ngqura,Johannesburg,1,1,26.19,EVER ACME,IMO3276834,MH,V200,641,ONEY,MBL,MAEU609535249,COSU466720675,BMOU4292630,40HC,REEFER,HC,LCL,CY/CFS,Nippon Express,69964.11
Motorcycle,871130,,87113090,9,"Motorcycles (including mopeds) and cycles; fitted with an auxiliary motor, internal combustion piston engine, of cylinder capacity exceeding 250cc but not exceeding 500cc, with or without side-cars; side-cars",MARKS6730,Germany,South Africa,South Africa,9,2025,3,2025-03,2025-03-17,20250318,20250318,export,1,163648783.9,35119.13,kg,KG,TRATON SE,,[in full dataset],München,,www.traton.com,[in full dataset],Y,PRINCES BENONI VW (PTY) LTD,[in full dataset],BENONI,,www.princesbenoni.co.za,[in full dataset],Y,TRATON SE,[in full dataset],,20971.6,20971.6,Hamburg,Cape Town,BENONI,1,1,26.21,APL MEXICO CITY,IMO7579514,LR,V676,711,COSU,HBL,EGLV119714241,YMLU964133090,FCIU1013462,40HC,TANK,RF,LCL,CY/CY,Expeditors,30870.58
Motorcycle,871130,,871130000,5,"Motorcycles (including mopeds) and cycles; fitted with an auxiliary motor, internal combustion piston engine, of cylinder capacity exceeding 250cc but not exceeding 500cc, with or without side-cars; side-cars",MARKS2700,Japan,South Africa,South Africa,7,2025,11,2025-11,2025-11-14,20251115,20251115,export,1,107601091.36,59703.52,kg,KG,SUBARU CORPORATION,,[in full dataset],SHIBUYA-KU,,www.subaru.co.jp/,[in full dataset],N,PRINCES BENONI VW (PTY) LTD,[in full dataset],BENONI,,www.princesbenoni.co.za,[in full dataset],Y,SUBARU CORPORATION,[in full dataset],,21479,21479,Osaka,Durban,BENONI,1,1,26.85,YM WARRANTY,IMO2710265,MH,V583,987,ZIMU,SWB,ONEY884230981,COSU131011581,TGHU5479104,40HC,OPEN TOP,RF,FCL,CFS/CFS,Expeditors,54301.95
Motorcycle,871160,,87116010,6,"Motorcycles (including mopeds) and cycles; fitted with auxiliary motor, with electric motor for propulsion, with or without side-cars; side-cars",MARKS4891,Spain,South Africa,South Africa,9,2025,12,2025-12,2025-12-22,20251207,20251207,export,1,27732438.95,103101.28,kg,KG,NEUMATICOS ANDRES SAU,,[in full dataset],SALAMANCA,,www.grupoandres.com,[in full dataset],Y,MAITE TRAILERS BUILDERS (PTY) LTD,[in full dataset],MARBLE HALL,,,,Y,NEUMATICOS ANDRES SAU,[in full dataset],,18339.3,18339.3,Barcelona,Cape Town,MARBLE HALL,1,1,22.92,CSCL GLOBE,IMO1549363,LR,V582,732,EGLV,MBL,HLCU607662711,ONEY705241070,CAIU6476443,45HC,DRY,GP,FCL,CY/CFS,DB Schenker,96219.82
Goods vehicle (truck),870423,87042390,87042391,7,"Vehicles; with only compression-ignition internal combustion piston engine (diesel or semi-diesel), for transport of goods, (of a g.v.w. exceeding 20 tonnes), n.e.c. in item no 8704.1",MARKS8349,Germany,South Africa,South Africa,8,2025,11,2025-11,2025-11-09,20251105,20251105,export,1,149769190.71,38376.49,kg,KG,TRATON SE,,[in full dataset],München,,www.traton.com,[in full dataset],Y,SCOTTS TRAILERS CC,[in full dataset],ESTCOURT,,,,Y,TRATON SE,[in full dataset],,11822.5,11822.5,Wilhelmshaven,Durban,ESTCOURT,1,1,14.78,MAERSK MOLLER,IMO7444895,SG,V599,753,MSCU,HBL,MAEU138410653,COSU539829122,FCIU1933995,20GP,FLAT RACK,HC,LCL,CY/CY,Sinotrans,33393.09
Motorcycle,871140,,871140000,6,"Motorcycles (including mopeds) and cycles; fitted with auxiliary motor, internal combustion piston engine of cylinder capacity exceeding 500cc but not exceeding 800cc, with or without sidecars; side-cars",MARKS6832,Japan,South Africa,South Africa,7,2024,3,2024-03,2024-03-06,20240301,20240301,export,1,119701068.14,76048.68,kg,KG,SUBARU CORPORATION,,[in full dataset],SHIBUYA-KU,,www.subaru.co.jp/,[in full dataset],N,BLACKSELVIN VEHICLE COSMETIC ENHANCEMENT TECHNICIAN (PTY) LTD,[in full dataset],CHATSWORTH,,,,Y,SUBARU CORPORATION,[in full dataset],,4654.6,4654.6,Osaka,Port Elizabeth,CHATSWORTH,1,1,5.82,ONE APUS,IMO5008061,PA,V354,728,OOLU,MBL,MAEU983057372,MAEU263867014,FCIU2986945,20GP,DRY,GP,FCL,CY/CFS,Yusen Logistics,71061.15
Bus / coach,870230,87023090,87023010,8,"Vehicles; public transport type (carries 10 or more persons, including driver), with both compression-ignition internal combustion piston engine (diesel or semi-diesel) and electric motor for propulsion, new or used",MARKS8328,Italy,South Africa,South Africa,9,2025,11,2025-11,2025-11-05,20251104,20251104,export,1,12922078.26,177100.99,kg,KG,ITALSCANIA SPA,,[in full dataset],TRENTO,,www.scania.com,[in full dataset],Y,M A K BODIES (PTY) LTD,[in full dataset],PHOENIX,,,,Y,ITALSCANIA SPA,[in full dataset],,6452.8,6452.8,Genoa,Ngqura,PHOENIX,1,1,8.07,OOCL HONG KONG,IMO8939916,PA,V667,110,ONEY,SWB,COSU488817550,HLCU170393803,GESU4878839,45HC,DRY,GP,FCL,CY/CY,DHL Global Forwarding,154375.54
Passenger car,870333,87033327,87033390,7,"Vehicles; with only compression-ignition internal combustion piston engine (diesel or semi-diesel), cylinder capacity over 2500cc",MARKS6824,Czech Republic,South Africa,South Africa,7,2025,9,2025-09,2025-09-20,20250901,20250901,export,1,15616269,21069.89,kg,KG,VFS Financial Services Czech Republic s.r.o.,,[in full dataset],Čestlice,,www.volvofinancialservices.com,[in full dataset],Y,FOUR CYCLES CONSTRUCTION (PTY) LTD,[in full dataset],RICHARDS BAY,,,,Y,VFS Financial Services Czech Republic s.r.o.,[in full dataset],,930.6,930.6,Main Container Port,Port Elizabeth,RICHARDS BAY,1,1,1.16,EVER GIVEN,IMO5633733,MH,V939,679,YMLU,MBL,COSU140333496,CMDU829017201,TCLU9262461,40HC,FLAT RACK,HC,FCL,CFS/CFS,Expeditors,19310.54
Goods vehicle (truck),870443,87044320,8704430000,9,"Vehicles; with both compression-ignition internal combustion piston engine (diesel/semi-diesel) and electric motors for propulsion, of a g.v.w. exceeding 20,000kg",MARKS6905,China,South Africa,South Africa,8,2025,5,2025-05,2025-05-23,20250525,20250525,import,1,163060951.68,9547.45,kg,KG,"Chery Automobile Co., Ltd.",,[in full dataset],Wuhu,,www.chery.cn,[in full dataset],Y,SIZAME TRAILERS CC,[in full dataset],DURBAN,,,,Y,"Chery Automobile Co., Ltd.",[in full dataset],,14251.7,14251.7,Dalian,Port Elizabeth,DURBAN,1,1,17.81,EVER ACME,IMO1428771,MH,V469,944,HMMU,HBL,EGLV951965989,HLCU638645857,BMOU7993861,40HC,TANK,GP,LCL,CFS/CFS,Expeditors,8660.33
Passenger car,870332,87033225,8703322210,6,"Vehicles; with only compression-ignition internal combustion piston engine (diesel or semi-diesel), cylinder capacity over 1500 but not over 2500cc",MARKS8010,China,South Africa,South Africa,6,2025,6,2025-06,2025-06-12,20250602,20250602,import,1,167729224.14,16402.89,kg,KG,"Hunan Baotu Car Sales Service Co., Ltd.",,[in full dataset],Xiangtan,,,,N,VOESTALPINE AUTOMOTIVE COMPONENTS EAST LONDON (PTY) LTD,[in full dataset],EAST LONDON,,www.voestalpine.com,[in full dataset],Y,"Hunan Baotu Car Sales Service Co., Ltd.",[in full dataset],,21756.8,21756.8,Shanghai,Port Elizabeth,EAST LONDON,1,1,27.2,MSC GULSUN,IMO7688399,SG,V767,547,ONEY,SWB,COSU257887890,ONEY558232560,TGHU5393134,40HC,FLAT RACK,GP,LCL,CY/CY,Expeditors,14358.06
Goods vehicle (truck),870443,87044310,87044310,7,"Vehicles; with both compression-ignition internal combustion piston engine (diesel/semi-diesel) and electric motors for propulsion, of a g.v.w. exceeding 20,000kg",MARKS2936,Ireland,South Africa,South Africa,8,2025,11,2025-11,2025-11-21,20251102,20251102,import,1,20768.64,21943.31,kg,KG,NORTHGATE VEHICLE HIRE (IRELAND) LIMITED,,[in full dataset],DUBLIN 15,,www.vanmonster.com,[in full dataset],Y,VA VROOM VEHICLE REPLACEMENTS (PTY) LTD,[in full dataset],CENTURION,,,,Y,NORTHGATE VEHICLE HIRE (IRELAND) LIMITED,[in full dataset],,18805.2,18805.2,Dublin,Durban,CENTURION,1,1,23.51,EVER ACME,IMO3570757,PA,V182,131,HLCU,HBL,COSU485870226,YMLU747606187,BMOU4810959,20GP,DRY,HC,LCL,CY/CFS,Nippon Express,20768.64
Bus / coach,870220,87022081,87022090,6,"Vehicles; public transport type (carries 10 or more persons, including driver), with both compression-ignition internal combustion piston engine (diesel or semi-diesel) and electric motor for propulsion, new or used",MARKS8589,Czech Republic,South Africa,South Africa,8,2024,5,2024-05,2024-05-27,20240508,20240508,export,1,11088115,76166.07,kg,KG,Jet 2 podfond SICAV,,[in full dataset],Brno,,,,Y,POWER TRAILERS CC,[in full dataset],KUILS RIVER,,,,N,Jet 2 podfond SICAV,[in full dataset],,7317,7317,Main Container Port,Durban,KUILS RIVER,1,1,9.15,ONE APUS,IMO8990179,LR,V541,687,ZIMU,HBL,CMDU892936169,EGLV514674937,TCLU2717382,40GP,OPEN TOP,HC,FCL,CFS/CFS,CEVA Logistics,67425.69
Motorcycle,871150,,871150000,9,"Motorcycles (including mopeds) and cycles; fitted with auxiliary motor, with internal combustion piston engine of a cylinder capacity exceeding 800cc, with or without side-cars; side-cars",MARKS1977,Japan,South Africa,South Africa,8,2024,1,2024-01,2024-01-15,20240122,20240122,export,1,78516980.95,2157.07,kg,KG,SUBARU CORPORATION,,[in full dataset],SHIBUYA-KU,,www.subaru.co.jp/,[in full dataset],Y,J C DE BRUYN RECOVERIES CC,[in full dataset],VEREENIGING,,,,Y,SUBARU CORPORATION,[in full dataset],,20767.4,20767.4,Yokohama,Ngqura,VEREENIGING,1,1,25.96,MAERSK MOLLER,IMO6598078,PA,V963,567,APLU,HBL,ONEY733239095,EGLV280142931,MSCU7509326,40HC,DRY,RF,FCL,CY/CFS,DSV,1920.22
Goods vehicle (truck),870431,87043150,8704310000,5,"Vehicles; with only spark-ignition internal combustion piston engine, for transport of goods, (of a g.v.w. not exceeding 5 tonnes), n.e.c. in item no 8704.1",MARKS5183,China,South Africa,South Africa,6,2024,7,2024-07,2024-07-02,20240726,20240726,import,1,120673042.14,61811.2,kg,KG,"Guangzhou Automobile Group Co., Ltd.",,[in full dataset],Guangzhou,,www.gac.com.cn,[in full dataset],Y,CUISINE TRAILERS (PTY) LTD,[in full dataset],GAUTENG,,,,Y,"Guangzhou Automobile Group Co., Ltd.",[in full dataset],,1941.3,1941.3,Dalian,Ngqura,GAUTENG,1,1,2.43,COSCO UNIVERSE,IMO6145849,LR,V896,660,YMLU,SWB,CMDU139978805,EGLV714290166,GESU7154889,40GP,TANK,GP,FCL,CY/CY,DB Schenker,55849.04
Goods vehicle (truck),870432,87043290,8704324000,6,"Vehicles; with only spark-ignition internal combustion piston engine, for transport of goods, (of a g.v.w. exceeding 5 tonnes), n.e.c. in item no 8704.1",MARKS6907,China,South Africa,South Africa,6,2025,12,2025-12,2025-12-19,20251208,20251208,import,1,201748515.54,24844.93,kg,KG,"Xiamen King Long United Automotive Industry Co., Ltd.",,[in full dataset],Xiamen,,www.king-long.com.cn,[in full dataset],N,CHINA MOTOR FRANCHISE PARTS DISTRIBUTORS CC,[in full dataset],KYA SANDS,,,,Y,"Xiamen King Long United Automotive Industry Co., Ltd.",[in full dataset],,22830.8,22830.8,Yingkou,Cape Town,KYA SANDS,1,1,28.54,EVER GIVEN,IMO9311683,SG,V652,730,YMLU,HBL,COSU608232181,CMDU133149758,TCLU7604566,20GP,OPEN TOP,HC,FCL,CY/CFS,DHL Global Forwarding,23605.12
Motorcycle,871120,87112090,87112092,9,"Motorcycles (including mopeds) and cycles; fitted with an auxiliary motor, internal combustion piston engine, of cylinder capacity exceeding 50cc but not exceeding 250cc, with or without side-cars; side-cars",MARKS4676,Germany,South Africa,South Africa,7,2024,3,2024-03,2024-03-03,20240319,20240319,export,1,230426399.43,9623.84,kg,KG,Zeitfracht Medien GmbH,,[in full dataset],Erfurt,,www.kolibri360.de,[in full dataset],Y,BAM TRAILER SOLUTIONS (PTY) LTD,[in full dataset],BENONI,,,,Y,Zeitfracht Medien GmbH,[in full dataset],,22099.6,22099.6,Bremerhaven,Cape Town,BENONI,1,1,27.62,ONE APUS,IMO5247249,LR,V661,873,OOLU,SWB,MAEU458397736,COSU763359875,CAIU6958982,45HC,FLAT RACK,HC,FCL,CY/CFS,Bollore Logistics,8784.79
Goods vehicle (truck),870421,87042181,8704210000,6,"Vehicles; with only compression-ignition internal combustion piston engine (diesel or semi-diesel), for transport of goods, (of a gvw not exceeding 5 tonnes), n.e.c. in item no 8704.1",MARKS3574,China,South Africa,South Africa,6,2025,5,2025-05,2025-05-03,20250526,20250526,import,1,163060951.68,143721.24,kg,KG,"Sinotruk Jinan Truck Co., Ltd.",,[in full dataset],Jinan,,www.sinotruk.com,[in full dataset],Y,ULTIMATE MINING VEHICLES (PTY) LTD,[in full dataset],PRETORIA,,,,Y,"Sinotruk Jinan Truck Co., Ltd.",[in full dataset],,21707.7,21707.7,Ningbo-Zhoushan,Durban,PRETORIA,1,1,27.13,CSCL GLOBE,IMO3530867,PA,V728,916,OOLU,HBL,YMLU730035843,EGLV812895948,TCLU9007125,40GP,DRY,RF,LCL,CY/CY,DHL Global Forwarding,127712.37
Goods vehicle (truck),870431,87043190,8704310000,6,"Vehicles; with only spark-ignition internal combustion piston engine, for transport of goods, (of a g.v.w. not exceeding 5 tonnes), n.e.c. in item no 8704.1",MARKS4017,China,South Africa,South Africa,9,2024,11,2024-11,2024-11-18,20241113,20241113,import,1,134598759.89,17390.01,kg,KG,"HuaYu Automotive Systems Co.,Ltd",,[in full dataset],Shanghai,,www.hasco-group.com,[in full dataset],Y,MEAT AND VEG CORNER TRADING CC,[in full dataset],PRETORIA,,,,Y,"HuaYu Automotive Systems Co.,Ltd",[in full dataset],,24985.8,24985.8,Guangzhou,Port Elizabeth,PRETORIA,1,1,31.23,MSC GULSUN,IMO9866060,MH,V246,401,MSCU,MBL,MAEU108606100,CMDU428170433,MSCU6472671,45HC,TANK,GP,LCL,CY/CY,Kuehne + Nagel,15305.07
Goods vehicle (truck),870432,87043290,87043291,8,"Vehicles; with only spark-ignition internal combustion piston engine, for transport of goods, (of a g.v.w. exceeding 5 tonnes), n.e.c. in item no 8704.1",MARKS5253,Germany,South Africa,South Africa,7,2024,6,2024-06,2024-06-16,20240626,20240626,export,1,167835062.46,66434.01,kg,KG,TRATON SE,,[in full dataset],München,,www.traton.com,[in full dataset],Y,ENGELBRECHT TRAILERS MARKETING CC,[in full dataset],CARLETONVILLE,,,,N,TRATON SE,[in full dataset],,20134.1,20134.1,Bremerhaven,Port Elizabeth,CARLETONVILLE,1,1,25.17,ONE APUS,IMO2900125,LR,V930,705,ONEY,HBL,MSCU154596348,MSCU835559526,GESU1208318,40GP,DRY,RF,LCL,CFS/CFS,Nippon Express,57957.94
Motorcycle,871190,87119010,8711900019,8,"Motorcycles (including mopeds) and cycles; n.e.c. in heading no. 8711, fitted with auxiliary motor, with or without side-cars; side-cars",MARKS5399,China,South Africa,South Africa,7,2025,10,2025-10,2025-10-25,20251002,20251002,import,1,273048544.29,23327.78,kg,KG,"Winter Olympics Automotive Supply Chain Management (tianjin) Co., Ltd",,[in full dataset],Tianjin,,,,Y,MOTUS VEHICLES DISTRIBUTOR (PTY) LTD,[in full dataset],JOHANNESBURG,,www.renaultretail.co.za,[in full dataset],N,"Winter Olympics Automotive Supply Chain Management (tianjin) Co., Ltd",[in full dataset],,21941.9,21941.9,Qingdao,Port Elizabeth,JOHANNESBURG,1,1,27.43,COSCO UNIVERSE,IMO1899127,MH,V253,980,HMMU,SWB,MSCU602291597,YMLU363229178,FCIU9108006,40HC,FLAT RACK,GP,FCL,CY/CFS,Nippon Express,20684.31
Passenger car,870350,87035025,870350000,9,"Vehicles; with both compression-ignition internal combustion piston engine (diesel or semi-diesel) and electric motor for propulsion, incapable of being charged by plugging to external source of electric power",MARKS9474,Japan,South Africa,South Africa,5,2025,9,2025-09,2025-09-11,20250916,20250916,import,1,38836304.1,2867.33,kg,KG,DAIWA HOUSE REIT INVESTMENT CORPORATION,,[in full dataset],CHIYODA-KU,,www.daiwahouse-reit.co.jp/,[in full dataset],Y,A W E TRAILERS CC,[in full dataset],JOHANNESBURG,,,,N,DAIWA HOUSE REIT INVESTMENT CORPORATION,[in full dataset],,17276.1,17276.1,Osaka,Ngqura,JOHANNESBURG,1,1,21.6,CSCL GLOBE,IMO3271012,PA,V567,85,ONEY,HBL,MSCU840736739,ONEY717961329,BMOU3871389,20GP,DRY,GP,FCL,CY/CFS,DB Schenker,2677.65
Motorcycle,871120,87112090,87112010,9,"Motorcycles (including mopeds) and cycles; fitted with an auxiliary motor, internal combustion piston engine, of cylinder capacity exceeding 50cc but not exceeding 250cc, with or without side-cars; side-cars",MARKS2746,Germany,South Africa,South Africa,8,2024,4,2024-04,2024-04-06,20240417,20240417,export,1,233343120.36,1299.77,kg,KG,AL-KO Vehicle Technology Group GmbH,,[in full dataset],Kötz,,www.alko-tech.com,[in full dataset],Y,HAPPY CHAPPY CC,[in full dataset],KRUGERSDORP,,www.lftrailers.co.za,[in full dataset],Y,AL-KO Vehicle Technology Group GmbH,[in full dataset],,12745.7,12745.7,Wilhelmshaven,Durban,KRUGERSDORP,1,1,15.93,MOL TRIUMPH,IMO1333645,SG,V303,265,OOLU,SWB,HLCU803852274,COSU908658081,TCLU7966206,20GP,REEFER,HC,FCL,CY/CFS,DHL Global Forwarding,1155.56
Bus / coach,870220,87022081,87022090,5,"Vehicles; public transport type (carries 10 or more persons, including driver), with both compression-ignition internal combustion piston engine (diesel or semi-diesel) and electric motor for propulsion, new or used",MARKS1911,Germany,South Africa,South Africa,6,2025,2,2025-02,2025-02-14,20250228,20250228,import,1,70240654.15,8299.93,kg,KG,BVK Zusatzversorgung,,[in full dataset],München,,,,Y,BEZ BODIES AND TRAILERS (PTY) LTD,[in full dataset],KEMPTON PARK,,,,Y,BVK Zusatzversorgung,[in full dataset],,1587.4,1587.4,Bremerhaven,Durban,KEMPTON PARK,1,1,1.98,YM WARRANTY,IMO1329539,LR,V801,141,EGLV,HBL,COSU865782241,YMLU324070034,BMOU3345314,45HC,OPEN TOP,RF,FCL,CY/CFS,Sinotrans,7795.1
Bus / coach,870230,87023087,87023090,5,"Vehicles; public transport type (carries 10 or more persons, including driver), with both compression-ignition internal combustion piston engine (diesel or semi-diesel) and electric motor for propulsion, new or used",MARKS1359,Germany,South Africa,South Africa,5,2025,7,2025-07,2025-07-23,20250708,20250708,export,1,273834861,5874.82,kg,KG,Brose Familien SE & Co. KG,,[in full dataset],Coburg,,,,N,PRO T CYCLES CC,[in full dataset],KLERKSDORP,,www.protcycles.co.za,[in full dataset],Y,Brose Familien SE & Co. KG,[in full dataset],,6461.8,6461.8,Hamburg,Durban,KLERKSDORP,1,1,8.08,YM WARRANTY,IMO7957247,LR,V586,808,APLU,HBL,YMLU144261064,COSU790681623,BMOU6060036,20GP,REEFER,RF,FCL,CY/CFS,Sinotrans,5190.56
Passenger car,870332,87033225,87033219,8,"Vehicles; with only compression-ignition internal combustion piston engine (diesel or semi-diesel), cylinder capacity over 1500 but not over 2500cc",MARKS8797,Germany,South Africa,South Africa,8,2025,4,2025-04,2025-04-25,20250411,20250411,export,1,216763728.06,67493.83,kg,KG,TRATON SE,,[in full dataset],München,,www.traton.com,[in full dataset],N,ETC AGRO TRACTORS AND IMPLEMENTS SA (PTY) LTD,[in full dataset],JOHANNESBURG,,,,Y,TRATON SE,[in full dataset],,15891.4,15891.4,Wilhelmshaven,Cape Town,JOHANNESBURG,1,1,19.86,MAERSK MOLLER,IMO6742589,SG,V399,381,ONEY,MBL,MSCU160908913,COSU766534560,TCLU4281268,20GP,TANK,GP,LCL,CFS/CFS,DB Schenker,61998.36
Bus / coach,870210,87021087,87021091,6,"Vehicles; public transport type (carries 10 or more persons, including driver), with only compression-ignition internal combustion piston engine (diesel or semi-diesel), new or used",MARKS4969,Germany,South Africa,South Africa,7,2024,12,2024-12,2024-12-19,20241209,20241209,export,1,172077706.87,43715.27,kg,KG,TRATON SE,,[in full dataset],München,,www.traton.com,[in full dataset],Y,KEI BODIES (PTY) LTD,[in full dataset],QUEENSTOWN,,,,Y,TRATON SE,[in full dataset],,4912.5,4912.5,Bremerhaven,Port Elizabeth,QUEENSTOWN,1,1,6.14,MADRID MAERSK,IMO8743574,LR,V903,263,EGLV,HBL,YMLU216372576,COSU784660785,TGHU7322693,20GP,OPEN TOP,GP,FCL,CY/CFS,DSV,38721.08
Motorcycle,871160,,87116090,9,"Motorcycles (including mopeds) and cycles; fitted with auxiliary motor, with electric motor for propulsion, with or without side-cars; side-cars",MARKS4282,Sweden,South Africa,South Africa,9,2024,2,2024-02,2024-02-01,20240218,20240218,import,1,14012677.35,61417.8,kg,KG,Investor AB,,[in full dataset],Stockholm,,www.investorab.com,[in full dataset],Y,ULTIMATE MINING VEHICLES (PTY) LTD,[in full dataset],PRETORIA,,,,N,Investor AB,[in full dataset],,13184.5,13184.5,Gothenburg,Port Elizabeth,PRETORIA,1,1,16.48,BARZAN,IMO6385241,MH,V473,322,YMLU,HBL,YMLU196992596,HLCU638435851,BMOU7469577,45HC,FLAT RACK,RF,FCL,CFS/CFS,Bollore Logistics,55897.32
Bus / coach,870220,87022087,,9,"Vehicles; public transport type (carries 10 or more persons, including driver), with both compression-ignition internal combustion piston engine (diesel or semi-diesel) and electric motor for propulsion, new or used",MARKS5086,India,South Africa,South Africa,5,2025,12,2025-12,2025-12-25,20251203,20251203,import,1,189296352.27,72491.35,kg,KG,MARUTI SUZUKI INDIA LIMITED,,[in full dataset],New Delhi,,www.marutisuzuki.com,[in full dataset],Y,HENRED FRUEHAUF (PTY) LTD,[in full dataset],BLOEMFONTEIN,,www.yep.co.za,[in full dataset],Y,MARUTI SUZUKI INDIA LIMITED,[in full dataset],,22622,22622,"Mundra, Gujarat",Port Elizabeth,BLOEMFONTEIN,1,1,28.28,MAERSK MOLLER,IMO1371989,LR,V932,130,OOLU,SWB,CMDU821709864,EGLV927901465,MSCU2022727,40HC,OPEN TOP,HC,LCL,CFS/CFS,CEVA Logistics,66847.97
Passenger car,870350,87035025,870350000,9,"Vehicles; with both compression-ignition internal combustion piston engine (diesel or semi-diesel) and electric motor for propulsion, incapable of being charged by plugging to external source of electric power",MARKS2295,Japan,South Africa,South Africa,9,2024,8,2024-08,2024-08-11,20240817,20240817,export,1,77483681.08,18672.89,kg,KG,SUBARU CORPORATION,,[in full dataset],SHIBUYA-KU,,www.subaru.co.jp/,[in full dataset],Y,SUPA BUILD TRAILERS (PTY) LTD,[in full dataset],THEMBISA,,,,Y,SUBARU CORPORATION,[in full dataset],,4252,4252,Yokohama,Ngqura,THEMBISA,1,1,5.32,EVER GIVEN,IMO2454535,MH,V251,711,CMDU,HBL,CMDU697078737,ONEY257818798,GESU3076513,20GP,DRY,RF,FCL,CFS/CFS,DHL Global Forwarding,17642.02
Motorcycle,871110,,87111090,7,"Motorcycles (including mopeds) and cycles; fitted with an auxiliary motor, with internal combustion piston engine of a cylinder capacity not exceeding 50cc, with or without side-cars; side-cars",MARKS6144,India,South Africa,South Africa,7,2024,12,2024-12,2024-12-03,20241207,20241207,import,1,172022778.14,20183.01,kg,KG,MAHINDRA AND MAHINDRA FINANCIAL SERVICES LIMITED,,[in full dataset],Mumbai,,www.mahindrafinance.com,[in full dataset],N,HENRED FRUEHAUF (PTY) LTD,[in full dataset],BLOEMFONTEIN,,www.yep.co.za,[in full dataset],Y,MAHINDRA AND MAHINDRA FINANCIAL SERVICES LIMITED,[in full dataset],,21278.6,21278.6,Chennai,Port Elizabeth,BLOEMFONTEIN,1,1,26.6,MADRID MAERSK,IMO9260401,PA,V775,880,MSCU,MBL,CMDU319647382,EGLV370644399,GESU2073513,20GP,TANK,RF,LCL,CY/CY,Kuehne + Nagel,17715.93
Goods vehicle (truck),870490,87049090,87049000,6,"Vehicles; for transport of goods, n.e.c. in heading no. 8704",MARKS2001,Austria,South Africa,South Africa,6,2025,6,2025-06,2025-06-27,20250628,20250628,import,1,12044686.22,18968.83,kg,KG,APK Pensionskasse AG,,[in full dataset],Wien,,www.apk.at,[in full dataset],Y,S AND S TRAILER HIRE AND REMOVALS CC,[in full dataset],ROBERTSON,,,,Y,APK Pensionskasse AG,[in full dataset],,9453.5,9453.5,Main Container Port,Durban,ROBERTSON,1,1,11.82,MOL TRIUMPH,IMO2722188,SG,V688,762,OOLU,MBL,MSCU702596315,MSCU341617943,TGHU8665349,40GP,DRY,RF,LCL,CY/CY,Kuehne + Nagel,17158.65
Goods vehicle (truck),870451,87045150,87045121,8,"Vehicles; with both spark-ignition internal combustion piston engine and electric motors for propulsion, of a g.v.w. not exceeding 5,000kg",MARKS3804,Thailand,South Africa,South Africa,7,2024,4,2024-04,2024-04-05,20240425,20240425,export,1,72766229.94,27709.01,kg,KG,BANGCHAK CORPORATION PUBLIC COMPANY LIMITED,,[in full dataset],PHRA KHANONG,,www.bangchak.co.th,[in full dataset],Y,2010 TRAILERS CC,[in full dataset],LENASIA,,,,Y,BANGCHAK CORPORATION PUBLIC COMPANY LIMITED,[in full dataset],,16646.7,16646.7,Laem Chabang,Durban,LENASIA,1,1,20.81,MAERSK MOLLER,IMO9736668,PA,V340,605,ONEY,HBL,EGLV665283016,CMDU799972533,TGHU8099945,40HC,OPEN TOP,GP,FCL,CY/CFS,Kuehne + Nagel,25039.37
Motorcycle,871160,,8711600000,7,"Motorcycles (including mopeds) and cycles; fitted with auxiliary motor, with electric motor for propulsion, with or without side-cars; side-cars",MARKS4570,China,South Africa,South Africa,5,2024,4,2024-04,2024-04-07,20240422,20240422,import,1,111392670.52,160238.94,kg,KG,"BAIC Foton Motor Co.,Ltd.",,[in full dataset],Beijing,,www.foton.com.cn,[in full dataset],Y,WG ONE STOP (PTY) LTD,[in full dataset],KEMPTON PARK,,,,Y,"BAIC Foton Motor Co.,Ltd.",[in full dataset],,20253.1,20253.1,Yingkou,Durban,KEMPTON PARK,1,1,25.32,HMM ALGECIRAS,IMO2808653,MH,V837,761,ZIMU,MBL,ONEY782782267,CMDU674688312,GESU7591307,45HC,FLAT RACK,RF,FCL,CY/CY,Expeditors,140387.71
Motorcycle,871140,,8711400000,5,"Motorcycles (including mopeds) and cycles; fitted with auxiliary motor, internal combustion piston engine of cylinder capacity exceeding 500cc but not exceeding 800cc, with or without sidecars; side-cars",MARKS4352,China,South Africa,South Africa,6,2025,1,2025-01,2025-01-07,20250101,20250101,import,1,153370049.76,2596.41,kg,KG,"Yutong Commercial Vehicle Co., Ltd.",,[in full dataset],Zhengzhou,,www.yutongsyc.com,[in full dataset],N,J -CAN TRAILERS AND PROJECTS (PTY) LTD,[in full dataset],PROTEA GLEN,,,,Y,"Yutong Commercial Vehicle Co., Ltd.",[in full dataset],,19356.6,19356.6,Guangzhou,Cape Town,PROTEA GLEN,1,1,24.2,MSC GULSUN,IMO6278602,SG,V476,480,EGLV,HBL,COSU585275324,MSCU826355811,BMOU3142106,20GP,TANK,GP,FCL,CY/CY,DSV,2380.95
Bus / coach,870210,87021090,87021010,8,"Vehicles; public transport type (carries 10 or more persons, including driver), with only compression-ignition internal combustion piston engine (diesel or semi-diesel), new or used",MARKS6360,Thailand,South Africa,South Africa,9,2025,2,2025-02,2025-02-01,20250205,20250205,export,1,79524262.39,25417.03,kg,KG,BANGCHAK CORPORATION PUBLIC COMPANY LIMITED,,[in full dataset],PHRA KHANONG,,www.bangchak.co.th,[in full dataset],Y,ZA TRUCKS AND TRAILERS SALES (PTY) LTD,[in full dataset],KRUGERSDORP,,www.zatrucksandtrailers.com,[in full dataset],Y,BANGCHAK CORPORATION PUBLIC COMPANY LIMITED,[in full dataset],,13661.5,13661.5,Laem Chabang,Ngqura,KRUGERSDORP,1,1,17.08,EVER ACME,IMO4878315,SG,V746,409,MAEU,HBL,EGLV777511715,CMDU539512292,CAIU9766508,45HC,REEFER,HC,FCL,CFS/CFS,Bollore Logistics,23409.39
Bus / coach,870240,87024087,8702400000,6,"Vehicles; public transport type (carries 10 or more persons, including driver), with only electric motor for propulsion, new or used",MARKS5806,United Kingdom,South Africa,South Africa,5,2025,9,2025-09,2025-09-23,20250924,20250924,import,1,18429637.14,12907.41,kg,KG,AUTOMOBILE ASSOCIATION DEVELOPMENTS LIMITED,,[in full dataset],BASINGSTOKE,,www.theaa.com,[in full dataset],Y,KR TRAVEL AND TOURS (PTY) LTD,[in full dataset],TZANEEN,,www.kdrtravel.co.za,[in full dataset],Y,AUTOMOBILE ASSOCIATION DEVELOPMENTS LIMITED,[in full dataset],,2083.9,2083.9,London Gateway,Cape Town,TZANEEN,1,1,2.6,EVER GIVEN,IMO9371845,SG,V319,853,CMDU,HBL,YMLU466182845,CMDU181448278,TGHU3459284,20GP,TANK,RF,FCL,CY/CFS,Kuehne + Nagel,11377.91
Motorcycle,871110,,8711100000,9,"Motorcycles (including mopeds) and cycles; fitted with an auxiliary motor, with internal combustion piston engine of a cylinder capacity not exceeding 50cc, with or without side-cars; side-cars",MARKS7121,United States,South Africa,South Africa,5,2024,10,2024-10,2024-10-26,20241027,20241027,import,1,47243643.03,84906.51,kg,KG,Autonation Enterprises Incorporated,,[in full dataset],Fort Lauderdale,,www.mercedesfla.com,[in full dataset],Y,QC TRAILERS (PTY) LTD,[in full dataset],ZASTRON,,www.qctrailers.co.za,[in full dataset],Y,Autonation Enterprises Incorporated,[in full dataset],,15235,15235,"Oakland, CA",Port Elizabeth,ZASTRON,1,1,19.04,HYUNDAI LOYALTY,IMO9667027,PA,V945,264,MAEU,SWB,ONEY825358596,COSU815941688,TCLU5413873,40GP,TANK,RF,FCL,CY/CFS,CEVA Logistics,75191.63
Motorcycle,871110,,871110000,5,"Motorcycles (including mopeds) and cycles; fitted with an auxiliary motor, with internal combustion piston engine of a cylinder capacity not exceeding 50cc, with or without side-cars; side-cars",MARKS9325,Japan,South Africa,South Africa,5,2025,12,2025-12,2025-12-04,20251221,20251221,import,1,47474120.19,1377.03,kg,KG,"AI-KOUMUTEN HOLDING COMPANY CO., LTD.",,[in full dataset],OSAKA,,,,Y,HAPPY CHAPPY CC,[in full dataset],KRUGERSDORP,,www.lftrailers.co.za,[in full dataset],Y,"AI-KOUMUTEN HOLDING COMPANY CO., LTD.",[in full dataset],,22253.1,22253.1,Kobe,Cape Town,KRUGERSDORP,1,1,27.82,EVER ACME,IMO1102651,SG,V482,640,YMLU,MBL,HLCU929777322,HLCU285759183,TCLU8183829,40HC,DRY,GP,FCL,CY/CY,DSV,1255.38
Goods vehicle (truck),870452,87045290,870452000,6,"Vehicles; with both spark-ignition internal combustion piston engine and electric motors for propulsion, of a g.v.w. exceeding 5,000kg",MARKS8918,Japan,South Africa,South Africa,9,2024,7,2024-07,2024-07-21,20240708,20240708,export,1,98486065.83,74957.96,kg,KG,"NINTENDO CO., LTD.",,[in full dataset],KYOTO,,www.nintendo.com/jp/,[in full dataset],Y,ZF SERVICES SOUTH AFRICA (PTY) LTD,[in full dataset],EDENVALE,,www.zfsa.co.za,[in full dataset],Y,"NINTENDO CO., LTD.",[in full dataset],,18912.4,18912.4,Kobe,Cape Town,EDENVALE,1,1,23.64,OOCL HONG KONG,IMO5804876,PA,V202,713,MSCU,HBL,MAEU398906261,MSCU871401161,GESU1394257,20GP,TANK,GP,LCL,CFS/CFS,Yusen Logistics,67877.44
Motorcycle,871140,,87114000,9,"Motorcycles (including mopeds) and cycles; fitted with auxiliary motor, internal combustion piston engine of cylinder capacity exceeding 500cc but not exceeding 800cc, with or without sidecars; side-cars",MARKS6013,Germany,South Africa,South Africa,8,2024,6,2024-06,2024-06-18,20240604,20240604,export,1,167835062.46,203762.46,kg,KG,AUMOVIO SE,,[in full dataset],Frankfurt am Main,,www.aumovio.com,[in full dataset],Y,BUSY BODIES SECURITY (PTY) LTD,[in full dataset],MIDDELBURG,,,,Y,AUMOVIO SE,[in full dataset],,10192.7,10192.7,Bremerhaven,Cape Town,MIDDELBURG,1,1,12.74,COSCO UNIVERSE,IMO7231224,MH,V335,440,MSCU,HBL,EGLV502726391,EGLV535227006,TGHU8038716,40GP,DRY,GP,LCL,CY/CY,DB Schenker,179430.4
Motorcycle,871110,,87111015,5,"Motorcycles (including mopeds) and cycles; fitted with an auxiliary motor, with internal combustion piston engine of a cylinder capacity not exceeding 50cc, with or without side-cars; side-cars",MARKS6287,Thailand,South Africa,South Africa,8,2024,2,2024-02,2024-02-14,20240217,20240217,export,1,69875968.86,59722.87,kg,KG,BANGCHAK CORPORATION PUBLIC COMPANY LIMITED,,[in full dataset],PHRA KHANONG,,www.bangchak.co.th,[in full dataset],N,HENRED FRUEHAUF (PTY) LTD,[in full dataset],BLOEMFONTEIN,,www.yep.co.za,[in full dataset],Y,BANGCHAK CORPORATION PUBLIC COMPANY LIMITED,[in full dataset],,13307.3,13307.3,Laem Chabang,Durban,BLOEMFONTEIN,1,1,16.63,EVER GIVEN,IMO9756931,LR,V525,151,APLU,HBL,ONEY679307862,CMDU586632704,MSCU1784695,45HC,DRY,RF,FCL,CFS/CFS,Expeditors,55182.42
Goods vehicle (truck),870410,87041030,8704105050,9,"Vehicles; dumpers, designed for off-highway use, for transport of goods",MARKS1937,United States,South Africa,South Africa,5,2025,3,2025-03,2025-03-12,20250305,20250305,export,1,102845252,3600.71,kg,KG,"Annaly Capital Management, Inc.",,[in full dataset],New York,,www.annaly.com,[in full dataset],Y,ERMELO COMMERCIAL VEHICLES (PTY) LTD,[in full dataset],ERMELO,,www.ettc.co.za,[in full dataset],Y,"Annaly Capital Management, Inc.",[in full dataset],,1490.3,1490.3,"Miami, FL",Ngqura,ERMELO,1,1,1.86,BARZAN,IMO2034465,MH,V157,793,HLCU,HBL,ONEY905943143,HLCU810329778,BMOU9152839,45HC,TANK,HC,LCL,CY/CFS,DB Schenker,3427.07
Goods vehicle (truck),870451,87045190,87045110,6,"Vehicles; with both spark-ignition internal combustion piston engine and electric motors for propulsion, of a g.v.w. not exceeding 5,000kg",MARKS1283,Germany,South Africa,South Africa,5,2024,9,2024-09,2024-09-07,20240924,20240924,export,1,204152907.56,998.31,kg,KG,Autopark Nord GmbH,,[in full dataset],München,,www.autoparknord-gmbh.de,[in full dataset],Y,AMAZING TRAILERS CC,[in full dataset],AMANZIMTOTI,,,,Y,Autopark Nord GmbH,[in full dataset],,4075.8,4075.8,Hamburg,Port Elizabeth,AMANZIMTOTI,1,1,5.09,COSCO UNIVERSE,IMO7784965,PA,V111,618,APLU,MBL,YMLU912296845,YMLU144273071,TGHU4053955,40HC,REEFER,GP,LCL,CY/CY,CEVA Logistics,887.46
Goods vehicle (truck),870443,87044390,87044310,5,"Vehicles; with both compression-ignition internal combustion piston engine (diesel/semi-diesel) and electric motors for propulsion, of a g.v.w. exceeding 20,000kg",MARKS4478,Slovakia,South Africa,South Africa,9,2024,11,2024-11,2024-11-27,20241114,20241114,import,1,8501791.82,33615.09,kg,KG,O Automobil Import s.r.o.,,[in full dataset],Bratislava,,,,Y,BAM GARAGE (PTY) LTD,[in full dataset],PORT ELIZABETH,,,,Y,O Automobil Import s.r.o.,[in full dataset],,2318,2318,Main Container Port,Ngqura,PORT ELIZABETH,1,1,2.9,BARZAN,IMO8482245,SG,V529,751,ZIMU,SWB,ONEY261621692,ONEY346423200,MSCU4693334,40GP,DRY,HC,LCL,CY/CY,Kuehne + Nagel,30828.92
Goods vehicle (truck),870421,87042190,87042191,6,"Vehicles; with only compression-ignition internal combustion piston engine (diesel or semi-diesel), for transport of goods, (of a gvw not exceeding 5 tonnes), n.e.c. in item no 8704.1",MARKS5082,Austria,South Africa,South Africa,6,2024,8,2024-08,2024-08-07,20240807,20240807,import,1,3395769.04,54021.39,kg,KG,BMW Vertriebs GmbH,,[in full dataset],Salzburg,,www.bmw.at,[in full dataset],Y,LEADER TRAILER BODIES (PTY) LTD,[in full dataset],BRAKPAN,,,,Y,BMW Vertriebs GmbH,[in full dataset],,13027.8,13027.8,Main Container Port,Ngqura,BRAKPAN,1,1,16.28,MAERSK MOLLER,IMO4891624,LR,V834,339,CMDU,MBL,YMLU925813483,EGLV435230229,FCIU1816064,40GP,OPEN TOP,GP,LCL,CFS/CFS,CEVA Logistics,51114.03
Motorcycle,871110,,87111000,8,"Motorcycles (including mopeds) and cycles; fitted with an auxiliary motor, with internal combustion piston engine of a cylinder capacity not exceeding 50cc, with or without side-cars; side-cars",MARKS9006,Germany,South Africa,South Africa,8,2024,2,2024-02,2024-02-08,20240213,20240213,export,1,184822113.69,8450.93,kg,KG,"VOLKSWAGEN GROUP Original Teile Logistik, Vertrieb & Services GmbH",,[in full dataset],Baunatal,,www.volkswagen-otlg.de,[in full dataset],Y,VA VROOM VEHICLE REPLACEMENTS (PTY) LTD,[in full dataset],CENTURION,,,,N,"VOLKSWAGEN GROUP Original Teile Logistik, Vertrieb & Services GmbH",[in full dataset],,24675.1,24675.1,Wilhelmshaven,Durban,CENTURION,1,1,30.84,BARZAN,IMO5450234,SG,V216,52,HLCU,SWB,ONEY479465465,COSU598074590,TGHU2943738,40GP,FLAT RACK,GP,FCL,CY/CY,DSV,7614.77
Passenger car,870390,87039025,87039000,7,Vehicles; for transport of persons (other than those of heading no. 8702) n.e.c. in heading no. 8703,MARKS4184,Netherlands,South Africa,South Africa,8,2024,2,2024-02,2024-02-10,20240225,20240225,export,1,15362573.08,2305.01,kg,KG,Emil Frey Motors B.V.,,[in full dataset],Veenendaal,,www.pganederland.nl,[in full dataset],Y,KMSA DISTRIBUTORS (PTY) LTD,[in full dataset],BRAMLEY,,www.kawasakisa.co.za,[in full dataset],Y,Emil Frey Motors B.V.,[in full dataset],,9065.2,9065.2,Amsterdam,Ngqura,BRAMLEY,1,1,11.33,OOCL HONG KONG,IMO5843822,SG,V905,117,EGLV,SWB,COSU993490421,MAEU679241231,MSCU2800560,20GP,OPEN TOP,HC,FCL,CY/CFS,Nippon Express,2096.16
Goods vehicle (truck),870442,87044210,87044291,6,"Vehicles; with both compression-ignition internal combustion piston engine (diesel/semi-diesel) and electric motors for propulsion, of a g.v.w. exceeding 5,000kg but not exceeding 20,000kg",MARKS6352,Germany,South Africa,South Africa,9,2024,2,2024-02,2024-02-25,20240216,20240216,export,1,184822113.69,117048.89,kg,KG,AUMOVIO SE,,[in full dataset],Frankfurt am Main,,www.aumovio.com,[in full dataset],Y,WE BUY CARS (PTY) LTD,[in full dataset],CENTURION,,www.webuycars.co.za,[in full dataset],Y,AUMOVIO SE,[in full dataset],,7890.2,7890.2,Wilhelmshaven,Cape Town,CENTURION,1,1,9.86,HMM ALGECIRAS,IMO3635234,PA,V329,944,ONEY,HBL,MAEU644020306,MSCU354857072,FCIU5552913,20GP,OPEN TOP,RF,FCL,CFS/CFS,Nippon Express,110703.13
Goods vehicle (truck),870421,87042177,8704219900,6,"Vehicles; with only compression-ignition internal combustion piston engine (diesel or semi-diesel), for transport of goods, (of a gvw not exceeding 5 tonnes), n.e.c. in item no 8704.1",MARKS9287,Mexico,South Africa,South Africa,5,2024,11,2024-11,2024-11-02,20241102,20241102,import,1,5645544.23,17418.77,kg,KG,"Principal Siefore 4, S.A. de C.V.",,[in full dataset],Garza García,,,,Y,ERMELO COMMERCIAL VEHICLES (PTY) LTD,[in full dataset],ERMELO,,www.ettc.co.za,[in full dataset],Y,"Principal Siefore 4, S.A. de C.V.",[in full dataset],,22960.6,22960.6,Lazaro Cardenas,Cape Town,ERMELO,1,1,28.7,HYUNDAI LOYALTY,IMO1630285,PA,V810,906,COSU,MBL,MAEU841456039,COSU321471542,MSCU5244420,20GP,OPEN TOP,GP,FCL,CFS/CFS,Nippon Express,15637.85
Bus / coach,870220,87022087,87022031,7,"Vehicles; public transport type (carries 10 or more persons, including driver), with both compression-ignition internal combustion piston engine (diesel or semi-diesel) and electric motor for propulsion, new or used",MARKS7778,Thailand,South Africa,South Africa,9,2024,5,2024-05,2024-05-10,20240522,20240522,export,1,90090987.89,28040.75,kg,KG,PTT OIL AND RETAIL BUSINESS PUBLIC COMPANY LIMITED,,[in full dataset],CHATUCHAK,,www.pttor.com,[in full dataset],N,LS GROUP MOTOR DIVISION (PTY) LTD,[in full dataset],WELKOM,,www.kiamotors.co.za,[in full dataset],Y,PTT OIL AND RETAIL BUSINESS PUBLIC COMPANY LIMITED,[in full dataset],,17189.8,17189.8,Bangkok,Cape Town,WELKOM,1,1,21.49,EVER GIVEN,IMO2937363,LR,V826,925,COSU,SWB,EGLV177182028,ONEY124332245,TGHU7099384,20GP,REEFER,GP,FCL,CY/CFS,Bollore Logistics,26541.5
Motorcycle,871120,87112010,8711209800,7,"Motorcycles (including mopeds) and cycles; fitted with an auxiliary motor, internal combustion piston engine, of cylinder capacity exceeding 50cc but not exceeding 250cc, with or without side-cars; side-cars",MARKS6435,United Kingdom,South Africa,South Africa,7,2025,8,2025-08,2025-08-17,20250810,20250810,export,1,23406536.02,32869.41,kg,KG,VOLVO CAR UK LIMITED,,[in full dataset],MAIDENHEAD,,www.volvocars.com,[in full dataset],Y,LEADER TRAILER BODIES (PTY) LTD,[in full dataset],BRAKPAN,,,,Y,VOLVO CAR UK LIMITED,[in full dataset],,24617,24617,Southampton,Durban,BRAKPAN,1,1,30.77,EVER ACME,IMO3016756,PA,V920,955,CMDU,SWB,YMLU921633217,COSU334668509,CAIU7291508,20GP,OPEN TOP,HC,FCL,CY/CFS,Expeditors,30693.14
Bus / coach,870220,87022010,,6,"Vehicles; public transport type (carries 10 or more persons, including driver), with both compression-ignition internal combustion piston engine (diesel or semi-diesel) and electric motor for propulsion, new or used",MARKS4584,India,South Africa,South Africa,8,2025,4,2025-04,2025-04-13,20250424,20250424,import,1,160436481.5,5605.96,kg,KG,DCB BANK LIMITED,,[in full dataset],Mumbai,,www.dcbbank.com,[in full dataset],Y,BTO TRAILERS (PTY) LTD,[in full dataset],JOHANNESBURG,,,,Y,DCB BANK LIMITED,[in full dataset],,10708.2,10708.2,Kandla,Durban,JOHANNESBURG,1,1,13.39,HMM ALGECIRAS,IMO2914697,SG,V420,722,ONEY,MBL,ONEY179073987,EGLV947120215,GESU6448871,40GP,OPEN TOP,HC,FCL,CFS/CFS,Expeditors,5260.51
Bus / coach,870240,87024087,,8,"Vehicles; public transport type (carries 10 or more persons, including driver), with only electric motor for propulsion, new or used",MARKS2763,India,South Africa,South Africa,6,2024,4,2024-04,2024-04-17,20240404,20240404,import,1,97984383.12,25172.02,kg,KG,MARUTI SUZUKI INDIA LIMITED,,[in full dataset],New Delhi,,www.marutisuzuki.com,[in full dataset],Y,A W E TRAILERS CC,[in full dataset],JOHANNESBURG,,,,Y,MARUTI SUZUKI INDIA LIMITED,[in full dataset],,2513.4,2513.4,"Nhava Sheva (JNPT), Mumbai",Cape Town,JOHANNESBURG,1,1,3.14,EVER ACME,IMO7991267,MH,V232,653,MSCU,MBL,CMDU766565350,MSCU141617623,MSCU8192104,40GP,DRY,HC,FCL,CY/CY,Sinotrans,23834.21
Passenger car,870360,87036090,87036010,9,"Vehicles; with both spark-ignition internal combustion piston engine and electric motor for propulsion, capable of being charged by plugging to external source of electric power",MARKS3909,Germany,South Africa,South Africa,9,2024,10,2024-10,2024-10-15,20241019,20241019,export,1,167615340.39,17336.11,kg,KG,CITROEN DEUTSCHLAND GmbH,,[in full dataset],Rüsselsheim am Main,,www.citroen.de,[in full dataset],Y,CHARIOTEER TRADER 3 CC,[in full dataset],PIETERMARITZBURG,,www.ginrich.co.za,[in full dataset],N,CITROEN DEUTSCHLAND GmbH,[in full dataset],,14261.2,14261.2,Bremerhaven,Port Elizabeth,PIETERMARITZBURG,1,1,17.83,CSCL GLOBE,IMO9745035,PA,V477,435,YMLU,SWB,CMDU359528543,MAEU328324863,FCIU1093426,45HC,OPEN TOP,GP,FCL,CFS/CFS,Bollore Logistics,16082.25
Goods vehicle (truck),870431,87043190,87043199,8,"Vehicles; with only spark-ignition internal combustion piston engine, for transport of goods, (of a g.v.w. not exceeding 5 tonnes), n.e.c. in item no 8704.1",MARKS7787,Germany,South Africa,South Africa,5,2024,5,2024-05,2024-05-03,20240518,20240518,import,1,85333056.86,1847.26,kg,KG,AP Solutions GmbH,,[in full dataset],München,,www.allianz-handwerker.de,[in full dataset],Y,MOUNT CURRIE TRACTORS CC,[in full dataset],KOKSTAD,,www.stihl.co.za,[in full dataset],Y,AP Solutions GmbH,[in full dataset],,18218.6,18218.6,Hamburg,Ngqura,KOKSTAD,1,1,22.77,MSC GULSUN,IMO3139841,SG,V469,92,EGLV,HBL,HLCU562622871,MSCU417060638,CAIU2622423,45HC,TANK,GP,FCL,CY/CY,CEVA Logistics,1734.42
Passenger car,870360,87036029,,8,"Vehicles; with both spark-ignition internal combustion piston engine and electric motor for propulsion, capable of being charged by plugging to external source of electric power",MARKS3638,India,South Africa,South Africa,7,2025,11,2025-11,2025-11-23,20251107,20251107,import,1,181286605.32,50592.26,kg,KG,VE COMMERCIAL VEHICLES LIMITED,,[in full dataset],Gurugram,,www.vecv.in,[in full dataset],Y,DOLPHIN COAST TRAILERS CC,[in full dataset],DURBAN,,,,N,VE COMMERCIAL VEHICLES LIMITED,[in full dataset],,24235.6,24235.6,Cochin,Cape Town,DURBAN,1,1,30.29,HMM ALGECIRAS,IMO6769320,LR,V357,290,HLCU,SWB,YMLU401603297,YMLU755554775,TCLU9383259,20GP,DRY,HC,FCL,CFS/CFS,DB Schenker,46511.44
Motorcycle,871190,87119090,87119000,8,"Motorcycles (including mopeds) and cycles; n.e.c. in heading no. 8711, fitted with auxiliary motor, with or without side-cars; side-cars",MARKS3738,Spain,South Africa,South Africa,7,2025,1,2025-01,2025-01-25,20250113,20250113,import,1,34549170.63,55509.36,kg,KG,"DOMINGO ALONSO, SOCIEDAD LIMITADA",,[in full dataset],LAS PALMAS DE GRAN CANARIA,,www.vwcanarias.com,[in full dataset],Y,DINEKA TRUCKS AND TRAILERS CC,[in full dataset],DUBE,,,,Y,"DOMINGO ALONSO, SOCIEDAD LIMITADA",[in full dataset],,17043.6,17043.6,Bilbao,Durban,DUBE,1,1,21.3,ONE APUS,IMO2896714,PA,V582,601,COSU,HBL,ONEY256424073,YMLU366026129,GESU5761705,40HC,OPEN TOP,GP,FCL,CFS/CFS,Sinotrans,49493.32
Bus / coach,870230,87023087,8702302090,6,"Vehicles; public transport type (carries 10 or more persons, including driver), with both compression-ignition internal combustion piston engine (diesel or semi-diesel) and electric motor for propulsion, new or used",MARKS9118,China,South Africa,South Africa,7,2025,4,2025-04,2025-04-04,20250416,20250416,import,1,126092355.87,4116.82,kg,KG,"Fu Sheng Group Co.,Ltd.",,[in full dataset],Fuzhou,,www.fushenggroup.com.cn,[in full dataset],Y,LEADER TRAILER BODIES (PTY) LTD,[in full dataset],BRAKPAN,,,,Y,"Fu Sheng Group Co.,Ltd.",[in full dataset],,14950.7,14950.7,Shanghai,Port Elizabeth,BRAKPAN,1,1,18.69,ONE APUS,IMO1727505,PA,V387,464,MAEU,HBL,CMDU462522720,COSU219695790,FCIU7650617,40HC,REEFER,RF,FCL,CY/CFS,Expeditors,3806.89
Motorcycle,871120,87112010,871120920011,5,"Motorcycles (including mopeds) and cycles; fitted with an auxiliary motor, internal combustion piston engine, of cylinder capacity exceeding 50cc but not exceeding 250cc, with or without side-cars; side-cars",MARKS9712,Turkiye,South Africa,South Africa,8,2025,4,2025-04,2025-04-24,20250417,20250417,import,1,3773732.82,26583.4,kg,KG,TOFAS TURK OTOMOBIL FABRIKASI ANONIM SIRKETI,,[in full dataset],Istanbul (Europe),,www.tofas.com.tr,[in full dataset],Y,PHOENIX MARINE MANUFACTURING (PTY) LTD,[in full dataset],DASSENBERG,,www.phoenixcatamarans.com,[in full dataset],Y,TOFAS TURK OTOMOBIL FABRIKASI ANONIM SIRKETI,[in full dataset],,19503.2,19503.2,Main Container Port,Durban,DASSENBERG,1,1,24.38,CSCL GLOBE,IMO7883608,PA,V205,164,ZIMU,MBL,CMDU758418850,MAEU855805328,CAIU9087129,40GP,FLAT RACK,HC,FCL,CFS/CFS,Bollore Logistics,24476.74
Motorcycle,871120,87112090,8711203000,5,"Motorcycles (including mopeds) and cycles; fitted with an auxiliary motor, internal combustion piston engine, of cylinder capacity exceeding 50cc but not exceeding 250cc, with or without side-cars; side-cars",MARKS6099,China,South Africa,South Africa,6,2024,4,2024-04,2024-04-01,20240416,20240416,export,1,131177541,29452.43,kg,KG,"FAW Bestune Auto Co., Ltd",,[in full dataset],Changchun,,,,Y,WAYNE PHEIFFER CYCLES TRUST,[in full dataset],PORT ELIZABETH,,,,Y,"FAW Bestune Auto Co., Ltd",[in full dataset],,3318.3,3318.3,Guangzhou,Cape Town,PORT ELIZABETH,1,1,4.15,ONE APUS,IMO4767753,PA,V715,579,YMLU,MBL,HLCU931493918,CMDU322224283,CAIU9553965,20GP,OPEN TOP,RF,FCL,CY/CFS,DHL Global Forwarding,26365.5
Goods vehicle (truck),870421,87042181,8704210000,5,"Vehicles; with only compression-ignition internal combustion piston engine (diesel or semi-diesel), for transport of goods, (of a gvw not exceeding 5 tonnes), n.e.c. in item no 8704.1",MARKS8510,China,South Africa,South Africa,7,2024,7,2024-07,2024-07-15,20240701,20240701,import,1,120673042.14,36193.5,kg,KG,"Lingbao Huabao Trading Co., Ltd.",,[in full dataset],Lingbao,,www.hbcy.com,[in full dataset],Y,TRITON TRAILERS CC,[in full dataset],DURBAN,,,,Y,"Lingbao Huabao Trading Co., Ltd.",[in full dataset],,9250.1,9250.1,Yingkou,Durban,DURBAN,1,1,11.56,CSCL GLOBE,IMO9197391,LR,V257,766,MAEU,MBL,CMDU140352195,ONEY256366251,CAIU7625464,40HC,REEFER,RF,FCL,CY/CFS,Yusen Logistics,31673.69
Bus / coach,870290,87029085,87029090,6,"Vehicles; public transport type (carries 10 or more persons, including driver), n.e.c. in heading 8702, new or used",MARKS7555,Germany,South Africa,South Africa,9,2024,1,2024-01,2024-01-27,20240121,20240121,export,1,217705228.33,40819.06,kg,KG,TRATON SE,,[in full dataset],München,,www.traton.com,[in full dataset],Y,VENTER LEISURE AND COMMERCIAL TRAILERS LTD,[in full dataset],FLORIDA,,,,Y,TRATON SE,[in full dataset],,19776.5,19776.5,Bremerhaven,Port Elizabeth,FLORIDA,1,1,24.72,EVER GIVEN,IMO5148501,PA,V692,517,MSCU,SWB,HLCU497814188,EGLV594581238,GESU6613805,45HC,FLAT RACK,RF,FCL,CY/CY,DB Schenker,38744.59
Bus / coach,870220,87022090,87022090,8,"Vehicles; public transport type (carries 10 or more persons, including driver), with both compression-ignition internal combustion piston engine (diesel or semi-diesel) and electric motor for propulsion, new or used",MARKS3767,Germany,South Africa,South Africa,9,2025,2,2025-02,2025-02-03,20250202,20250202,import,1,70240654.15,23980.86,kg,KG,AUMOVIO SE,,[in full dataset],Frankfurt am Main,,www.aumovio.com,[in full dataset],Y,VA VROOM VEHICLE REPLACEMENTS (PTY) LTD,[in full dataset],CENTURION,,,,Y,AUMOVIO SE,[in full dataset],,16104.6,16104.6,Wilhelmshaven,Cape Town,CENTURION,1,1,20.13,COSCO UNIVERSE,IMO6029542,SG,V368,960,ONEY,HBL,MSCU303998285,HLCU888889568,MSCU6909300,45HC,FLAT RACK,GP,FCL,CFS/CFS,Bollore Logistics,21483.34
Motorcycle,871120,87112010,8711203000,9,"Motorcycles (including mopeds) and cycles; fitted with an auxiliary motor, internal combustion piston engine, of cylinder capacity exceeding 50cc but not exceeding 250cc, with or without side-cars; side-cars",MARKS4521,China,South Africa,South Africa,6,2024,5,2024-05,2024-05-13,20240502,20240502,export,1,152690257,110409.64,kg,KG,"Anhui Jianghuai Automobile Group Corp., Ltd.",,[in full dataset],Hefei,,www.jac.com.cn,[in full dataset],Y,NN TRUCK AND TRAILER (PTY) LTD,[in full dataset],BOKSBURG,,www.tommystruck.co.za,[in full dataset],N,"Anhui Jianghuai Automobile Group Corp., Ltd.",[in full dataset],,20696.1,20696.1,Guangzhou,Cape Town,BOKSBURG,1,1,25.87,BARZAN,IMO2536968,PA,V502,28,MAEU,MBL,COSU399575820,ONEY450401112,MSCU8319067,40HC,TANK,RF,FCL,CY/CY,DSV,101416.52
Motorcycle,871160,,87116090,7,"Motorcycles (including mopeds) and cycles; fitted with auxiliary motor, with electric motor for propulsion, with or without side-cars; side-cars",MARKS4000,Italy,South Africa,South Africa,5,2024,11,2024-11,2024-11-08,20241115,20241115,export,1,7794703.16,28870.92,kg,KG,INVESTIRE - SOCIETA' DI GESTIONE DEL RISPARMIO SPA,,[in full dataset],ROMA,,www.investiresgr.it,[in full dataset],Y,M T T PNEUMATICS (PTY) LTD,[in full dataset],KATLEHONG,,www.mttpneumatics.co.za,[in full dataset],Y,INVESTIRE - SOCIETA' DI GESTIONE DEL RISPARMIO SPA,[in full dataset],,3577,3577,Genoa,Cape Town,KATLEHONG,1,1,4.47,MAERSK MOLLER,IMO5136730,LR,V867,580,HLCU,SWB,COSU426630223,YMLU167780273,FCIU7084409,45HC,REEFER,RF,FCL,CY/CY,Yusen Logistics,27398.54
Bus / coach,870210,87021087,8702101020,8,"Vehicles; public transport type (carries 10 or more persons, including driver), with only compression-ignition internal combustion piston engine (diesel or semi-diesel), new or used",MARKS7168,South Korea,South Africa,South Africa,6,2025,10,2025-10,2025-10-22,20251020,20251020,export,1,8983704,32712.36,kg,KG,"K Car Co., Ltd.",,[in full dataset],Seoul,,www.kcar.com,[in full dataset],Y,WHOLESALE AUTO DISTRIBUTION (PTY) LTD,[in full dataset],DURBAN,,,,N,"K Car Co., Ltd.",[in full dataset],,10388.6,10388.6,Incheon,Ngqura,DURBAN,1,1,12.99,EVER ACME,IMO5128266,SG,V324,917,ZIMU,SWB,COSU756572334,MAEU860422331,TCLU5738583,40HC,TANK,RF,FCL,CY/CFS,DSV,28646.22
Goods vehicle (truck),870442,87044210,,8,"Vehicles; with both compression-ignition internal combustion piston engine (diesel/semi-diesel) and electric motors for propulsion, of a g.v.w. exceeding 5,000kg but not exceeding 20,000kg",MARKS4557,India,South Africa,South Africa,9,2024,3,2024-03,2024-03-14,20240319,20240319,import,1,94057207.22,18265.08,kg,KG,RAY TRANSPORT,,[in full dataset],Chapra,,,,Y,BARKLY OOS MOTORS CC,[in full dataset],BLOEMFONTEIN,,,,N,RAY TRANSPORT,[in full dataset],,12923.4,12923.4,Chennai,Cape Town,BLOEMFONTEIN,1,1,16.15,HYUNDAI LOYALTY,IMO9035601,SG,V399,715,HLCU,HBL,ONEY841888483,EGLV658558560,CAIU1592307,45HC,REEFER,RF,FCL,CFS/CFS,DHL Global Forwarding,15971.37
Passenger car,870340,87034027,8703401290,5,"Vehicles; with both spark-ignition internal combustion piston engine and electric motor for propulsion, incapable of being charged by plugging to external source of electric power",MARKS2925,China,South Africa,South Africa,8,2025,10,2025-10,2025-10-26,20251013,20251013,import,1,273048544.29,19923.99,kg,KG,"Zhejiang Century Huatong Group Co., Ltd.",,[in full dataset],Shaoxing,,www.sjhuatong.com,[in full dataset],Y,A W E TRAILERS CC,[in full dataset],JOHANNESBURG,,,,Y,"Zhejiang Century Huatong Group Co., Ltd.",[in full dataset],,10257.8,10257.8,Qingdao,Durban,JOHANNESBURG,1,1,12.82,MADRID MAERSK,IMO4273278,SG,V805,725,EGLV,HBL,MAEU171411307,ONEY231789910,MSCU3740578,40HC,TANK,RF,LCL,CY/CFS,DSV,18600.83
Motorcycle,871190,87119030,87119000,5,"Motorcycles (including mopeds) and cycles; n.e.c. in heading no. 8711, fitted with auxiliary motor, with or without side-cars; side-cars",MARKS3874,Sweden,South Africa,South Africa,8,2025,5,2025-05,2025-05-03,20250518,20250518,import,1,27138249.07,11937.7,kg,KG,Riddermark Bil AB,,[in full dataset],Bromma,,www.riddermarkbil.se,[in full dataset],Y,HENRED FRUEHAUF (PTY) LTD,[in full dataset],BLOEMFONTEIN,,www.yep.co.za,[in full dataset],Y,Riddermark Bil AB,[in full dataset],,17113.4,17113.4,Stockholm,Port Elizabeth,BLOEMFONTEIN,1,1,21.39,MAERSK MOLLER,IMO8715352,SG,V912,842,ZIMU,HBL,CMDU312301608,MSCU645825294,MSCU5284018,20GP,REEFER,GP,FCL,CY/CFS,DHL Global Forwarding,10458.76
Bus / coach,870240,87024085,87024000,7,"Vehicles; public transport type (carries 10 or more persons, including driver), with only electric motor for propulsion, new or used",MARKS4459,Germany,South Africa,South Africa,6,2025,10,2025-10,2025-10-21,20251020,20251020,import,1,62472469.68,10200.13,kg,KG,TRATON SE,,[in full dataset],München,,www.traton.com,[in full dataset],Y,MAFEGO TRAILERS 4 HIRE (PTY) LTD,[in full dataset],GROBLERSDAL,,,,Y,TRATON SE,[in full dataset],,16677.1,16677.1,Hamburg,Durban,GROBLERSDAL,1,1,20.85,BARZAN,IMO5081630,SG,V795,946,ONEY,MBL,MAEU634351132,ONEY726543053,MSCU4280796,40HC,DRY,GP,FCL,CY/CY,Sinotrans,9404.54
Motorcycle,871130,,8711300090,7,"Motorcycles (including mopeds) and cycles; fitted with an auxiliary motor, internal combustion piston engine, of cylinder capacity exceeding 250cc but not exceeding 500cc, with or without side-cars; side-cars",MARKS7933,United States,South Africa,South Africa,8,2024,8,2024-08,2024-08-13,20240822,20240822,export,1,88526429,23997.5,kg,KG,"Uber Technologies, Inc.",,[in full dataset],San Francisco,,www.uber.com,[in full dataset],Y,VA VROOM VEHICLE REPLACEMENTS (PTY) LTD,[in full dataset],CENTURION,,,,N,"Uber Technologies, Inc.",[in full dataset],,11835.4,11835.4,"Charleston, SC",Ngqura,CENTURION,1,1,14.79,HYUNDAI LOYALTY,IMO1620297,LR,V481,511,HLCU,MBL,COSU736586726,HLCU192057120,BMOU1558180,40HC,FLAT RACK,HC,LCL,CFS/CFS,Expeditors,22139.27
Passenger car,870350,87035027,870350000,9,"Vehicles; with both compression-ignition internal combustion piston engine (diesel or semi-diesel) and electric motor for propulsion, incapable of being charged by plugging to external source of electric power",MARKS8740,Japan,South Africa,South Africa,5,2024,5,2024-05,2024-05-05,20240511,20240511,export,1,83476238.05,115926.71,kg,KG,"NEXTAGE CO., LTD.",,[in full dataset],NAGOYA,,www.nextage.jp/,[in full dataset],Y,HENRED FRUEHAUF (PTY) LTD,[in full dataset],BLOEMFONTEIN,,www.yep.co.za,[in full dataset],N,"NEXTAGE CO., LTD.",[in full dataset],,17907.1,17907.1,Yokohama,Durban,BLOEMFONTEIN,1,1,22.38,OOCL HONG KONG,IMO5332509,SG,V521,407,HMMU,MBL,COSU633459756,MSCU695412743,CAIU6016691,45HC,REEFER,HC,FCL,CFS/CFS,Sinotrans,101070.96
Bus / coach,870220,87022087,870220000,5,"Vehicles; public transport type (carries 10 or more persons, including driver), with both compression-ignition internal combustion piston engine (diesel or semi-diesel) and electric motor for propulsion, new or used",MARKS9499,Japan,South Africa,South Africa,9,2025,4,2025-04,2025-04-20,20250422,20250422,import,1,39790751.14,144364.67,kg,KG,SUBARU CORPORATION,,[in full dataset],SHIBUYA-KU,,www.subaru.co.jp/,[in full dataset],Y,2010 TRAILERS CC,[in full dataset],LENASIA,,,,Y,SUBARU CORPORATION,[in full dataset],,8702.3,8702.3,Tokyo,Cape Town,LENASIA,1,1,10.88,EVER GIVEN,IMO7384723,MH,V466,368,ONEY,MBL,YMLU274532111,MAEU949930428,GESU4003275,20GP,FLAT RACK,RF,FCL,CFS/CFS,Sinotrans,133615.5
Motorcycle,871190,87119090,87119099,7,"Motorcycles (including mopeds) and cycles; n.e.c. in heading no. 8711, fitted with auxiliary motor, with or without side-cars; side-cars",MARKS5570,India,South Africa,South Africa,8,2025,1,2025-01,2025-01-21,20250114,20250114,import,1,138535668.74,13885.54,kg,KG,VE COMMERCIAL VEHICLES LIMITED,,[in full dataset],Gurugram,,www.vecv.in,[in full dataset],Y,WHOLESALE AUTO DISTRIBUTION (PTY) LTD,[in full dataset],DURBAN,,,,Y,VE COMMERCIAL VEHICLES LIMITED,[in full dataset],,16381.4,16381.4,"Mundra, Gujarat",Cape Town,DURBAN,1,1,20.48,ONE APUS,IMO2235927,LR,V166,370,COSU,SWB,MAEU380985509,COSU728071960,TGHU5834257,45HC,TANK,RF,FCL,CY/CY,Nippon Express,12996.72
Goods vehicle (truck),870443,87044320,8704430000,7,"Vehicles; with both compression-ignition internal combustion piston engine (diesel/semi-diesel) and electric motors for propulsion, of a g.v.w. exceeding 20,000kg",MARKS3466,United States,South Africa,South Africa,9,2025,3,2025-03,2025-03-08,20250310,20250310,export,1,102845252,18013.27,kg,KG,"Assurant, Inc.",,[in full dataset],Atlanta,,www.assurant.com,[in full dataset],Y,SIYABULELA ELVIS MVANDABA TRAILERS BUILDING CC,[in full dataset],EERSTE RIVER,,,,Y,"Assurant, Inc.",[in full dataset],,16212.4,16212.4,"Savannah, GA",Ngqura,EERSTE RIVER,1,1,20.27,CMA CGM JULES VERNE,IMO1659644,SG,V703,378,HMMU,SWB,YMLU632284250,ONEY882593555,MSCU9338473,40HC,DRY,RF,FCL,CY/CY,DSV,16221.51
Motorcycle,871130,,87113010,5,"Motorcycles (including mopeds) and cycles; fitted with an auxiliary motor, internal combustion piston engine, of cylinder capacity exceeding 250cc but not exceeding 500cc, with or without side-cars; side-cars",MARKS5710,Germany,South Africa,South Africa,7,2024,9,2024-09,2024-09-13,20240925,20240925,export,1,204152907.56,59498.67,kg,KG,TRATON SE,,[in full dataset],München,,www.traton.com,[in full dataset],Y,CONTINENTAL TRAILERS (PTY) LTD,[in full dataset],CENTURION,,,,Y,TRATON SE,[in full dataset],,11398.5,11398.5,Wilhelmshaven,Cape Town,CENTURION,1,1,14.25,BARZAN,IMO6249984,PA,V167,36,OOLU,HBL,CMDU547736044,HLCU813759926,TCLU4891825,40GP,REEFER,GP,FCL,CFS/CFS,Bollore Logistics,56186.17
Goods vehicle (truck),870431,87043150,87043120,5,"Vehicles; with only spark-ignition internal combustion piston engine, for transport of goods, (of a g.v.w. not exceeding 5 tonnes), n.e.c. in item no 8704.1",MARKS9255,India,South Africa,South Africa,9,2024,5,2024-05,2024-05-01,20240502,20240502,import,1,121228598.04,22128.15,kg,KG,CHOWGULE INDUSTRIES PRIVATE LIMITED,,[in full dataset],Vasco Da Gama,,www.chowguleindustries.com,[in full dataset],Y,CONTINENTAL TRAILERS (PTY) LTD,[in full dataset],CENTURION,,,,Y,CHOWGULE INDUSTRIES PRIVATE LIMITED,[in full dataset],,12740.1,12740.1,Chennai,Cape Town,CENTURION,1,1,15.93,MSC OSCAR,IMO7310715,SG,V873,785,ZIMU,HBL,ONEY970292788,HLCU649578194,TGHU7553655,40HC,DRY,RF,LCL,CY/CY,Kuehne + Nagel,19459.25
Passenger car,870350,87035027,87035000,9,"Vehicles; with both compression-ignition internal combustion piston engine (diesel or semi-diesel) and electric motor for propulsion, incapable of being charged by plugging to external source of electric power",MARKS7222,Brazil,South Africa,South Africa,5,2025,4,2025-04,2025-04-04,20250406,20250406,export,1,25759863,19580.84,kg,KG,RODAC BARRA MANSA LTDA,,[in full dataset],BARRA MANSA,,,,Y,J -CAN TRAILERS AND PROJECTS (PTY) LTD,[in full dataset],PROTEA GLEN,,,,N,RODAC BARRA MANSA LTDA,[in full dataset],,9335.5,9335.5,Rio Grande,Ngqura,PROTEA GLEN,1,1,11.67,CSCL GLOBE,IMO1562722,PA,V217,830,HLCU,MBL,YMLU226786280,HLCU164106327,FCIU2947825,20GP,TANK,GP,LCL,CFS/CFS,Nippon Express,17620.75
Goods vehicle (truck),870432,87043290,8704329090,9,"Vehicles; with only spark-ignition internal combustion piston engine, for transport of goods, (of a g.v.w. exceeding 5 tonnes), n.e.c. in item no 8704.1",MARKS8199,South Korea,South Africa,South Africa,7,2024,12,2024-12,2024-12-09,20241226,20241226,import,1,12296824.7,21315.09,kg,KG,"K Car Co., Ltd.",,[in full dataset],Seoul,,www.kcar.com,[in full dataset],Y,REMO TRAILERS (PTY) LTD,[in full dataset],DURBANVILLE,,,,Y,"K Car Co., Ltd.",[in full dataset],,3379.4,3379.4,Incheon,Port Elizabeth,DURBANVILLE,1,1,4.22,APL MEXICO CITY,IMO8279494,PA,V338,484,MSCU,MBL,MAEU460189829,YMLU256535222,MSCU2916997,40GP,REEFER,HC,FCL,CY/CY,DSV,19662.71
Bus / coach,870210,87021087,87021019,9,"Vehicles; public transport type (carries 10 or more persons, including driver), with only compression-ignition internal combustion piston engine (diesel or semi-diesel), new or used",MARKS8822,Germany,South Africa,South Africa,8,2024,4,2024-04,2024-04-07,20240415,20240415,export,1,233343120.36,51758.03,kg,KG,Auktion & Markt AG,,[in full dataset],Wiesbaden,,www.auktion-markt.de,[in full dataset],Y,AMAZING TRAILERS CC,[in full dataset],AMANZIMTOTI,,,,Y,Auktion & Markt AG,[in full dataset],,15574.5,15574.5,Wilhelmshaven,Durban,AMANZIMTOTI,1,1,19.47,COSCO UNIVERSE,IMO3963762,MH,V643,871,COSU,SWB,COSU652452075,EGLV334684694,TCLU8197921,20GP,TANK,RF,LCL,CY/CFS,DB Schenker,49079.01
Bus / coach,870210,87021090,87021012,7,"Vehicles; public transport type (carries 10 or more persons, including driver), with only compression-ignition internal combustion piston engine (diesel or semi-diesel), new or used",MARKS5099,India,South Africa,South Africa,8,2024,6,2024-06,2024-06-26,20240616,20240616,import,1,104043179.49,543.67,kg,KG,SIVA AUTOMOTIVE TRADING PRIVATE LIMITED,,[in full dataset],Madurai,,,,Y,VENTER LEISURE AND COMMERCIAL TRAILERS LTD,[in full dataset],FLORIDA,,,,Y,SIVA AUTOMOTIVE TRADING PRIVATE LIMITED,[in full dataset],,15553.8,15553.8,Visakhapatnam,Durban,FLORIDA,1,1,19.44,YM WARRANTY,IMO6576028,MH,V523,871,MSCU,SWB,CMDU831017789,COSU179086164,FCIU7348454,20GP,DRY,HC,FCL,CY/CFS,Nippon Express,503.88
Bus / coach,870240,87024087,87024000,9,"Vehicles; public transport type (carries 10 or more persons, including driver), with only electric motor for propulsion, new or used",MARKS8383,Germany,South Africa,South Africa,6,2024,3,2024-03,2024-03-09,20240315,20240315,import,1,68948507.27,29441.14,kg,KG,Urlaubs- und Lohnausgleichskasse der Bauwirtschaft,,[in full dataset],Wiesbaden,,www.soka-bau.de,[in full dataset],Y,PHOENIX MARINE MANUFACTURING (PTY) LTD,[in full dataset],DASSENBERG,,www.phoenixcatamarans.com,[in full dataset],Y,Urlaubs- und Lohnausgleichskasse der Bauwirtschaft,[in full dataset],,24291.3,24291.3,Wilhelmshaven,Ngqura,DASSENBERG,1,1,30.36,HYUNDAI LOYALTY,IMO1957526,SG,V398,327,ZIMU,HBL,ONEY735180996,CMDU276085876,TCLU8392618,45HC,REEFER,HC,FCL,CY/CFS,DB Schenker,28021.07
Motorcycle,871130,,871130000,6,"Motorcycles (including mopeds) and cycles; fitted with an auxiliary motor, internal combustion piston engine, of cylinder capacity exceeding 250cc but not exceeding 500cc, with or without side-cars; side-cars",MARKS7150,Japan,South Africa,South Africa,9,2024,9,2024-09,2024-09-27,20240922,20240922,export,1,76313707.16,76762.92,kg,KG,"TACHI-S CO.,LTD.",,[in full dataset],OME,,www.tachi-s.co.jp/,[in full dataset],Y,BONGS TRAILERS (PTY) LTD,[in full dataset],EASTERN CAPE,,,,N,"TACHI-S CO.,LTD.",[in full dataset],,8788,8788,Nagoya,Cape Town,EASTERN CAPE,1,1,10.98,BARZAN,IMO7036557,LR,V383,635,YMLU,SWB,MSCU789193186,YMLU722945375,GESU4369326,45HC,TANK,GP,FCL,CFS/CFS,Expeditors,68683.63
Passenger car,870350,87035027,8703505210,8,"Vehicles; with both compression-ignition internal combustion piston engine (diesel or semi-diesel) and electric motor for propulsion, incapable of being charged by plugging to external source of electric power",MARKS2148,China,South Africa,South Africa,7,2024,2,2024-02,2024-02-22,20240217,20240217,import,1,104582441.49,213.17,kg,KG,"SAIC GM Wuling Automobile Co., Ltd.",,[in full dataset],Liuzhou,,www.sgmw.com.cn,[in full dataset],Y,POWER TRAILERS CC,[in full dataset],KUILS RIVER,,,,N,"SAIC GM Wuling Automobile Co., Ltd.",[in full dataset],,4917.3,4917.3,Shanghai,Ngqura,KUILS RIVER,1,1,6.15,OOCL HONG KONG,IMO7361988,LR,V618,671,CMDU,HBL,EGLV210853154,EGLV161250063,BMOU6045638,40GP,DRY,HC,FCL,CFS/CFS,Kuehne + Nagel,200
Motorcycle,871110,,87111090,5,"Motorcycles (including mopeds) and cycles; fitted with an auxiliary motor, with internal combustion piston engine of a cylinder capacity not exceeding 50cc, with or without side-cars; side-cars",MARKS5611,India,South Africa,South Africa,7,2025,7,2025-07,2025-07-12,20250716,20250716,import,1,174434082.38,1676.79,kg,KG,POPULAR VEHICLES & SERVICES SHOWROOM,,[in full dataset],Chennai,,www.popularv.com,[in full dataset],Y,FISHEAGLE CAMPERS AND TRAILERS CC,,,,,,Y,POPULAR VEHICLES & SERVICES SHOWROOM,,,13883.8,13883.8,Chennai,Cape Town,,1,1,17.35,MSC GULSUN,IMO7277130,MH,V747,690,APLU,MBL,MAEU308106302,ONEY125055397,TGHU6856307,40GP,FLAT RACK,HC,LCL,CY/CFS,Sinotrans,1489.41
Motorcycle,871130,,871130000,6,"Motorcycles (including mopeds) and cycles; fitted with an auxiliary motor, internal combustion piston engine, of cylinder capacity exceeding 250cc but not exceeding 500cc, with or without side-cars; side-cars",MARKS8807,Japan,South Africa,South Africa,9,2024,12,2024-12,2024-12-01,20241215,20241215,export,1,95872530.24,34347.84,kg,KG,"NEXTAGE CO., LTD.",,[in full dataset],NAGOYA,,www.nextage.jp/,[in full dataset],Y,BP AND NS TRADING (PTY) LTD,[in full dataset],TEMBISA,,,,Y,"NEXTAGE CO., LTD.",[in full dataset],,11730.3,11730.3,Osaka,Port Elizabeth,TEMBISA,1,1,14.66,EVER ACME,IMO7278071,MH,V324,956,MAEU,SWB,COSU753597503,ONEY749042718,TCLU3050584,20GP,TANK,HC,LCL,CFS/CFS,Yusen Logistics,31832.07
Goods vehicle (truck),870441,87044183,8704419100,5,"Vehicles; with both compression-ignition internal combustion piston engine (diesel/semi-diesel) and electric motor as motor for propulsion, unassembled as in section 14, (gvw not exceeding 5000kg), for the transport of goods, vans",MARKS7665,United Kingdom,South Africa,South Africa,6,2024,5,2024-05,2024-05-09,20240505,20240505,export,1,18745553.09,53535.1,kg,KG,MERCEDES-BENZ UK LIMITED,,[in full dataset],MILTON KEYNES,,www.mercedes-benz.co.uk,[in full dataset],Y,KMSA DISTRIBUTORS (PTY) LTD,[in full dataset],BRAMLEY,,www.kawasakisa.co.za,[in full dataset],Y,MERCEDES-BENZ UK LIMITED,[in full dataset],,22027.2,22027.2,London Gateway,Cape Town,BRAMLEY,1,1,27.53,BARZAN,IMO5896394,LR,V815,695,HMMU,SWB,HLCU811556723,MSCU344982997,FCIU9328456,40GP,OPEN TOP,RF,FCL,CFS/CFS,Nippon Express,47039.58
Passenger car,870323,87032390,87032310,5,"Vehicles; with only spark-ignition internal combustion reciprocating piston engine, cylinder capacity over 1500 but not over 3000cc",MARKS2933,India,South Africa,South Africa,6,2025,6,2025-06,2025-06-18,20250605,20250605,import,1,139345687.45,17126.25,kg,KG,MARUTI SUZUKI INDIA LIMITED,,[in full dataset],New Delhi,,www.marutisuzuki.com,[in full dataset],Y,TOP MOBILE KITCHEN TRAILERS (PTY) LTD,[in full dataset],PRETORIA,,www.topmobilekitchentrailers.co.za,[in full dataset],N,MARUTI SUZUKI INDIA LIMITED,[in full dataset],,8353.3,8353.3,"Mundra, Gujarat",Cape Town,PRETORIA,1,1,10.44,MADRID MAERSK,IMO2520003,SG,V168,620,OOLU,HBL,HLCU653092670,YMLU646601395,FCIU4328344,40HC,DRY,RF,LCL,CY/CFS,Sinotrans,15002.08
Passenger car,870332,87033227,8703322210,9,"Vehicles; with only compression-ignition internal combustion piston engine (diesel or semi-diesel), cylinder capacity over 1500 but not over 2500cc",MARKS4416,China,South Africa,South Africa,6,2025,3,2025-03,2025-03-23,20250309,20250309,import,1,135099309,386507.93,kg,KG,"HuaYu Automotive Systems Co.,Ltd",,[in full dataset],Shanghai,,www.hasco-group.com,[in full dataset],Y,ENGELBRECHT TRAILERS MARKETING CC,[in full dataset],CARLETONVILLE,,,,Y,"HuaYu Automotive Systems Co.,Ltd",[in full dataset],,796.5,796.5,Shanghai,Ngqura,CARLETONVILLE,1,1,1,MAERSK MOLLER,IMO3422033,PA,V171,577,APLU,MBL,MAEU874094982,HLCU492011956,GESU7207832,45HC,REEFER,RF,FCL,CY/CY,DB Schenker,353567.15
Bus / coach,870210,87021087,87021091,5,"Vehicles; public transport type (carries 10 or more persons, including driver), with only compression-ignition internal combustion piston engine (diesel or semi-diesel), new or used",MARKS5162,Germany,South Africa,South Africa,6,2025,7,2025-07,2025-07-20,20250726,20250726,export,1,273834861,22864.56,kg,KG,AUMOVIO SE,,[in full dataset],Frankfurt am Main,,www.aumovio.com,[in full dataset],N,BARKLY OOS MOTORS CC,[in full dataset],BLOEMFONTEIN,,,,Y,AUMOVIO SE,[in full dataset],,14849.4,14849.4,Hamburg,Cape Town,BLOEMFONTEIN,1,1,18.56,MSC GULSUN,IMO8090528,MH,V726,705,COSU,HBL,CMDU451198130,MSCU763767055,BMOU5630304,40GP,TANK,RF,LCL,CFS/CFS,Nippon Express,20922.31
Bus / coach,870230,87023087,87023010,6,"Vehicles; public transport type (carries 10 or more persons, including driver), with both compression-ignition internal combustion piston engine (diesel or semi-diesel) and electric motor for propulsion, new or used",MARKS4653,Germany,South Africa,South Africa,7,2025,7,2025-07,2025-07-23,20250709,20250709,import,1,91510253.49,59297.15,kg,KG,TRATON SE,,[in full dataset],München,,www.traton.com,[in full dataset],Y,2010 TRAILERS CC,[in full dataset],LENASIA,,,,Y,TRATON SE,[in full dataset],,18277.3,18277.3,Bremerhaven,Port Elizabeth,LENASIA,1,1,22.85,MSC GULSUN,IMO6958795,PA,V926,360,APLU,SWB,YMLU122142138,ONEY970828382,BMOU5605459,40HC,TANK,GP,FCL,CY/CFS,DHL Global Forwarding,52354.98
Passenger car,870380,87038090,8703801010,7,Vehicles; with only electric motor for propulsion,MARKS5570,China,South Africa,South Africa,7,2024,11,2024-11,2024-11-15,20241103,20241103,export,1,197148390,6308.44,kg,KG,"Guangzhou Automobile Group Co., Ltd.",,[in full dataset],Guangzhou,,www.gac.com.cn,[in full dataset],Y,MOUNT CURRIE TRACTORS CC,[in full dataset],KOKSTAD,,www.stihl.co.za,[in full dataset],Y,"Guangzhou Automobile Group Co., Ltd.",[in full dataset],,24517.6,24517.6,Tianjin,Port Elizabeth,KOKSTAD,1,1,30.65,COSCO UNIVERSE,IMO1731135,LR,V645,135,COSU,MBL,COSU199063618,MAEU232100778,TCLU7402726,20GP,OPEN TOP,RF,LCL,CFS/CFS,Yusen Logistics,5516.47
Motorcycle,871110,,8711100000,5,"Motorcycles (including mopeds) and cycles; fitted with an auxiliary motor, with internal combustion piston engine of a cylinder capacity not exceeding 50cc, with or without side-cars; side-cars",MARKS2490,United States,South Africa,South Africa,5,2025,12,2025-12,2025-12-21,20251212,20251212,export,1,94332250,55925.35,kg,KG,"AutoNation, Inc.",,[in full dataset],Fort Lauderdale,,www.autonation.com,[in full dataset],N,ERMELO COMMERCIAL VEHICLES (PTY) LTD,[in full dataset],ERMELO,,www.ettc.co.za,[in full dataset],Y,"AutoNation, Inc.",[in full dataset],,22082.8,22082.8,"Norfolk, VA",Ngqura,ERMELO,1,1,27.6,COSCO UNIVERSE,IMO5383686,SG,V425,324,APLU,SWB,EGLV951108300,ONEY185082601,TGHU2808402,40HC,TANK,HC,LCL,CY/CY,Expeditors,51505.42
Motorcycle,871150,,87115000,9,"Motorcycles (including mopeds) and cycles; fitted with auxiliary motor, with internal combustion piston engine of a cylinder capacity exceeding 800cc, with or without side-cars; side-cars",MARKS6849,India,South Africa,South Africa,9,2024,12,2024-12,2024-12-24,20241201,20241201,import,1,172022778.14,4481.9,kg,KG,PL HAULWEL TRAILERS LIMITED,,[in full dataset],Chennai,,www.haulwel.com,[in full dataset],Y,KEI BODIES (PTY) LTD,[in full dataset],QUEENSTOWN,,,,Y,PL HAULWEL TRAILERS LIMITED,[in full dataset],,3591.7,3591.7,Chennai,Durban,QUEENSTOWN,1,1,4.49,MOL TRIUMPH,IMO7964605,SG,V813,352,MAEU,MBL,COSU572364704,ONEY582777425,GESU4460956,45HC,FLAT RACK,GP,LCL,CY/CY,CEVA Logistics,4152.76
Passenger car,870390,87039025,87039000,9,Vehicles; for transport of persons (other than those of heading no. 8702) n.e.c. in heading no. 8703,MARKS6200,Germany,South Africa,South Africa,7,2024,5,2024-05,2024-05-19,20240513,20240513,export,1,210645396.46,8391.65,kg,KG,HUK-COBURG-Allgemeine Versicherung AG,,[in full dataset],Coburg,,www.huk.de,[in full dataset],N,A3 TRAILERS CC,[in full dataset],KROONSTAD,,,,Y,HUK-COBURG-Allgemeine Versicherung AG,[in full dataset],,15191.6,15191.6,Wilhelmshaven,Ngqura,KROONSTAD,1,1,18.99,YM WARRANTY,IMO9938704,SG,V890,719,APLU,HBL,EGLV571093205,CMDU976680263,FCIU3776977,45HC,REEFER,RF,FCL,CY/CFS,Bollore Logistics,7884.66
Bus / coach,870220,87022081,87022010,5,"Vehicles; public transport type (carries 10 or more persons, including driver), with both compression-ignition internal combustion piston engine (diesel or semi-diesel) and electric motor for propulsion, new or used",MARKS8061,Germany,South Africa,South Africa,5,2024,12,2024-12,2024-12-18,20241202,20241202,export,1,172077706.87,4630.59,kg,KG,Zusatzversorgungskasse des Baugewerbes AG (ZVK),,[in full dataset],Wiesbaden,,www.soka-bau.de,[in full dataset],Y,ELDORADO TRAILERS (PTY) LTD,[in full dataset],GAUTENG,,,,Y,Zusatzversorgungskasse des Baugewerbes AG (ZVK),[in full dataset],,24677.3,24677.3,Hamburg,Durban,GAUTENG,1,1,30.85,MOL TRIUMPH,IMO1902172,LR,V752,790,ZIMU,SWB,CMDU351446394,CMDU605583300,TGHU7183795,20GP,TANK,RF,FCL,CFS/CFS,Bollore Logistics,4316.25
Goods vehicle (truck),870460,87046005,,5,Vehicles; with only electric motor for propulsion,MARKS9773,India,South Africa,South Africa,6,2025,5,2025-05,2025-05-18,20250503,20250503,import,1,151263211,146473.88,kg,KG,MARUTI SUZUKI INDIA LIMITED,,[in full dataset],New Delhi,,www.marutisuzuki.com,[in full dataset],Y,ANDILE TRAILERS (PTY) LTD,[in full dataset],STRAND,,,,Y,MARUTI SUZUKI INDIA LIMITED,[in full dataset],,10759.7,10759.7,"Mundra, Gujarat",Cape Town,STRAND,1,1,13.45,HMM ALGECIRAS,IMO6224913,LR,V794,209,HLCU,SWB,YMLU689602720,COSU990993117,CAIU5696887,40HC,DRY,HC,FCL,CY/CY,DHL Global Forwarding,139264.46
Motorcycle,871190,87119020,87119001,8,"Motorcycles (including mopeds) and cycles; n.e.c. in heading no. 8711, fitted with auxiliary motor, with or without side-cars; side-cars",MARKS4860,Australia,South Africa,South Africa,6,2025,8,2025-08,2025-08-23,20250807,20250807,import,1,1254073.21,16526.31,kg,KG,AP INTERNATIONAL HOLDINGS PTY LTD,,[in full dataset],MELBOURNE,,,,Y,ZOOM ZOOM TRAILERS CC,[in full dataset],WITBANK,,,,Y,AP INTERNATIONAL HOLDINGS PTY LTD,[in full dataset],,7553.1,7553.1,Brisbane,Port Elizabeth,WITBANK,1,1,9.44,MOL TRIUMPH,IMO6536411,PA,V635,756,APLU,MBL,YMLU526767625,ONEY186555439,MSCU2630834,40HC,REEFER,GP,LCL,CY/CFS,Expeditors,15220.24
Passenger car,870323,87032325,87032311,7,"Vehicles; with only spark-ignition internal combustion reciprocating piston engine, cylinder capacity over 1500 but not over 3000cc",MARKS7801,Netherlands,South Africa,South Africa,5,2024,10,2024-10,2024-10-13,20241023,20241023,import,1,15391793.17,56697.64,kg,KG,Ingka Capital B.V.,,[in full dataset],Leiden,,,,Y,CKT TRAILERS AND 24X7 BREAKDOWN REPAIRS CC,[in full dataset],JOHANNESBURG,,www.ckttrailers.co.za,[in full dataset],Y,Ingka Capital B.V.,[in full dataset],,22305.6,22305.6,Rotterdam,Ngqura,JOHANNESBURG,1,1,27.88,COSCO UNIVERSE,IMO3689558,MH,V822,207,COSU,MBL,COSU786559095,YMLU110755185,FCIU9785556,20GP,DRY,RF,LCL,CFS/CFS,DSV,50780.53
Bus / coach,870210,87021081,87021091,8,"Vehicles; public transport type (carries 10 or more persons, including driver), with only compression-ignition internal combustion piston engine (diesel or semi-diesel), new or used",MARKS9123,India,South Africa,South Africa,7,2024,6,2024-06,2024-06-16,20240627,20240627,import,1,104043179.49,9814.36,kg,KG,MARUTI SUZUKI INDIA LIMITED,,[in full dataset],New Delhi,,www.marutisuzuki.com,[in full dataset],Y,MORGANS TRAILERS (PTY) LTD,[in full dataset],BEAUFORT WEST,,,,Y,MARUTI SUZUKI INDIA LIMITED,[in full dataset],,2615.6,2615.6,Tuticorin,Cape Town,BEAUFORT WEST,1,1,3.27,COSCO UNIVERSE,IMO1947768,SG,V497,318,OOLU,MBL,HLCU659296204,MSCU894347690,TGHU3927822,20GP,TANK,GP,FCL,CY/CFS,CEVA Logistics,9106.13
Goods vehicle (truck),870431,87043175,8704310000,9,"Vehicles; with only spark-ignition internal combustion piston engine, for transport of goods, (of a g.v.w. not exceeding 5 tonnes), n.e.c. in item no 8704.1",MARKS3773,China,South Africa,South Africa,7,2024,10,2024-10,2024-10-25,20241011,20241011,import,1,161759648.06,4503.04,kg,KG,"Rong Cheng Compaks New Energy Automobile Co., Ltd.",,[in full dataset],Weihai,,compaksrv.com,[in full dataset],Y,OMARS CYCLES WHOLESALERS (PTY) LTD,[in full dataset],JOHANNESBURG,,,,Y,"Rong Cheng Compaks New Energy Automobile Co., Ltd.",[in full dataset],,7268.1,7268.1,Xiamen,Ngqura,JOHANNESBURG,1,1,9.09,MSC OSCAR,IMO8724438,MH,V533,902,MAEU,MBL,CMDU547331327,MSCU894106824,TCLU8519026,20GP,OPEN TOP,GP,FCL,CY/CY,Expeditors,4116.81
Bus / coach,870230,87023081,8702301000,6,"Vehicles; public transport type (carries 10 or more persons, including driver), with both compression-ignition internal combustion piston engine (diesel or semi-diesel) and electric motor for propulsion, new or used",MARKS1383,China,South Africa,South Africa,7,2024,7,2024-07,2024-07-23,20240715,20240715,import,1,120673042.14,80767.94,kg,KG,"HuaYu Automotive Systems Co.,Ltd",,[in full dataset],Shanghai,,www.hasco-group.com,[in full dataset],Y,KMSA DISTRIBUTORS (PTY) LTD,[in full dataset],BRAMLEY,,www.kawasakisa.co.za,[in full dataset],Y,"HuaYu Automotive Systems Co.,Ltd",[in full dataset],,11408.1,11408.1,Yingkou,Durban,BRAMLEY,1,1,14.26,MADRID MAERSK,IMO5236757,SG,V212,807,COSU,MBL,MAEU251967998,CMDU130236259,BMOU6356333,40GP,REEFER,RF,FCL,CY/CY,Nippon Express,74238.08
Bus / coach,870220,87022087,,7,"Vehicles; public transport type (carries 10 or more persons, including driver), with both compression-ignition internal combustion piston engine (diesel or semi-diesel) and electric motor for propulsion, new or used",MARKS7352,India,South Africa,South Africa,6,2025,11,2025-11,2025-11-26,20251104,20251104,import,1,181286605.32,28472.54,kg,KG,TATA MOTORS PASSENGER VEHICLES LIMITED,,[in full dataset],Mumbai,,www.tatamotors.com,[in full dataset],Y,DIRO TRAILERS AND GENERAL SERVICES (PTY) LTD,[in full dataset],EERSTE RIVER,,,,Y,TATA MOTORS PASSENGER VEHICLES LIMITED,[in full dataset],,5730.6,5730.6,Chennai,Cape Town,EERSTE RIVER,1,1,7.16,EVER ACME,IMO9321863,LR,V687,720,ONEY,SWB,MSCU611620021,EGLV486587123,BMOU1056381,20GP,FLAT RACK,GP,LCL,CY/CY,CEVA Logistics,26589.75
Passenger car,870322,87032290,870322000,7,"Vehicles; with only spark-ignition internal combustion piston engine, cylinder capacity over 1000 but not over 1500cc",MARKS3919,Japan,South Africa,South Africa,9,2024,10,2024-10,2024-10-02,20241008,20241008,export,1,78553814.56,62582.04,kg,KG,SUBARU CORPORATION,,[in full dataset],SHIBUYA-KU,,www.subaru.co.jp/,[in full dataset],Y,A W E TRAILERS CC,[in full dataset],JOHANNESBURG,,,,Y,SUBARU CORPORATION,[in full dataset],,1877,1877,Tokyo,Ngqura,JOHANNESBURG,1,1,2.35,HYUNDAI LOYALTY,IMO2386353,SG,V109,545,MAEU,HBL,HLCU278834124,MAEU976493270,BMOU6777354,20GP,DRY,HC,LCL,CY/CY,DSV,58102.95
Passenger car,870340,87034027,8703403310,6,"Vehicles; with both spark-ignition internal combustion piston engine and electric motor for propulsion, incapable of being charged by plugging to external source of electric power",MARKS5983,China,South Africa,South Africa,8,2024,10,2024-10,2024-10-24,20241012,20241012,import,1,161759648.06,7569.78,kg,KG,"Faw-Volkswagen Automotive Co., Ltd.",,[in full dataset],Changchun,,www.audi.cn,[in full dataset],Y,MOBILE SPECIALISED TECHNOLOGIES SUPPORT SOLUTIONS (PTY) LTD,[in full dataset],MILNERTON,,www.guudmobility.com,[in full dataset],N,"Faw-Volkswagen Automotive Co., Ltd.",[in full dataset],,6391.6,6391.6,Yingkou,Port Elizabeth,MILNERTON,1,1,7.99,EVER GIVEN,IMO5477551,PA,V876,102,ZIMU,HBL,HLCU633520516,EGLV295033445,TCLU6931883,40GP,TANK,GP,LCL,CFS/CFS,CEVA Logistics,7142.84
Goods vehicle (truck),870432,87043290,8704323000,7,"Vehicles; with only spark-ignition internal combustion piston engine, for transport of goods, (of a g.v.w. exceeding 5 tonnes), n.e.c. in item no 8704.1",MARKS5783,China,South Africa,South Africa,7,2025,8,2025-08,2025-08-19,20250825,20250825,import,1,185088790.3,3424.36,kg,KG,"Zhejiang Zhongtai Car Sales Co., Ltd.",,[in full dataset],Jinhua,,,,Y,J. T. TRAILERS (PTY) LTD,[in full dataset],Johannesburg,,,,Y,"Zhejiang Zhongtai Car Sales Co., Ltd.",[in full dataset],,12128.1,12128.1,Yingkou,Durban,Johannesburg,1,1,15.16,MSC OSCAR,IMO6917972,SG,V849,629,CMDU,HBL,MAEU650096605,MAEU877496100,FCIU8900632,40GP,OPEN TOP,HC,FCL,CFS/CFS,Kuehne + Nagel,3087.41
Passenger car,870321,87032127,87032139,7,"Vehicles; with only spark-ignition internal combustion piston engine, cylinder capacity not over 1000cc",MARKS8021,Thailand,South Africa,South Africa,5,2024,10,2024-10,2024-10-03,20241013,20241013,import,1,37140737.82,56222.27,kg,KG,PTT OIL AND RETAIL BUSINESS PUBLIC COMPANY LIMITED,,[in full dataset],CHATUCHAK,,www.pttor.com,[in full dataset],Y,JOSEPH BODIES CC,[in full dataset],ALBERTON,,,,Y,PTT OIL AND RETAIL BUSINESS PUBLIC COMPANY LIMITED,[in full dataset],,23476.1,23476.1,Bangkok,Durban,ALBERTON,1,1,29.35,MAERSK MOLLER,IMO8346242,PA,V929,852,CMDU,MBL,MSCU906388615,ONEY104006469,BMOU4134435,20GP,TANK,RF,FCL,CFS/CFS,DB Schenker,50046.34
Bus / coach,870290,87029081,87029019,5,"Vehicles; public transport type (carries 10 or more persons, including driver), n.e.c. in heading 8702, new or used",MARKS6958,Germany,South Africa,South Africa,5,2025,8,2025-08,2025-08-08,20250804,20250804,import,1,124901025.26,39637.66,kg,KG,TRATON SE,,[in full dataset],München,,www.traton.com,[in full dataset],Y,BAM TRAILER SOLUTIONS (PTY) LTD,[in full dataset],BENONI,,,,N,TRATON SE,[in full dataset],,15987.2,15987.2,Wilhelmshaven,Ngqura,BENONI,1,1,19.98,CMA CGM JULES VERNE,IMO8638048,PA,V935,707,ONEY,HBL,COSU515045234,CMDU488971241,BMOU7704384,40GP,OPEN TOP,RF,LCL,CY/CY,DB Schenker,35767.43
Passenger car,870370,87037027,87037000,5,"Vehicles; with both compression-ignition internal combustion piston engine (diesel or semi-diesel) and electric motor for propulsion, capable of being charged by plugging to external source of electric power",MARKS1161,Germany,South Africa,South Africa,7,2025,10,2025-10,2025-10-01,20251015,20251015,export,1,125868331.42,16762.87,kg,KG,Urlaubs- und Lohnausgleichskasse der Bauwirtschaft,,[in full dataset],Wiesbaden,,www.soka-bau.de,[in full dataset],Y,LEADER TRAILER BODIES (PTY) LTD,[in full dataset],BRAKPAN,,,,Y,Urlaubs- und Lohnausgleichskasse der Bauwirtschaft,[in full dataset],,6256.8,6256.8,Wilhelmshaven,Cape Town,BRAKPAN,1,1,7.82,MAERSK MOLLER,IMO9826186,SG,V456,881,ZIMU,MBL,EGLV115670177,MAEU172984540,GESU8587349,45HC,OPEN TOP,RF,FCL,CY/CY,DHL Global Forwarding,15164.52
Motorcycle,871120,87112090,87112029,6,"Motorcycles (including mopeds) and cycles; fitted with an auxiliary motor, internal combustion piston engine, of cylinder capacity exceeding 50cc but not exceeding 250cc, with or without side-cars; side-cars",MARKS8038,India,South Africa,South Africa,8,2024,9,2024-09,2024-09-21,20240902,20240902,import,1,165843363.37,63375.29,kg,KG,MARUTI SUZUKI INDIA LIMITED,,[in full dataset],New Delhi,,www.marutisuzuki.com,[in full dataset],Y,BEB MOTORS (PTY) LTD,[in full dataset],HUMANSDORP,,www.algoanissan.co.za,[in full dataset],Y,MARUTI SUZUKI INDIA LIMITED,[in full dataset],,13301,13301,Visakhapatnam,Durban,HUMANSDORP,1,1,16.63,HMM ALGECIRAS,IMO2141557,LR,V106,243,HMMU,MBL,HLCU869274433,ONEY746994871,TGHU8763863,20GP,REEFER,RF,LCL,CY/CY,Nippon Express,58161.43
Passenger car,870380,87038031,87038010,8,Vehicles; with only electric motor for propulsion,MARKS9850,Italy,South Africa,South Africa,7,2025,5,2025-05,2025-05-15,20250504,20250504,export,1,13838238.84,6186.4,kg,KG,STABILUS GMBH,,[in full dataset],PINEROLO,,,,Y,GHH MINING VEHICLES 2000 (PTY) LTD,[in full dataset],Johannesburg,,,,Y,STABILUS GMBH,[in full dataset],,8452.9,8452.9,La Spezia,Ngqura,Johannesburg,1,1,10.57,APL MEXICO CITY,IMO8712510,PA,V787,139,HLCU,HBL,COSU589298897,CMDU801109005,GESU4939243,40HC,TANK,GP,LCL,CY/CFS,Sinotrans,5435.23
Motorcycle,871190,87119030,87119000,5,"Motorcycles (including mopeds) and cycles; n.e.c. in heading no. 8711, fitted with auxiliary motor, with or without side-cars; side-cars",MARKS2678,Germany,South Africa,South Africa,8,2025,9,2025-09,2025-09-09,20250921,20250921,export,1,222046179.26,7805.76,kg,KG,AUMOVIO SE,,[in full dataset],Frankfurt am Main,,www.aumovio.com,[in full dataset],Y,LINDEN CYCLES (PTY) LTD,[in full dataset],JOHANNESBURG,,,,Y,AUMOVIO SE,[in full dataset],,15341,15341,Bremerhaven,Port Elizabeth,JOHANNESBURG,1,1,19.18,YM WARRANTY,IMO5048636,SG,V645,157,ZIMU,SWB,MSCU238683430,YMLU159006006,TCLU7435148,40GP,OPEN TOP,HC,FCL,CFS/CFS,Expeditors,7316.52
Passenger car,870332,87033225,87033276,8,"Vehicles; with only compression-ignition internal combustion piston engine (diesel or semi-diesel), cylinder capacity over 1500 but not over 2500cc",MARKS3770,Thailand,South Africa,South Africa,7,2025,2,2025-02,2025-02-19,20250203,20250203,export,1,79524262.39,64889.32,kg,KG,PTT OIL AND RETAIL BUSINESS PUBLIC COMPANY LIMITED,,[in full dataset],CHATUCHAK,,www.pttor.com,[in full dataset],N,AMAZING TRAILERS CC,[in full dataset],AMANZIMTOTI,,,,Y,PTT OIL AND RETAIL BUSINESS PUBLIC COMPANY LIMITED,[in full dataset],,20949.5,20949.5,Laem Chabang,Ngqura,AMANZIMTOTI,1,1,26.19,MSC GULSUN,IMO5868633,MH,V888,85,EGLV,MBL,YMLU589842881,COSU366603087,TCLU1431652,40HC,TANK,HC,LCL,CY/CY,Nippon Express,57244.55
Bus / coach,870230,87023081,87023010,9,"Vehicles; public transport type (carries 10 or more persons, including driver), with both compression-ignition internal combustion piston engine (diesel or semi-diesel) and electric motor for propulsion, new or used",MARKS4773,Germany,South Africa,South Africa,8,2024,6,2024-06,2024-06-07,20240618,20240618,export,1,167835062.46,9059.88,kg,KG,"VOLKSWAGEN GROUP Original Teile Logistik, Vertrieb & Services GmbH",,[in full dataset],Baunatal,,www.volkswagen-otlg.de,[in full dataset],N,TEE TRAILERS (PTY) LTD,[in full dataset],Johannesburg,,,,N,"VOLKSWAGEN GROUP Original Teile Logistik, Vertrieb & Services GmbH",[in full dataset],,17247.5,17247.5,Bremerhaven,Durban,Johannesburg,1,1,21.56,EVER GIVEN,IMO4256522,LR,V869,576,COSU,MBL,COSU709376241,ONEY679194850,FCIU5995253,40HC,REEFER,RF,LCL,CY/CY,CEVA Logistics,8547.9
Bus / coach,870220,87022087,87022071,9,"Vehicles; public transport type (carries 10 or more persons, including driver), with both compression-ignition internal combustion piston engine (diesel or semi-diesel) and electric motor for propulsion, new or used",MARKS9478,Thailand,South Africa,South Africa,5,2024,5,2024-05,2024-05-11,20240523,20240523,export,1,90090987.89,2474.17,kg,KG,ISUZU SIAM CITY COMPANY LIMITED,,[in full dataset],CHATUCHAK,,www.isuzusiamcity.com,[in full dataset],Y,BONGS TRAILERS (PTY) LTD,[in full dataset],EASTERN CAPE,,,,N,ISUZU SIAM CITY COMPANY LIMITED,[in full dataset],,11763,11763,Laem Chabang,Port Elizabeth,EASTERN CAPE,1,1,14.7,CSCL GLOBE,IMO4396593,MH,V365,589,HLCU,HBL,YMLU566463387,ONEY719434098,GESU3768608,45HC,REEFER,GP,LCL,CY/CY,Bollore Logistics,2155
Goods vehicle (truck),870452,87045290,87045210,9,"Vehicles; with both spark-ignition internal combustion piston engine and electric motors for propulsion, of a g.v.w. exceeding 5,000kg",MARKS6109,Germany,South Africa,South Africa,8,2024,1,2024-01,2024-01-17,20240117,20240117,export,1,217705228.33,8542.87,kg,KG,TRATON SE,,[in full dataset],München,,www.traton.com,[in full dataset],Y,2010 TRAILERS CC,[in full dataset],LENASIA,,,,Y,TRATON SE,[in full dataset],,11785.9,11785.9,Bremerhaven,Cape Town,LENASIA,1,1,14.73,YM WARRANTY,IMO4001811,SG,V701,59,OOLU,HBL,YMLU324759066,MAEU753696601,TCLU8707216,40GP,REEFER,HC,LCL,CY/CFS,Kuehne + Nagel,7719.56
Motorcycle,871160,,87116090,5,"Motorcycles (including mopeds) and cycles; fitted with auxiliary motor, with electric motor for propulsion, with or without side-cars; side-cars",MARKS4341,Germany,South Africa,South Africa,5,2025,5,2025-05,2025-05-24,20250512,20250512,import,1,75001273.6,37552.79,kg,KG,AUMOVIO SE,,[in full dataset],Frankfurt am Main,,www.aumovio.com,[in full dataset],Y,STRIKER TRAILERS (PTY) LTD,[in full dataset],BOKSBURG,,,,Y,AUMOVIO SE,[in full dataset],,816.4,816.4,Hamburg,Ngqura,BOKSBURG,1,1,1.02,MAERSK MOLLER,IMO4232483,PA,V987,154,ONEY,SWB,EGLV146520411,MAEU207000300,TGHU8011009,20GP,OPEN TOP,GP,FCL,CY/CFS,Nippon Express,32807.46
Bus / coach,870290,87029090,87029019,5,"Vehicles; public transport type (carries 10 or more persons, including driver), n.e.c. in heading 8702, new or used",MARKS7553,Germany,South Africa,South Africa,8,2025,6,2025-06,2025-06-08,20250617,20250617,export,1,204041644.64,98994.24,kg,KG,TRATON SE,,[in full dataset],München,,www.traton.com,[in full dataset],Y,SIYABULELA ELVIS MVANDABA TRAILERS BUILDING CC,[in full dataset],EERSTE RIVER,,,,Y,TRATON SE,[in full dataset],,2008,2008,Bremerhaven,Ngqura,EERSTE RIVER,1,1,2.51,CSCL GLOBE,IMO3931223,LR,V623,959,EGLV,SWB,EGLV220785740,CMDU226217366,TCLU9710760,40GP,REEFER,RF,FCL,CY/CFS,DB Schenker,89068.2
Bus / coach,870290,87029090,8702902090,9,"Vehicles; public transport type (carries 10 or more persons, including driver), n.e.c. in heading 8702, new or used",MARKS5947,China,South Africa,South Africa,7,2024,11,2024-11,2024-11-03,20241120,20241120,export,1,197148390,100864.92,kg,KG,"Ningbo Jifeng Auto Parts Co., Ltd.",,[in full dataset],Ningbo,,www.nb-jf.com,[in full dataset],Y,ICECOLD BODIES MARKETING CC,[in full dataset],BOKSBURG,,www.icecoldgrp.co.za,[in full dataset],Y,"Ningbo Jifeng Auto Parts Co., Ltd.",[in full dataset],,18569.5,18569.5,Tianjin,Durban,BOKSBURG,1,1,23.21,YM WARRANTY,IMO5689280,SG,V224,325,EGLV,MBL,HLCU501579479,YMLU886650073,BMOU3031924,45HC,FLAT RACK,RF,LCL,CFS/CFS,Sinotrans,87841.79
Motorcycle,871150,,87115000,5,"Motorcycles (including mopeds) and cycles; fitted with auxiliary motor, with internal combustion piston engine of a cylinder capacity exceeding 800cc, with or without side-cars; side-cars",MARKS7917,Germany,South Africa,South Africa,6,2024,7,2024-07,2024-07-11,20240718,20240718,export,1,195764819.85,124651.74,kg,KG,Adient Germany Ltd. & Co. KG,,[in full dataset],Burscheid,,www.adient.com,[in full dataset],Y,VA VROOM VEHICLE REPLACEMENTS (PTY) LTD,[in full dataset],CENTURION,,,,N,Adient Germany Ltd. & Co. KG,[in full dataset],,14612.7,14612.7,Wilhelmshaven,Ngqura,CENTURION,1,1,18.27,MOL TRIUMPH,IMO2423419,MH,V427,54,COSU,SWB,MSCU717190486,YMLU748576242,MSCU9335092,45HC,FLAT RACK,GP,LCL,CFS/CFS,Nippon Express,115744.45
Passenger car,870350,87035090,87035000,9,"Vehicles; with both compression-ignition internal combustion piston engine (diesel or semi-diesel) and electric motor for propulsion, incapable of being charged by plugging to external source of electric power",MARKS1272,Germany,South Africa,South Africa,8,2024,9,2024-09,2024-09-01,20240911,20240911,export,1,204152907.56,101545.34,kg,KG,Rheinmetall Automotive AG,,[in full dataset],Neckarsulm,,www.rheinmetall.com,[in full dataset],Y,MINE SAFETY VEHICLES (PTY) LTD,[in full dataset],ALBERTON,,www.minesafetyvehicles.co.za,[in full dataset],Y,Rheinmetall Automotive AG,[in full dataset],,7988.6,7988.6,Bremerhaven,Durban,ALBERTON,1,1,9.99,CSCL GLOBE,IMO3832079,LR,V305,734,HMMU,HBL,YMLU196066041,YMLU160559452,GESU7726014,40HC,DRY,HC,FCL,CY/CY,Nippon Express,91470.19
Goods vehicle (truck),870460,87046005,8704600000,9,Vehicles; with only electric motor for propulsion,MARKS4753,China,South Africa,South Africa,9,2024,2,2024-02,2024-02-18,20240213,20240213,import,1,104582441.49,24317.26,kg,KG,"Loong Run (HeYuan) Toy Co., Ltd.",,[in full dataset],Heyuan,,,,Y,TOP TRAILERS (PTY) LTD,[in full dataset],JOHANNESBURG,,www.toptrailers.co.za,[in full dataset],Y,"Loong Run (HeYuan) Toy Co., Ltd.",[in full dataset],,2290.6,2290.6,Guangzhou,Cape Town,JOHANNESBURG,1,1,2.86,APL MEXICO CITY,IMO1055509,MH,V391,278,ZIMU,MBL,MSCU232714209,ONEY208854705,CAIU1032234,20GP,TANK,RF,FCL,CY/CY,DSV,21968.75
Goods vehicle (truck),870443,87044320,8704430000,7,"Vehicles; with both compression-ignition internal combustion piston engine (diesel/semi-diesel) and electric motors for propulsion, of a g.v.w. exceeding 20,000kg",MARKS6120,China,South Africa,South Africa,6,2024,5,2024-05,2024-05-05,20240516,20240516,import,1,107233896.88,187641.12,kg,KG,"Anhui Jianghuai Automobile Group Corp., Ltd.",,[in full dataset],Hefei,,www.jac.com.cn,[in full dataset],Y,HENRED FRUEHAUF (PTY) LTD,[in full dataset],BLOEMFONTEIN,,www.yep.co.za,[in full dataset],Y,"Anhui Jianghuai Automobile Group Corp., Ltd.",[in full dataset],,10201.3,10201.3,Ningbo-Zhoushan,Ngqura,BLOEMFONTEIN,1,1,12.75,APL MEXICO CITY,IMO6642479,MH,V182,255,OOLU,SWB,YMLU325586338,YMLU109075027,FCIU9410563,45HC,REEFER,HC,FCL,CY/CY,Nippon Express,168291.11
Bus / coach,870220,87022087,87022039,5,"Vehicles; public transport type (carries 10 or more persons, including driver), with both compression-ignition internal combustion piston engine (diesel or semi-diesel) and electric motor for propulsion, new or used",MARKS9709,Thailand,South Africa,South Africa,5,2025,1,2025-01,2025-01-16,20250124,20250124,export,1,67164217.81,57896.03,kg,KG,BANGCHAK CORPORATION PUBLIC COMPANY LIMITED,,[in full dataset],PHRA KHANONG,,www.bangchak.co.th,[in full dataset],Y,WE BUY CARS (PTY) LTD,[in full dataset],CENTURION,,www.webuycars.co.za,[in full dataset],Y,BANGCHAK CORPORATION PUBLIC COMPANY LIMITED,[in full dataset],,7340.1,7340.1,Laem Chabang,Port Elizabeth,CENTURION,1,1,9.18,OOCL HONG KONG,IMO3991341,LR,V258,812,HLCU,MBL,HLCU946053791,EGLV103561940,GESU2889624,40GP,DRY,GP,LCL,CFS/CFS,Kuehne + Nagel,54690.06
Goods vehicle (truck),870460,87046005,87046000,7,Vehicles; with only electric motor for propulsion,MARKS3724,Slovakia,South Africa,South Africa,5,2024,8,2024-08,2024-08-21,20240809,20240809,import,1,17165741.01,55479.71,kg,KG,Faurecia Automotive Slovakia s.r.o.,,[in full dataset],Bratislava,,,,Y,ROYAL TRUCK BODIES S A (PTY) LTD,[in full dataset],RANDBURG,,www.royaltruck.co.za,[in full dataset],Y,Faurecia Automotive Slovakia s.r.o.,[in full dataset],,7260.5,7260.5,Main Container Port,Durban,RANDBURG,1,1,9.08,MSC GULSUN,IMO6238065,SG,V226,68,YMLU,SWB,MSCU801105527,YMLU907364583,TCLU6136135,20GP,TANK,RF,FCL,CFS/CFS,CEVA Logistics,49666.08
Passenger car,870331,87033127,87033110,5,"Vehicles; with only compression-ignition internal combustion piston engine (diesel or semi-diesel), cylinder capacity not over 1500cc",MARKS7250,Spain,South Africa,South Africa,6,2025,6,2025-06,2025-06-02,20250610,20250610,import,1,52702145.03,15749.63,kg,KG,AUTOHERO PLUS SPAIN SL.,,[in full dataset],MADRID,,www.autohero.com,[in full dataset],Y,HENRED FRUEHAUF (PTY) LTD,[in full dataset],BLOEMFONTEIN,,www.yep.co.za,[in full dataset],Y,AUTOHERO PLUS SPAIN SL.,[in full dataset],,16391.5,16391.5,Algeciras,Durban,BLOEMFONTEIN,1,1,20.49,COSCO UNIVERSE,IMO3388198,PA,V344,303,CMDU,SWB,CMDU318037733,CMDU559647347,TGHU9669943,20GP,TANK,HC,FCL,CFS/CFS,DHL Global Forwarding,14185.97
Goods vehicle (truck),870443,87044310,87044310,9,"Vehicles; with both compression-ignition internal combustion piston engine (diesel/semi-diesel) and electric motors for propulsion, of a g.v.w. exceeding 20,000kg",MARKS9156,Spain,South Africa,South Africa,8,2025,7,2025-07,2025-07-24,20250711,20250711,export,1,34265115.05,74582.82,kg,KG,PLACAS DE PIEZAS Y COMPONENTES DE RECAMBIO SA.,,[in full dataset],MADRID,,ppcr.psaretail.es,[in full dataset],Y,KMSA DISTRIBUTORS (PTY) LTD,[in full dataset],BRAMLEY,,www.kawasakisa.co.za,[in full dataset],N,PLACAS DE PIEZAS Y COMPONENTES DE RECAMBIO SA.,[in full dataset],,7254,7254,Algeciras,Ngqura,BRAMLEY,1,1,9.07,MSC GULSUN,IMO4631426,PA,V317,898,ZIMU,MBL,MAEU582834760,HLCU402760447,TGHU5325024,45HC,REEFER,GP,FCL,CY/CY,CEVA Logistics,68559.43
Passenger car,870370,87037027,87037000,9,"Vehicles; with both compression-ignition internal combustion piston engine (diesel or semi-diesel) and electric motor for propulsion, capable of being charged by plugging to external source of electric power",MARKS2956,Germany,South Africa,South Africa,9,2025,5,2025-05,2025-05-01,20250505,20250505,export,1,212242282.66,2497.76,kg,KG,WINKELMANN GROUP GMBH & CO. KG,,[in full dataset],Ahlen,,www.winkelmann-group.com,[in full dataset],Y,LS GROUP MOTOR DIVISION (PTY) LTD,[in full dataset],WELKOM,,www.kiamotors.co.za,[in full dataset],N,WINKELMANN GROUP GMBH & CO. KG,[in full dataset],,7282.6,7282.6,Wilhelmshaven,Ngqura,WELKOM,1,1,9.1,YM WARRANTY,IMO2887762,MH,V207,518,MSCU,MBL,YMLU351842499,YMLU772091309,CAIU4231497,20GP,OPEN TOP,GP,FCL,CFS/CFS,Bollore Logistics,2255.1
Passenger car,870332,87033227,87033220,6,"Vehicles; with only compression-ignition internal combustion piston engine (diesel or semi-diesel), cylinder capacity over 1500 but not over 2500cc",MARKS5122,India,South Africa,South Africa,5,2025,3,2025-03,2025-03-21,20250315,20250315,import,1,153838500.83,285.76,kg,KG,TATA MOTORS PASSENGER VEHICLES LIMITED,,[in full dataset],Mumbai,,www.tatamotors.com,[in full dataset],Y,BP AND NS SOLUTIONS AND DEALERS (PTY) LTD,[in full dataset],GAUTENG,,,,Y,TATA MOTORS PASSENGER VEHICLES LIMITED,[in full dataset],,2022.5,2022.5,Kolkata,Port Elizabeth,GAUTENG,1,1,2.53,CMA CGM JULES VERNE,IMO1229856,LR,V735,440,OOLU,MBL,COSU922856536,YMLU821291552,TGHU2012482,45HC,DRY,RF,LCL,CFS/CFS,Kuehne + Nagel,269.66
Goods vehicle (truck),870432,87043210,87043230,6,"Vehicles; with only spark-ignition internal combustion piston engine, for transport of goods, (of a g.v.w. exceeding 5 tonnes), n.e.c. in item no 8704.1",MARKS4456,Brazil,South Africa,South Africa,5,2024,4,2024-04,2024-04-10,20240417,20240417,export,1,33407786,12409.34,kg,KG,DM ADMINISTRACAO E PARTICIPACOES SA,,[in full dataset],CERQUILHO,,,,Y,S A TRUCK BODIES (PTY) LTD,[in full dataset],BLOEMFONTEIN,,www.satruckbodies.co.za,[in full dataset],Y,DM ADMINISTRACAO E PARTICIPACOES SA,[in full dataset],,14714.2,14714.2,Itajai,Port Elizabeth,BLOEMFONTEIN,1,1,18.39,HYUNDAI LOYALTY,IMO6000285,LR,V378,773,ZIMU,MBL,EGLV983335640,EGLV332993907,MSCU8420774,20GP,OPEN TOP,GP,FCL,CY/CFS,DHL Global Forwarding,11265.37
Bus / coach,870220,87022010,8702203100,8,"Vehicles; public transport type (carries 10 or more persons, including driver), with both compression-ignition internal combustion piston engine (diesel or semi-diesel) and electric motor for propulsion, new or used",MARKS7597,United States,South Africa,South Africa,5,2024,1,2024-01,2024-01-16,20240127,20240127,export,1,80393662,228890.39,kg,KG,The Progressive Corporation,,[in full dataset],Mayfield Village,,www.progressive.com,[in full dataset],Y,A3 TRAILERS CC,[in full dataset],KROONSTAD,,,,Y,The Progressive Corporation,[in full dataset],,23292.5,23292.5,"Long Beach, CA",Port Elizabeth,KROONSTAD,1,1,29.12,OOCL HONG KONG,IMO2509579,MH,V268,170,MAEU,HBL,MAEU611249878,YMLU230638521,CAIU2910342,40GP,REEFER,RF,FCL,CY/CY,Sinotrans,201337.87
Motorcycle,871120,87112090,8711204000,6,"Motorcycles (including mopeds) and cycles; fitted with an auxiliary motor, internal combustion piston engine, of cylinder capacity exceeding 50cc but not exceeding 250cc, with or without side-cars; side-cars",MARKS9878,China,South Africa,South Africa,9,2025,1,2025-01,2025-01-13,20250116,20250116,import,1,153370049.76,47772.97,kg,KG,"Chery Automobile Co., Ltd.",,[in full dataset],Wuhu,,www.chery.cn,[in full dataset],Y,PERFORMANCE TRAILERS CC,[in full dataset],JOHANNESBURG,,www.matrixglobalsa.com,[in full dataset],Y,"Chery Automobile Co., Ltd.",[in full dataset],,17321.8,17321.8,Qingdao,Cape Town,JOHANNESBURG,1,1,21.65,ONE APUS,IMO4968063,SG,V866,102,HLCU,HBL,CMDU382956213,EGLV452286231,MSCU9634626,45HC,FLAT RACK,HC,FCL,CY/CY,CEVA Logistics,44904.92
Bus / coach,870220,87022090,87022010,7,"Vehicles; public transport type (carries 10 or more persons, including driver), with both compression-ignition internal combustion piston engine (diesel or semi-diesel) and electric motor for propulsion, new or used",MARKS1182,Spain,South Africa,South Africa,6,2025,8,2025-08,2025-08-03,20250808,20250808,import,1,26688369.38,5375.57,kg,KG,CLASSIC CARS DEL SUR SOCIEDAD LIMITADA.,,[in full dataset],ALCALA DE GUADAIRA,,www.grupoconcesur.es,[in full dataset],Y,BLACKSELVIN VEHICLE COSMETIC ENHANCEMENT TECHNICIAN (PTY) LTD,[in full dataset],CHATSWORTH,,,,Y,CLASSIC CARS DEL SUR SOCIEDAD LIMITADA.,[in full dataset],,14341.9,14341.9,Barcelona,Durban,CHATSWORTH,1,1,17.93,CMA CGM JULES VERNE,IMO1650455,MH,V567,492,APLU,MBL,CMDU463392007,COSU797545332,TGHU8381416,45HC,FLAT RACK,HC,LCL,CFS/CFS,Nippon Express,4935.83
Passenger car,870350,87035025,87035000,9,"Vehicles; with both compression-ignition internal combustion piston engine (diesel or semi-diesel) and electric motor for propulsion, incapable of being charged by plugging to external source of electric power",MARKS6360,Italy,South Africa,South Africa,6,2025,4,2025-04,2025-04-21,20250408,20250408,import,1,12897167.12,18057.94,kg,KG,PAG ITALY SRL,,[in full dataset],CASALECCHIO DI RENO,,www.penskecars.it,[in full dataset],N,WHOLESALE AUTO DISTRIBUTION (PTY) LTD,[in full dataset],DURBAN,,,,Y,PAG ITALY SRL,[in full dataset],,12753.4,12753.4,Gioia Tauro,Ngqura,DURBAN,1,1,15.94,ONE APUS,IMO8479943,MH,V391,259,HLCU,HBL,HLCU881022921,ONEY911969078,BMOU1592305,45HC,TANK,HC,FCL,CY/CY,Nippon Express,16132
Goods vehicle (truck),870441,87044140,870441000,6,"Vehicles; with both compression-ignition internal combustion piston engine (diesel/semi-diesel) and electric motor as motor for propulsion, unassembled as in section 14, (gvw not exceeding 5000kg), for the transport of goods, vans",MARKS2477,Japan,South Africa,South Africa,9,2025,8,2025-08,2025-08-10,20250821,20250821,export,1,88511038.14,74958.56,kg,KG,SUBARU CORPORATION,,[in full dataset],SHIBUYA-KU,,www.subaru.co.jp/,[in full dataset],N,MAVERICK TRADING 1604 CC,[in full dataset],CAPE TOWN,,www.tri-cycle.co.za,[in full dataset],Y,SUBARU CORPORATION,[in full dataset],,7657.3,7657.3,Osaka,Ngqura,CAPE TOWN,1,1,9.57,APL MEXICO CITY,IMO2934818,MH,V355,741,YMLU,HBL,HLCU996870226,ONEY715014830,TCLU8773819,40GP,DRY,RF,FCL,CY/CY,Nippon Express,69730.9
Motorcycle,871140,,8711406030,5,"Motorcycles (including mopeds) and cycles; fitted with auxiliary motor, internal combustion piston engine of cylinder capacity exceeding 500cc but not exceeding 800cc, with or without sidecars; side-cars",MARKS7658,United States,South Africa,South Africa,9,2024,3,2024-03,2024-03-19,20240302,20240302,export,1,84153756,40387.66,kg,KG,"Camping World Holdings, Inc.",,[in full dataset],Lincolnshire,,www.campingworld.com,[in full dataset],Y,ULTIMATE MINING VEHICLES (PTY) LTD,[in full dataset],PRETORIA,,,,Y,"Camping World Holdings, Inc.",[in full dataset],,19776.2,19776.2,"Oakland, CA",Durban,PRETORIA,1,1,24.72,CMA CGM JULES VERNE,IMO6141451,LR,V955,829,YMLU,HBL,HLCU526952907,EGLV533434127,FCIU2211018,20GP,REEFER,GP,FCL,CY/CY,DB Schenker,35447.6
Passenger car,870333,87033325,8703331390,9,"Vehicles; with only compression-ignition internal combustion piston engine (diesel or semi-diesel), cylinder capacity over 2500cc",MARKS4749,China,South Africa,South Africa,6,2025,10,2025-10,2025-10-08,20251009,20251009,import,1,273048544.29,45160.17,kg,KG,"China M & E Group Co., Ltd.",,[in full dataset],Beijing,,,,Y,EAGLE CANYON CYCLES CC,[in full dataset],RANDBURG,,www.eaglecanyoncycles.co.za,[in full dataset],N,"China M & E Group Co., Ltd.",[in full dataset],,6073.1,6073.1,Qingdao,Port Elizabeth,RANDBURG,1,1,7.59,EVER GIVEN,IMO6513217,MH,V429,409,COSU,HBL,COSU948092570,EGLV341249600,FCIU6008096,40HC,TANK,RF,FCL,CFS/CFS,Nippon Express,41439.53
Bus / coach,870230,87023085,87023071,6,"Vehicles; public transport type (carries 10 or more persons, including driver), with both compression-ignition internal combustion piston engine (diesel or semi-diesel) and electric motor for propulsion, new or used",MARKS5922,Thailand,South Africa,South Africa,5,2025,6,2025-06,2025-06-15,20250619,20250619,import,1,26791527.61,1735.62,kg,KG,P. SAHAI GROUP,,[in full dataset],,,www.porsahai.com,[in full dataset],Y,ERMELO COMMERCIAL VEHICLES (PTY) LTD,[in full dataset],ERMELO,,www.ettc.co.za,[in full dataset],N,P. SAHAI GROUP,[in full dataset],,17480.1,17480.1,Laem Chabang,Port Elizabeth,ERMELO,1,1,21.85,MAERSK MOLLER,IMO6111612,MH,V461,440,EGLV,MBL,MSCU961382181,CMDU364202273,MSCU2695314,40HC,DRY,HC,FCL,CY/CY,Bollore Logistics,1546.2
Goods vehicle (truck),870452,87045210,87045210,5,"Vehicles; with both spark-ignition internal combustion piston engine and electric motors for propulsion, of a g.v.w. exceeding 5,000kg",MARKS5409,Germany,South Africa,South Africa,8,2024,3,2024-03,2024-03-19,20240304,20240304,export,1,230426399.43,19702.45,kg,KG,Brose Familien SE & Co. KG,,[in full dataset],Coburg,,,,N,KMSA DISTRIBUTORS (PTY) LTD,[in full dataset],BRAMLEY,,www.kawasakisa.co.za,[in full dataset],Y,Brose Familien SE & Co. KG,[in full dataset],,22703.7,22703.7,Hamburg,Ngqura,BRAMLEY,1,1,28.38,CSCL GLOBE,IMO1237902,LR,V329,585,OOLU,HBL,EGLV871571744,ONEY644389758,GESU4388081,45HC,TANK,HC,FCL,CFS/CFS,DSV,18195.95
